Drug_ID,Drug,Y,split,MaxAbsEStateIndex,MaxEStateIndex,MinAbsEStateIndex,MinEStateIndex,qed,SPS,MolWt,HeavyAtomMolWt,ExactMolWt,NumValenceElectrons,NumRadicalElectrons,MaxPartialCharge,MinPartialCharge,MaxAbsPartialCharge,MinAbsPartialCharge,FpDensityMorgan1,FpDensityMorgan2,FpDensityMorgan3,BCUT2D_MWHI,BCUT2D_MWLOW,BCUT2D_CHGHI,BCUT2D_CHGLO,BCUT2D_LOGPHI,BCUT2D_LOGPLOW,BCUT2D_MRHI,BCUT2D_MRLOW,AvgIpc,BalabanJ,BertzCT,Chi0,Chi0n,Chi0v,Chi1,Chi1n,Chi1v,Chi2n,Chi2v,Chi3n,Chi3v,Chi4n,Chi4v,HallKierAlpha,Ipc,Kappa1,Kappa2,Kappa3,LabuteASA,PEOE_VSA1,PEOE_VSA10,PEOE_VSA11,PEOE_VSA12,PEOE_VSA13,PEOE_VSA14,PEOE_VSA2,PEOE_VSA3,PEOE_VSA4,PEOE_VSA5,PEOE_VSA6,PEOE_VSA7,PEOE_VSA8,PEOE_VSA9,SMR_VSA1,SMR_VSA10,SMR_VSA2,SMR_VSA3,SMR_VSA4,SMR_VSA5,SMR_VSA6,SMR_VSA7,SMR_VSA8,SMR_VSA9,SlogP_VSA1,SlogP_VSA10,SlogP_VSA11,SlogP_VSA12,SlogP_VSA2,SlogP_VSA3,SlogP_VSA4,SlogP_VSA5,SlogP_VSA6,SlogP_VSA7,SlogP_VSA8,SlogP_VSA9,TPSA,EState_VSA1,EState_VSA10,EState_VSA11,EState_VSA2,EState_VSA3,EState_VSA4,EState_VSA5,EState_VSA6,EState_VSA7,EState_VSA8,EState_VSA9,VSA_EState1,VSA_EState10,VSA_EState2,VSA_EState3,VSA_EState4,VSA_EState5,VSA_EState6,VSA_EState7,VSA_EState8,VSA_EState9,FractionCSP3,HeavyAtomCount,NHOHCount,NOCount,NumAliphaticCarbocycles,NumAliphaticHeterocycles,NumAliphaticRings,NumAromaticCarbocycles,NumAromaticHeterocycles,NumAromaticRings,NumHAcceptors,NumHDonors,NumHeteroatoms,NumRotatableBonds,NumSaturatedCarbocycles,NumSaturatedHeterocycles,NumSaturatedRings,RingCount,MolLogP,MolMR,fr_Al_COO,fr_Al_OH,fr_Al_OH_noTert,fr_ArN,fr_Ar_COO,fr_Ar_N,fr_Ar_NH,fr_Ar_OH,fr_COO,fr_COO2,fr_C_O,fr_C_O_noCOO,fr_C_S,fr_HOCCN,fr_Imine,fr_NH0,fr_NH1,fr_NH2,fr_N_O,fr_Ndealkylation1,fr_Ndealkylation2,fr_Nhpyrrole,fr_SH,fr_aldehyde,fr_alkyl_carbamate,fr_alkyl_halide,fr_allylic_oxid,fr_amide,fr_amidine,fr_aniline,fr_aryl_methyl,fr_azide,fr_azo,fr_barbitur,fr_benzene,fr_benzodiazepine,fr_bicyclic,fr_diazo,fr_dihydropyridine,fr_epoxide,fr_ester,fr_ether,fr_furan,fr_guanido,fr_halogen,fr_hdrzine,fr_hdrzone,fr_imidazole,fr_imide,fr_isocyan,fr_isothiocyan,fr_ketone,fr_ketone_Topliss,fr_lactam,fr_lactone,fr_methoxy,fr_morpholine,fr_nitrile,fr_nitro,fr_nitro_arom,fr_nitro_arom_nonortho,fr_nitroso,fr_oxazole,fr_oxime,fr_para_hydroxylation,fr_phenol,fr_phenol_noOrthoHbond,fr_phos_acid,fr_phos_ester,fr_piperdine,fr_piperzine,fr_priamide,fr_prisulfonamd,fr_pyridine,fr_quatN,fr_sulfide,fr_sulfonamd,fr_sulfone,fr_term_acetylene,fr_tetrazole,fr_thiazole,fr_thiocyan,fr_thiophene,fr_unbrch_alkane,fr_urea
Drug_257,O=C(O)C=Cc1ccc(O)c(O)c1,0,train,10.125799477198287,10.125799477198287,0.2291898148148146,-1.0624400037792892,0.47162133314166776,10.461538461538462,180.159,172.09499999999997,180.042258736,68,0,0.32782120287961375,-0.504259631901577,0.504259631901577,0.32782120287961375,1.2307692307692308,1.9230769230769231,2.4615384615384617,16.364700602976473,10.163717493284521,1.9737014117363734,-1.9694897224023695,2.2466002318240696,-1.8490965604697052,5.849152042559073,-0.13085971187810191,2.069443369158913,2.915115080665927,354.63237624992405,9.844934982691242,6.636640422911867,6.636640422911867,6.092224152875014,3.5236620127174136,3.5236620127174136,2.419722724044893,2.419722724044893,1.4178307106627883,1.4178307106627883,0.8116444294648705,0.8116444294648705,-1.9700000000000002,734.652396051414,9.120661831368993,3.6204159744383486,2.5168943096011875,74.38084978713434,15.319582184522117,0.0,11.49902366656781,0.0,0.0,5.9693052879518484,0.0,4.794537184071822,0.0,0.0,6.06636706846161,23.772205735454097,6.076020106833881,0.0,20.11411936859394,12.04532539478573,0.0,0.0,0.0,0.0,0.0,29.838572803915707,0.0,11.49902366656781,0.0,0.0,11.49902366656781,0.0,21.288887472473967,4.794537184071822,0.0,5.563451491696996,24.27512131221871,0.0,6.076020106833881,0.0,77.76,5.9693052879518484,4.794537184071822,0.0,11.49902366656781,5.563451491696996,6.076020106833881,24.27512131221871,0.0,0.0,0.0,15.319582184522117,0.0,0.0,10.125799477198287,26.26471167170572,0.5117592592592597,-1.562427248677248,4.055678382464096,2.2711451247165533,0.0,0.0,0.0,13,3,4,0,0,0,1,0,1,3,3,4,2,0,0,0,1,1.1956,46.441400000000016,1,0,0,0,0,0,0,2,1,1,1,0,0,0,0,0,0,0,0,0,0,0,0,0,0,0,0,0,0,0,0,0,0,0,1,0,0,0,0,0,0,0,0,0,0,0,0,0,0,0,0,0,0,0,0,0,0,0,0,0,0,0,0,0,0,2,2,0,0,0,0,0,0,0,0,0,0,0,0,0,0,0,0,0,0
Drug_2,COc1ccc(C(=O)/C(Br)=C\C(=O)O)cc1,1,train,11.660456349206349,11.660456349206349,0.004784108087679817,-1.172466038884689,0.6803619246020128,11.0,285.09299999999996,276.021,283.96842086800007,84,0,0.3290911659809105,-0.49676778632890123,0.49676778632890123,0.3290911659809105,1.3125,1.875,2.3125,79.91873163444399,10.114295618360789,2.1037586655184883,-2.012554856752341,2.1690629126504457,-2.0084338867792164,9.117596303602358,-0.1309606347165076,2.2705449979252332,2.9222726533308654,433.8027140673132,12.129392033067417,8.436674285848904,10.02267082496361,7.540912557858761,4.331927234649795,5.124925504207147,2.888138551408175,3.7424754505826954,1.819321523279348,2.408360066810404,1.0542352905006012,1.4789855513962882,-1.62,3333.1600569542425,12.449541029207232,5.45996498257116,3.2009950637338167,100.66488144672755,9.843390348640755,5.749511833283905,5.783244946364939,0.0,0.0,5.9693052879518484,4.794537184071822,4.794537184071822,0.0,0.0,0.0,40.19541217179579,11.639471598530877,11.592170095482217,19.432464716784395,27.682494132266136,0.0,0.0,0.0,0.0,7.109797541277533,40.387312426582,0.0,5.749511833283905,4.736862953800049,0.0,5.749511833283905,15.929943897949348,23.968875170435027,4.794537184071822,0.0,10.357988675768818,34.823860934885005,0.0,0.0,0.0,63.60000000000001,5.9693052879518484,9.589074368143644,0.0,10.265617500569624,11.3129633249809,6.076020106833881,7.109797541277533,24.26546827384644,0.0,15.929943897949348,9.843390348640755,4.946986423427396,2.9156447231670444,22.027768732122986,8.483247025674876,0.3936805555555556,-0.9225218883849831,6.401582577475434,0.8120689247921391,0.0,1.5248762595028829,0.09090909090909091,16,1,4,0,0,0,1,0,1,3,1,5,4,0,0,0,1,2.2413,61.97030000000001,1,0,0,0,0,0,0,0,1,1,2,1,0,0,0,0,0,0,0,0,0,0,0,0,0,0,1,0,0,0,0,0,0,0,1,0,0,0,0,0,0,1,0,0,1,0,0,0,0,0,0,1,1,0,0,1,0,0,0,0,0,0,0,0,0,0,0,0,0,0,0,0,0,0,0,0,0,0,0,0,0,0,0,0,0
Drug_265,CC(C)NC[C@@H](O)c1ccc(O)c(O)c1,0,train,9.72949074074074,9.72949074074074,0.1779918850256148,-0.6815740740740746,0.5632719285067509,13.066666666666666,211.261,194.12499999999997,211.120843404,84,0,0.1572614559721115,-0.5042598752600684,0.5042598752600684,0.1572614559721115,1.2,1.8666666666666667,2.4,16.30359134863473,10.089636431049978,2.0956834598762573,-2.142662940427588,2.2696963525753677,-2.273585338668094,5.407339726550765,0.17088854126364011,2.182165711599146,2.652574355517288,325.60911457507285,11.422285251880869,8.935498913634552,8.935498913634552,7.002907755397974,4.93729884558572,4.93729884558572,3.8268983275063753,3.8268983275063753,2.103692351696225,2.103692351696225,1.212914294235595,1.212914294235595,-1.2600000000000002,1870.1160148404683,11.812780203784571,4.9999590646139,3.416335285841419,89.1886771316761,20.63637078852845,0.0,11.49902366656781,0.0,0.0,0.0,0.0,0.0,0.0,0.0,19.913841467842857,17.696185628620217,12.586597235060536,6.103966387748303,15.319582184522117,0.0,0.0,5.316788604006331,0.0,25.993281616277514,6.544756405912575,23.762552697081826,0.0,11.49902366656781,5.316788604006331,0.0,11.49902366656781,0.0,27.90617941958265,0.0,0.0,25.514892278826544,18.19910120538483,0.0,0.0,0.0,72.72,6.103966387748303,10.213054789681411,0.0,11.49902366656781,18.150048726757532,0.0,12.13273413692322,6.06636706846161,13.847474399381248,5.316788604006331,5.106527394840706,0.0,0.0,0.0,31.154388804904677,0.5818981481481484,-0.3899391639371792,4.6091257768539515,-0.6815740740740746,4.3927671747711425,0.0,0.45454545454545453,15,4,4,0,0,0,1,0,1,4,4,4,4,0,0,0,1,1.1291999999999998,57.870100000000036,0,1,1,0,0,0,0,2,0,0,0,0,0,0,0,0,1,0,0,0,0,0,0,0,0,0,0,0,0,0,0,0,0,0,1,0,0,0,0,0,0,0,0,0,0,0,0,0,0,0,0,0,0,0,0,0,0,0,0,0,0,0,0,0,0,2,2,0,0,0,0,0,0,0,0,0,0,0,0,0,0,0,0,0,0
Drug_266,Nc1ccccc1S(N)(=O)=O,0,train,10.75148148148148,10.75148148148148,0.027777777777777457,-3.6584953703703706,0.5805509816764027,11.363636363636363,172.20899999999997,164.14499999999998,172.030648496,60,0,0.23959475263863264,-0.39763013806641884,0.39763013806641884,0.23959475263863264,1.1818181818181819,1.7272727272727273,2.090909090909091,32.23311581225366,10.317414582170294,2.089649850718901,-1.9950990966580298,2.138050172570751,-2.133831818204704,7.889172277840517,0.5979578543760027,1.8560659223101248,3.3721948109608206,358.5999619957354,8.483127663125442,5.688846486529344,6.50534306745707,5.015855318045498,2.8891851427452195,4.435504620666781,2.0828353525039707,3.612680294807973,1.2255374160221195,2.2103730899878444,0.7396393719973087,1.4044595583339037,-1.07,232.0082402887656,8.030704934541792,2.5192903206703843,1.6899987232276803,64.87196040593747,5.733667477162185,4.895483475517775,0.0,10.023291153407584,0.0,0.0,0.0,13.556770721936878,0.0,0.0,12.13273413692322,12.13273413692322,0.0,5.687386274683562,8.417796984328938,15.710677428091145,0.0,0.0,5.138973737607942,4.895483475517775,5.733667477162185,24.26546827384644,0.0,0.0,10.872641214770127,5.687386274683562,0.0,0.0,8.417796984328938,10.023291153407584,0.0,0.0,29.160951749364216,0.0,0.0,0.0,86.18,10.023291153407584,8.417796984328938,0.0,10.582869750201336,0.0,0.0,12.13273413692322,12.13273413692322,0.0,0.0,10.872641214770127,21.50296296296296,0.0,-0.027777777777777457,4.849814814814815,5.523449074074074,0.0,6.060046296296296,0.0,0.0,-3.6584953703703706,0.0,11,4,4,0,0,0,1,0,1,3,2,5,1,0,0,0,1,-0.08379999999999999,42.2276,0,0,0,1,0,0,0,0,0,0,0,0,0,0,0,0,0,2,0,0,0,0,0,0,0,0,0,0,0,1,0,0,0,0,1,0,0,0,0,0,0,0,0,0,0,0,0,0,0,0,0,0,0,0,0,0,0,0,0,0,0,0,0,0,1,0,0,0,0,0,0,0,0,0,0,0,1,0,0,0,0,0,0,0,0
Drug_13,C[C@](N)(Cc1ccc(O)c(O)c1)C(=O)O,1,train,10.74038281053162,10.74038281053162,0.07953703703703718,-1.385503590325019,0.5430485662212737,14.533333333333333,211.21699999999998,198.11299999999994,211.084457896,82,0,0.3232284756062487,-0.5042598930766835,0.5042598930766835,0.3232284756062487,1.4,2.0,2.466666666666667,16.369296770962556,9.93850856048526,2.2771312461028916,-2.1858067852527947,2.258094541768746,-2.4628868122079424,5.779107622010975,-0.1421235652082454,2.104576932812799,2.905062365401662,387.0088201517134,11.637828201504695,8.266396934908789,8.266396934908789,6.826204387599239,4.3587603259758145,4.3587603259758145,3.7224628725724047,3.7224628725724047,2.0997428761934516,2.0997428761934516,1.17862278728539,1.17862278728539,-1.75,1479.5175837673976,11.325471698113208,3.7808641975308643,2.5997033202878423,86.77528563072794,21.0532496616843,5.538925252383345,11.49902366656781,0.0,0.0,5.9693052879518484,4.794537184071822,0.0,0.0,0.0,6.06636706846161,24.619922828310838,6.4208216229260096,0.0,20.11411936859394,5.9693052879518484,0.0,0.0,5.733667477162185,18.883484074999977,0.0,23.762552697081826,0.0,11.49902366656781,5.733667477162185,0.0,11.49902366656781,0.0,26.82781272485731,11.21535880699783,0.0,12.487188691387619,18.19910120538483,0.0,0.0,0.0,103.78000000000002,11.508230540335195,9.901064578912528,0.0,17.919845289493818,5.563451491696996,0.0,25.122838405075452,0.0,0.0,0.0,15.946722266843596,0.0,0.0,10.74038281053162,27.04052232930209,4.7039380196523055,-1.642080498866212,4.106233938019653,0.07953703703703718,1.3881330309901738,0.0,0.3,15,5,5,0,0,0,1,0,1,4,4,5,3,0,0,0,1,0.4423000000000001,53.703800000000015,1,0,0,0,0,0,0,2,1,1,1,0,0,0,0,0,0,1,0,0,0,0,0,0,0,0,0,0,0,0,0,0,0,0,1,0,0,0,0,0,0,0,0,0,0,0,0,0,0,0,0,0,0,0,0,0,0,0,0,0,0,0,0,0,0,2,2,0,0,0,0,0,0,0,0,0,0,0,0,0,0,0,0,0,0
Drug_276,COc1ccc(C[C@@](C)(N)C(=O)O)cc1OC,0,train,10.922037903124213,10.922037903124213,0.22488851095993945,-1.2920636101662888,0.8021562194414759,13.882352941176471,239.27099999999996,222.13499999999996,239.115758024,94,0,0.3232284756101784,-0.49286997862552845,0.49286997862552845,0.3232284756101784,1.3529411764705883,1.9411764705882353,2.411764705882353,16.507852840972703,9.938092359438066,2.2788075713339846,-2.193288004812015,2.2820404893539887,-2.463024673694439,5.779249532377387,-0.1421226536304068,2.27727277537384,2.9719708540951024,414.96669758512394,13.05204176387779,10.188466324836599,10.188466324836599,7.902213992520809,5.136291601867446,5.136291601867446,4.088731881166575,4.088731881166575,2.507869258967816,2.507869258967816,1.490243912939261,1.490243912939261,-1.7499999999999998,4556.8228235230545,13.315573770491802,5.053433909859866,3.1033333333333335,100.1437928141429,20.313920779602988,5.538925252383345,11.49902366656781,0.0,0.0,5.9693052879518484,4.794537184071822,0.0,0.0,0.0,6.06636706846161,24.61992282831084,6.4208216229260096,14.219595082555067,19.374790486512623,5.9693052879518484,0.0,0.0,5.733667477162185,18.883484074999977,14.219595082555067,23.762552697081826,0.0,11.49902366656781,15.207393384762284,0.0,11.49902366656781,0.0,30.834353017730965,11.21535880699783,0.0,12.487188691387619,18.19910120538483,0.0,0.0,0.0,81.78,11.508230540335195,4.794537184071822,0.0,6.4208216229260096,11.49902366656781,5.563451491696996,14.033534740968157,25.30889874666236,0.0,0.0,20.313920779602988,10.234817885487528,0.0,10.922037903124213,8.94889132968002,5.1770596734064,0.12849366444108612,5.230539493575208,0.22488851095993945,1.478215939153439,3.071722266838834,0.4166666666666667,17,3,5,0,0,0,1,0,1,4,2,5,5,0,0,0,1,1.0482999999999998,63.47820000000003,1,0,0,0,0,0,0,0,1,1,1,0,0,0,0,0,0,1,0,0,0,0,0,0,0,0,0,0,0,0,0,0,0,0,1,0,0,0,0,0,0,2,0,0,0,0,0,0,0,0,0,0,0,0,0,2,0,0,0,0,0,0,0,0,0,0,0,0,0,0,0,0,0,0,0,0,0,0,0,0,0,0,0,0,0
Drug_157,CC(=O)N([Na])S(=O)(=O)c1ccc(N)cc1,0,train,11.783909674981103,11.783909674981103,0.08509259259259316,-3.6650308641975298,0.5735435415079286,11.133333333333333,236.228,227.15599999999998,236.023157428,76,0,,,,,1.3333333333333333,1.8,2.2,,,,,,,,,2.167435083219359,3.1741614279139205,469.1650784845334,11.637828201504695,8.46695810330354,11.283454684231268,6.8530778411369155,4.205018542522921,6.539509062323476,3.0605880459590056,6.572506514421812,1.98194526474937,5.899951671040608,0.9671527600082147,2.734341320646472,-0.5600000000000002,1638.5809229138356,12.509252077562326,4.524707061706391,2.717797555476444,106.1873081121752,0.0,0.0,0.0,0.0,0.0,106.72849891721393,0.0,0.0,0.0,0.0,0.0,0.0,0.0,0.0,13.212334168400758,49.86282139882979,0.0,1.8349869237663365,0.0,11.819220675208399,5.733667477162185,24.26546827384644,0.0,0.0,5.733667477162185,5.687386274683562,0.0,0.0,44.4049278788339,14.817828337479405,0.0,6.923737199690624,29.160951749364212,0.0,0.0,0.0,80.47,15.930470882759089,13.212334168400758,0.0,33.14044771690491,5.687386274683562,1.8349869237663365,31.18920547353706,0.0,0.0,0.0,5.733667477162185,24.39968820861678,0.12945405013857392,11.072530706727136,0.0,5.922200333837239,-0.47361882716049286,5.751828861174099,0.0,1.2240586419753088,-3.6650308641975298,0.125,15,2,5,0,0,0,1,0,1,4,1,7,2,0,0,0,1,-0.11050000000000021,56.314200000000014,0,0,0,1,0,0,0,0,0,0,1,1,0,0,0,1,0,1,0,0,0,0,0,0,0,0,0,1,0,1,0,0,0,0,1,0,0,0,0,0,0,0,0,0,0,0,0,0,0,0,0,0,0,0,0,0,0,0,0,0,0,0,0,0,0,0,0,0,0,0,0,0,0,0,0,0,1,0,0,0,0,0,0,0,0
Drug_33,Nc1c(F)c(N)c(F)c(F)c1F,1,train,12.53574074074074,12.53574074074074,1.119074074074074,-1.869074074074074,0.2742354190042692,10.333333333333334,180.10399999999998,176.07199999999997,180.031061008,66,0,0.19842283794635981,-0.393811049224389,0.393811049224389,0.19842283794635981,0.5833333333333334,0.9166666666666666,1.25,19.169505885191025,10.212746758712782,2.208527567004326,-2.0384721045543435,2.264602782706306,-2.0668597824189856,5.553817436464239,0.4416275633282672,2.0815718239857546,3.6035674514745475,231.81286524684438,9.464101615137755,5.66655843041616,5.66655843041616,5.464101615137754,2.83327921520808,2.83327921520808,2.08327921520808,2.08327921520808,1.331286069268604,1.331286069268604,0.6706123715991134,0.6706123715991134,-1.4600000000000002,416.3143647971509,8.634876660341554,2.543273731630037,0.9556365219595802,64.77332612522734,11.46733495432437,11.374772549367124,23.268883364183576,0.0,0.0,0.0,0.0,17.56166019069928,0.0,0.0,0.0,0.0,0.0,0.0,17.56166019069928,11.374772549367124,0.0,0.0,0.0,0.0,11.46733495432437,23.268883364183576,0.0,0.0,11.46733495432437,28.936432740066408,0.0,0.0,0.0,0.0,23.268883364183576,0.0,0.0,0.0,0.0,0.0,52.04,34.6436559135507,17.56166019069928,0.0,0.0,0.0,0.0,0.0,0.0,0.0,0.0,11.46733495432437,49.68518518518519,0.0,0.0,0.0,7.193333333333332,-6.8785185185185185,0.0,0.0,0.0,0.0,0.0,12,4,2,0,0,0,1,0,1,2,2,6,0,0,0,0,1,1.4074,35.0988,0,0,0,2,0,0,0,0,0,0,0,0,0,0,0,0,0,2,0,0,0,0,0,0,0,0,0,0,0,2,0,0,0,0,1,0,0,0,0,0,0,0,0,0,4,0,0,0,0,0,0,0,0,0,0,0,0,0,0,0,0,0,0,0,0,0,0,0,0,0,0,0,0,0,0,0,0,0,0,0,0,0,0,0,0
Drug_36,Cc1cc(C)cc(S(=O)(=O)O)c1,1,train,10.69287037037037,10.69287037037037,0.0416666666666663,-4.047824074074073,0.6768471361971649,11.583333333333334,186.232,176.15199999999996,186.03506518,66,0,0.29403061221056637,-0.2817916291577305,0.29403061221056637,0.2817916291577305,1.0833333333333333,1.5,1.8333333333333333,32.239782597576394,10.157598142272773,2.0868316552883814,-1.9996863207802709,2.1281566351395345,-1.982206523245057,7.854243916452916,0.4827487951168329,1.8230302976242905,3.374610356501879,372.51404179901243,9.35337115112852,6.904009274460425,7.720505855388151,5.392865415757242,3.452082471969198,4.892145800769838,2.7984818404951453,4.220019040942491,1.493060744456205,2.324481694989364,1.081830652404292,1.7514750213565835,-0.87,311.7381808937537,9.21984725965858,2.8776387598151434,2.056539913691837,71.7899233583308,0.0,0.0,0.0,0.0,10.118126859033554,0.0,4.552749873690364,0.0,8.417796984328938,0.0,6.06636706846161,37.10711151969846,0.0,4.895483475517775,12.9705468580193,10.118126859033554,0.0,0.0,0.0,18.742957874899023,0.0,29.32600418877882,0.0,0.0,0.0,0.0,0.0,0.0,12.9705468580193,10.118126859033554,13.847474399381248,11.126902983393991,23.094584680902607,0.0,0.0,0.0,54.370000000000005,10.118126859033554,8.417796984328938,0.0,4.895483475517775,0.0,11.126902983393991,12.13273413692322,13.847474399381248,6.06636706846161,0.0,4.552749873690364,30.09583333333333,0.0,-0.0416666666666663,0.0,1.6437500000000003,0.0,4.707685185185185,0.0,3.5588888888888888,-4.047824074074073,0.25,12,1,3,0,0,0,1,0,1,2,1,4,1,0,0,0,1,1.5501400000000003,45.730600000000024,0,0,0,0,0,0,0,0,0,0,0,0,0,0,0,0,0,0,0,0,0,0,0,0,0,0,0,0,0,0,2,0,0,0,1,0,0,0,0,0,0,0,0,0,0,0,0,0,0,0,0,0,0,0,0,0,0,0,0,0,0,0,0,0,0,0,0,0,0,0,0,0,0,0,0,0,0,0,0,0,0,0,0,0,0
Drug_38,CN(C)c1ccc(/N=N/S(=O)(=O)O)cc1,1,train,10.266643361048123,10.266643361048123,0.35946759259259276,-4.400857176975728,0.6305320693090721,11.933333333333334,229.261,218.17299999999997,229.052112212,82,0,0.3956811049480594,-0.377659399838362,0.3956811049480594,0.377659399838362,1.2,1.7333333333333334,2.1333333333333333,32.245056781968735,10.257735962939096,1.9894698941570859,-2.107563067361816,2.1799424892077166,-2.071742100178948,7.837775752087123,0.4823264529434198,2.1408538514301534,2.8638941907361106,450.5251678445311,11.474691494688164,8.323000330149926,9.139496911077652,6.882828714625174,4.061489696549237,5.458453106556124,3.0403080654237344,4.099274255282722,1.6255834093387014,1.9135960750988295,0.9161726670035534,1.1136350749954376,-1.4700000000000002,1609.9220962754753,11.60390983000739,4.367221295424555,4.046289711495979,88.13191238365174,4.899909730850477,0.0,0.0,0.0,0.0,10.304164876023634,4.552749873690364,0.0,8.417796984328938,5.114250125629398,0.0,28.785024659921593,19.782730240037942,5.687386274683562,12.9705468580193,21.678937425390757,0.0,0.0,9.633806511704552,0.0,18.995253696204855,24.26546827384644,0.0,0.0,4.899909730850477,11.374772549367124,0.0,0.0,27.065890823373678,10.304164876023634,0.0,0.0,33.89927478555099,0.0,0.0,0.0,82.33,10.304164876023634,8.417796984328938,0.0,0.0,5.687386274683562,5.687386274683562,0.0,24.26546827384644,18.995253696204855,9.633806511704552,4.552749873690364,31.59909753716301,0.0,1.8925683027840765,3.3464644746787604,1.3185468631897206,0.0,6.726904761904762,0.0,0.0,-0.6335819397203317,0.25,15,1,6,0,0,0,1,0,1,4,1,7,3,0,0,0,1,1.6391,56.833600000000025,0,0,0,0,0,0,0,0,0,0,0,0,0,0,0,3,0,0,0,0,0,0,0,0,0,0,0,0,0,1,0,0,0,0,1,0,0,0,0,0,0,0,0,0,0,0,0,0,0,0,0,0,0,0,0,0,0,0,0,0,0,0,0,0,0,0,0,0,0,0,0,0,0,0,0,0,0,0,0,0,0,0,0,0,0
Drug_51,CNCCc1ccc(OC(=O)C(C)C)c(OC(=O)C(C)C)c1,1,train,11.834398541824138,11.834398541824138,0.2522053618279272,-0.35664742903334123,0.6193627247891339,10.863636363636363,307.39,282.19,307.17835828,122,0,0.3133937205644876,-0.42232602650301415,0.42232602650301415,0.3133937205644876,1.0,1.5454545454545454,2.0454545454545454,16.573258727498306,10.117185775731382,2.175971734774891,-2.1395197349253143,2.2976737774945817,-2.1840043512799316,5.775908291195794,-0.1401254003516807,2.4636963629261084,3.0199176830175314,523.3902647335943,16.698306133819763,13.933958070176677,13.933958070176677,10.34544301049907,7.556636870238853,7.556636870238853,5.786237198024939,5.786237198024939,3.035706950889669,3.035706950889669,1.5938494763402644,1.5938494763402644,-1.8800000000000003,51710.52296145609,18.169701789264415,8.535420158195631,5.483862253091111,131.54576322056897,14.790514511606428,0.0,11.49902366656781,0.0,0.0,11.938610575903697,9.589074368143644,0.0,0.0,0.0,33.761315867224106,37.709435640135986,0.0,11.835812092322787,19.06280027574374,11.938610575903697,0.0,5.316788604006331,11.835812092322787,34.11577042168851,13.592428388589765,23.762552697081826,0.0,11.49902366656781,14.790514511606428,0.0,11.49902366656781,0.0,25.53103896449346,16.00989599106965,11.835812092322787,33.25840029045949,18.19910120538483,0.0,0.0,0.0,64.63,0.0,9.589074368143644,0.0,29.52393450151039,5.749511833283905,18.52902952053558,0.0,39.827682935685715,13.1140390511388,5.316788604006331,9.473725907600098,10.686902636054421,0.0,23.6027636405802,3.063292886216317,1.004863000755858,-0.6464101625753857,5.293416477702192,0.7927936822877298,7.828881360025389,1.873496478953279,0.5294117647058824,22,1,5,0,0,0,1,0,1,5,1,5,7,0,0,0,1,2.571300000000001,85.01870000000005,0,0,0,0,0,0,0,0,0,0,2,2,0,0,0,0,1,0,0,1,0,0,0,0,0,0,0,0,0,0,0,0,0,0,1,0,0,0,0,0,2,2,0,0,0,0,0,0,0,0,0,0,0,0,0,0,0,0,0,0,0,0,0,0,0,0,0,0,0,0,0,0,0,0,0,0,0,0,0,0,0,0,0,0,0
Drug_53,Cc1ccc(S(=O)(=O)OCC(N)CN=O)cc1,1,train,11.665664210128497,11.665664210128497,0.06422430083144404,-3.814126511715797,0.6005282830146448,13.294117647058824,258.299,244.18699999999995,258.06742792800003,94,0,0.29652848832795164,-0.3240322237601817,0.3240322237601817,0.29652848832795164,1.3529411764705883,1.9411764705882353,2.4705882352941178,32.239976937527835,10.24037209936276,2.1617959291188593,-2.085970985404359,2.126703849687293,-2.3006324349112264,7.86358444812055,0.29351098411665266,2.275772975931907,2.687165095046171,469.58419440495123,12.88890505706126,9.366770225330125,10.183266806257851,7.953525587537065,4.962798350985616,6.371046641449479,3.6234477577759785,5.2388028294263895,2.0559705437755267,3.35187032335665,1.098392180218346,2.0578359983794523,-1.31,4851.947984686826,13.753734862970044,5.852071020016532,4.215168290788521,99.87374174567809,5.733667477162185,0.0,0.0,0.0,10.118126859033554,0.0,4.183085432649707,0.0,13.324862228317219,0.0,22.87306755647887,19.056471336613843,0.0,24.08896267509123,12.600882416978646,10.118126859033554,0.0,0.0,10.91054940502084,17.86106150435636,13.151638370425493,34.73598500953172,0.0,0.0,5.733667477162185,0.0,0.0,0.0,27.611276183902394,14.30121229168326,11.830802443678905,5.563451491696996,34.337833677222875,0.0,0.0,0.0,98.82,16.159967688181514,13.324862228317219,0.0,18.04712184594327,0.0,5.563451491696996,12.13273413692322,12.13273413692322,6.923737199690624,5.176881927858655,9.916752909811892,28.049394368858657,0.0,9.976463441360629,2.57079028795479,6.360213565862015,0.0,5.52959598345511,0.0,1.4110021975579337,-3.814126511715797,0.4,17,2,6,0,0,0,1,0,1,6,1,7,6,0,0,0,1,0.7940200000000001,62.95420000000002,0,0,0,0,0,0,0,0,0,0,0,0,0,0,0,1,0,1,0,0,0,0,0,0,0,0,0,0,0,0,1,0,0,0,1,0,0,0,0,0,0,0,0,0,0,0,0,0,0,0,0,0,0,0,0,0,0,0,0,0,0,1,0,0,0,0,0,0,0,0,0,0,0,0,0,0,0,0,0,0,0,0,0,0,0
Drug_182,Nc1c(O)cccc1C(=O)CC(N)C(=O)O,0,train,11.598148148148148,11.598148148148148,0.06473261526832874,-1.2692139077853366,0.32263041589269387,12.0625,224.21599999999995,212.11999999999998,224.079706864,86,0,0.3204439946525845,-0.5057701135557846,0.5057701135557846,0.3204439946525845,1.375,2.0,2.5625,16.36773078698332,10.020772429884538,2.1927394394461084,-2.079462656160466,2.240906601595155,-2.322323233130596,6.031076569197373,-0.1379875071549267,2.212144868202717,2.8917662895022573,430.827247968375,12.292528739883947,8.382132168251946,8.382132168251946,7.430428110326539,4.52196410540021,4.52196410540021,3.310405324023732,3.310405324023732,2.10602316614593,2.10602316614593,1.193170757492231,1.193170757492231,-2.08,2869.151894058924,11.99183908045977,4.626327317301333,2.484272211720227,91.48246467558839,21.68038974400578,11.791352662431866,5.783244946364939,0.0,0.0,5.9693052879518484,9.589074368143644,0.0,0.0,0.0,6.06636706846161,12.13273413692322,11.984273114623004,5.687386274683562,19.802129157825057,17.43993650900035,0.0,0.0,5.733667477162185,12.462662452073971,5.733667477162185,23.762552697081826,0.0,5.749511833283905,11.46733495432437,5.687386274683562,5.749511833283905,0.0,28.00744585314616,4.794537184071822,0.0,16.77881029869483,18.19910120538483,0.0,0.0,0.0,126.64,17.794391063464747,14.69560176298435,0.0,23.421171222590473,0.0,0.0,18.19910120538483,0.0,0.0,0.0,16.573862349165076,0.0,0.0,22.058245464852607,17.8113246409675,10.710974584278157,-1.9813695200302333,2.925639644746787,-0.3581481481481483,0.0,0.0,0.2,16,6,6,0,0,0,1,0,1,5,4,6,4,0,0,0,1,-0.04090000000000016,57.07790000000001,1,0,0,1,0,0,0,1,1,1,2,1,0,0,0,0,0,2,0,0,0,0,0,0,0,0,0,0,0,1,0,0,0,0,1,0,0,0,0,0,0,0,0,0,0,0,0,0,0,0,0,1,1,0,0,0,0,0,0,0,0,0,0,0,1,1,1,0,0,0,0,0,0,0,0,0,0,0,0,0,0,0,0,0,0
Drug_185,O=C(O)CNC(=O)C(CS)Cc1ccccc1,0,train,11.65975292894936,11.65975292894936,0.27198790627362035,-1.0453931510875953,0.6619718088635679,11.823529411764707,253.323,238.20299999999995,253.07726434,92,0,0.3224694553436081,-0.4799304465349562,0.4799304465349562,0.3224694553436081,1.2941176470588236,1.9411764705882353,2.4705882352941178,32.116867185363795,10.001298390840395,2.17137410658785,-2.1317364094205615,2.09898969225983,-2.358386396421634,7.797983522455116,-0.1379757606081387,2.3390914053868492,2.532686936071421,380.5969479612245,12.673362107437434,9.296345730625042,10.190772921624957,8.1302289553358,5.274598344056,5.907053876089674,3.6807630197069092,4.04591139137702,2.3299488411419835,2.770721916724199,1.4458357610294672,1.7407578980705682,-1.4899999999999998,6137.775847735093,13.574474532559638,6.957665918540898,4.907962220549359,105.44326260516995,10.423315998847038,6.544756405912575,0.0,5.907179729351506,0.0,5.9693052879518484,9.589074368143644,0.0,12.628789148012991,0.0,30.33183534230805,11.984273114623004,5.752853606746789,5.917906046161393,14.69560176298435,24.505274165316344,0.0,5.316788604006331,5.917906046161393,6.4208216229260096,12.297610012659364,35.89528683400505,0.0,0.0,5.316788604006331,0.0,0.0,12.628789148012991,29.280622424803425,16.009895991069655,5.917906046161393,5.563451491696996,30.33183534230805,0.0,0.0,0.0,66.4,5.9693052879518484,9.589074368143644,0.0,18.369842181425476,12.1736752296728,5.563451491696996,0.0,0.0,30.33183534230805,17.94557775201932,5.106527394840706,0.0,4.121555492567397,21.998929236448177,10.838763712287792,1.0389120370370373,-1.2336266481901403,9.57505627441008,0.5652702191987906,-0.3493047682035777,0.0,0.3333333333333333,17,2,4,0,0,0,1,0,1,3,3,5,6,0,0,0,1,0.9758999999999998,68.13450000000003,1,0,0,0,0,0,0,0,1,1,2,1,0,0,0,0,1,0,0,0,0,0,1,0,0,0,0,1,0,0,0,0,0,0,1,0,0,0,0,0,0,0,0,0,0,0,0,0,0,0,0,0,0,0,0,0,0,0,0,0,0,0,0,0,0,0,0,0,0,0,0,0,0,0,0,0,0,0,0,0,0,0,0,0,0
Drug_74,CCCCCN(CCCCC)C(=O)C(CCC(=O)O)NC(=O)c1ccc(Cl)c(Cl)c1,0,train,13.20328943408639,13.20328943408639,0.027067568797066288,-1.0137941450684955,0.3762170645743505,11.733333333333333,459.4140000000001,427.1580000000002,458.173912864,168,0,0.3029356754434454,-0.48122926244314773,0.48122926244314773,0.3029356754434454,1.0,1.6,2.1,35.498262664410326,10.074159020367068,2.2651657261690787,-2.2785343109887455,2.2238536936655997,-2.4901261760675566,6.417422977535288,-0.137613064950778,2.7095419723539393,2.9618475194193117,702.3779901593502,22.518297090128673,17.755569897033944,19.26742778907085,14.294131415482816,10.5614054205711,11.317334366589554,7.32684860096515,8.141248854446362,4.806931592411119,5.545960871149136,3.062045481944814,3.3601366635674244,-1.7899999999999996,2512113.906080342,26.245448422545195,14.25625759658917,9.349362696226564,188.4655053097448,15.323225729697512,6.041840829147961,0.0,5.907179729351506,5.907179729351506,5.9693052879518484,14.383611552215466,0.0,0.0,0.0,62.732640671550314,37.46156607416286,25.073785926448153,10.045266627482652,19.49013894705617,40.98554452711989,0.0,10.216698334856808,0.0,71.25588821193729,13.08951281182515,33.807819324564484,0.0,0.0,5.316788604006331,0.0,0.0,23.20187978046503,46.92145551331915,9.589074368143644,0.0,75.57203605855815,18.19910120538483,10.045266627482652,0.0,0.0,86.71000000000001,17.918325846451314,14.383611552215466,0.0,29.334907780641846,18.112146125566476,38.524929737556064,18.19910120538483,4.899909730850477,0.0,19.16426300338758,28.30840717530574,0.0,11.886003378715953,38.72642273692628,12.33755630625351,0.26485274999705055,-1.7394993149965483,3.54298497216201,5.650367610346197,5.3868671161510955,0.0,0.5909090909090909,30,2,6,0,0,0,1,0,1,3,2,8,14,0,0,0,1,5.165600000000004,120.21600000000007,1,0,0,0,0,0,0,0,1,1,3,2,0,0,0,1,1,0,0,0,0,0,0,0,0,0,0,2,0,0,0,0,0,0,1,0,0,0,0,0,0,0,0,0,2,0,0,0,0,0,0,0,0,0,0,0,0,0,0,0,0,0,0,0,0,0,0,0,0,0,0,0,0,0,0,0,0,0,0,0,0,0,0,2,0
Drug_203,N=C(N)NCc1cccc(I)c1,0,train,6.962098922902494,6.962098922902494,0.008204837490551897,0.008204837490551897,0.43224958777888783,9.416666666666666,275.09299999999996,265.013,274.99194531999996,64,0,0.1854756176468799,-0.3701527894539002,0.3701527894539002,0.1854756176468799,1.5833333333333333,2.3333333333333335,2.9166666666666665,126.91270430939078,10.20640084893887,1.9249666811440338,-2.028499974993255,2.063816434789449,-2.2898926270207305,14.111916112694889,0.895693798545992,2.0100315609887383,2.5749361542074807,285.3863912728923,8.974691494688164,6.471822600143904,8.629320891320226,5.6815405503520555,3.506131357331893,4.584880502920054,2.397149029581891,3.642781248768698,1.371991513478545,2.0429826168046334,0.8442145571194366,1.4518101985114578,-0.7799999999999999,482.40757463729716,9.309126559714795,4.296487425843833,3.080884117573751,84.99822934921936,11.050456081168516,0.0,5.959554568743835,0.0,0.0,0.0,5.409283605791522,0.0,0.0,0.0,12.13273413692322,40.28705625568827,10.114938676977971,0.0,0.0,28.55042519581189,5.409283605791522,5.316788604006331,5.733667477162185,6.544756405912575,0.0,33.39910203660883,0.0,0.0,11.050456081168516,0.0,0.0,22.590870627068057,5.959554568743835,6.544756405912575,8.979465876856919,5.563451491696996,24.26546827384644,0.0,0.0,0.0,61.900000000000006,0.0,0.0,0.0,5.959554568743835,6.544756405912575,5.563451491696996,3.5701822710653963,0.0,18.19910120538483,33.974026299536,11.142951082953708,1.1902333711262285,2.24975447845805,0.0,9.708858182161753,6.284847411186696,0.008204837490551897,8.060864682539682,0.0,0.617237037037037,0.0,0.125,12,4,3,0,0,0,1,0,1,1,3,4,2,0,0,0,1,1.27427,57.91280000000001,0,0,0,0,0,0,0,0,0,0,0,0,0,0,0,0,2,1,0,0,0,0,0,0,0,0,0,0,0,0,0,0,0,0,1,0,0,0,0,0,0,0,0,1,1,0,0,0,0,0,0,0,0,0,0,0,0,0,0,0,0,0,0,0,0,0,0,0,0,0,0,0,0,0,0,0,0,0,0,0,0,0,0,0,0
Drug_86,CNC(C)(C)Cc1ccccc1,0,train,3.2897874149659865,3.2897874149659865,0.19578703703703715,0.19578703703703715,0.7201830349328019,11.583333333333334,163.264,146.12799999999996,163.136099544,66,0,0.016195987182797793,-0.3144822000636153,0.3144822000636153,0.016195987182797793,1.1666666666666667,1.75,2.25,14.909234517402382,9.953360996842797,2.1374841121615673,-2.233351315559639,2.104807727562844,-2.3776005220702388,5.165156272791374,0.4218547317818579,2.0558253895139402,2.641246255571331,226.01924532784767,9.027097737495462,8.093858127134679,8.093858127134679,5.638958433764685,4.367790383709508,4.367790383709508,3.7962587314333103,3.7962587314333103,2.16566724084765,2.16566724084765,1.194560412101596,1.194560412101596,-0.8200000000000001,485.17479192528987,9.269445438282649,3.722970519770657,2.6656660782077517,74.80597587508805,5.316788604006331,0.0,0.0,0.0,0.0,0.0,0.0,0.0,0.0,0.0,30.33183534230805,32.87941949668144,5.538925252383345,0.0,0.0,0.0,0.0,5.316788604006331,0.0,25.8072212746906,7.04767198267719,35.89528683400505,0.0,0.0,5.316788604006331,0.0,0.0,0.0,12.586597235060534,6.4208216229260096,0.0,19.410925891078243,30.33183534230805,0.0,0.0,0.0,12.03,0.0,0.0,0.0,5.538925252383345,0.0,6.4208216229260096,5.563451491696996,0.0,7.04767198267719,49.49609834569563,0.0,0.0,0.0,0.0,3.2897874149659865,1.5817592592592595,0.0,10.551786659108089,1.07375,4.416666666666667,2.0029166666666667,0.45454545454545453,12,1,1,0,0,0,1,0,1,1,1,1,3,0,0,0,1,2.2271,53.284700000000036,0,0,0,0,0,0,0,0,0,0,0,0,0,0,0,0,1,0,0,1,0,0,0,0,0,0,0,0,0,0,0,0,0,0,1,0,0,0,0,0,0,0,0,0,0,0,0,0,0,0,0,0,0,0,0,0,0,0,0,0,0,0,0,0,0,0,0,0,0,0,0,0,0,0,0,0,0,0,0,0,0,0,0,0,0
Drug_221,CNCC(O)c1ccc(O)c(OC)c1,0,train,9.631678949357521,9.631678949357521,0.07676634542705996,-0.5884259259259266,0.663034991950708,12.5,197.23399999999998,182.11399999999995,197.10519334,78,0,0.16034746934921357,-0.5042545866410032,0.5042545866410032,0.16034746934921357,1.5,2.2142857142857144,2.7857142857142856,16.474098099918923,10.094001651858594,2.08927529216216,-2.1159974378025983,2.280456803495385,-2.160901923897149,5.419197903675794,0.17697313202119616,2.1858265430498998,2.8805652638809445,301.4186268835484,10.55204176387779,8.31918333940883,8.31918333940883,6.685070510202192,4.38268881055747,4.38268881055747,3.0047615387855515,3.0047615387855515,1.9860255108632008,1.9860255108632008,1.2126843570027184,1.2126843570027184,-1.2600000000000002,1396.7431610088859,10.818492935635792,4.832432008838531,2.368670716749321,83.14304649459034,20.26670634748779,0.0,11.49902366656781,0.0,0.0,0.0,0.0,0.0,0.0,0.0,6.06636706846161,24.743857611297404,6.544756405912575,13.213763929025836,14.94991774348146,0.0,0.0,5.316788604006331,0.0,6.103966387748303,20.702225929867296,23.762552697081826,0.0,11.49902366656781,10.05365155780638,0.0,11.49902366656781,0.0,30.915280719548708,0.0,0.0,11.6674178794453,18.19910120538483,0.0,0.0,0.0,61.72,6.103966387748303,10.213054789681411,0.0,5.749511833283905,17.857719730893475,0.0,13.176164609739143,19.18040611960041,0.0,5.316788604006331,4.736862953800049,4.932410478080121,0.0,0.0,21.820781761778786,0.716666666666667,0.44959325396825456,4.7958796296296295,-0.5884259259259266,0.4661999244142101,3.2402275447215922,0.4,14,3,4,0,0,0,1,0,1,4,3,4,4,0,0,0,1,0.6536000000000002,53.54530000000003,0,1,1,0,0,0,0,1,0,0,0,0,0,0,0,0,1,0,0,1,0,0,0,0,0,0,0,0,0,0,0,0,0,0,1,0,0,0,0,0,0,1,0,0,0,0,0,0,0,0,0,0,0,0,0,1,0,0,0,0,0,0,0,0,0,1,1,0,0,0,0,0,0,0,0,0,0,0,0,0,0,0,0,0,0
Drug_98,COc1ccc(C(=O)/C(Br)=C\C(=O)O)cc1,0,train,11.660456349206349,11.660456349206349,0.004784108087679817,-1.172466038884689,0.6803619246020128,11.0,285.09299999999996,276.021,283.96842086800007,84,0,0.3290911659809105,-0.49676778632890123,0.49676778632890123,0.3290911659809105,1.3125,1.875,2.3125,79.91873163444399,10.114295618360789,2.1037586655184883,-2.012554856752341,2.1690629126504457,-2.0084338867792164,9.117596303602358,-0.1309606347165076,2.2705449979252332,2.9222726533308654,433.8027140673132,12.129392033067417,8.436674285848904,10.02267082496361,7.540912557858761,4.331927234649795,5.124925504207147,2.888138551408175,3.7424754505826954,1.819321523279348,2.408360066810404,1.0542352905006012,1.4789855513962882,-1.62,3333.1600569542425,12.449541029207232,5.45996498257116,3.2009950637338167,100.66488144672755,9.843390348640755,5.749511833283905,5.783244946364939,0.0,0.0,5.9693052879518484,4.794537184071822,4.794537184071822,0.0,0.0,0.0,40.19541217179579,11.639471598530877,11.592170095482217,19.432464716784395,27.682494132266136,0.0,0.0,0.0,0.0,7.109797541277533,40.387312426582,0.0,5.749511833283905,4.736862953800049,0.0,5.749511833283905,15.929943897949348,23.968875170435027,4.794537184071822,0.0,10.357988675768818,34.823860934885005,0.0,0.0,0.0,63.60000000000001,5.9693052879518484,9.589074368143644,0.0,10.265617500569624,11.3129633249809,6.076020106833881,7.109797541277533,24.26546827384644,0.0,15.929943897949348,9.843390348640755,4.946986423427396,2.9156447231670444,22.027768732122986,8.483247025674876,0.3936805555555556,-0.9225218883849831,6.401582577475434,0.8120689247921391,0.0,1.5248762595028829,0.09090909090909091,16,1,4,0,0,0,1,0,1,3,1,5,4,0,0,0,1,2.2413,61.97030000000001,1,0,0,0,0,0,0,0,1,1,2,1,0,0,0,0,0,0,0,0,0,0,0,0,0,0,1,0,0,0,0,0,0,0,1,0,0,0,0,0,0,1,0,0,1,0,0,0,0,0,0,1,1,0,0,1,0,0,0,0,0,0,0,0,0,0,0,0,0,0,0,0,0,0,0,0,0,0,0,0,0,0,0,0,0
Drug_229,COCCc1ccc(OCC(O)CNC(C)C)cc1,0,train,9.72607924092502,9.72607924092502,0.3027160493827161,-0.4902148835378455,0.7135696186852986,12.68421052631579,267.36899999999997,242.16899999999995,267.18344366,108,0,0.11895622189073653,-0.4908491126928612,0.4908491126928612,0.11895622189073653,1.2105263157894737,1.894736842105263,2.473684210526316,16.48946813728686,10.146387684130548,2.054607869587601,-2.147215659427634,2.1244708228944336,-2.346722650044871,5.269081377689811,0.10444239528749887,2.41338216918104,2.285695819256649,337.7488527229999,14.08757566981053,12.056238916311631,12.056238916311631,9.113392202930195,6.736267834766839,6.736267834766839,4.914526399758236,4.914526399758236,2.722324032776904,2.722324032776904,1.5953428232140634,1.5953428232140634,-1.1,16005.550546008659,15.955865921787705,8.908256708575717,7.1546480807002135,115.28706854388426,19.897041906447136,18.460360185545127,0.0,0.0,0.0,0.0,0.0,0.0,0.0,0.0,25.980208536304467,24.117007251546223,19.69639477633807,6.606881964512918,14.580253302440804,0.0,0.0,5.316788604006331,0.0,32.41410323920352,26.868317876215947,29.828919765543436,0.0,5.749511833283905,10.05365155780638,0.0,5.749511833283905,0.0,44.12065248795291,11.157684576726059,0.0,19.410925891078243,24.26546827384644,0.0,0.0,0.0,50.72,6.103966387748303,5.106527394840706,0.0,0.0,19.193479199573453,18.777215420722833,5.563451491696996,7.109797541277533,38.11294267322769,5.316788604006331,9.473725907600098,10.568141544202149,0.0,0.0,12.895984623836634,1.2187249207789435,0.782188681027967,8.260365096363474,0.4102944713749186,5.665825091731929,1.6984755706839871,0.6,19,2,4,0,0,0,1,0,1,4,2,4,9,0,0,0,1,1.6132,76.66250000000005,0,1,1,0,0,0,0,0,0,0,0,0,0,0,0,0,1,0,0,0,0,0,0,0,0,0,0,0,0,0,0,0,0,0,1,0,0,0,0,0,0,2,0,0,0,0,0,0,0,0,0,0,0,0,0,1,0,0,0,0,0,0,0,0,0,0,0,0,0,0,0,0,0,0,0,0,0,0,0,0,0,0,0,0,0
Drug_245,CCCCNc1ccc(C(=O)OCCOCCOCCOCCOCCOCCOCCOCCOCCOC)cc1,0,train,12.093707588677741,12.093707588677741,0.19423009224265808,-0.358377126444297,0.09628584931126413,11.19047619047619,603.7500000000003,550.3260000000002,603.3618615159999,244,0,0.33770427960538457,-0.45964186517687783,0.45964186517687783,0.33770427960538457,0.5476190476190477,0.9047619047619048,1.2619047619047619,16.581208729112497,10.17560545442058,2.0640272552437735,-2.08947528139941,2.1045585484255716,-2.1529884067780194,5.893182901295808,-0.02528438878422825,3.0072598197060154,1.7386033479807952,709.000521486721,30.187894930284568,25.64937467677849,25.64937467677849,20.77438690767923,14.894676380460101,14.894676380460101,8.88537831156724,8.88537831156724,5.476738314331093,5.476738314331093,3.194001030253502,3.194001030253502,-1.87,1520329704.7934062,38.15491901320708,30.58331389381415,24.703005468245458,251.03685044373628,52.685418142006824,6.606881964512918,0.0,0.0,0.0,5.9693052879518484,0.0,4.794537184071822,0.0,0.0,13.344558822616634,30.686289896772447,19.34194022187367,117.88044488841663,52.16316672207231,11.65669156263541,0.0,0.0,0.0,19.765380445542643,137.89521791242902,29.828919765543436,0.0,0.0,5.316788604006331,5.687386274683562,0.0,0.0,138.5477345963745,47.36862953800049,0.0,30.12336912131146,24.26546827384644,0.0,0.0,0.0,121.40000000000003,0.0,4.794537184071822,0.0,12.576187252464766,117.88044488841663,25.073785926448156,0.0,19.242531678200752,12.13273413692322,12.240525803696954,47.36862953800049,53.51369302696544,0.0,12.093707588677741,3.315472331761932,1.5188758631258377,-0.358377126444297,7.291827177850141,2.2481690133607555,11.733641665468454,1.6429904592340006,0.7666666666666667,42,1,12,0,0,0,1,0,1,12,1,12,32,0,0,0,1,2.8346000000000036,158.55019999999968,0,0,0,0,0,0,0,0,0,0,1,1,0,0,0,0,1,0,0,0,0,0,0,0,0,0,0,0,0,1,0,0,0,0,1,0,0,0,0,0,1,10,0,0,0,0,0,0,0,0,0,0,0,0,0,1,0,0,0,0,0,0,0,0,0,0,0,0,0,0,0,0,0,0,0,0,0,0,0,0,0,0,0,26,0
Drug_1,CC(CCl)OC(C)CCl,1,train,5.484953703703703,5.484953703703703,0.1114969135802466,0.1114969135802466,0.5891725136351481,17.333333333333332,171.06699999999998,158.971,170.026520364,56,0,0.06859758424766452,-0.3730919938614797,0.3730919938614797,0.06859758424766452,1.1111111111111112,1.4444444444444444,1.6666666666666667,35.49675270867008,10.399081628640205,2.041170573071845,-2.134428411015801,2.0033088357026396,-2.187021993522933,6.181414449066139,0.0338971896714736,1.8747757815208292,3.2230469044906185,60.078200034615506,7.276020881938894,5.733091337234663,7.244949229271573,4.201907262607799,2.977124123922858,4.046169091572556,2.0659238984642294,2.6831372983125976,0.8992104742997102,1.768400189487563,0.46931353170713763,0.6147921251977994,0.5399999999999999,84.36491016843732,9.54,5.334623981997898,5.008384074941452,66.2840392830828,4.736862953800049,0.0,0.0,0.0,0.0,0.0,0.0,0.0,0.0,23.20187978046503,0.0,13.847474399381248,11.760006889940678,12.207932775496605,4.736862953800049,23.20187978046503,0.0,0.0,0.0,26.055407174877853,11.760006889940678,0.0,0.0,0.0,0.0,0.0,0.0,23.20187978046503,23.96793966543728,4.736862953800049,0.0,13.847474399381248,0.0,0.0,0.0,0.0,9.23,0.0,0.0,0.0,12.207932775496605,11.760006889940678,0.0,0.0,0.0,13.847474399381248,0.0,27.938742734265084,5.284722222222222,10.969907407407407,0.0,0.0,0.0,1.057993827160494,0.0,0.2229938271604932,3.853271604938272,0.0,1.0,9,0,1,0,0,0,0,0,0,1,0,3,4,0,0,0,0,2.2576,41.44900000000001,0,0,0,0,0,0,0,0,0,0,0,0,0,0,0,0,0,0,0,0,0,0,0,0,0,2,0,0,0,0,0,0,0,0,0,0,0,0,0,0,0,1,0,0,2,0,0,0,0,0,0,0,0,0,0,0,0,0,0,0,0,0,0,0,0,0,0,0,0,0,0,0,0,0,0,0,0,0,0,0,0,0,0,0,0
Drug_136,CC(=O)N[C@@H](CC(=O)N[C@H](CCC(=O)O)C(=O)O)C(=O)O,0,train,11.562435279667422,11.562435279667422,0.339006283068783,-1.4894271751910642,0.3387520577938161,12.80952380952381,304.255,288.127,304.09066547199996,118,0,0.3262404346506864,-0.4812292557869311,0.4812292557869311,0.3262404346506864,0.9047619047619048,1.4285714285714286,1.8095238095238095,16.374920106885057,10.109262672551925,2.256076505701174,-2.162643927851064,2.004458677451568,-2.4662317057431618,5.895357140481036,-0.14445409895995037,2.3171550450532385,4.595119356511318,447.5041824520266,16.57698579026012,11.158903120758085,11.158903120758085,9.628805413084205,5.869745019903121,5.869745019903121,4.1862225622030875,4.1862225622030875,2.345301634777934,2.345301634777934,1.4092840086882763,1.4092840086882763,-2.65,17422.6887837553,18.35,8.506702080343347,8.183916390152598,118.67870829581862,25.95315939253478,12.083681658295921,0.0,11.814359458703011,0.0,17.907915863855546,14.383611552215466,9.589074368143644,0.0,0.0,0.0,6.4208216229260096,13.344558822616634,6.4208216229260096,39.292268104881224,29.722275322558556,0.0,10.633577208012662,0.0,38.269883726764576,0.0,0.0,0.0,0.0,10.633577208012662,0.0,0.0,0.0,57.12553916537659,23.97268592035911,0.0,26.186202068468653,0.0,0.0,0.0,0.0,170.1,54.647600226706494,23.97268592035911,0.0,6.4208216229260096,0.0,6.923737199690624,0.0,0.0,10.633577208012662,0.0,15.319582184522117,0.0,0.0,54.382174823416264,30.13258902391433,0.0,-5.684517177547479,-2.9335262870580334,-1.4669165196942973,1.0701961369692248,0.0,0.5454545454545454,21,5,10,0,0,0,0,0,0,5,5,10,9,0,0,0,0,-1.5999999999999979,66.29380000000002,3,0,0,0,0,0,0,0,3,3,5,2,0,0,0,0,2,0,0,0,0,0,0,0,0,0,0,2,0,0,0,0,0,0,0,0,0,0,0,0,0,0,0,0,0,0,0,0,0,0,0,0,0,0,0,0,0,0,0,0,0,0,0,0,0,0,0,0,0,0,0,0,0,0,0,0,0,0,0,0,0,0,0,0,0
Drug_138,N=C(N)NOCC[C@H](N)C(=O)O.O,0,train,10.159444759385236,10.159444759385236,0.0,-1.0820138888888888,0.1388669999483141,11.153846153846153,194.19099999999997,180.07899999999998,194.101504928,78,0,0.32006079712731433,-0.48008533684945354,0.48008533684945354,0.32006079712731433,1.6923076923076923,2.230769230769231,2.6153846153846154,16.645070214149207,10.22814610939342,2.0968215849180627,-2.063125464759183,1.8674101471473006,-2.34530348351532,5.730239896261448,-0.13862261467836462,1.9663276882372422,0.0,173.91732137225364,9.560477932315068,6.909974546369657,6.909974546369657,5.5365812602091875,3.2394621157954777,3.2394621157954777,2.0976047946179097,2.0976047946179097,1.0302402290781931,1.0302402290781931,0.4381498942764055,0.4381498942764055,-1.3800000000000001,312.6461024297215,14.161361767972993,7.278843883031511,8.526855520161131,74.61810707195326,22.050054185046438,6.041840829147961,0.0,5.959554568743835,0.0,5.9693052879518484,15.041409373599976,5.480096598121202,0.0,0.0,0.0,6.4208216229260096,0.0,6.606881964512918,20.214844998530523,11.928859856695684,5.409283605791522,5.480096598121202,11.46733495432437,12.462662452073971,6.606881964512918,0.0,0.0,0.0,16.947431552445572,0.0,0.0,0.0,35.16030188107863,9.632125767808455,5.409283605791522,6.4208216229260096,0.0,0.0,0.0,0.0,165.95,12.011146117099809,4.794537184071822,0.0,24.463449992064124,0.0,0.0,0.0,0.0,0.0,10.317685181857836,21.983145954956598,0.0,0.0,14.732454018644496,14.981304799697657,12.062232300327537,-1.4163690476190474,-0.9455942932728651,0.16231481481481502,0.09032407407407406,0.0,0.6,13,9,8,0,0,0,0,0,0,4,5,8,5,0,0,0,0,-2.621629999999999,44.84380000000001,1,0,0,0,0,0,0,0,1,1,1,0,0,0,0,0,2,2,1,0,0,0,0,0,0,0,0,0,0,0,0,0,0,0,0,0,0,0,0,0,0,0,0,1,0,0,0,0,0,0,0,0,0,0,0,0,0,0,0,0,0,0,0,0,0,0,0,0,0,0,0,0,0,0,0,0,0,0,0,0,0,0,0,1,0
Drug_12,O=C/C=C\O,1,train,9.158055555555556,9.158055555555556,0.5,0.5,0.2737986179398987,8.8,72.063,68.03099999999999,72.021129368,28,0,0.1453820016862769,-0.5154763823800393,0.5154763823800393,0.1453820016862769,1.6,2.2,2.2,16.24323683848882,10.72112325291361,1.4956668617031652,-1.5395349497735777,1.489834848795119,-1.5317199845208922,5.634152773958925,-0.103684520640627,1.4056390622295665,2.924418198172918,46.854752972273346,4.121320343559642,2.587512693532698,2.587512693532698,2.414213562373095,1.1605678168093438,1.1605678168093438,0.4776040517178158,0.4776040517178158,0.16463371671422572,0.16463371671422572,0.03513641844631534,0.03513641844631534,-0.79,11.245112497836532,4.21,3.21,3.21,29.735288076678287,5.106527394840706,6.2861605231295545,0.0,0.0,0.0,0.0,4.794537184071822,0.0,0.0,0.0,0.0,0.0,6.076020106833881,6.26208044842079,9.901064578912528,6.2861605231295545,0.0,0.0,0.0,0.0,0.0,12.338100555254671,0.0,0.0,0.0,0.0,0.0,0.0,11.39268791797026,4.794537184071822,0.0,0.0,12.338100555254671,0.0,0.0,0.0,37.3,0.0,0.0,0.0,0.0,12.548240971550346,6.076020106833881,0.0,0.0,0.0,0.0,9.901064578912528,0.0,0.0,9.158055555555556,7.654444444444445,0.0,0.0,0.0,2.1875,0.0,0.0,0.0,5,1,2,0,0,0,0,0,0,2,1,2,1,0,0,0,0,0.25699999999999995,17.8328,0,1,1,0,0,0,0,0,0,0,1,1,0,0,0,0,0,0,0,0,0,0,0,1,0,0,1,0,0,0,0,0,0,0,0,0,0,0,0,0,0,0,0,0,0,0,0,0,0,0,0,0,0,0,0,0,0,0,0,0,0,0,0,0,0,0,0,0,0,0,0,0,0,0,0,0,0,0,0,0,0,0,0,0,0
Drug_14,C=CCNN,1,train,4.817777777777778,4.817777777777778,0.6805555555555556,0.6805555555555556,0.26531689605592823,7.4,72.111,64.047,72.06874825599999,30,0,0.027546553876018665,-0.2711694189961818,0.2711694189961818,0.027546553876018665,2.0,2.6,2.6,15.197880652815712,10.662029600858052,1.562970208494435,-1.798375618103985,1.4572206927385714,-2.2038939238128887,4.65694634323526,0.8244498547710561,1.4056390622295665,2.4017152226171965,26.074033921146967,4.121320343559642,3.0689141007523464,3.0689141007523464,2.414213562373095,1.4587251061158126,1.4587251061158126,0.6969234250586759,0.6969234250586759,0.2621886974951644,0.2621886974951644,0.08333333333333334,0.08333333333333334,-0.33999999999999997,11.245112497836532,4.66,3.6600000000000006,3.66,31.639421125294245,0.0,0.0,0.0,0.0,0.0,0.0,11.268461667376624,0.0,0.0,6.578935683598497,6.076020106833881,0.0,6.544756405912575,0.0,0.0,0.0,0.0,5.425791397110385,5.842670270266239,0.0,6.544756405912575,12.654955790432378,0.0,0.0,11.268461667376624,0.0,0.0,0.0,6.544756405912575,0.0,0.0,0.0,12.654955790432378,0.0,0.0,0.0,38.05,0.0,0.0,0.0,0.0,6.544756405912575,0.0,0.0,6.076020106833881,0.0,12.004727080708882,5.842670270266239,0.0,0.0,0.0,0.0,2.3993055555555554,4.817777777777778,0.0,1.6944444444444444,4.088472222222222,0.0,0.3333333333333333,5,3,2,0,0,0,0,0,0,2,2,2,2,0,0,0,0,-0.3643,22.3871,0,0,0,0,0,0,0,0,0,0,0,0,0,0,0,0,1,1,0,0,0,0,0,0,0,0,0,0,0,0,0,0,0,0,0,0,0,0,0,0,0,0,0,0,0,1,0,0,0,0,0,0,0,0,0,0,0,0,0,0,0,0,0,0,0,0,0,0,0,0,0,0,0,0,0,0,0,0,0,0,0,0,0,0,0
Drug_270,CN(C)CCCSC(=N)N,0,train,6.9072430083144365,6.9072430083144365,0.22107048374905536,0.22107048374905536,0.35981202699991244,10.3,161.274,146.154,161.09866848,60,0,0.15054969724524206,-0.3787164839399991,0.3787164839399991,0.15054969724524206,1.6,2.2,2.6,32.166575783691755,10.454180049885203,1.9178767946335795,-2.0692847866852913,1.9953972390873211,-2.1404969892765635,8.131721133440939,0.4098866530093804,1.7941037756589573,2.980692229675904,103.16605111405163,7.983127663125442,6.55413249871309,7.370629079640816,4.625897657686229,3.2421293714383115,4.2277279310918,2.3695417985173544,3.506291629203478,1.0072292354037855,1.8110327491946028,0.5629028735091931,1.0562530884939036,-0.22000000000000003,116.61674541783222,9.78,5.5561760782198135,7.779999999999998,66.47214699165872,10.633577208012662,0.0,5.1676517695780495,0.0,0.0,0.0,5.409283605791522,0.0,0.0,0.0,11.761884949391115,27.060921994192963,5.752853606746789,0.0,0.0,16.929536718969164,5.409283605791522,4.899909730850477,5.733667477162185,6.4208216229260096,26.392953978013743,0.0,0.0,0.0,5.733667477162185,0.0,0.0,11.761884949391115,36.46051547844227,0.0,5.409283605791522,6.4208216229260096,0.0,0.0,0.0,0.0,53.11,0.0,0.0,0.0,5.1676517695780495,0.0,18.718431635585375,11.761884949391115,0.0,14.09534396535438,4.899909730850477,11.142951082953708,0.0,1.407685185185185,2.1256906651549508,7.128313492063492,5.14197373393802,0.9518981481481481,0.0,1.0944907407407407,1.0697222222222222,4.0802258125472415,0.8333333333333334,10,3,3,0,0,0,0,0,0,3,2,4,4,0,0,0,0,0.56477,47.54310000000002,0,0,0,0,0,0,0,0,0,0,0,0,0,0,0,1,1,1,0,0,0,0,0,0,0,0,0,0,1,0,0,0,0,0,0,0,0,0,0,0,0,0,0,0,0,0,0,0,0,0,0,0,0,0,0,0,0,0,0,0,0,0,0,0,0,0,0,0,0,0,0,0,0,0,0,1,0,0,0,0,0,0,0,1,0
Drug_16,CCCCNNCCCC,1,train,3.171111111111111,3.171111111111111,1.0974348072562359,1.0974348072562359,0.4194358849028133,10.2,144.26199999999997,124.10199999999998,144.16264864,62,0,0.0099636845135915,-0.2578587472186512,0.2578587472186512,0.0099636845135915,0.8,1.2,1.5,15.342153976491213,10.329117665696481,1.830566183814232,-2.0345169988946386,1.8199799905022431,-2.326038730623589,4.4148213874057864,0.5056946596719141,1.9671544718900458,2.6476048489438337,47.219280948873624,7.6568542494923815,7.242640687119286,7.242640687119286,4.914213562373096,4.371320343559642,4.371320343559642,2.560660171779821,2.560660171779821,1.435660171779821,1.435660171779821,0.7071067811865474,0.7071067811865474,-0.08,175.07674799821407,9.92,8.92,7.919999999999998,64.36370621605685,0.0,0.0,0.0,0.0,0.0,0.0,10.85158279422077,0.0,0.0,0.0,26.689117645233267,12.841643245852019,13.08951281182515,0.0,0.0,0.0,0.0,10.85158279422077,0.0,39.53076089108528,13.08951281182515,0.0,0.0,0.0,10.85158279422077,0.0,0.0,0.0,13.08951281182515,0.0,0.0,39.53076089108528,0.0,0.0,0.0,0.0,24.06,0.0,0.0,0.0,0.0,0.0,13.08951281182515,25.683286491704038,0.0,0.0,24.699057193602016,0.0,0.0,0.0,0.0,0.0,6.342222222222222,0.0,0.0,5.058695987654321,6.599081790123457,0.0,1.0,10,2,2,0,0,0,0,0,0,2,2,2,7,0,0,0,0,1.6807999999999998,45.82140000000001,0,0,0,0,0,0,0,0,0,0,0,0,0,0,0,0,2,0,0,0,0,0,0,0,0,0,0,0,0,0,0,0,0,0,0,0,0,0,0,0,0,0,0,0,0,1,0,0,0,0,0,0,0,0,0,0,0,0,0,0,0,0,0,0,0,0,0,0,0,0,0,0,0,0,0,0,0,0,0,0,0,0,0,5,0
Drug_17,CCCCNN,1,train,4.964583333333334,4.964583333333334,0.9409722222222222,0.9409722222222222,0.29465265793754214,9.0,88.154,76.05799999999999,88.10004838399999,38,0,0.009725412950526044,-0.2714624603332073,0.2714624603332073,0.009725412950526044,1.6666666666666667,2.3333333333333335,2.5,15.199464271938309,10.34507908465797,1.7318081240301244,-1.8944619782416552,1.782080648709647,-2.2193507214060664,4.325033668452057,0.6692308307343504,1.6143308351592656,2.3390923149762908,17.50977500432694,4.82842712474619,4.198670612749268,4.198670612749268,2.914213562373095,2.349335306374634,2.349335306374634,1.307677535825205,1.307677535825205,0.6746676531873169,0.6746676531873169,0.2788387679126026,0.2788387679126026,-0.08,20.986300857070454,5.92,4.920000000000001,3.9200000000000004,38.693966271875105,0.0,0.0,0.0,0.0,0.0,0.0,11.268461667376624,0.0,0.0,0.0,13.344558822616634,6.4208216229260096,6.544756405912575,0.0,0.0,0.0,0.0,5.425791397110385,5.842670270266239,19.765380445542643,6.544756405912575,0.0,0.0,0.0,11.268461667376624,0.0,0.0,0.0,6.544756405912575,0.0,0.0,19.765380445542643,0.0,0.0,0.0,0.0,38.05,0.0,0.0,0.0,0.0,0.0,6.544756405912575,12.841643245852019,0.0,0.0,12.349528596801008,5.842670270266239,0.0,0.0,0.0,0.0,2.568611111111111,4.964583333333334,0.0,2.3895833333333334,3.0772222222222223,0.0,1.0,6,3,2,0,0,0,0,0,0,2,2,2,3,0,0,0,0,0.24979999999999997,27.098099999999995,0,0,0,0,0,0,0,0,0,0,0,0,0,0,0,0,1,1,0,0,0,0,0,0,0,0,0,0,0,0,0,0,0,0,0,0,0,0,0,0,0,0,0,0,0,1,0,0,0,0,0,0,0,0,0,0,0,0,0,0,0,0,0,0,0,0,0,0,0,0,0,0,0,0,0,0,0,0,0,0,0,0,0,1,0
Drug_25,CCNN,1,train,4.777777777777778,4.777777777777778,0.8472222222222222,0.8472222222222222,0.31514839256535404,7.5,60.099999999999994,52.035999999999994,60.06874825599999,26,0,0.006892736507584144,-0.2714720855896294,0.2714720855896294,0.006892736507584144,2.0,2.25,2.25,15.196728095814938,10.822146814308491,1.4957672344302324,-1.767257749525009,1.2987919996190669,-2.196435677283503,4.102155791292541,0.7806545269503068,1.3709505944546687,1.9747448713915894,6.0,3.414213562373095,2.784457050376173,2.784457050376173,1.914213562373095,1.349335306374634,1.349335306374634,0.5576775358252053,0.5576775358252053,0.2041241452319315,0.2041241452319315,0.0,0.0,-0.08,6.854752972273344,3.9200000000000004,2.92,1.9199999999999995,25.96408204308189,0.0,0.0,0.0,0.0,0.0,0.0,11.268461667376624,0.0,0.0,0.0,6.923737199690624,0.0,6.544756405912575,0.0,0.0,0.0,0.0,5.425791397110385,5.842670270266239,6.923737199690624,6.544756405912575,0.0,0.0,0.0,11.268461667376624,0.0,0.0,0.0,6.544756405912575,0.0,0.0,6.923737199690624,0.0,0.0,0.0,0.0,38.05,0.0,0.0,0.0,0.0,0.0,6.544756405912575,0.0,0.0,6.923737199690624,5.425791397110385,5.842670270266239,0.0,0.0,0.0,0.0,2.4305555555555554,4.777777777777778,0.0,0.0,2.7916666666666665,0.0,1.0,4,3,2,0,0,0,0,0,0,2,2,2,1,0,0,0,0,-0.5304,17.864100000000004,0,0,0,0,0,0,0,0,0,0,0,0,0,0,0,0,1,1,0,0,0,0,0,0,0,0,0,0,0,0,0,0,0,0,0,0,0,0,0,0,0,0,0,0,0,1,0,0,0,0,0,0,0,0,0,0,0,0,0,0,0,0,0,0,0,0,0,0,0,0,0,0,0,0,0,0,0,0,0,0,0,0,0,0,0
Drug_28,CCCCCNN,1,train,5.019288548752835,5.019288548752835,0.9522222222222222,0.9522222222222222,0.3103788542330845,9.428571428571429,102.18100000000001,88.069,102.11569844799999,44,0,0.009735335522475845,-0.27146245904514793,0.27146245904514793,0.009735335522475845,1.4285714285714286,2.142857142857143,2.5714285714285716,15.199520000079483,10.250597209034462,1.786533200835388,-1.9274143605810392,1.8873555143476746,-2.2208348616712947,4.371558361334837,0.6372852021338343,1.690933805959686,2.447472887876344,25.26112492884004,5.535533905932738,4.905777393935816,4.905777393935816,3.414213562373095,2.849335306374634,2.849335306374634,1.6612309264184788,1.6612309264184788,0.9246676531873169,0.9246676531873169,0.4770620726159656,0.4770620726159656,-0.08,35.509609925153406,6.92,5.92,5.920000000000001,45.05890838627172,0.0,0.0,0.0,0.0,0.0,0.0,11.268461667376624,0.0,0.0,0.0,19.765380445542643,6.4208216229260096,6.544756405912575,0.0,0.0,0.0,0.0,5.425791397110385,5.842670270266239,26.186202068468653,6.544756405912575,0.0,0.0,0.0,11.268461667376624,0.0,0.0,0.0,6.544756405912575,0.0,0.0,26.186202068468653,0.0,0.0,0.0,0.0,38.05,0.0,0.0,0.0,0.0,0.0,6.544756405912575,19.26246486877803,0.0,0.0,12.349528596801008,5.842670270266239,0.0,0.0,0.0,0.0,2.6025,5.019288548752835,0.0,3.748888888888889,3.1293225623582765,0.0,1.0,7,3,2,0,0,0,0,0,0,2,2,2,4,0,0,0,0,0.6399000000000001,31.71509999999999,0,0,0,0,0,0,0,0,0,0,0,0,0,0,0,0,1,1,0,0,0,0,0,0,0,0,0,0,0,0,0,0,0,0,0,0,0,0,0,0,0,0,0,0,0,1,0,0,0,0,0,0,0,0,0,0,0,0,0,0,0,0,0,0,0,0,0,0,0,0,0,0,0,0,0,0,0,0,0,0,0,0,0,2,0
Drug_29,CCCNN,1,train,4.889027777777778,4.889027777777778,0.9166666666666666,0.9166666666666666,0.35318255070616034,8.4,74.127,64.047,74.08439831999999,32,0,0.009472689870714292,-0.2714626219217312,0.2714626219217312,0.009472689870714292,1.8,2.4,2.4,15.199131202823688,10.507978100629032,1.6448381722692977,-1.8457011158644878,1.6055278364871404,-2.2142762342898754,4.247531021443663,0.7137040603321748,1.4056390622295665,2.19060968716425,12.364527976600282,4.121320343559642,3.4915638315627207,3.4915638315627207,2.414213562373095,1.849335306374634,1.849335306374634,0.9541241452319313,0.9541241452319313,0.3943375672974064,0.3943375672974064,0.14433756729740643,0.14433756729740643,-0.08,11.245112497836532,4.920000000000001,3.9200000000000004,3.92,32.3290241574785,0.0,0.0,0.0,0.0,0.0,0.0,11.268461667376624,0.0,0.0,0.0,6.923737199690624,6.4208216229260096,6.544756405912575,0.0,0.0,0.0,0.0,5.425791397110385,5.842670270266239,13.344558822616634,6.544756405912575,0.0,0.0,0.0,11.268461667376624,0.0,0.0,0.0,6.544756405912575,0.0,0.0,13.344558822616634,0.0,0.0,0.0,0.0,38.05,0.0,0.0,0.0,0.0,0.0,12.965578028838586,0.0,0.0,0.0,12.349528596801008,5.842670270266239,0.0,0.0,0.0,0.0,2.517361111111111,4.889027777777778,0.0,1.1076388888888888,2.9859722222222222,0.0,1.0,5,3,2,0,0,0,0,0,0,2,2,2,2,0,0,0,0,-0.14029999999999998,22.4811,0,0,0,0,0,0,0,0,0,0,0,0,0,0,0,0,1,1,0,0,0,0,0,0,0,0,0,0,0,0,0,0,0,0,0,0,0,0,0,0,0,0,0,0,0,1,0,0,0,0,0,0,0,0,0,0,0,0,0,0,0,0,0,0,0,0,0,0,0,0,0,0,0,0,0,0,0,0,0,0,0,0,0,0,0
Drug_43,CC(O)CNC(=O)N(N=O)C(C)Cl,1,train,11.045694444444443,11.045694444444443,0.05006172839506173,-0.8134268707482997,0.3086641007765091,14.461538461538462,209.63299999999998,197.537,209.056718924,76,0,0.34142921089436434,-0.3915826410243569,0.3915826410243569,0.34142921089436434,1.6923076923076923,2.230769230769231,2.5384615384615383,35.49575199521628,10.402635947454431,2.182703121953553,-2.160970301450088,2.033174037480277,-2.4140170505362435,6.204163359074197,0.17034678187238975,2.0100315609887383,3.9939910256558697,185.96329012267483,10.430721420318147,7.3979091600026265,8.153838106021082,5.9852696651929325,3.7114230179836696,4.147858798455654,2.535300715065416,3.1669165101271073,1.1817515766026074,1.366628739991858,0.5796239958669258,0.7038947854138221,-0.8799999999999999,482.40757463729716,12.120000000000001,5.712108114181159,4.639007455320242,80.79754753721089,10.423315998847038,5.501022651192291,0.0,0.0,0.0,6.031114512338072,0.0,4.794537184071822,5.008912523954531,4.907065243988282,11.600939890232516,13.847474399381248,6.544756405912575,11.38985110871101,9.901064578912528,17.63205440257059,0.0,10.325701127960862,5.2858847209627084,25.452463438321843,6.544756405912575,4.907065243988282,0.0,0.0,5.316788604006331,4.794537184071822,0.0,11.600939890232516,34.29629987598648,0.0,4.907065243988282,13.847474399381248,5.2858847209627084,0.0,0.0,0.0,82.0,17.636103551278666,9.701602428060104,0.0,6.544756405912575,5.008912523954531,0.0,13.847474399381248,0.0,0.0,10.60267332496904,16.70746728507322,0.0,5.462939342403628,21.146479591836734,14.061309838750315,-0.8134268707482997,0.0,-0.7237037037037035,-0.6777003023431598,2.9885465482489293,0.0,0.8333333333333334,13,2,6,0,0,0,0,0,0,4,2,7,4,0,0,0,0,0.6450000000000004,48.02850000000002,0,1,1,0,0,0,0,0,0,0,1,1,0,0,0,2,1,0,0,0,0,0,0,0,0,1,0,2,0,0,0,0,0,0,0,0,0,0,0,0,0,0,0,0,1,0,0,0,0,0,0,0,0,0,0,0,0,0,0,0,0,1,0,0,0,0,0,0,0,0,0,0,0,0,0,0,0,0,0,0,0,0,0,0,1
Drug_44,C=CCNNCC=C,1,train,3.5299914965986394,3.5299914965986394,0.7855555555555557,0.7855555555555557,0.3064152810240706,8.5,112.17599999999999,100.07999999999998,112.10004838399999,46,0,0.02779692924476472,-0.2537609445165653,0.2537609445165653,0.02779692924476472,1.0,1.375,1.625,15.340125397482202,10.621778194216958,1.7206740974063108,-1.9731475559084382,1.556586176884387,-2.309491880531068,4.708466556279317,0.6108868222506748,1.8088121254443208,2.7079488122831483,58.92878689342031,6.242640687119286,4.983127663125442,4.983127663125442,3.914213562373095,2.5900999430419995,2.5900999430419995,1.3391519502467624,1.3391519502467624,0.6177992798267443,0.6177992798267443,0.28867513459481287,0.28867513459481287,-0.6,61.499612265106904,7.3999999999999995,6.4,5.4,50.25461592289513,0.0,0.0,0.0,0.0,0.0,0.0,10.85158279422077,0.0,0.0,13.157871367196995,12.152040213667762,0.0,13.08951281182515,0.0,0.0,0.0,0.0,10.85158279422077,0.0,0.0,13.08951281182515,25.309911580864757,0.0,0.0,10.85158279422077,0.0,0.0,0.0,13.08951281182515,0.0,0.0,0.0,25.309911580864757,0.0,0.0,0.0,24.06,0.0,0.0,0.0,0.0,0.0,13.08951281182515,0.0,12.152040213667762,0.0,24.009454161417764,0.0,0.0,0.0,0.0,0.0,5.793333333333333,0.0,0.0,3.5755725623582766,8.63109410430839,0.0,0.3333333333333333,8,2,2,0,0,0,0,0,0,2,2,2,5,0,0,0,0,0.4526,36.3994,0,0,0,0,0,0,0,0,0,0,0,0,0,0,0,0,2,0,0,0,0,0,0,0,0,0,0,0,0,0,0,0,0,0,0,0,0,0,0,0,0,0,0,0,0,1,0,0,0,0,0,0,0,0,0,0,0,0,0,0,0,0,0,0,0,0,0,0,0,0,0,0,0,0,0,0,0,0,0,0,0,0,0,3,0
Drug_46,CN(C)CCN(CCN=O)C(N)=O,1,train,10.803803854875284,10.803803854875284,0.09361961451247147,-0.508796296296296,0.5808062405856826,10.076923076923077,188.231,172.10299999999998,188.127325752,76,0,0.3143888241342329,-0.35148961101071374,0.35148961101071374,0.3143888241342329,1.3076923076923077,1.9230769230769231,2.3076923076923075,16.250649362379736,10.443418243458439,2.080997470470376,-2.2034019202089503,1.885473807176122,-2.409230031161889,5.714617120382123,0.20247765826989397,2.0306073476816167,3.7990176453217064,171.87547739228722,10.267584713501616,8.063914761363417,8.063914761363417,6.074586062669974,4.058318518479047,4.058318518479047,2.981267995162813,2.981267995162813,1.5900088828929382,1.5900088828929382,0.8144361219497932,0.8144361219497932,-1.1700000000000002,534.0497324402652,11.83,6.357438674336563,6.0336536192853245,77.64471583590289,15.533486938863138,0.0,0.0,0.0,0.0,6.031114512338072,0.0,4.794537184071822,4.907065243988282,0.0,5.176881927858655,14.09534396535438,19.634269217737724,6.544756405912575,4.794537184071822,6.031114512338072,0.0,9.799819461700954,10.91054940502084,0.0,40.27436958900468,4.907065243988282,0.0,0.0,5.733667477162185,4.794537184071822,0.0,0.0,56.1053035630437,0.0,4.907065243988282,0.0,5.176881927858655,0.0,0.0,0.0,79.0,6.031114512338072,9.701602428060104,0.0,6.544756405912575,13.08951281182515,6.544756405912575,4.899909730850477,0.0,18.995253696204855,5.176881927858655,5.733667477162185,0.0,0.0,23.973608906525573,2.671935941043084,5.0884637188208615,0.0,-0.508796296296296,0.0,1.6415599017384732,3.799894494834971,0.8571428571428571,13,2,6,0,0,0,0,0,0,4,1,6,6,0,0,0,0,-0.30489999999999967,50.372400000000034,0,0,0,0,0,0,0,0,0,0,1,1,0,0,0,3,0,1,0,1,0,0,0,0,0,0,0,2,0,0,0,0,0,0,0,0,0,0,0,0,0,0,0,0,0,0,0,0,0,0,0,0,0,0,0,0,0,0,0,0,0,1,0,0,0,0,0,0,0,0,0,1,0,0,0,0,0,0,0,0,0,0,0,0,1
Drug_47,CCCCCCCCCCCCNC(=N)N,1,train,6.987652103168566,6.987652103168566,0.09344828609192746,0.09344828609192746,0.28770107913601844,10.3125,227.396,198.164,227.23614792799998,96,0,0.1852050190823962,-0.37016043802002885,0.37016043802002885,0.1852050190823962,0.875,1.3125,1.75,15.032403155721495,10.066468772998116,1.9235518125994364,-2.0342917827157074,2.095114517828974,-2.3032974183304082,5.735690267596335,0.5543980389471205,2.2532859652215627,2.904707557588277,157.25669621392558,12.0626316434282,10.855524862241651,10.855524862241651,7.770055610029663,6.849335306374634,6.849335306374634,4.5224323452309125,4.5224323452309125,2.8457805061541945,2.8457805061541945,1.835493998373479,1.835493998373479,-0.73,3073.4820565622113,15.270000000000001,12.340077084793274,13.269999999999998,100.69366028047442,11.050456081168516,0.0,5.959554568743835,0.0,0.0,0.0,5.409283605791522,0.0,0.0,0.0,64.71113180602472,6.4208216229260096,6.544756405912575,0.0,0.0,5.959554568743835,5.409283605791522,5.316788604006331,5.733667477162185,71.13195342895074,6.544756405912575,0.0,0.0,0.0,11.050456081168516,0.0,0.0,0.0,12.50431097465641,0.0,5.409283605791522,71.13195342895074,0.0,0.0,0.0,0.0,61.900000000000006,0.0,0.0,0.0,5.959554568743835,0.0,12.965578028838586,57.787394606334104,0.0,0.0,12.240525803696954,11.142951082953708,0.0,0.0,0.0,9.819476210360014,5.184989597501357,0.09344828609192746,0.0,13.456735116075428,3.1120174566379406,0.0,0.9230769230769231,16,4,3,0,0,0,0,0,0,1,3,3,11,0,0,0,0,3.39037,71.76080000000005,0,0,0,0,0,0,0,0,0,0,0,0,0,0,0,0,2,1,0,0,0,0,0,0,0,0,0,0,0,0,0,0,0,0,0,0,0,0,0,0,0,0,0,1,0,0,0,0,0,0,0,0,0,0,0,0,0,0,0,0,0,0,0,0,0,0,0,0,0,0,0,0,0,0,0,0,0,0,0,0,0,0,0,9,0
Drug_188,CC(=O)N[C@@H](CC(=O)O)C(=O)O,0,train,10.372722978080121,10.372722978080121,0.5660648148148144,-1.354074074074074,0.5106757441982883,11.75,175.14,166.06799999999998,175.048072388,68,0,0.32631125641394865,-0.4811614657650901,0.4811614657650901,0.32631125641394865,1.3333333333333333,1.8333333333333333,2.0833333333333335,16.375124435816232,10.190299908980752,2.2057283944754325,-2.0889668196467266,1.9145760134277368,-2.405401648556166,5.85298388351083,-0.14659961539676034,1.831371518279692,4.135982327213131,195.98398450851272,9.723614639131599,6.403629112767679,6.403629112767679,5.43042811032654,3.148737981442516,3.148737981442516,2.1892099993507244,2.1892099993507244,1.0543342739302772,1.0543342739302772,0.6200596249328842,0.6200596249328842,-1.5899999999999999,249.0665264860381,10.41,4.321535172500668,4.261190525625161,68.18685758794393,15.529843393687743,6.041840829147961,0.0,5.907179729351506,0.0,11.938610575903697,9.589074368143644,4.794537184071822,0.0,0.0,0.0,0.0,6.923737199690624,6.4208216229260096,24.596666341896878,17.845790305255203,0.0,5.316788604006331,0.0,19.386399651764595,0.0,0.0,0.0,0.0,5.316788604006331,0.0,0.0,0.0,34.10068592408457,14.383611552215466,0.0,13.344558822616634,0.0,0.0,0.0,0.0,103.7,30.30845275732917,14.383611552215466,0.0,0.0,0.0,6.923737199690624,0.0,0.0,5.316788604006331,0.0,10.213054789681411,0.0,0.0,30.74615268329554,18.61534486016629,0.0,-3.1875925925925914,-1.3472222222222225,-0.6161574074074077,1.1228080120937263,0.0,0.5,12,3,6,0,0,0,0,0,0,3,3,6,4,0,0,0,0,-0.9496,37.49329999999999,2,0,0,0,0,0,0,0,2,2,3,1,0,0,0,0,1,0,0,0,0,0,0,0,0,0,0,1,0,0,0,0,0,0,0,0,0,0,0,0,0,0,0,0,0,0,0,0,0,0,0,0,0,0,0,0,0,0,0,0,0,0,0,0,0,0,0,0,0,0,0,0,0,0,0,0,0,0,0,0,0,0,0,0,0
Drug_75,CNCC(O)C(O)C(O)C(O)CO,0,train,9.207731481481481,9.207731481481481,0.09362622826908562,-1.5478240740740745,0.26379950587316064,20.76923076923077,195.21499999999997,178.07899999999995,195.110672644,80,0,0.11053723766772218,-0.393579134994789,0.393579134994789,0.11053723766772218,1.0,1.4615384615384615,1.8461538461538463,16.387930085286623,10.035398102299233,2.2873982512445648,-2.2477766310388385,2.0351959762770537,-2.4813396110310317,4.806398125875897,-0.11322100012393117,2.1422643605801293,3.991684655394681,134.05130927524974,10.430721420318147,7.45968261663139,7.45968261663139,6.040111220059325,4.019073296526482,4.019073296526482,2.8561319845810695,2.8561319845810695,1.738681616873396,1.738681616873396,0.8930945455985126,0.8930945455985126,-0.24000000000000002,574.1268486354746,12.760000000000002,6.249699693744906,3.9880347001896768,76.44993465879729,30.84942557820986,18.31189916324491,0.0,0.0,0.0,0.0,0.0,0.0,0.0,0.0,0.0,7.04767198267719,6.544756405912575,12.71084835226122,25.532636974203527,0.0,0.0,5.316788604006331,0.0,24.41586555099321,20.199310353102682,0.0,0.0,0.0,5.316788604006331,0.0,0.0,0.0,70.14781287829942,0.0,0.0,0.0,0.0,0.0,0.0,0.0,113.18,31.02274751550613,5.106527394840706,0.0,6.544756405912575,0.0,0.0,0.0,7.04767198267719,0.0,5.316788604006331,20.426109579362823,0.0,0.0,0.0,47.475251007810535,0.0,0.0,0.0,-5.647540627362057,-0.568575916477702,1.57419886936256,1.0,13,6,6,0,0,0,0,0,0,6,6,6,6,0,0,0,0,-3.3582999999999994,45.03970000000002,0,5,5,0,0,0,0,0,0,0,0,0,0,0,0,0,1,0,0,1,0,0,0,0,0,0,0,0,0,0,0,0,0,0,0,0,0,0,0,0,0,0,0,0,0,0,0,0,0,0,0,0,0,0,0,0,0,0,0,0,0,0,0,0,0,0,0,0,0,0,0,0,0,0,0,0,0,0,0,0,0,0,0,0,0
Drug_204,CS(=N)(=O)CC[C@H](N)C(=O)O,0,train,10.732028533635678,10.732028533635678,0.04212962962962963,-2.596041666666667,0.540267928382085,14.363636363636363,180.22899999999998,168.13299999999998,180.056863244,66,0,0.32000148259991684,-0.4800860566571042,0.4800860566571042,0.32000148259991684,1.8181818181818181,2.272727272727273,2.5454545454545454,32.2243594513921,10.242387581809586,2.118429349188109,-2.0437297687591593,1.935175831692,-2.313817861636466,7.911938428410582,-0.13805023777229636,1.8044296618949505,3.817433669612366,234.11208517174683,9.068914100752348,6.240872567643895,7.05736914857162,4.827185821959349,3.0257019383311947,5.1611304122457415,2.442517997431634,4.860742242539314,1.1355723225878929,2.15031368534587,0.47533145210763117,1.1790437812515548,-0.6200000000000001,140.74551362780613,10.379999999999999,3.679413934636842,5.806439232409382,65.56314555953861,10.84019487200289,6.041840829147961,0.0,0.0,0.0,5.9693052879518484,13.783013840474315,0.0,0.0,0.0,0.0,6.4208216229260096,21.73763497659012,0.0,14.109963071076995,15.698317474283776,4.779578164238024,0.0,5.733667477162185,12.462662452073971,12.008622790258194,0.0,0.0,0.0,5.733667477162185,0.0,0.0,0.0,33.335194794363176,14.52354937040375,4.779578164238024,6.4208216229260096,0.0,0.0,0.0,0.0,104.24,21.740158303431734,9.00343567623629,0.0,12.1736752296728,0.0,0.0,6.255769183511404,0.0,0.0,0.0,15.619773036240915,17.67742441421013,0.0,10.137162698412698,8.29982709750567,5.115231481481482,-1.0748611111111108,-0.9989583333333341,1.3568820861678004,0.0,-2.596041666666667,0.8,11,4,5,0,0,0,0,0,0,4,3,6,4,0,0,0,0,-0.5350299999999992,41.8813,1,0,0,0,0,0,0,0,1,1,1,0,0,0,0,0,1,1,0,0,0,0,0,0,0,0,0,0,0,0,0,0,0,0,0,0,0,0,0,0,0,0,0,0,0,0,0,0,0,0,0,0,0,0,0,0,0,0,0,0,0,0,0,0,0,0,0,0,0,0,0,0,0,0,0,0,0,0,0,0,0,0,0,0,0
Drug_241,N=C(N)NCCCCNC(=N)N,0,train,6.839837779247501,6.839837779247501,0.00506750230956543,-0.00506750230956543,0.17568671434371277,9.0,172.23600000000002,156.108,172.14364451199998,70,0,0.18520502755661364,-0.37016043799280124,0.37016043799280124,0.18520502755661364,0.9166666666666666,1.25,1.5,15.045163517589142,10.289504420178822,1.8951217661455113,-2.0393508592557676,1.8241128353462415,-2.3273657435755246,5.740004055902571,0.6847689291352005,1.9500228441807044,3.0073056362946593,136.11730005192325,9.397341225498538,6.983127663125442,6.983127663125442,5.625897657686229,3.784457050376173,3.784457050376173,2.388010440969447,2.388010440969447,1.234454231121842,1.234454231121842,0.6961142625940431,0.6961142625940431,-1.46,331.50388351071973,10.54,6.263006960022179,8.539999999999997,71.71416935958368,22.100912162337032,0.0,11.91910913748767,0.0,0.0,0.0,10.818567211583044,0.0,0.0,0.0,0.0,12.841643245852019,13.08951281182515,0.0,0.0,11.91910913748767,10.818567211583044,10.633577208012662,11.46733495432437,12.841643245852019,13.08951281182515,0.0,0.0,0.0,22.100912162337032,0.0,0.0,0.0,25.00862194931282,0.0,10.818567211583044,12.841643245852019,0.0,0.0,0.0,0.0,123.8,0.0,0.0,0.0,11.91910913748767,13.08951281182515,12.841643245852019,0.0,0.0,0.0,10.633577208012662,22.285902165907416,0.0,0.0,0.0,19.04368916393718,10.115695651717477,-0.01013500461913086,0.0,1.8052777777777778,1.3788057445200304,0.0,0.6666666666666666,12,8,6,0,0,0,0,0,0,2,6,6,5,0,0,0,0,-1.2672599999999985,49.0676,0,0,0,0,0,0,0,0,0,0,0,0,0,0,0,0,4,2,0,0,0,0,0,0,0,0,0,0,0,0,0,0,0,0,0,0,0,0,0,0,0,0,0,2,0,0,0,0,0,0,0,0,0,0,0,0,0,0,0,0,0,0,0,0,0,0,0,0,0,0,0,0,0,0,0,0,0,0,0,0,0,0,0,3,0
Drug_153,CC(N/C(=N/C#N)Nc1ccncc1)C(C)(C)C,0,train,8.700540438397582,8.700540438397582,0.07951302280171335,0.07951302280171335,0.4763426335858048,13.61111111111111,245.33,226.17799999999997,245.16404560799998,96,0,0.21149018296597677,-0.35222108919360734,0.35222108919360734,0.21149018296597677,1.3888888888888888,2.0,2.5,15.186114757827688,9.880561763957786,2.2047205901522595,-2.288211169666303,2.181003610970362,-2.438872905994443,5.9381198781367965,0.31582286589445135,2.2897428153787263,2.744004891976707,438.68967484410825,13.596011838247808,11.228392132448004,11.228392132448004,8.430870218218027,5.835935646979804,5.835935646979804,5.153349734288616,5.153349734288616,2.7571261763794555,2.7571261763794555,1.139860199724989,1.139860199724989,-2.09,7684.376888411005,13.972853551225644,6.009621892056233,4.41702071625233,107.95821455016124,10.633577208012662,0.0,0.0,12.152710664522676,0.0,0.0,4.983978520947208,0.0,5.261891554738487,4.992404732635668,20.771211599071872,24.471461806010623,24.122914247057675,0.0,0.0,11.646940843427398,5.261891554738487,10.300767124953538,10.407395202032447,33.736789627910454,5.316788604006331,24.52642128014937,0.0,6.19315609577884,10.633577208012662,5.687386274683562,0.0,0.0,16.985373918839002,0.0,16.870038119914106,27.694948798762496,29.51882601278504,0.0,0.0,0.0,73.1,0.0,0.0,0.0,11.456831298544738,5.959554568743835,5.687386274683562,0.0,18.586843239004992,12.13273413692322,48.30490926035803,5.261891554738487,0.0,0.0,7.686064421138826,14.962141912320485,0.9198918965734445,0.4501157407407408,3.811177721088435,5.152337018140589,8.434937956664148,0.0,0.46153846153846156,18,2,5,0,0,0,0,1,1,3,2,5,2,0,0,0,1,2.3547800000000008,72.96040000000004,0,0,0,0,0,1,0,0,0,0,0,0,0,0,1,3,2,0,0,0,0,0,0,0,0,0,0,0,0,1,0,0,0,0,0,0,0,0,0,0,0,0,0,1,0,0,0,0,0,0,0,0,0,0,0,0,0,1,0,0,0,0,0,0,0,0,0,0,0,0,0,0,0,1,0,0,0,0,0,0,0,0,0,0,0
Drug_210,CNCCc1ccccn1,0,train,4.17625,4.17625,0.9970370370370369,0.9970370370370369,0.6658018289589027,9.7,136.19799999999995,124.10199999999998,136.100048384,54,0,0.04157556764272935,-0.3193634590881509,0.3193634590881509,0.04157556764272935,1.5,2.4,3.0,14.80469258527146,10.26016198077083,1.8795701642185167,-1.9633002968708961,1.9158613551021324,-2.102741920666566,5.029501111721785,0.7763501417201408,2.029573889867405,2.4265223465879537,171.872282370036,7.234204518682008,6.170828234631557,6.170828234631557,4.931851652578137,3.4775876032785007,3.4775876032785007,2.1746283532071886,2.1746283532071886,1.3572884395960962,1.3572884395960962,0.7990780964900966,0.7990780964900966,-0.8900000000000001,251.66716234355823,7.219769484083424,4.011046940626403,2.1504230342026096,61.29573962724133,5.316788604006331,0.0,0.0,0.0,0.0,0.0,4.983978520947208,0.0,0.0,0.0,6.06636706846161,19.18040611960041,24.856349595300124,0.0,0.0,0.0,0.0,10.300767124953538,0.0,6.4208216229260096,13.592428388589765,30.089872771846366,0.0,0.0,5.316788604006331,0.0,0.0,0.0,18.57640690953697,6.4208216229260096,0.0,5.693927994848461,24.395944776997908,0.0,0.0,0.0,24.92,0.0,0.0,0.0,0.0,0.0,18.659506023687047,0.0,0.0,31.443616759675095,10.300767124953538,0.0,0.0,0.0,4.17625,3.0761763038548753,1.1498611111111112,0.0,5.984332955404383,2.835648148148148,0.9970370370370369,1.947361111111111,0.375,10,1,2,0,0,0,0,1,1,2,1,2,3,0,0,0,1,0.8434999999999999,41.86770000000002,0,0,0,0,0,1,0,0,0,0,0,0,0,0,0,1,1,0,0,1,0,0,0,0,0,0,0,0,0,0,0,0,0,0,0,0,0,0,0,0,0,0,0,0,0,0,0,0,0,0,0,0,0,0,0,0,0,0,0,0,0,0,0,0,0,0,0,0,0,0,0,0,0,1,0,0,0,0,0,0,0,0,0,0,0
Drug_5,ClCc1ccccn1,1,train,5.464413580246913,5.464413580246913,0.5008333333333334,0.5008333333333334,0.5247639189605451,9.125,127.57399999999997,121.52599999999998,127.01887687199999,42,0,0.06468178335556522,-0.260041383766183,0.260041383766183,0.06468178335556522,1.5,2.375,2.75,35.49566275315553,10.387637038598127,1.8292849538675633,-1.8686225434398576,1.9522414708109201,-1.7875754897199994,6.163830766986142,1.1701705031276615,1.9034911933164034,2.8320858350070908,149.87452390041133,5.819990956308912,4.341685926454236,5.0976148724726915,3.931851652578137,2.3912954545976515,2.9258179384225,1.4547055835701272,1.7219668254825513,0.8630605788714661,1.1368867897669974,0.4771713759196304,0.6352650124913406,-0.56,91.36757727918736,5.5744086021505375,2.6754619168482283,1.2034300488365408,53.319259441721755,0.0,0.0,0.0,0.0,0.0,0.0,4.983978520947208,0.0,0.0,11.600939890232516,6.06636706846161,12.13273413692322,6.196843571613076,11.5739314398188,0.0,11.600939890232516,0.0,4.983978520947208,0.0,5.880003444970339,0.0,30.089872771846366,0.0,0.0,0.0,0.0,0.0,11.600939890232516,4.983978520947208,5.880003444970339,0.0,5.693927994848461,24.395944776997908,0.0,0.0,0.0,12.89,0.0,0.0,0.0,0.0,5.880003444970339,5.693927994848461,0.0,6.196843571613076,18.19910120538483,4.983978520947208,11.600939890232516,0.0,5.464413580246913,3.9652777777777777,0.0,0.9251543209876545,0.5008333333333334,5.688256172839506,1.7338425925925927,0.0,0.0,0.16666666666666666,8,0,1,0,0,0,0,1,1,1,0,2,1,0,0,0,1,1.8203999999999998,33.794000000000004,0,0,0,0,0,1,0,0,0,0,0,0,0,0,0,1,0,0,0,0,0,0,0,0,0,1,0,0,0,0,0,0,0,0,0,0,0,0,0,0,0,0,0,0,1,0,0,0,0,0,0,0,0,0,0,0,0,0,0,0,0,0,0,0,0,0,0,0,0,0,0,0,0,1,0,0,0,0,0,0,0,0,0,0,0
Drug_30,CCC1(c2ccccc2)C(=O)N=C(O)NC1=O,1,train,11.995790816326531,11.995790816326531,0.29013888888888895,-1.3259027777777774,0.7435505045785425,24.176470588235293,232.23899999999995,220.14299999999997,232.084792244,88,0,0.2964170685432893,-0.4802277266546827,0.4802277266546827,0.2964170685432893,1.2941176470588236,1.9411764705882353,2.4705882352941178,16.291628256450906,9.75574281368193,2.485284604173094,-2.301765689161125,2.3113864050165507,-2.5466788249530454,6.2012710807441005,-0.1361541416281839,2.3025942842976477,2.588781795677751,495.7320221416752,12.466255326250886,9.30478189906232,9.30478189906232,8.108226125916318,5.300412458016582,5.300412458016582,3.8195957865330072,3.8195957865330072,2.9824102151388754,2.9824102151388754,2.0180742389177575,2.0180742389177575,-2.17,7460.405481124379,11.319407152511545,4.008920169778624,1.5954555917347284,98.1776872740991,5.106527394840706,0.0,5.414990469396779,5.907179729351506,11.928859856695684,0.0,14.905862972149976,0.0,4.992404732635668,0.0,37.255572541998674,11.984273114623004,0.0,0.0,14.69560176298435,17.83603958604719,0.0,5.316788604006331,4.992404732635668,18.75954929201341,0.0,35.89528683400505,0.0,0.0,5.316788604006331,0.0,0.0,0.0,22.942566980887896,15.004064837540422,0.0,18.90801031431363,35.32424007494372,0.0,0.0,0.0,78.75999999999999,23.25103005544397,9.589074368143644,0.0,0.0,11.984273114623004,0.0,0.0,37.255572541998674,0.0,10.309193336642,5.106527394840706,0.0,0.0,27.39129535147392,11.317632905013857,-0.7414120370370365,-1.1702314814814807,8.090783100277148,0.29013888888888895,1.738459939531368,0.0,0.25,17,2,5,0,1,1,1,0,1,2,2,5,2,0,0,0,2,0.9048,61.62450000000002,0,1,1,0,0,0,0,0,0,0,2,2,0,0,1,1,1,0,0,0,0,0,0,0,0,0,0,2,1,0,0,0,0,0,1,0,0,0,0,0,0,0,0,0,0,0,0,0,0,0,0,0,0,0,0,0,0,0,0,0,0,0,0,0,0,0,0,0,0,0,0,0,0,0,0,0,0,0,0,0,0,0,0,0,0
Drug_177,C1CCC(C(CC2CCCCN2)C2CCCCC2)CC1,0,train,3.8277437641723355,3.8277437641723355,0.8588917233560089,0.8588917233560089,0.7354070672581984,30.75,277.496,242.21599999999995,277.27695012,116,0,0.006986346727099591,-0.31397202165637894,0.31397202165637894,0.006986346727099591,0.65,1.2,1.7,14.912451442000318,9.669243913707831,2.3275117698080616,-2.402109268136988,2.4217063312167233,-2.3892087874298276,4.857176230063013,0.11796372681929919,2.551779563650304,1.6083797130755597,238.93981477754497,13.623109575743268,13.41600279455672,13.41600279455672,9.932652990377571,9.666633225101794,9.666633225101794,7.842566549698975,7.842566549698975,6.479716127931061,6.479716127931061,5.348141457952216,5.348141457952216,-0.04,71858.11251239256,14.878958463973246,7.8230600428570565,3.9950172791174468,125.84057780998887,5.316788604006331,0.0,0.0,0.0,0.0,0.0,0.0,0.0,0.0,0.0,70.62903785218613,43.56093941317478,6.041840829147961,0.0,0.0,0.0,0.0,5.316788604006331,17.75371813848418,95.93334355011213,6.544756405912575,0.0,0.0,0.0,5.316788604006331,0.0,0.0,0.0,12.586597235060536,0.0,17.75371813848418,89.89150272096417,0.0,0.0,0.0,0.0,12.03,0.0,0.0,0.0,0.0,0.0,23.79555896763214,70.75297263517268,25.683286491704038,0.0,5.316788604006331,0.0,0.0,0.0,0.0,3.8277437641723355,0.0,3.2197713529856387,0.8588917233560089,21.142482048374905,1.2844444444444445,0.0,1.0,20,1,1,2,1,3,0,0,0,1,1,1,4,2,1,3,3,5.295400000000005,86.89870000000008,0,0,0,0,0,0,0,0,0,0,0,0,0,0,0,0,1,0,0,0,0,0,0,0,0,0,0,0,0,0,0,0,0,0,0,0,0,0,0,0,0,0,0,0,0,0,0,0,0,0,0,0,0,0,0,0,0,0,0,0,0,0,0,0,0,0,0,0,0,1,0,0,0,0,0,0,0,0,0,0,0,0,0,0,0
Drug_215,CC(Cc1ccccc1)NCCC(c1ccccc1)c1ccccc1,0,train,3.7010898526077094,3.7010898526077094,0.44335674393214064,0.44335674393214064,0.5809007791885076,12.24,329.487,302.271,329.214349864,128,0,0.010135281287681529,-0.31389283657983325,0.31389283657983325,0.010135281287681529,0.68,1.16,1.68,14.888816318528686,9.88293693579829,2.1362320663386556,-2.202632870688217,2.2691300695835825,-2.2952411812512388,5.3180622681215475,0.5198311775942823,2.6732482390937857,1.5952484941712997,682.317115584488,17.321780188492536,14.936274919783287,14.936274919783287,12.326499840494924,9.199029842657216,9.199029842657216,6.707522617809962,6.707522617809962,4.7144079589879295,4.7144079589879295,3.4103629268164264,3.4103629268164264,-2.379999999999999,739099.6731446498,17.443269174803895,9.194101212172859,5.301817243622592,151.2851064016127,5.316788604006331,0.0,0.0,0.0,0.0,0.0,0.0,0.0,0.0,0.0,90.99550602692418,43.000491326546204,11.959746875309353,0.0,0.0,0.0,0.0,5.316788604006331,0.0,31.725127320851996,6.544756405912575,107.68586050201517,0.0,0.0,5.316788604006331,0.0,0.0,0.0,12.586597235060536,6.4208216229260096,0.0,35.95281934386901,90.99550602692418,0.0,0.0,0.0,12.03,0.0,0.0,0.0,0.0,11.959746875309353,19.386399651764595,16.690354475090988,0.0,0.0,103.23603183062114,0.0,0.0,0.0,0.0,3.7010898526077094,4.182957053702004,0.44335674393214064,32.87613463081131,2.175929547745024,3.2871988378684804,0.0,0.25,25,1,1,0,0,0,3,0,3,1,1,1,8,0,0,0,3,5.4294000000000056,106.95470000000005,0,0,0,0,0,0,0,0,0,0,0,0,0,0,0,0,1,0,0,0,0,0,0,0,0,0,0,0,0,0,0,0,0,0,3,0,0,0,0,0,0,0,0,0,0,0,0,0,0,0,0,0,0,0,0,0,0,0,0,0,0,0,0,0,0,0,0,0,0,0,0,0,0,0,0,0,0,0,0,0,0,0,0,0,0
Drug_172,O=C(O)[C@H](O)[C@@H](O)[C@H](O[C@@H]1O[C@H](CO)[C@H](O)[C@H](O)[C@H]1O)[C@H](O)CO,0,train,10.709649490203692,10.709649490203692,0.76554424393214,-2.3878834141681367,0.19819887387731525,35.916666666666664,358.29600000000005,336.12000000000006,358.1111261439999,142,0,0.33487682391222656,-0.47925133376175144,0.47925133376175144,0.33487682391222656,1.0416666666666667,1.625,2.0833333333333335,16.71531755357676,9.982094659885025,2.4684749518175737,-2.4163687726239518,2.244795508623854,-2.613966152454375,5.723292334953002,-0.32636814870540753,2.5665391911092104,2.9421561567655536,403.4995490565424,18.60192981664245,12.360033215970942,12.360033215970942,11.149172125339948,6.99069390393649,6.99069390393649,5.321564347421834,5.321564347421834,3.61911153119552,3.61911153119552,2.163115847431863,2.163115847431863,-0.9300000000000004,119064.31961474738,21.113346337234503,8.959071746629032,4.575194242945202,135.28449946148464,55.43247246116644,42.72776471423811,12.393993117083514,0.0,0.0,5.9693052879518484,0.0,4.794537184071822,0.0,0.0,0.0,0.0,0.0,13.213763929025836,60.22700964523826,5.9693052879518484,0.0,0.0,0.0,55.12175783132163,13.213763929025836,0.0,0.0,0.0,0.0,0.0,0.0,0.0,120.26357360186569,14.268263091671919,0.0,0.0,0.0,0.0,0.0,0.0,217.59999999999997,74.30482704829932,35.43370155311605,0.0,0.0,0.0,0.0,0.0,0.0,0.0,0.0,24.793308092122217,9.983429705215421,0.0,10.709649490203692,84.50995654511168,0.0,-1.837923647854203,0.0,-16.938345721004456,-1.7600997050054583,0.0,0.9166666666666666,24,9,12,0,1,1,0,0,0,11,9,12,8,0,1,1,1,-5.668899999999993,71.38220000000003,1,8,8,0,0,0,0,0,1,1,1,0,0,0,0,0,0,0,0,0,0,0,0,0,0,0,0,0,0,0,0,0,0,0,0,0,0,0,0,0,0,2,0,0,0,0,0,0,0,0,0,0,0,0,0,0,0,0,0,0,0,0,0,0,0,0,0,0,0,0,0,0,0,0,0,0,0,0,0,0,0,0,0,0,0
Drug_191,CC(=O)N[C@H]1[C@@H](O)O[C@H](CO)[C@@H](O)[C@@H]1O[C@H](C)C(=O)O,0,train,11.09980639014865,11.09980639014865,0.5102995086923661,-1.5366250944822368,0.3713423944461942,35.35,293.27200000000005,274.12,293.111066568,116,0,0.3320358581144603,-0.47932826262658945,0.47932826262658945,0.3320358581144603,1.4,2.0,2.45,16.635591229742893,9.961574874738455,2.4630955488040778,-2.4244252615516118,2.2318841932225286,-2.6501361829612606,5.732291248117016,-0.26692973501284784,2.3624423230174347,2.9228709833920967,362.3322872977601,15.4472292782632,11.093055940179589,11.093055940179589,9.272963365427636,6.053571837483515,6.053571837483515,4.545736125509084,4.545736125509084,2.951795357628588,2.951795357628588,1.9286912679296664,1.9286912679296664,-1.2600000000000002,16948.161225327076,16.793361792956244,6.952511517037943,3.869078663123573,114.65977286975979,35.21662409096925,24.353739992392867,12.393993117083514,5.907179729351506,0.0,5.9693052879518484,4.794537184071822,4.794537184071822,0.0,0.0,0.0,6.923737199690624,6.923737199690624,6.606881964512918,39.48890985510656,11.876485017303354,0.0,5.316788604006331,0.0,50.59520750885763,6.606881964512918,0.0,0.0,0.0,5.316788604006331,0.0,0.0,0.0,75.65720967065548,19.06280027574374,0.0,13.847474399381248,0.0,0.0,0.0,0.0,145.55,55.23110009129265,19.802129157825057,0.0,0.0,0.0,0.0,13.847474399381248,0.0,0.0,5.316788604006331,19.68678069728151,10.112517951625094,0.0,21.9038067680776,39.967069003527335,0.0,-1.7739058956916098,-1.1462037037037043,-6.574121315192745,1.8441705246913587,0.0,0.8181818181818182,20,5,9,0,1,1,0,0,0,7,5,9,5,0,1,1,1,-2.580199999999998,63.547900000000034,1,3,3,0,0,0,0,0,1,1,2,1,0,0,0,0,1,0,0,0,0,0,0,0,0,0,0,1,0,0,0,0,0,0,0,0,0,0,0,0,0,2,0,0,0,0,0,0,0,0,0,0,0,0,0,0,0,0,0,0,0,0,0,0,0,0,0,0,0,0,0,0,0,0,0,0,0,0,0,0,0,0,0,0,0
Drug_239,CN(N=O)C(=O)N[C@H]1[C@@H](O)O[C@H](CO)[C@@H](O)[C@@H]1O,0,train,11.303411674855127,11.303411674855127,0.4066988693625595,-1.6346740362811791,0.2710418297657056,35.94444444444444,265.222,250.10199999999995,265.09099982000004,104,0,0.34012835577711903,-0.39356652265794145,0.39356652265794145,0.34012835577711903,1.3888888888888888,2.0,2.5,16.62830147527609,9.970823341053665,2.441106049588484,-2.398233565271246,2.1930404389301925,-2.6441362865535125,5.734356821966327,-0.2522405990727383,2.369270449633599,2.70655278648843,315.065713805906,13.869879009073573,9.501884571526016,9.501884571526016,8.41712131777107,5.100004438758287,5.100004438758287,3.809386841271577,3.809386841271577,2.6066711852059052,2.6066711852059052,1.5260314992405855,1.5260314992405855,-1.3300000000000003,7908.624760876954,14.729988002399521,6.019115933438388,2.9143357984046965,101.71458087168814,30.4797611371692,24.353739992392867,6.290026729335213,0.0,0.0,6.031114512338072,0.0,4.794537184071822,5.008912523954531,4.907065243988282,0.0,0.0,7.04767198267719,11.892766685475626,29.957509717234693,6.031114512338072,0.0,10.325701127960862,5.2858847209627084,30.643766721728078,13.654553947190108,4.907065243988282,0.0,0.0,5.316788604006331,4.794537184071822,0.0,0.0,75.76445728457361,4.736862953800049,4.907065243988282,0.0,5.2858847209627084,0.0,0.0,0.0,151.92,43.28176319857907,25.021184612582218,0.0,0.0,5.008912523954531,7.04767198267719,0.0,0.0,0.0,10.60267332496904,9.843390348640755,4.798582530234317,0.0,21.39354864438378,42.352026936157074,0.0,0.0,-2.3279180839002267,-5.844696187116823,-0.6054075333837239,1.0671970269589317,0.875,18,5,10,0,1,1,0,0,0,8,5,10,3,0,1,1,1,-2.8909,55.85690000000003,0,4,4,0,0,0,0,0,0,0,1,1,0,0,0,2,1,0,0,0,0,0,0,0,0,0,0,2,0,0,0,0,0,0,0,0,0,0,0,0,0,1,0,0,0,0,0,0,0,0,0,0,0,0,0,0,0,0,0,0,0,1,0,0,0,0,0,0,0,0,0,0,0,0,0,0,0,0,0,0,0,0,0,0,1
Drug_237,COc1ccn(C)c(=O)c1C#N,0,train,11.239953703703705,11.239953703703705,0.04398148148148184,-0.33624999999999994,0.5980598823347867,9.083333333333334,164.164,156.1,164.058577496,62,0,0.27152812282380195,-0.4950989312350687,0.4950989312350687,0.27152812282380195,1.6666666666666667,2.3333333333333335,2.8333333333333335,16.466057777116745,10.254292381408812,2.0645480950859474,-2.0206431692722067,2.10223349042992,-2.1879449741312027,5.398390223230969,0.41091338463906973,2.0917167227349722,3.493871049698865,387.02482575616926,9.137828201504695,6.8656243103068935,6.8656243103068935,5.701907262607799,3.34113112960295,3.34113112960295,2.286973876163908,2.286973876163908,1.561843667069104,1.561843667069104,0.885298127082766,0.885298127082766,-1.76,518.7457472382731,8.33765625,3.093901022598157,1.166794057771189,69.62349594124798,9.303962601591405,11.818733146076179,5.563451491696996,0.0,5.559266895052007,0.0,4.794537184071822,0.0,5.261891554738487,0.0,0.0,6.06636706846161,13.244515554290267,7.109797541277533,4.736862953800049,0.0,5.261891554738487,4.567099647791355,7.04767198267719,0.0,7.109797541277533,28.18046621089551,0.0,11.818733146076179,10.296129848852056,0.0,5.749511833283905,0.0,11.676897189068889,7.04767198267719,11.33111286753076,5.563451491696996,17.057747824146507,0.0,0.0,0.0,55.019999999999996,0.0,4.794537184071822,0.0,11.122718386749003,5.749511833283905,0.0,11.676897189068889,25.38010393554415,0.0,0.0,9.998754508538536,6.170601851851852,0.0,11.239953703703705,8.611481481481482,-0.2922685185185181,0.3200000000000003,3.3805555555555555,1.5575462962962963,0.0,3.0121296296296296,0.25,12,0,4,0,0,0,0,1,1,4,0,4,1,0,0,0,1,0.2655799999999999,42.95000000000001,0,0,0,0,0,1,0,0,0,0,0,0,0,0,0,2,0,0,0,0,0,0,0,0,0,0,0,0,0,0,1,0,0,0,0,0,0,0,0,0,0,1,0,0,0,0,0,0,0,0,0,0,0,0,0,1,0,1,0,0,0,0,0,0,0,0,0,0,0,0,0,0,0,1,0,0,0,0,0,0,0,0,0,0,0
Drug_68,CC1(C)[C@@H](OC(=O)CCC(=O)O)CC[C@@]2(C)[C@H]1CC[C@]1(C)[C@@H]2C(=O)C=C2[C@@H]3C[C@@](C)(C(=O)O)CC[C@]3(C)CC[C@]21C,0,train,14.450666447806253,14.450666447806253,0.023263839509495066,-1.0096610462126498,0.34792496364812736,46.609756097560975,570.7670000000002,520.3670000000004,570.3556539399999,228,0,0.30886764235758135,-0.48121892882593165,0.48121892882593165,0.30886764235758135,0.8780487804878049,1.5365853658536586,2.1707317073170733,16.54470693793376,9.331708932761948,2.7016227166988895,-2.7013333655586895,2.7480216615679844,-2.664266351920392,5.9544616079484465,-0.2107996939230627,2.8636573767681996,1.4872716923992633,1201.3698110469168,30.388540578131746,26.100594582319378,26.100594582319378,18.839277706890602,15.747013314734312,15.747013314734312,16.290549689496473,16.290549689496473,13.846417806497211,13.846417806497211,10.986621101834794,10.986621101834794,-2.1799999999999997,481235631.9240191,30.28344331364623,9.408946760376443,4.252727350613984,244.41168313716116,14.94991774348146,6.103966387748303,5.783244946364939,0.0,0.0,17.907915863855546,19.178148736287287,0.0,0.0,0.0,47.11552772821301,104.28292588276851,11.332896515558172,18.256633715248796,34.12806647976874,23.691160810220484,0.0,0.0,50.24366095486484,125.19916463776879,0.0,11.649124636903148,0.0,0.0,0.0,0.0,0.0,0.0,40.0081819876502,23.915011690087333,50.24366095486484,119.09519825002049,11.649124636903148,0.0,0.0,0.0,117.97000000000001,23.322906333252323,24.284676131127995,0.0,69.55752506543334,19.26246486877803,38.524929737556064,5.5731045300692665,0.0,12.999757306524504,41.54242319814374,9.843390348640755,5.906734130699558,0.0,50.257387351104256,19.099964390688463,-0.5525235058290237,-1.8697266788853366,0.0,8.801754233631083,15.52307674525767,0.0,0.8235294117647058,41,2,7,5,0,5,0,0,0,5,2,7,5,4,0,4,5,6.828300000000008,153.8145999999998,2,0,0,0,0,0,0,0,2,2,4,2,0,0,0,0,0,0,0,0,0,0,0,0,0,0,2,0,0,0,0,0,0,0,0,0,7,0,0,0,1,1,0,0,0,0,0,0,0,0,0,1,0,0,0,0,0,0,0,0,0,0,0,0,0,0,0,0,0,0,0,0,0,0,0,0,0,0,0,0,0,0,0,0,0
Drug_167,NC[C@@H]1O[C@H](O[C@@H]2[C@@H](CO)O[C@@H](O[C@@H]3[C@@H](O)[C@H](N)C[C@H](N)[C@H]3O[C@H]3O[C@H](CN)[C@@H](O)[C@H](O)[C@H]3N)[C@@H]2O)[C@H](N)[C@@H](O)[C@@H]1O,0,train,11.113683008276263,11.113683008276263,0.08890913154305946,-1.6043775028249236,0.11451275698725806,53.785714285714285,614.6500000000003,568.2820000000003,614.3122855320001,246,0,0.18674341119371665,-0.3935663018391384,0.3935663018391384,0.18674341119371665,0.5238095238095238,0.9761904761904762,1.4523809523809523,16.758510780180888,9.839605854915336,2.539142996095987,-2.468763806189294,2.3386484448129794,-2.6785127624336784,5.01840385325998,-0.30648943500830717,3.265486332450181,1.495599606093632,867.6758669485773,31.04072292646837,22.84216876576972,22.84216876576972,19.835043973341573,13.884919595826378,13.884919595826378,11.246515865039784,11.246515865039784,8.371260831454887,8.371260831454887,5.742694137315872,5.742694137315872,-0.7600000000000001,1343092814.1564348,34.11963401992747,14.121320888468812,6.6002477270430955,241.02490475492758,98.56887434965837,67.14363026523132,18.870080188005637,0.0,0.0,0.0,0.0,0.0,0.0,0.0,0.0,6.4208216229260096,25.17319447012107,24.794530010557143,64.16686948668523,0.0,0.0,0.0,34.40200486297311,122.7058617805031,19.696394776338067,0.0,0.0,0.0,34.40200486297311,0.0,0.0,0.0,171.7271266978001,28.421177722800294,0.0,6.4208216229260096,0.0,0.0,0.0,0.0,353.11,122.89192212209001,35.745691763884935,0.0,19.51033443475116,0.0,0.0,0.0,0.0,0.0,0.0,62.82318258577341,34.64840168393261,0.0,0.0,72.9766666518619,35.636528518238705,0.0,-4.1844130215872735,-19.777180096406134,-0.966670402706485,0.0,1.0,42,19,19,1,3,4,0,0,0,19,13,19,9,1,3,4,4,-8.895300000000017,138.35600000000002,0,7,7,0,0,0,0,0,0,0,0,0,0,0,0,0,0,6,0,0,0,0,0,0,0,0,0,0,0,0,0,0,0,0,0,0,0,0,0,0,0,6,0,0,0,0,0,0,0,0,0,0,0,0,0,0,0,0,0,0,0,0,0,0,0,0,0,0,0,0,0,0,0,0,0,0,0,0,0,0,0,0,0,0,0
Drug_169,C[C@H]1CC[C@@H]2[C@@H](C)[C@H]3[C@H](C[C@H]4[C@@H]5CC=C6C[C@@H](O[C@@H]7O[C@H](CO)[C@H](O)[C@H](O[C@@H]8O[C@H](CO)[C@@H](O)[C@H](O)[C@H]8O)[C@H]7O[C@@H]7O[C@@H](C)[C@H](O)[C@@H](O)[C@H]7O)CC[C@]6(C)[C@H]5CC[C@@]43C)N2C1,0,train,11.590229580400685,11.590229580400685,0.004623761452869912,-1.8311907801757557,0.1477317918391238,57.31147540983606,868.0709999999999,794.4869999999999,867.4980206359999,348,0,0.1868915753544335,-0.3935665150908041,0.3935665150908041,0.1868915753544335,0.6721311475409836,1.3278688524590163,2.0491803278688523,16.772871392279548,9.466046660793266,2.6648729155673228,-2.5841852267746397,2.696767013467595,-2.6689790393215773,5.267581407955775,-0.39392784872809683,3.710143552474317,0.9520377217019333,1589.3986748282048,43.44613584147466,36.34066380176196,36.34066380176196,28.99731245922891,23.363958100482126,23.363958100482126,21.235504517831384,21.235504517831384,18.035194797761683,18.035194797761683,14.73758880937105,14.73758880937105,-0.9000000000000002,34922947339523.574,45.264237613770895,17.07215549723121,7.42452401841622,358.6438294643416,74.37992427636665,67.14363026523132,18.870080188005637,0.0,0.0,0.0,4.899909730850477,0.0,0.0,0.0,39.344073435665635,111.04854902178664,18.628438064208495,25.42169670452244,74.37992427636665,0.0,0.0,4.899909730850477,46.33741721576191,202.71140549181672,19.75852033493841,11.649124636903148,0.0,0.0,0.0,0.0,0.0,0.0,180.92250150638472,28.421177722800294,46.33741721576191,92.40608060478722,11.649124636903148,0.0,0.0,0.0,240.68999999999997,105.33144077001108,45.95874655356634,0.0,11.518956857145081,42.052192682880936,36.63720221348416,51.14570625030252,0.0,0.0,38.67087863644685,28.421177722800294,36.81287609427852,0.0,2.938234520019221,95.81847810190081,1.7206350931007142,4.15251795555702,1.42612226748705,-11.117328622407422,11.415131256730751,0.0,0.9555555555555556,61,9,16,4,5,9,0,0,0,16,9,16,8,3,5,8,9,0.1552000000000071,214.91519999999926,0,9,9,0,0,0,0,0,0,0,0,0,0,0,0,1,0,0,0,0,0,0,0,0,0,0,1,0,0,0,0,0,0,0,0,0,9,0,0,0,0,6,0,0,0,0,0,0,0,0,0,0,0,0,0,0,0,0,0,0,0,0,0,0,0,0,0,0,0,1,0,0,0,0,0,0,0,0,0,0,0,0,0,0,0
Drug_27,Cn1cc(C(=O)O)c(=O)c2ccc(/C=C/c3ccc([N+](=O)[O-])o3)nc21,1,train,12.148353331205964,12.148353331205964,0.18813559628269227,-1.3001055325356712,0.5691440080854756,11.24,341.2790000000001,330.19100000000003,341.064785072,126,0,0.433005348433578,-0.4774970141219336,0.4774970141219336,0.433005348433578,1.32,2.08,2.72,16.648448484563996,10.151200629916191,2.140097733612047,-2.062294160367784,2.179200175192146,-2.1808778644989646,5.9148352986410595,-0.4017549781732843,3.04894357853495,2.0082387519985843,1092.933388070198,18.137463722575188,12.87154771864653,12.87154771864653,11.863081100704115,7.025817368758543,7.025817368758543,5.1616857618652014,5.1616857618652014,3.484062427319286,3.484062427319286,2.3102152767560797,2.3102152767560797,-3.75,495160.63292839006,16.11992715920916,6.039044816659122,3.0209750566893425,139.1541776700469,14.090777979685406,21.894187180156834,0.0,5.428790391900541,0.0,11.853487489812856,14.908855452837393,9.778515705019029,0.0,0.0,0.0,30.351141419052592,13.244515554290267,17.146519277774868,19.241526564783545,35.038929138713144,0.0,9.551078168738563,7.04767198267719,0.0,0.0,67.81758459561735,0.0,0.0,5.428790391900541,5.884182201861008,0.0,0.0,25.550221900348788,7.04767198267719,10.114318268765572,21.81216408949172,39.67399996658469,0.0,23.185441648900284,0.0,128.47,16.32140672867006,19.703392636909218,0.0,22.594105326897242,11.341105215616189,0.0,35.03906453162314,19.19005915797268,0.0,4.983978520947208,9.523678331894054,6.458703845774101,0.0,37.48317837359039,19.82130510526035,-0.1384447642566602,-1.3848940822192561,5.722002376390419,4.283588960275468,0.0,1.5878935185185186,0.0625,25,1,9,0,0,0,0,3,3,7,1,9,4,0,0,0,3,2.3033,88.23370000000003,0,0,0,0,1,2,0,0,1,1,1,0,0,0,0,3,0,0,0,0,0,0,0,0,0,0,0,0,0,0,1,0,0,0,0,0,1,0,0,0,0,0,1,0,0,0,0,0,0,0,0,0,0,0,0,0,0,0,1,0,0,0,0,0,0,0,0,0,0,0,0,0,0,2,0,0,0,0,0,0,0,0,0,0,0
Drug_246,C=C(NC(=O)C(=C)NC(=O)c1csc(C2=N[C@H]3c4csc(n4)[C@H]4NC(=O)c5csc(n5)[C@H]([C@@](C)(O)[C@@H](C)O)NC(=O)[C@H]5CSC(=N5)/C(=C\C)NC(=O)[C@H]([C@@H](C)O)NC(=O)c5csc(n5)[C@]3(CC2)NC(=O)[C@H](C)NC(=O)C(=C)NC(=O)[C@H](C)NC(=O)[C@H](C(C)CC)N[C@@H]2C=Cc3c([C@H](C)O)cc(nc3[C@H]2O)C(=O)O[C@@H]4C)n1)C(N)=O,0,train,15.397600180509393,15.397600180509393,0.0157917139563577,-2.207845416958579,0.06058520012488167,26.86842105263158,1664.9219999999996,1579.2419999999993,1663.4923518799992,606,0,0.3567968740344878,-0.4552888964752176,0.4552888964752176,0.3567968740344878,0.7631578947368421,1.4473684210526316,2.1228070175438596,32.16677629696288,9.801534955841383,2.5136254705247962,-2.4087714850631627,2.4798251835577383,-2.5743820661400134,8.143457281534891,-0.1309682925499727,1.5011004880766268,1.1760487598960958,4883.767669611524,83.43660623624882,63.021186303205816,67.10366920784445,53.74321916844063,35.629254131827054,40.13346393650011,27.799726165463497,32.30400060221787,19.47037689161496,24.31838335480458,12.331861521074014,17.18876970504277,-10.540000000000001,4.332068557077234e+33,85.87861243592243,35.46233302892892,18.627033015345717,671.2392271981765,89.17105344522909,113.49071839629575,0.0,29.535898646757527,35.443078376109035,5.9693052879518484,68.04150709406771,29.71442978880786,0.0,57.10902846113006,58.233163393604386,85.77926544969701,32.83655618030745,70.28327906623178,87.80394613686545,144.88873286814456,0.0,83.40456724880569,21.636382988594914,184.53621233012447,5.752853606746789,147.58458840690767,0.0,0.0,64.21834212123183,0.0,0.0,57.10902846113006,198.07306243498323,48.63208567875797,5.917906046161393,203.33240660480791,92.2484321322832,0.0,6.076020106833881,0.0,562.7399999999999,195.68760975543591,68.68347163084992,14.383611552215466,94.67397590006419,6.4208216229260096,57.10902846113006,88.20481876182738,26.847231705905752,0.0,98.16582199034244,25.43089220549232,6.2629260673784515,4.422716857396041,203.50750313270953,92.24734956675552,-1.787224066443354,-12.171441563662636,-11.568728265537246,-3.181975606376586,24.935540544446965,0.0,0.4305555555555556,114,18,37,1,4,5,0,5,5,31,17,42,12,0,0,0,10,0.7739000000000107,418.1841000000007,0,5,4,0,0,5,0,0,0,0,12,12,0,0,2,7,11,1,0,0,0,0,0,0,0,0,1,11,0,0,0,0,0,0,0,0,7,0,0,0,1,1,0,0,0,0,0,0,0,0,0,0,0,0,1,0,0,0,0,0,0,0,0,0,0,0,0,0,0,0,0,1,0,1,0,1,0,0,0,0,4,0,0,0,0
Drug_31,Nc1nc2c(ncn2[C@H]2CC(O)[C@@H](CO)O2)c(=S)[nH]1,1,train,9.748842172671537,9.748842172671537,0.19120703682707707,-0.7194040532879822,0.5585666589379309,27.157894736842106,283.31299999999993,270.20899999999995,283.07391027600005,102,0,0.2000775624416123,-0.39356883602857423,0.39356883602857423,0.2000775624416123,1.631578947368421,2.4210526315789473,3.1052631578947367,32.09199416827028,10.170134580983714,2.3479896115826255,-2.1308713480860106,2.30207854106099,-2.239320282203088,7.712516112349266,-0.04317200980084902,2.918930051542239,2.0483409322876365,668.7191435862067,13.568549621822843,9.853529466748741,10.670026047676467,9.096555450524587,5.765732521348097,6.17398081181196,4.390029790451395,4.798278080915258,3.145004797987859,3.4404160361373175,2.2040331818594,2.452594014004043,-1.5500000000000003,32508.123984025915,12.482110546454225,4.52743549684222,1.9991828921731964,112.41070659825165,25.66756374159085,22.489157543538127,5.647177220767728,5.948339280986494,0.0,0.0,4.567099647791355,4.983978520947208,4.983978520947208,0.0,12.217873443046695,0.0,6.4208216229260096,19.038168427025763,14.94991774348146,29.33009066241718,0.0,19.51903521063298,0.0,24.856655569157482,12.340549441675103,10.967909342203233,0.0,0.0,5.733667477162185,5.948339280986494,0.0,12.217873443046695,48.54690474032391,4.736862953800049,4.640589267438692,12.64872279366088,6.3273200747645415,0.0,11.16387793838399,0.0,122.21000000000001,18.435833946231476,5.106527394840706,0.0,12.555221245499412,22.225288828748692,0.0,6.3273200747645415,4.567099647791355,0.0,14.951935562841623,27.794931268849634,7.615324572730327,5.116811434450323,11.035202979339884,18.834910714285712,6.647747385991434,0.19120703682707707,0.0,0.12831113000755745,-0.23618192029898388,0.0,0.5,19,5,8,0,1,1,0,2,2,8,4,9,2,0,1,1,3,-0.28821000000000024,68.74470000000001,0,2,2,1,0,4,1,0,0,0,0,0,0,0,0,3,1,1,0,0,0,1,0,0,0,0,0,0,0,1,0,0,0,0,0,0,1,0,0,0,0,1,0,0,0,0,0,1,0,0,0,0,0,0,0,0,0,0,0,0,0,0,0,0,0,0,0,0,0,0,0,0,0,0,0,0,0,0,0,0,0,0,0,0,0
Drug_69,CO[C@@]1(NC(=O)CSCC#N)C(=O)N2C(C(=O)O)=C(CSc3nnnn3C)CS[C@@H]21,0,train,12.934877409297052,12.934877409297052,0.01528821290018434,-1.6370638857394813,0.2011276719859027,22.9,471.54600000000016,454.41000000000014,471.04532964400016,160,0,0.3521617900200697,-0.47656065992662977,0.47656065992662977,0.3521617900200697,1.5333333333333334,2.3,2.9,32.16908755644091,9.981467803181555,2.6611099259295923,-2.553820529168102,2.4675737488623897,-2.804252806674787,8.006990489857959,-0.19176364757930497,3.1373901207732593,1.776867738570852,945.3003179412475,21.888540578131746,15.894010595682568,18.343500338465745,14.351408282408304,8.419213784113191,11.608267672126587,6.108437279838165,9.10506371935294,4.316223773090313,7.586243937818425,2.982074555424155,5.860635164634162,-2.2800000000000002,4691364.546713221,22.40621625978853,9.247366615633545,3.9953588999375254,183.28671483068018,15.160178952647085,11.070912126024574,0.0,11.063616211172214,11.63216532332176,5.9693052879518484,14.48898409899412,9.476340119217006,5.261891554738487,28.622451707083272,11.761884949391115,15.999874721379001,25.663176737448303,17.574928526285852,24.227001900856216,53.06931959482821,5.261891554738487,30.423953269612767,7.04767198267719,16.2552948887597,30.121211968264692,11.2701438431251,0.0,6.069221312792274,5.316788604006331,0.0,0.0,35.285654848173344,89.21742718230568,26.168146488692702,11.33111286753076,0.0,16.426580324945807,0.0,0.0,0.0,163.32999999999998,28.88252315359385,19.490138947056174,0.0,22.9556001332962,16.482394618636764,16.66179468024159,35.31537037520495,7.04767198267719,6.069221312792274,20.842240603617103,9.998754508538536,6.828858950880749,3.6694047625259465,38.2243379350158,31.809513067535292,-1.208487627642119,-1.613492657506629,1.9158028633819595,0.0,0.0,2.957396039142342,0.5333333333333333,30,2,12,0,2,2,0,1,1,12,2,15,9,0,1,1,3,-0.7283199999999983,108.09650000000002,1,0,0,0,0,4,0,0,1,1,3,2,0,0,0,6,1,0,0,0,0,0,0,0,0,0,0,2,0,0,1,0,0,0,0,0,1,0,0,0,0,1,0,0,0,0,0,0,0,0,0,0,0,1,0,1,0,1,0,0,0,0,0,0,0,0,0,0,0,0,0,0,0,0,0,3,0,0,0,1,0,0,0,1,0
Drug_220,c1ccc2nc(N3CCNCC3)ccc2c1,0,train,4.697037037037037,4.697037037037037,1.046964521919879,1.046964521919879,0.7803158809534645,16.625,213.284,198.164,213.12659748,82,0,0.12883136261254344,-0.3540522503224938,0.3540522503224938,0.12883136261254344,1.0,1.8125,2.6875,15.226060867615931,10.188101118666559,2.108231368465628,-2.280083547615711,2.173696967356424,-2.4338792943194125,5.796992485737177,0.5853402607950313,2.391467002567582,1.9725436239088787,489.2566180377323,10.794682450997076,9.186955930883864,9.186955930883864,7.932652990377572,5.748416578182746,5.748416578182746,4.099199506322798,4.099199506322798,3.0247089716879314,3.0247089716879314,2.1253303307950047,2.1253303307950047,-1.6099999999999999,9451.077594147084,9.604262926880295,4.1002940463635325,1.740433180759375,95.0963487900473,10.216698334856808,5.817862777835028,0.0,0.0,0.0,0.0,0.0,4.983978520947208,0.0,0.0,18.19910120538483,18.19910120538483,31.565249838115097,5.516700717616262,0.0,16.720787709916085,0.0,10.300767124953538,0.0,0.0,31.07893535450078,36.39820241076966,0.0,0.0,10.216698334856808,5.817862777835028,0.0,0.0,31.16300414459751,0.0,0.0,0.0,36.39820241076966,0.0,10.902924932081056,0.0,28.160000000000004,0.0,0.0,0.0,0.0,0.0,37.51358911910159,5.386224214464796,0.0,6.06636706846161,40.548533677164855,4.983978520947208,0.0,0.0,7.033287037037037,4.561810673343412,1.0819746787603934,1.0974074074074078,12.53137920445956,0.0,4.194140998992189,0.0,0.3076923076923077,16,1,3,0,1,1,1,1,2,3,1,3,1,0,1,1,3,1.6443999999999999,66.82570000000003,0,0,0,0,0,1,0,0,0,0,0,0,0,0,0,2,1,0,0,0,0,0,0,0,0,0,0,0,0,1,0,0,0,0,1,0,1,0,0,0,0,0,0,0,0,0,0,0,0,0,0,0,0,0,0,0,0,0,0,0,0,0,0,0,1,0,0,0,0,0,1,0,0,1,0,0,0,0,0,0,0,0,0,0,0
Drug_168,CCC(=O)O[C@H]1[C@H](C)O[C@@H](O[C@@H]2[C@@H](C)O[C@H](O[C@@H]3[C@@H](OC)[C@H](OC(=O)CC)CC(=O)O[C@H](C)C/C=C/C=C/[C@@H](O)[C@H](C)C[C@@H]3CC=O)[C@H](O)[C@H]2N(C)C)C[C@@]1(C)O,0,train,13.309744371986321,13.309744371986321,0.0006327704500754816,-1.4898925005617443,0.14720258375162437,41.08771929824562,813.9790000000003,746.443,813.451070444,326,0,0.3094357203731033,-0.4622247538923273,0.4622247538923273,0.3094357203731033,0.9649122807017544,1.631578947368421,2.2280701754385963,16.737007314660843,9.821392308211054,2.5259788837508745,-2.5002183970176803,2.374777257159085,-2.655777849776303,5.724549201792567,-0.3439857275051548,3.128438723450255,2.014629724461169,1354.9829776388651,42.611790738333816,35.18458671966453,35.18458671966453,26.861049205950064,20.115576198132278,20.115576198132278,15.953420311646829,15.953420311646829,10.884993162592385,10.884993162592385,7.819325416247484,7.819325416247484,-2.8,684943705839.9989,48.567966464457136,22.537404618130488,13.617285069287131,336.63722124175916,62.9089327298448,42.40704327285475,18.684019846418728,0.0,0.0,17.907915863855546,14.383611552215466,0.0,0.0,0.0,45.075292026407396,60.046926479365666,39.21390565590758,36.87852800306718,72.3926345512098,24.194076386985103,0.0,4.899909730850477,11.835812092322787,178.67452073460151,21.205141506631914,24.304080427335524,0.0,0.0,0.0,0.0,0.0,0.0,150.88131878527471,57.073052366687676,11.835812092322787,93.41191175831644,24.304080427335524,0.0,0.0,0.0,206.05,121.42715855538944,34.4977309208094,0.0,32.10410811463005,12.706982146055564,0.0,7.109797541277533,78.76573721485023,12.999757306524504,0.0,37.89490363040039,48.53288141603224,0.0,52.263007868838436,34.483855841540226,-1.4898925005617443,-2.8246835983709415,-0.7786331585669404,-4.080821964916303,11.781830822965894,4.86245527303913,0.8048780487804879,57,3,16,0,3,3,0,0,0,16,3,16,12,0,2,2,3,2.767400000000005,205.30439999999928,0,3,2,0,0,0,0,0,0,0,4,4,0,0,0,1,0,0,0,1,0,0,0,1,0,0,2,0,0,0,0,0,0,0,0,0,0,0,0,0,3,8,0,0,0,0,0,0,0,0,0,0,0,0,1,1,0,0,0,0,0,0,0,0,0,0,0,0,0,0,0,0,0,0,0,0,0,0,0,0,0,0,0,0,0
Drug_63,COC(=O)C1=CO[C@@H](C)[C@H]2CN3CCc4c([nH]c5ccccc45)[C@@H]3C[C@H]12,0,train,12.28298234960753,12.28298234960753,0.12358066683463531,-0.25645395040732355,0.8011599486570624,30.615384615384617,352.434,328.24200000000013,352.178692628,136,0,0.3366452111528301,-0.4973920830775715,0.4973920830775715,0.3366452111528301,1.3461538461538463,2.1923076923076925,3.0384615384615383,16.52725654665907,9.719471249308416,2.463959130938313,-2.4879810031549856,2.4710494220607737,-2.5099275994390458,5.887998230500902,-0.13872070217378343,3.0567153587423084,1.5501556952718265,899.7932867300168,17.83613433532446,15.196538014344373,15.196538014344373,12.669035095596023,9.444246394314815,9.444246394314815,7.7355718552882164,7.7355718552882164,6.542174472388912,6.542174472388912,5.186741620418735,5.186741620418735,-2.2699999999999996,1835303.8655499807,15.943984757714032,5.878318355766775,2.228676924616863,152.50782529589134,14.457704428547306,0.0,0.0,0.0,0.0,5.9693052879518484,4.899909730850477,4.794537184071822,0.0,0.0,18.19910120538483,31.395199005701247,41.52217783107746,31.090789736663854,14.268263091671919,16.872230220032908,0.0,9.883888251797686,11.835812092322787,31.911187662438905,20.199310353102685,47.35803273888195,0.0,0.0,0.0,0.0,0.0,0.0,42.156470280600516,20.68908471459793,11.835812092322787,30.64377913831005,36.1006532523365,0.0,10.902924932081056,0.0,54.56,0.0,4.794537184071822,0.0,17.991177721861547,17.532851405378622,25.931156057677168,29.270101959904046,6.26208044842079,0.0,41.07309372533475,9.473725907600098,10.801568121866643,0.0,18.522846610126553,1.3410671243806167,4.6873179117325945,0.25844474363819514,8.877726235504914,3.7660048448391708,4.132174771143025,1.4461829701016207,0.47619047619047616,26,1,5,0,3,3,1,1,2,4,1,5,1,0,1,1,5,3.1788000000000016,98.55970000000005,0,0,0,0,0,1,1,0,0,0,1,1,0,0,0,1,1,0,0,0,0,1,0,0,0,0,0,0,0,0,0,0,0,0,1,0,6,0,0,0,1,2,0,0,0,0,0,0,0,0,0,0,0,0,0,1,0,0,0,0,0,0,0,0,1,0,0,0,0,1,0,0,0,0,0,0,0,0,0,0,0,0,0,0,0
Drug_272,COC(=O)Nc1nc2cc(SC(C)C)ccc2[nH]1,0,train,11.072989120834539,11.072989120834539,0.3921730914588064,-0.5362638836398756,0.8359660954731677,10.88888888888889,265.33799999999997,250.218,265.08849772,96,0,0.41318996338158714,-0.4525718571728541,0.4525718571728541,0.41318996338158714,1.5,2.2777777777777777,2.9444444444444446,32.16666211329544,10.304532665434914,2.0734916737274403,-2.0291743465145706,2.2591744510592955,-2.1128592222184746,7.994724736329617,0.18646129892214708,2.68981843981932,2.2480842651935657,565.4479067220178,13.120955864630139,10.481359543650052,11.297856124577779,8.57971869811898,5.596270992146969,6.475923803401863,4.047553113934291,5.697468936702904,2.232166875704645,3.229670817157298,1.5380012637217062,2.408612694061669,-1.6899999999999993,13586.272939527385,12.75881107450004,5.304989645097325,2.9509653347357716,109.31462616369994,9.720841474747257,0.0,0.0,5.948339280986494,0.0,6.093240070938415,5.316788604006331,9.778515705019029,0.0,11.761884949391115,13.847474399381248,18.19910120538483,10.14542150549995,18.143198976510057,9.53140013787187,34.836865736548546,0.0,9.967957041894415,0.0,23.9928959048812,12.426586145283864,18.19910120538483,0.0,0.0,5.316788604006331,10.742876465058316,0.0,11.761884949391115,28.420932684092538,4.736862953800049,0.0,13.847474399381248,23.094584680902603,0.0,11.033401435232523,0.0,67.00999999999999,6.093240070938415,4.794537184071822,0.0,0.0,11.198277310968669,15.928884910750298,7.109797541277533,11.761884949391115,18.19910120538483,33.86908299908204,0.0,4.512334750653654,1.7750069549424707,19.53052520780019,3.0289084525249748,1.7097798563869997,0.3921730914588064,5.987665580120937,-0.5362638836398756,4.285019308993876,1.314850680757968,0.3333333333333333,18,2,5,0,0,0,1,1,2,4,2,6,3,0,0,0,2,3.2417000000000016,73.11440000000003,0,0,0,0,0,2,1,0,0,0,1,1,0,0,0,1,2,0,0,0,0,1,0,0,0,0,0,1,0,1,0,0,0,0,1,0,1,0,0,0,0,1,0,0,0,0,0,1,0,0,0,0,0,0,0,1,0,0,0,0,0,0,0,0,0,0,0,0,0,0,0,0,0,0,0,1,0,0,0,0,0,0,0,0,0
Drug_114,COc1ccc2c(OC)c3ccoc3nc2c1OC,0,train,5.475716411564625,5.475716411564625,0.5100954270597129,0.5100954270597129,0.7233029923217836,10.894736842105264,259.26099999999997,246.15699999999995,259.084457896,98,0,0.22982729747453282,-0.49520474901949757,0.49520474901949757,0.22982729747453282,0.8947368421052632,1.6842105263157894,2.3684210526315788,16.508999617100645,10.120956388047333,2.172413434759898,-2.1184896310888566,2.4069538136229176,-1.9499946090690339,6.0191166789227015,0.35744737012169103,2.907043335134097,2.4933356863272285,747.8655179598607,13.405412915006313,10.889607834113916,10.889607834113916,9.295554957734412,5.756849378665896,5.756849378665896,3.981718420179578,3.981718420179578,3.0709118088908576,3.0709118088908576,2.232095997583393,2.232095997583393,-2.43,40189.87410822889,11.64865884053962,4.348447027508967,1.582125781140974,109.24417145970116,18.627739798453494,11.266212550900168,11.49902366656781,5.713496644793708,0.0,0.0,0.0,4.983978520947208,0.0,0.0,0.0,18.19910120538483,5.386224214464796,32.97877983393646,18.627739798453494,22.00264579133956,0.0,4.983978520947208,0.0,0.0,21.3293926238326,24.46226420102389,0.0,17.248535499851716,14.210588861400147,0.0,17.248535499851716,0.0,26.313371144779808,0.0,0.0,0.0,28.879415138077235,0.0,22.00264579133956,0.0,53.72,0.0,0.0,0.0,0.0,22.72922102897778,16.521960262213497,0.0,27.592555619471657,18.19910120538483,4.983978520947208,18.627739798453494,21.494433342781555,0.0,4.474027777777778,1.6909906462585038,1.1639380196523057,1.9044094860166294,5.5590851757369615,1.5860863095238096,0.0,4.793695908919123,0.21428571428571427,19,0,5,0,0,0,1,2,3,5,0,5,3,0,0,0,3,3.006800000000001,71.17100000000002,0,0,0,0,0,1,0,0,0,0,0,0,0,0,0,1,0,0,0,0,0,0,0,0,0,0,0,0,0,0,0,0,0,0,1,0,2,0,0,0,0,3,1,0,0,0,0,0,0,0,0,0,0,0,0,3,0,0,0,0,0,0,0,0,0,0,0,0,0,0,0,0,0,1,0,0,0,0,0,0,0,0,0,0,0
Drug_102,COc1c2ccoc2nc2c(OC)c(OC[C@@H](O)C(C)(C)O)ccc12,0,train,9.953183799792747,9.953183799792747,0.09176799886621323,-1.2719385446186946,0.7073222707439489,13.2,347.3670000000001,326.19900000000007,347.136887392,134,0,0.2298272974838833,-0.4952047490194601,0.4952047490194601,0.2298272974838833,1.12,1.84,2.48,16.523448562274123,10.032376054790001,2.2582829742949224,-2.244686796737974,2.4111621719871468,-2.3970517479083884,6.019269805096373,-0.06632807727229606,3.0353022638019134,2.0778063541195264,895.839397688677,18.18986996538248,14.568492075490004,14.568492075490004,11.862721870796166,7.816005335352662,7.816005335352662,6.258059594415453,6.258059594415453,4.0631722890233455,4.0631722890233455,2.5576647313534893,2.5576647313534893,-2.5100000000000002,476909.72699082043,17.317480854428293,6.419326294605028,3.0790327626891476,144.29240742167963,28.840794588134905,23.977060903161387,11.49902366656781,5.713496644793708,0.0,0.0,0.0,4.983978520947208,0.0,0.0,0.0,32.046575604766076,5.386224214464796,31.470033103642606,28.840794588134905,22.00264579133956,0.0,4.983978520947208,0.0,25.55249159811324,20.826477047067986,24.462264201023885,0.0,17.248535499851716,14.210588861400147,0.0,17.248535499851716,0.0,47.72852755642859,0.0,0.0,13.847474399381248,28.87941513807723,0.0,22.00264579133956,0.0,94.18000000000002,11.70501719873199,10.213054789681411,0.0,6.606881964512918,28.478732862261683,10.772448428929591,20.95727194065878,25.50569467383981,6.06636706846161,4.983978520947208,18.627739798453494,22.019832133087903,0.0,4.490053343096498,21.29629780994252,-0.3197397329952796,1.4360475455614352,5.31298562373373,0.4914665593178389,2.933452180752415,3.0896045375029413,0.3888888888888889,25,2,7,0,0,0,1,2,3,7,2,7,6,0,0,0,3,2.5088,92.41860000000004,0,2,1,0,0,1,0,0,0,0,0,0,0,0,0,1,0,0,0,0,0,0,0,0,0,0,0,0,0,0,0,0,0,0,1,0,2,0,0,0,0,3,1,0,0,0,0,0,0,0,0,0,0,0,0,2,0,0,0,0,0,0,0,0,0,0,0,0,0,0,0,0,0,1,0,0,0,0,0,0,0,0,0,0,0
Drug_247,COc1ccc2cc1Oc1ccc(cc1)C[C@H]1c3cc(c(OC)cc3CCN1C)Oc1c(OC)c(OC)cc3c1[C@H](C2)N(C)CC3,0,train,7.029380873689135,7.029380873689135,0.00043708532795760924,0.00043708532795760924,0.23769359923207428,19.17391304347826,622.7620000000001,580.4260000000002,622.3042870639999,240,0,0.2038225668936083,-0.49284495710063403,0.49284495710063403,0.2038225668936083,0.6086956521739131,1.2391304347826086,1.9565217391304348,16.546948305734066,9.868519830946754,2.3440210626471827,-2.3724640999093602,2.5158507331071944,-2.338509989577435,5.635136416017929,0.2198229876989356,3.070293720137297,1.4669413892301846,1753.7904237479756,31.948654031517307,27.514760851177886,27.514760851177886,22.397243043707995,15.908779123056648,15.908779123056648,12.450224850243336,12.450224850243336,9.848794389891069,9.848794389891069,7.275399895661565,7.275399895661565,-4.3999999999999995,31329552955.468796,30.264359861591693,12.419106769451643,5.392702053529975,270.895320596102,28.421177722800294,5.749511833283905,34.49707099970343,5.749511833283905,0.0,0.0,9.799819461700954,0.0,0.0,0.0,18.19910120538483,110.06045739477467,30.73664596181807,28.439190165110134,28.421177722800294,0.0,0.0,9.799819461700954,0.0,37.76696814999996,55.62404694228966,94.04437963479809,0.0,45.99609466627124,28.421177722800294,0.0,45.99609466627124,0.0,65.4238664039906,25.683286491704038,0.0,45.46439060847789,60.6636706846161,0.0,0.0,0.0,61.86000000000001,0.0,0.0,0.0,12.083681658295921,40.246582832987336,55.64921412020708,22.253805966787983,28.439190165110134,18.19910120538483,66.3597329062866,28.421177722800294,37.09118333845405,0.0,4.814175685642587,0.0,7.153427575202884,5.410612842554929,21.20085078977516,3.372833671651728,1.8593408838939003,11.097575212824754,0.3684210526315789,46,0,8,0,4,4,4,0,4,8,0,8,4,0,0,0,8,7.162400000000009,177.68199999999945,0,0,0,0,0,0,0,0,0,0,0,0,0,0,0,2,0,0,0,2,0,0,0,0,0,0,0,0,0,0,0,0,0,0,4,0,2,0,0,0,0,6,0,0,0,0,0,0,0,0,0,0,0,0,0,4,0,0,0,0,0,0,0,0,0,0,0,0,0,0,0,0,0,0,0,0,0,0,0,0,0,0,0,0,0
Drug_279,CCC(C)N1CCC2(CC1)N=C1C(=C3NC(=O)/C(C)=C/C=C/[C@H](C)[C@H](O)[C@@H](C)[C@@H](O)[C@@H](C)[C@H](OC(C)=O)[C@H](C)[C@@H](OC)/C=C/O[C@@]4(C)Oc5c(C)c(O)c(c1c5C4=O)C3=O)N2,0,train,14.71553195179709,14.71553195179709,0.016258654540546313,-1.968019844431852,0.25989130805500216,34.278688524590166,847.019,784.523,846.441508804,332,0,0.3121080515092678,-0.5067330601835489,0.5067330601835489,0.3121080515092678,1.0,1.6721311475409837,2.2950819672131146,16.70613693886449,9.781237744764441,2.5431296564816046,-2.3997139674026076,2.500467237877724,-2.515826530157262,6.341636832232309,-0.16022853859114025,3.727584064980429,1.4957432828881647,2114.1706332610893,44.8772217407223,37.12049197579819,37.12049197579819,28.699939144866008,21.32410916141086,21.32410916141086,17.621086172144985,17.621086172144985,13.498999022231857,13.498999022231857,9.24426590838405,9.24426590838405,-4.83,12184519253564.08,45.69129117327369,17.504165990091828,8.289303239769193,357.47937089704834,49.80052093858545,28.962889402741858,0.0,5.783244946364939,11.690424675716445,11.756416440522445,24.170553468922954,0.0,0.0,0.0,52.84674631895476,33.26805332883176,93.30190052559273,47.10960691088622,53.4451827360096,29.154659912803933,0.0,15.533486938863138,28.664028917281236,130.40751443376593,20.199310353102682,69.78714999872523,0.0,11.49902366656781,15.37044016181271,0.0,11.49902366656781,0.0,111.4811397493609,23.79966322954379,30.595361384336197,113.41898000092526,52.52574876457291,0.0,0.0,0.0,205.54999999999998,88.72994766689644,34.4977309208094,0.0,50.68218595902352,31.97299688682513,6.4208216229260096,34.143089588770195,58.92276642578864,0.0,29.380961338244386,23.939856547835866,23.964188972089218,0.0,63.32122658256989,41.05979684990823,-0.19670350561364747,-7.2454564215509984,0.35492739765200043,6.027675215618588,18.5832088812447,1.464469361415346,0.5869565217391305,61,5,15,1,5,6,1,0,1,14,5,15,4,0,1,1,7,4.758220000000005,226.81279999999933,0,2,2,0,0,0,0,1,0,0,4,4,0,0,1,2,2,0,0,0,1,0,0,0,0,0,4,1,0,0,0,0,0,0,1,0,13,0,0,0,1,4,0,0,0,0,0,0,0,0,0,2,2,0,0,1,0,0,0,0,0,0,0,0,0,1,1,0,0,1,0,0,0,0,0,0,0,0,0,0,0,0,0,0,0
Drug_244,CCOc1ccc2c(c1)C(C)=CC(C)(C)N2,0,train,5.517237811791383,5.517237811791383,0.031957790060468616,0.031957790060468616,0.8153192987016582,17.125,217.31199999999998,198.15999999999997,217.146664228,86,0,0.11953089046172843,-0.4938645255144888,0.4938645255144888,0.11953089046172843,1.3125,2.0625,2.75,16.47605937971451,9.911535332992665,2.2184053790836726,-2.311305435657614,2.3505825606339665,-2.309077051922034,5.804223526541372,0.3399278009262975,2.17827822160842,2.4152699754678197,432.36152386019273,11.759148545064338,10.424756148408914,10.424756148408914,7.51596853147643,5.765290201915503,5.765290201915503,4.814440904451427,4.814440904451427,2.7610655476998227,2.7610655476998227,2.217260375273607,2.217260375273607,-1.4400000000000002,3672.5770816317963,11.05761764725319,3.8537931114000026,2.057732426303855,97.31891326207126,10.05365155780638,5.749511833283905,0.0,0.0,0.0,0.0,0.0,0.0,0.0,0.0,6.076020106833881,51.46715453421659,11.250837766380558,12.145807216896262,4.736862953800049,11.260490804752829,0.0,0.0,0.0,33.23387405114584,11.923670568519249,29.838572803915707,0.0,5.749511833283905,10.05365155780638,5.687386274683562,5.749511833283905,0.0,12.145807216896262,0.0,0.0,33.25840029045949,24.27512131221871,0.0,5.5731045300692665,0.0,21.259999999999998,0.0,0.0,0.0,5.538925252383345,6.606881964512918,5.749511833283905,16.823942296449825,0.0,12.990104268152233,44.29675444683531,4.736862953800049,5.517237811791383,0.0,0.0,3.504007700302343,3.7671717923280434,0.9402834467120185,6.2177546296296295,2.255018896447468,9.215192389455781,0.0,0.42857142857142855,16,1,2,0,1,1,1,0,1,2,1,2,2,0,0,0,2,3.692700000000002,68.96370000000003,0,0,0,0,0,0,0,0,0,0,0,0,0,0,0,0,1,0,0,0,0,0,0,0,0,0,1,0,0,1,0,0,0,0,1,0,1,0,0,0,0,1,0,0,0,0,0,0,0,0,0,0,0,0,0,0,0,0,0,0,0,0,0,0,0,0,0,0,0,0,0,0,0,0,0,0,0,0,0,0,0,0,0,0,0
Drug_40,CC(=O)Nc1ccc(S(=O)(=O)O)c2cc(S(=O)(=O)O)c(/N=N/c3ccc(/N=N/c4ccc(S(=O)(=O)O)cc4)c4ccc(S(=O)(=O)O)cc34)c(O)c12,1,train,12.454801563177163,12.454801563177163,0.06440977205755871,-5.334512347916239,0.07977289236071304,13.03921568627451,779.7650000000003,758.5970000000001,778.9967843520002,266,0,0.2964155051116506,-0.504848599080429,0.504848599080429,0.2964155051116506,0.5686274509803921,1.1176470588235294,1.6666666666666667,32.24409159158239,10.058367461484414,2.2747315431036847,-2.146225835201957,2.464537766532407,-2.083473954428871,7.864268576806919,-0.11374371983941554,3.0083678644553262,1.7379105997890218,2805.101084118752,37.68106931801567,25.26035336580535,28.526339689516256,23.551717155225383,13.560403342577155,19.32065665777972,10.392293285153622,16.015285856615822,6.947344970427677,10.44370424270354,4.776580585847133,7.090915320454858,-5.27,49143355990.477974,36.99662258924919,13.124656562656178,7.891627814045559,287.55252258887714,10.423315998847038,15.478353225719111,5.749511833283905,5.907179729351506,40.472507436134215,0.0,23.005536678833277,0.0,38.78543806294515,15.342750376888194,6.06636706846161,66.73003775307771,23.082409843085014,37.9267362642346,61.78325201098973,96.3615153967627,0.0,0.0,20.45700050251759,26.505671101761724,5.316788604006331,72.79640482153933,0.0,5.749511833283905,5.316788604006331,28.43693137341781,5.749511833283905,0.0,62.89589455626941,45.267044620206036,0.0,6.923737199690624,112.83533922612806,0.0,21.544896857859182,0.0,316.25000000000006,88.17096760445388,57.230502137299354,0.0,33.52199352766384,6.06636706846161,43.321939610460284,30.33183534230805,0.0,0.0,25.77378910652392,4.552749873690364,134.30135055030746,0.0,8.741298439164506,28.204602356979954,-1.2668028781882512,-1.8219463714969812,12.622576568009809,0.0,1.0708739052177325,-19.685285903327554,0.03571428571428571,51,6,19,0,0,0,5,0,5,14,6,23,9,0,0,0,5,5.474600000000003,177.91689999999986,0,0,0,0,0,0,0,1,0,0,1,1,0,0,0,4,1,0,0,0,0,0,0,0,0,0,0,1,0,1,0,0,2,0,5,0,2,0,0,0,0,0,0,0,0,0,0,0,0,0,0,0,0,0,0,0,0,0,0,0,0,0,0,0,0,1,1,0,0,0,0,0,0,0,0,0,0,0,0,0,0,0,0,0,0
Drug_88,CN1CCc2cc3c(cc2[C@H]1[C@@H]1OC(=O)c2c1ccc1c2OCO1)OCO3,0,train,12.663193473377003,12.663193473377003,0.10294312169312181,-0.41072089947089974,0.7179051230598081,24.555555555555557,367.3570000000002,350.22100000000006,367.10558726399995,138,0,0.342690027925506,-0.4535847265678985,0.4535847265678985,0.342690027925506,0.9629629629629629,1.7407407407407407,2.6296296296296298,16.702047498515416,9.860058903287115,2.4454720495961775,-2.3723972379419713,2.511994622482765,-2.3551491075286193,5.97975142108446,0.009321839833111162,3.3767516627966074,1.489145422914003,986.9226092370565,18.12059138570063,14.689232078167084,14.689232078167084,13.20350993820667,8.966409055448759,8.966409055448759,7.169213581932216,7.169213581932216,5.7646862582498155,5.7646862582498155,4.466680363634721,4.466680363634721,-2.93,4456636.844558963,15.159372189047255,5.294388863993595,2.027701557979776,154.8737915443985,23.684314769000245,11.6674178794453,22.99804733313562,13.585884612199655,0.0,5.9693052879518484,4.899909730850477,4.794537184071822,0.0,0.0,6.06636706846161,42.79449779438202,12.10820789760957,6.041840829147961,28.478851953072066,5.9693052879518484,0.0,4.899909730850477,0.0,18.566628839822272,27.17831300078942,46.519274240634424,0.0,22.99804733313562,18.947451815200196,0.0,22.99804733313562,0.0,38.047528019591745,11.157684576726059,0.0,39.194150367756066,24.26546827384644,0.0,0.0,0.0,66.46000000000001,6.103966387748303,4.794537184071822,0.0,25.597030729299465,17.062475158264807,35.59150467880038,5.563451491696996,0.0,18.19910120538483,18.013948781989278,23.684314769000245,27.89668392681019,0.0,14.887563749265135,0.0,3.6312896300495514,2.2394710072708817,7.729215351263962,0.49963212291089243,1.2302342697486095,2.0525766093474425,0.35,27,0,7,0,4,4,2,0,2,7,0,7,1,0,0,0,6,2.5846999999999998,92.36150000000005,0,0,0,0,0,0,0,0,0,0,1,1,0,0,0,1,0,0,0,1,0,0,0,0,0,0,0,0,0,0,0,0,0,0,2,0,5,0,0,0,1,5,0,0,0,0,0,0,0,0,0,0,0,0,1,0,0,0,0,0,0,0,0,0,0,0,0,0,0,0,0,0,0,0,0,0,0,0,0,0,0,0,0,0,0
Drug_54,CC(O)CN(C)c1ccc(NN)nn1,1,train,9.162664241622576,9.162664241622576,0.39434258734357996,-0.39434258734357996,0.448626966418967,12.285714285714286,197.242,182.12199999999999,197.12766009999999,78,0,0.1622710538424899,-0.39157518353143844,0.39157518353143844,0.1622710538424899,1.5714285714285714,2.2857142857142856,2.7142857142857144,16.26623839258836,10.344502551887313,2.052324002353663,-2.18375140201821,2.087318855671139,-2.2740875603516595,5.4161751610544275,0.20116059109503837,2.167837736639061,2.660020473600109,273.56505720077155,10.55204176387779,8.305362239944884,8.305362239944884,6.6302289553358005,4.327417941285156,4.327417941285156,3.1506542000802487,3.1506542000802487,1.727530272164864,1.727530272164864,1.0956620604729803,1.0956620604729803,-1.4,1318.045343876549,10.679365079365079,4.729917259399041,2.823725286160249,82.71287743063625,15.432228522801566,0.0,11.635725555670057,0.0,0.0,0.0,0.0,5.842670270266239,0.0,10.197363616602075,0.0,19.056471336613843,13.592428388589765,6.103966387748303,5.106527394840706,11.635725555670057,0.0,10.197363616602075,5.842670270266239,13.027703587438927,23.918129516550625,12.13273413692322,0.0,0.0,16.1683713982271,11.635725555670057,0.0,0.0,35.000285787780854,0.0,0.0,6.923737199690624,12.13273413692322,0.0,0.0,0.0,87.3,6.103966387748303,0.0,0.0,0.0,18.180481961582633,0.0,0.0,19.056471336613843,11.947581713527667,15.62315501371246,10.949197665106944,0.0,0.0,1.8174244142101286,16.903607174351222,2.392359930083144,6.362751506466784,3.5054043839758124,-0.39434258734357996,2.2398974080372893,1.8395644368858655,0.5,14,4,6,0,0,0,0,1,1,6,3,6,4,0,0,0,1,-0.4207999999999998,54.792900000000024,0,1,1,1,0,2,0,0,0,0,0,0,0,0,0,3,1,1,0,1,0,0,0,0,0,0,0,0,0,2,0,0,0,0,0,0,0,0,0,0,0,0,0,0,0,1,0,0,0,0,0,0,0,0,0,0,0,0,0,0,0,0,0,0,0,0,0,0,0,0,0,0,0,0,0,0,0,0,0,0,0,0,0,0,0
Drug_277,CN1CCC(=C2c3ccccc3CCc3sccc32)CC1,0,train,2.4456309051398337,2.4456309051398337,1.1809220679012344,1.1809220679012344,0.697189433962428,19.095238095238095,295.4510000000001,274.28299999999996,295.139470672,108,0,0.012704105597502905,-0.3057312648624205,0.3057312648624205,0.012704105597502905,0.9047619047619048,1.7142857142857142,2.5714285714285716,32.13347379682897,9.876182480969337,2.2302094735030886,-2.267223506612274,2.396404041166951,-2.2650833203605627,7.097850111446713,0.31283737507798537,2.9089152845168598,1.9134473390644677,685.0968458966253,14.233840039752504,12.562204188220864,13.37870076914859,10.326499840494925,7.883067832651949,8.762720643906844,6.19642840124796,7.197095468446129,4.8670099335045505,5.84773060539054,3.6517994720627254,4.537173647920095,-1.38,140861.3137374444,13.29453510543239,5.432798172742178,2.3664491518545576,130.47190795650263,4.899909730850477,0.0,0.0,0.0,0.0,0.0,0.0,0.0,0.0,11.336785877934735,29.838572803915707,66.440847318469,17.96666000552645,0.0,0.0,16.909890408004003,0.0,4.899909730850477,0.0,25.683286491704038,20.13718479450234,62.85250431163551,0.0,0.0,0.0,0.0,0.0,11.336785877934735,25.037094525352817,12.841643245852019,0.0,34.4091449146443,41.28500264284323,0.0,5.5731045300692665,0.0,3.24,0.0,0.0,0.0,0.0,0.0,0.0,55.463153778620175,16.023356253839832,11.336785877934735,47.65947982630163,0.0,0.0,1.9330205708826738,4.0221383692365835,2.271935941043084,7.773689058956917,0.0,11.396615173847316,4.811482268833459,2.3898228458049884,2.234629104728311,0.3684210526315789,21,0,1,1,1,2,1,1,2,2,0,2,0,0,1,1,4,4.374200000000004,90.92200000000005,0,0,0,0,0,0,0,0,0,0,0,0,0,0,0,1,0,0,0,0,1,0,0,0,0,0,0,0,0,0,2,0,0,0,1,0,2,0,0,0,0,0,0,0,0,0,0,0,0,0,0,0,0,0,0,0,0,0,0,0,0,0,0,0,0,0,0,0,0,1,0,0,0,0,0,0,0,0,0,0,0,0,1,0,0
Drug_226,Nc1ncnc2c1ncn2C1O[C@H](CO)[C@@H](O)[C@@H]1O,0,train,9.950183767951625,9.950183767951625,0.21804944045519536,-1.1891298185941046,0.49051986767922323,31.105263157894736,267.245,254.14099999999996,267.096753896,102,0,0.167138505935341,-0.3935668539266413,0.3935668539266413,0.167138505935341,1.263157894736842,2.0526315789473686,2.736842105263158,16.562526615587373,10.128486981496444,2.4344840649940416,-2.1578641361958084,2.3102883813046247,-2.3263050571895616,5.806596802973693,-0.05106624743929241,2.9431942741768258,2.035435145869755,602.6175788415977,13.568549621822843,9.787302124477499,9.787302124477499,9.1302289553358,5.68637513109659,5.68637513109659,4.311819367749401,4.311819367749401,3.178383097649782,3.178383097649782,2.1660908223461037,2.1660908223461037,-1.8100000000000003,35227.09226762243,12.23544093091737,4.3842388535215,1.7476128588760207,106.84616010324278,25.790112615484354,30.155919955625706,17.692941169337626,0.0,0.0,0.0,4.567099647791355,14.951935562841623,0.0,0.0,0.0,0.0,0.0,12.934202039277459,20.056445138322168,16.981740716219015,0.0,19.51903521063298,0.0,24.539800333979777,12.340549441675103,12.654640149529083,0.0,0.0,5.733667477162185,5.817862777835028,0.0,0.0,59.75739852291291,4.736862953800049,0.0,6.22790117073487,12.654640149529083,0.0,11.16387793838399,0.0,139.54000000000002,31.146682298492692,10.213054789681411,0.0,5.817862777835028,11.16387793838399,0.0,17.22173979732044,0.0,0.0,14.951935562841623,15.57705782580294,6.854490740740741,0.0,11.892376700680273,28.737643350550098,6.444158005794912,0.21804944045519536,0.0,-1.422987449609475,-0.3903974552784075,0.0,0.5,19,5,9,0,1,1,0,2,2,9,4,9,2,0,1,1,3,-1.9800000000000006,62.744800000000026,0,3,3,1,0,4,0,0,0,0,0,0,0,0,0,4,0,1,0,0,0,0,0,0,0,0,0,0,0,1,0,0,0,0,0,0,1,0,0,0,0,1,0,0,0,0,0,1,0,0,0,0,0,0,0,0,0,0,0,0,0,0,0,0,0,0,0,0,0,0,0,0,0,0,0,0,0,0,0,0,0,0,0,0,0
Drug_149,CNc1ncnc2c1ncn2[C@@H]1O[C@H](CO)[C@@H](O)[C@H]1O,0,train,10.023003984001008,10.023003984001008,0.3768789367598888,-1.1689342403628122,0.5342275014319904,30.0,281.272,266.152,281.11240396,108,0,0.16714614549611,-0.3935668539266413,0.3935668539266413,0.16714614549611,1.3,2.1,2.75,16.562531552425554,10.128462535216059,2.434756824017304,-2.1591994973689412,2.3134747216594542,-2.3263020020058676,5.820383192192492,-0.0510663058782829,3.013482186032856,2.031040564897432,617.879333177736,14.27565640300939,10.709951855287875,10.709951855287875,9.668233757796587,6.1476999965017765,6.1476999965017765,4.525185754453404,4.525185754453404,3.3868838130635703,3.3868838130635703,2.3309354629406402,2.3309354629406402,-1.8100000000000003,60995.89292749104,13.18596183949361,4.943600279822141,1.8292695863904476,113.42107370423471,25.373233742328495,30.155919955625706,17.692941169337626,0.0,0.0,0.0,4.567099647791355,14.951935562841623,0.0,0.0,0.0,0.0,7.04767198267719,12.934202039277459,20.056445138322168,16.981740716219015,0.0,19.51903521063298,0.0,24.539800333979777,18.97134255119644,12.654640149529083,0.0,0.0,5.316788604006331,5.817862777835028,0.0,0.0,66.80507050559011,4.736862953800049,0.0,6.22790117073487,12.654640149529083,0.0,11.16387793838399,0.0,125.55000000000001,24.539800333979777,10.213054789681411,0.0,6.606881964512918,16.981740716219015,0.0,17.22173979732044,7.04767198267719,0.0,20.268724166847953,9.843390348640755,6.9685404856387,0.0,12.343071145124716,31.811209043815467,1.0064148715041574,0.5560124034181573,0.0,-1.190566552238181,-0.3768789367598888,1.7155308728302054,0.5454545454545454,20,4,9,0,1,1,0,2,2,9,4,9,3,0,1,1,3,-1.5205000000000009,67.87910000000001,0,3,3,0,0,4,0,0,0,0,0,0,0,0,0,4,1,0,0,0,0,0,0,0,0,0,0,0,0,1,0,0,0,0,0,0,1,0,0,0,0,1,0,0,0,0,0,1,0,0,0,0,0,0,0,0,0,0,0,0,0,0,0,0,0,0,0,0,0,0,0,0,0,0,0,0,0,0,0,0,0,0,0,0,0
Drug_95,OC(CCN1CCCCC1)(c1ccccc1)c1ccccc1,0,train,11.45792115457294,11.45792115457294,0.7371296296296297,-0.9028103741496598,0.9067132451704352,16.59090909090909,295.42600000000004,270.226,295.19361442,116,0,0.11580936974243129,-0.38034604711056536,0.38034604711056536,0.11580936974243129,0.7727272727272727,1.2727272727272727,1.7727272727272727,16.284154077625438,9.831002552921708,2.312686916273066,-2.33465719064647,2.328725764064995,-2.3639423504907335,5.353407426860268,0.05455317872435457,2.619564333026622,1.8293200780251841,521.2758199606815,15.252866087740191,13.11767735120201,13.11767735120201,10.788641693029941,8.347210691439683,8.347210691439683,6.244625837200243,6.244625837200243,4.741218313320449,4.741218313320449,3.386012198983948,3.386012198983948,-1.6399999999999997,170166.89907340935,15.263174913034714,7.0802268431001885,3.3967986437228475,132.95627050960408,10.006437125691182,5.601050810983688,0.0,0.0,0.0,0.0,0.0,0.0,0.0,0.0,67.0844923075421,43.47888066399717,6.544756405912575,0.0,5.106527394840706,0.0,0.0,4.899909730850477,0.0,31.284337302687725,19.634269217737724,71.7905736680101,0.0,0.0,0.0,0.0,0.0,0.0,29.64070634342891,5.601050810983688,0.0,36.81018947509803,60.6636706846161,0.0,0.0,0.0,23.47,5.601050810983688,5.106527394840706,0.0,0.0,0.0,24.092481012232575,32.35197768060318,0.0,60.6636706846161,4.899909730850477,0.0,0.0,0.0,2.486458333333333,11.45792115457294,1.0660959939531376,0.0,20.13934848901299,4.656121166441783,3.277388196019148,0.0,0.4,22,1,2,0,1,1,2,0,2,2,1,2,5,0,1,1,3,3.7985000000000033,90.79080000000006,0,1,0,0,0,0,0,0,0,0,0,0,0,0,0,1,0,0,0,0,1,0,0,0,0,0,0,0,0,0,0,0,0,0,2,0,0,0,0,0,0,0,0,0,0,0,0,0,0,0,0,0,0,0,0,0,0,0,0,0,0,0,0,0,0,0,0,0,0,1,0,0,0,0,0,0,0,0,0,0,0,0,0,0,0
Drug_258,O=c1ccc2cc(O)c(O)cc2o1,0,train,10.768858182161754,10.768858182161754,0.2348620559334842,-0.4883427815570671,0.46941230176597554,10.461538461538462,178.143,172.09499999999997,178.026608672,66,0,0.33569257468672076,-0.5042423255096838,0.5042423255096838,0.33569257468672076,1.0769230769230769,1.7692307692307692,2.5384615384615383,16.392932278287017,10.192263214057721,2.0292944383372697,-1.9840297141044434,2.284470230887903,-1.9326365597778739,5.797539740449351,0.40311375938099325,2.07629914602254,2.888000096213166,512.4938955031992,9.422285251880869,6.520324848686146,6.520324848686146,6.164703797946449,3.6249701720979637,3.6249701720979637,2.633179527737525,2.633179527737525,1.7165073611639108,1.7165073611639108,1.0926623201522376,1.0926623201522376,-1.97,1021.5391798430896,7.667364748284457,2.5158513680748387,1.2193942636320423,72.667874079677,14.630205726734758,5.583020141642242,11.49902366656781,0.0,0.0,5.625586319077987,0.0,4.794537184071822,0.0,0.0,0.0,12.13273413692322,17.518958351388015,0.0,14.630205726734758,10.969244356107037,0.0,0.0,0.0,0.0,0.0,34.68559177699625,0.0,11.49902366656781,5.625586319077987,0.0,11.49902366656781,0.0,10.213054789681411,0.0,0.0,0.0,33.47715639497161,0.0,10.969244356107037,0.0,70.67,5.625586319077987,4.794537184071822,0.0,17.082043808210052,5.386224214464796,0.0,24.26546827384644,0.0,0.0,0.0,14.630205726734758,4.770787037037037,0.0,10.768858182161754,18.77764597505669,-0.2357501889644742,-0.5387046485260765,5.290496976568404,0.0,0.0,0.0,0.0,13,2,4,0,0,0,1,1,2,4,2,4,0,0,0,0,2,1.2042,45.81360000000001,0,0,0,0,0,0,0,2,0,0,0,0,0,0,0,0,0,0,0,0,0,0,0,0,0,0,0,0,0,0,0,0,0,0,1,0,1,0,0,0,0,0,0,0,0,0,0,0,0,0,0,0,0,0,0,0,0,0,0,0,0,0,0,0,0,2,2,0,0,0,0,0,0,0,0,0,0,0,0,0,0,0,0,0,0
Drug_251,COc1cc2ccc(=O)oc2cc1O,0,train,10.869649077223482,10.869649077223482,0.046898148148147856,-0.4425307067271349,0.6954481635264227,10.357142857142858,192.17,184.10599999999997,192.042258736,72,0,0.3356925746973192,-0.5041615070645267,0.5041615070645267,0.3356925746973192,1.3571428571428572,2.142857142857143,2.857142857142857,16.4745008590479,10.190066513156104,2.0472276591462655,-2.031565374191699,2.295694270252791,-1.941331226564901,5.799662817267112,0.3732692200209418,2.163052508939449,2.790435293596474,527.12330340681,10.129392033067417,7.4813595436500515,7.4813595436500515,6.702708600407233,4.01373581004378,4.01373581004378,2.8163140320346094,2.8163140320346094,1.9208157957605752,1.9208157957605752,1.2472857307178404,1.2472857307178404,-1.97,1791.0074774018635,8.620407990533682,3.064077896200069,1.305433443112372,79.3521276713845,14.260541285694101,5.583020141642242,11.49902366656781,0.0,0.0,5.625586319077987,0.0,4.794537184071822,0.0,0.0,0.0,12.13273413692322,17.518958351388015,7.109797541277533,14.260541285694101,10.969244356107037,0.0,0.0,0.0,0.0,7.109797541277533,34.68559177699625,0.0,11.49902366656781,10.362449272878036,0.0,11.49902366656781,0.0,12.216324936118239,0.0,0.0,0.0,33.47715639497161,0.0,10.969244356107037,0.0,59.67,5.625586319077987,9.901064578912528,0.0,5.749511833283905,16.718756189390945,0.0,19.242531678200752,12.13273413692322,0.0,0.0,9.154013890853395,9.784358229402873,0.0,10.869649077223482,10.120020786092214,-0.09919737339380119,0.30620275888133075,5.893969198790627,0.0,0.0,1.4583306563366087,0.1,14,1,4,0,0,0,1,1,2,4,1,4,1,0,0,0,2,1.5071999999999997,50.700800000000015,0,0,0,0,0,0,0,1,0,0,0,0,0,0,0,0,0,0,0,0,0,0,0,0,0,0,0,0,0,0,0,0,0,0,1,0,1,0,0,0,0,1,0,0,0,0,0,0,0,0,0,0,0,0,0,1,0,0,0,0,0,0,0,0,0,1,1,0,0,0,0,0,0,0,0,0,0,0,0,0,0,0,0,0,0
Drug_61,CC(=O)Nc1cc2ccccc2oc1=O,0,train,11.387272297808012,11.387272297808012,0.16777777777777803,-0.5380555555555555,0.7180746661975433,10.2,203.19699999999997,194.12499999999997,203.058243148,76,0,0.359769828578247,-0.4212197088763473,0.4212197088763473,0.359769828578247,1.3333333333333333,2.066666666666667,2.8,16.393345634531283,10.204144611249987,2.0472140824609553,-2.0091500083166713,2.141589352355552,-2.1375489462897086,5.903433209665465,-0.11375442629581632,2.181150560795901,2.617895784674844,571.2998967872941,10.836498814253964,8.111496217339718,8.111496217339718,7.164703797946448,4.471197119306979,4.471197119306979,3.1665445550870417,3.1665445550870417,1.9521191024123568,1.9521191024123568,1.3387582979081754,1.3387582979081754,-2.1,2804.9596211835287,9.45483670617463,3.570210348223531,1.881129336623603,85.52067508773,9.733939541059678,11.270406416325805,0.0,5.907179729351506,0.0,5.625586319077987,4.794537184071822,4.794537184071822,0.0,0.0,18.19910120538483,12.13273413692322,12.30996141415542,0.0,9.211688121125169,22.563810360142107,0.0,0.0,0.0,6.923737199690624,5.316788604006331,40.75195884545786,0.0,0.0,10.94237492308432,5.687386274683562,0.0,0.0,5.907179729351506,4.794537184071822,0.0,6.923737199690624,39.54352346343322,0.0,10.969244356107037,0.0,59.31,5.625586319077987,9.589074368143644,0.0,11.594566004035068,5.583020141642242,5.386224214464796,6.923737199690624,18.19910120538483,12.13273413692322,5.316788604006331,4.417150937053347,5.02337962962963,0.0,22.197060972537166,3.1985837112622826,0.14046485260771013,-0.29390636810279624,8.725855221718316,0.0,1.3418953136810279,0.0,0.09090909090909091,15,1,4,0,0,0,1,1,2,3,1,4,1,0,0,0,2,1.7513999999999998,56.787700000000015,0,0,0,0,0,0,0,0,0,0,1,1,0,0,0,0,1,0,0,0,0,0,0,0,0,0,0,1,0,1,0,0,0,0,1,0,1,0,0,0,0,0,0,0,0,0,0,0,0,0,0,0,0,0,0,0,0,0,0,0,0,0,0,0,1,0,0,0,0,0,0,0,0,0,0,0,0,0,0,0,0,0,0,0,0
Drug_248,CC(=O)c1cc2ccccc2oc1=O,0,train,11.287133408919123,11.287133408919123,0.10064814814814826,-0.5729629629629625,0.5075538510511114,10.357142857142858,188.18199999999996,180.11799999999997,188.047344116,70,0,0.3466981221174529,-0.4222014849576275,0.4222014849576275,0.3466981221174529,1.2857142857142858,2.0,2.7142857142857144,16.392936895080815,10.131750388554469,2.076284071907628,-1.9690795968622052,2.1190486635832517,-2.102604629577779,5.959131576788336,0.10097033886464232,2.160174802183695,2.840683324472132,551.7063537832926,10.129392033067417,7.611496217339719,7.611496217339719,6.6815405503520555,4.221197119306979,4.221197119306979,3.0415445550870417,3.0415445550870417,2.020713451159939,2.020713451159939,1.307356090904482,1.307356090904482,-1.9000000000000001,1786.464561405916,8.687378357904551,3.10383761410049,1.3275678163838667,79.97081290412194,4.417150937053347,11.146471633339239,5.783244946364939,0.0,0.0,5.625586319077987,4.794537184071822,4.794537184071822,0.0,0.0,18.19910120538483,19.056471336613843,5.386224214464796,0.0,9.211688121125169,16.75248930247198,0.0,0.0,0.0,6.923737199690624,0.0,46.31541033715486,0.0,0.0,5.625586319077987,0.0,0.0,0.0,5.783244946364939,0.0,0.0,17.28172587545944,39.54352346343322,0.0,10.969244356107037,0.0,47.28,5.625586319077987,9.589074368143644,0.0,11.346696438061935,5.583020141642242,5.386224214464796,6.923737199690624,24.26546827384644,6.06636706846161,0.0,4.417150937053347,4.9776851851851855,0.0,22.33702522675737,0.7613888888888891,0.030000000000000915,-0.2736082766439907,8.65260156840514,0.0,1.3482407407407406,0.0,0.09090909090909091,14,0,3,0,0,0,1,1,2,3,0,3,1,0,0,0,2,1.9956,52.488500000000016,0,0,0,0,0,0,0,0,0,0,1,1,0,0,0,0,0,0,0,0,0,0,0,0,0,0,0,0,0,0,0,0,0,0,1,0,1,0,0,0,0,0,0,0,0,0,0,0,0,0,0,1,1,0,0,0,0,0,0,0,0,0,0,0,1,0,0,0,0,0,0,0,0,0,0,0,0,0,0,0,0,0,0,0,0
Drug_278,O=C(O)[C@]1(O)C[C@H](O)[C@@H](O)[C@@H](O)C1,0,train,10.520037792894936,10.520037792894936,0.47166666666666646,-2.140810185185185,0.3180309828296054,46.0,192.167,180.07099999999997,192.06338810399998,76,0,0.33538583259904065,-0.479111237560623,0.479111237560623,0.33538583259904065,1.1538461538461537,1.5384615384615385,1.8461538461538463,16.414637000536054,9.79622731686775,2.4784757853221575,-2.368293054731945,2.2870453253565257,-2.5550771922891,5.769894305057773,-0.18653764370301096,1.995659558669919,2.7866006884073427,203.02830685572664,10.2236146391316,6.790580637905627,6.790580637905627,5.8656965093238815,3.8662044387543135,3.8662044387543135,3.3702731865484092,3.3702731865484092,2.2801948728088695,2.2801948728088695,1.4478402131992958,1.4478402131992958,-0.6900000000000002,550.8020381928976,10.39123476848091,3.2241511081026655,1.8041698455211972,74.05576342170379,25.532636974203527,6.103966387748303,5.601050810983688,0.0,0.0,5.9693052879518484,0.0,4.794537184071822,0.0,0.0,0.0,0.0,12.841643245852019,12.207932775496605,30.327174158275348,5.9693052879518484,0.0,0.0,0.0,36.75459322008061,0.0,0.0,0.0,0.0,0.0,0.0,0.0,0.0,55.41489223638396,4.794537184071822,0.0,12.841643245852019,0.0,0.0,0.0,0.0,118.22000000000001,42.72389850803246,9.901064578912528,0.0,0.0,0.0,0.0,0.0,0.0,0.0,0.0,20.426109579362823,0.0,0.0,10.520037792894936,45.196675170068026,-2.140810185185185,-1.5023148148148142,0.0,-5.1569212962962965,0.0,0.0,0.8571428571428571,13,5,6,1,0,1,0,0,0,5,5,6,1,1,0,1,1,-2.3214000000000006,39.84000000000001,1,4,3,0,0,0,0,0,1,1,1,0,0,0,0,0,0,0,0,0,0,0,0,0,0,0,0,0,0,0,0,0,0,0,0,0,0,0,0,0,0,0,0,0,0,0,0,0,0,0,0,0,0,0,0,0,0,0,0,0,0,0,0,0,0,0,0,0,0,0,0,0,0,0,0,0,0,0,0,0,0,0,0,0,0
Drug_96,O=c1cccc2n1C[C@@H]1CNC[C@H]2C1,0,train,11.637531179138321,11.637531179138321,0.1658333333333335,0.1658333333333335,0.6481364433522537,29.714285714285715,190.24599999999998,176.13399999999996,190.110613068,74,0,0.2502318951828206,-0.3157226764436318,0.3157226764436318,0.2502318951828206,1.3571428571428572,2.2857142857142856,3.2142857142857144,16.13979931808816,9.841652210689968,2.296379500677211,-2.3679206473402075,2.3061430429471748,-2.441953251010251,5.160575702719764,0.25702410339650156,2.204985537323392,2.1469341613539936,409.99371289415467,9.543605595440512,8.070640356658142,8.070640356658142,6.84333659290053,5.248605810705697,5.248605810705697,4.35639137789528,4.35639137789528,3.384141990910828,3.384141990910828,2.741377411021035,2.741377411021035,-1.09,2789.306704714091,8.237481994583195,2.953088807142451,1.1214348531302354,82.75039725001179,9.883888251797686,0.0,0.0,0.0,5.559266895052007,0.0,4.794537184071822,0.0,0.0,0.0,6.06636706846161,24.94985114346159,30.767713921296618,0.0,0.0,0.0,0.0,9.883888251797686,5.917906046161393,18.883484074999977,13.08951281182515,34.24683327935712,0.0,0.0,10.876055499058339,0.0,0.0,0.0,17.656612459616504,6.544756405912575,5.917906046161393,18.032655663935863,22.993638389456653,0.0,0.0,0.0,34.03,0.0,4.794537184071822,0.0,5.559266895052007,11.835812092322787,19.634269217737724,12.114749617774471,6.06636706846161,10.633466716252965,11.383155672467941,0.0,1.9580092592592593,0.0,11.637531179138321,3.431746976568405,1.3889351851851857,1.2062499999999996,5.635277777777778,1.2464814814814815,2.995768140589569,0.0,0.5454545454545454,14,1,3,0,2,2,0,1,1,3,1,3,0,0,1,1,3,0.5549999999999999,54.41970000000003,0,0,0,0,0,1,0,0,0,0,0,0,0,0,0,1,1,0,0,0,0,0,0,0,0,0,0,0,0,0,0,0,0,0,0,0,4,0,0,0,0,0,0,0,0,0,0,0,0,0,0,0,0,0,0,0,0,0,0,0,0,0,0,0,0,0,0,0,0,1,0,0,0,1,0,0,0,0,0,0,0,0,0,0,0
Drug_194,O=C(c1ccc(F)cc1)C1CCN(CCn2c(=O)[nH]c3ccccc3c2=O)CC1,0,train,13.044693618876614,13.044693618876614,0.04800285672351201,-0.4073392903993549,0.6735760490733903,15.620689655172415,395.43400000000014,373.2580000000002,395.16451978399994,150,0,0.3283762903538628,-0.30664770078189596,0.3283762903538628,0.30664770078189596,1.0,1.6896551724137931,2.413793103448276,19.14214522719147,9.886776914015169,2.2544793777395395,-2.30826283045124,2.2157887343579783,-2.41859167792591,5.9740149515108,0.08367821488113078,2.7393469342874144,1.3759557752840657,1142.4164996007075,20.38010440969447,15.935929645226654,15.935929645226654,14.024877143252588,9.7673685215258,9.7673685215258,7.419585149131591,7.419585149131591,5.616321486987082,5.616321486987082,3.9120501077570125,3.9120501077570125,-3.0599999999999996,4734336.604814778,19.264858189070733,8.126207150619834,4.048073139800842,166.14307044068912,9.883888251797686,5.817220841045894,5.783244946364939,0.0,5.559266895052007,5.689743398203474,14.156174015934997,9.184952231746642,0.0,0.0,12.13273413692322,62.32935846844683,24.570870349683542,10.902924932081056,9.184952231746642,16.686169878445998,0.0,14.45098789958904,5.917906046161393,19.386399651764595,19.634269217737724,80.74969354183492,0.0,0.0,11.24901029325548,4.39041504767482,0.0,0.0,39.8685020636917,6.544756405912575,11.735126887207286,23.19963192162084,58.120010915836524,0.0,10.902924932081056,0.0,75.17,5.689743398203474,18.774026599890284,0.0,23.07763872862423,42.39753248145523,13.08951281182515,28.832567921637796,24.26546827384644,0.0,9.883888251797686,0.0,14.278909785601176,0.0,42.353451271850965,0.4960210392641158,0.38774710287931513,-0.3836684531478076,12.642926595370405,1.4150516537601676,2.309561004421664,0.0,0.3181818181818182,29,1,6,0,1,1,2,1,3,5,1,7,5,0,1,1,4,2.423800000000001,108.72320000000005,0,0,0,0,0,2,1,0,0,0,1,1,0,0,0,2,1,0,0,0,1,1,0,0,0,0,0,0,0,0,0,0,0,0,2,0,1,0,0,0,0,0,0,0,1,0,0,0,0,0,0,1,1,0,0,0,0,0,0,0,0,0,0,0,1,0,0,0,0,1,0,0,0,0,0,0,0,0,0,0,0,0,0,0,0
Drug_78,CC1(C)S[C@@H]2[C@H](NC(=O)[C@H](NC(=O)N3CCNC3=O)c3ccccc3)C(=O)N2[C@H]1C(=O)O,0,train,13.148421831695643,13.148421831695643,0.17484110528243502,-1.144783373225834,0.45444554983360785,26.625,461.50000000000017,438.31600000000026,461.13690445599997,170,0,0.327399384702813,-0.4796728023655437,0.4796728023655437,0.327399384702813,1.21875,1.90625,2.5,32.166906825411935,9.953744836891277,2.638889557437294,-2.4353965289221855,2.5035129662584223,-2.7079721156929626,8.013156735168275,-0.16074828435597857,3.2856788936058625,1.511737108919021,985.9522448712286,23.206377823327536,17.40149651436278,18.217993095290506,15.113898087833947,10.055796136911438,10.935448948166332,8.261158815152607,10.032043954525166,5.7375388579043936,7.3090694527518725,4.194530891097867,5.819927480707201,-3.28,13295223.64594906,21.93332784181894,8.005784463793704,3.636332817541784,187.41730742947271,25.95680293771018,23.499395300412623,0.0,11.814359458703011,0.0,18.031534312627993,9.589074368143644,19.28352128306594,0.0,11.761884949391115,30.33183534230805,19.410925891078243,17.83653526504271,0.0,29.079213315199816,41.607778720722116,0.0,25.750185273719946,0.0,42.09389215301143,13.08951281182515,35.89528683400505,0.0,0.0,15.950365812018994,9.589074368143644,0.0,11.761884949391115,80.04633036418004,14.383611552215466,0.0,25.452766720226204,30.33183534230805,0.0,0.0,0.0,148.14999999999998,58.09231152496118,29.079213315199816,0.0,6.544756405912575,12.10820789760957,4.899909730850477,16.66179468024159,44.179309741689295,0.0,15.950365812018994,0.0,-0.7204366779871829,1.3110376177687684,64.15983228160117,16.771802418474444,0.47629725424120317,-2.2021649141487627,4.135591126165031,0.0,3.984707560551994,0.0,0.45,32,4,11,0,3,3,1,0,1,6,4,12,5,0,3,3,4,0.0942000000000009,113.47790000000005,1,0,0,0,0,0,0,0,1,1,5,4,0,0,0,2,3,0,0,0,0,0,0,0,0,0,0,6,0,0,0,0,0,0,1,0,1,0,0,0,0,0,0,0,0,0,0,0,1,0,0,0,0,1,0,0,0,0,0,0,0,0,0,0,0,0,0,0,0,0,0,0,0,0,0,1,0,0,0,0,0,0,0,0,2
Drug_76,Nc1nc2[nH]nnc2c(=O)[nH]1,0,train,10.962592592592593,10.962592592592593,0.04958333333333376,-0.3877314814814812,0.4303161239320503,10.545454545454545,152.11700000000002,148.085,152.044658748,56,0,0.28197448572558687,-0.3692509339739148,0.3692509339739148,0.28197448572558687,1.4545454545454546,2.272727272727273,3.090909090909091,16.138859240047786,10.540527712602186,2.027942575381352,-1.8767509256338464,1.9613169503114511,-2.10366594676287,5.675470700068763,0.9538080095763326,2.337841088205032,3.024307136383607,441.02416352868136,7.8449349826912425,5.3272393461533625,5.3272393461533625,5.270856947829096,2.83722647082666,2.83722647082666,1.9601849495278452,1.9601849495278452,1.2191377206601814,1.2191377206601814,0.7774965332465049,0.7774965332465049,-1.92,514.325039405107,5.834283194759385,1.781046232647806,0.7407831621720292,59.63913992989844,5.733667477162185,0.0,11.16387793838399,5.948339280986494,5.559266895052007,0.0,9.778515705019029,5.098681808301038,4.983978520947208,5.098681808301038,5.213385095654868,0.0,0.0,0.0,0.0,17.112217219370486,0.0,25.37870575415136,0.0,0.0,5.733667477162185,10.35380407912383,0.0,0.0,11.29293437221419,5.948339280986494,0.0,0.0,25.37870575415136,0.0,0.0,0.0,4.794537184071822,0.0,11.16387793838399,0.0,113.34,0.0,4.794537184071822,0.0,17.02430689365476,5.647177220767728,0.0,0.0,0.0,0.0,25.37870575415136,5.733667477162185,0.0,0.0,16.988611111111112,9.311157407407407,5.317314814814815,0.04958333333333376,0.0,0.0,0.0,0.0,0.0,11,4,7,0,0,0,0,2,2,5,3,7,0,0,0,0,2,-1.3766000000000003,36.71679999999999,0,0,0,1,0,5,2,0,0,0,0,0,0,0,0,3,2,1,0,0,0,2,0,0,0,0,0,0,0,1,0,0,0,0,0,0,1,0,0,0,0,0,0,0,0,0,0,0,0,0,0,0,0,0,0,0,0,0,0,0,0,0,0,0,0,0,0,0,0,0,0,0,0,0,0,0,0,0,0,0,0,0,0,0,0
Drug_103,Cn1c(-c2ccc3c(c2)OCO3)cc(=O)c2ccccc21,0,train,12.289553335222978,12.289553335222978,0.02441373771730948,0.02441373771730948,0.6873554053057648,12.80952380952381,279.29499999999996,266.1909999999999,279.08954327600003,104,0,0.23080067569215404,-0.45359505525893473,0.45359505525893473,0.23080067569215404,1.0,1.8095238095238095,2.7142857142857144,16.696704109399672,10.075911098729305,2.152648576332323,-2.1242775934640097,2.354308761360427,-2.083132182283082,5.822687899321529,0.17366989484173967,2.9820233444250297,1.986177275824889,911.5425505925998,14.396976746569035,11.497867401595103,11.497867401595103,10.237183443017884,6.726884305977174,6.726884305977174,5.038035308170385,5.038035308170385,3.828365941653357,3.828365941653357,2.7358479608778765,2.7358479608778765,-2.7499999999999996,139314.16660484855,12.026055363321799,4.379619614205877,1.7969051818258168,120.71244695915955,14.040825555391454,0.0,16.92781405846835,6.792942306099827,0.0,0.0,4.794537184071822,0.0,0.0,0.0,12.13273413692322,30.33183534230805,24.06371475730059,11.210628712464722,9.473725907600098,10.902924932081056,0.0,4.567099647791355,7.04767198267719,0.0,6.792942306099827,58.754264123665244,0.0,22.756403153113265,14.90251629950064,0.0,11.49902366656781,0.0,11.360041953891182,7.04767198267719,0.0,0.0,53.3254737317647,0.0,22.160304418626517,0.0,40.46,0.0,4.794537184071822,0.0,12.221732698000368,5.749511833283905,27.90981625191042,0.0,6.06636706846161,54.07934110969981,0.0,9.473725907600098,12.753426288151214,0.0,12.289553335222978,0.7263827212983961,2.73207105064248,1.4561544154698918,15.003595183826514,0.0,0.24547375142027028,1.9600099206349206,0.11764705882352941,21,0,4,0,1,1,2,1,3,4,0,4,1,0,0,0,4,2.9342000000000015,80.74800000000003,0,0,0,0,0,1,0,0,0,0,0,0,0,0,0,1,0,0,0,0,0,0,0,0,0,0,0,0,0,0,1,0,0,0,2,0,2,0,0,0,0,2,0,0,0,0,0,0,0,0,0,0,0,0,0,0,0,0,0,0,0,0,0,0,1,0,0,0,0,0,0,0,0,1,0,0,0,0,0,0,0,0,0,0,0
Drug_214,C=C1C(=O)O[C@H]2[C@H]1CC/C(C)=C/CC[C@@]1(C)O[C@H]21,0,train,11.694853788737717,11.694853788737717,0.0671352985638698,-0.23265778533635695,0.2862371144515137,46.55555555555556,248.32199999999995,228.16199999999995,248.1412445,98,0,0.3337206028672057,-0.4554680267737086,0.4554680267737086,0.3337206028672057,1.5,2.2777777777777777,3.0555555555555554,16.647600274264413,9.83897048425418,2.6086763352278517,-2.1850384211421403,2.4921581812410634,-2.283581673702867,5.905118562541787,-0.13952642089074405,2.897192624023677,1.8718855808190114,437.0196679683535,12.91384908344359,11.069679854082832,11.069679854082832,8.51065579946675,6.7436257796454795,6.7436257796454795,5.980599994127725,5.980599994127725,4.571893762425775,4.571893762425775,3.2045258575543247,3.2045258575543247,-1.09,18095.865129651887,11.970186286959771,3.9535992028241194,1.8112085008859515,107.8403536634834,9.473725907600098,12.207932775496605,0.0,0.0,0.0,5.9693052879518484,0.0,4.794537184071822,0.0,0.0,18.228060320501644,39.53076089108528,11.49101057623066,5.601050810983688,14.268263091671919,5.9693052879518484,0.0,0.0,5.917906046161393,57.339744477565574,0.0,23.80116485057091,0.0,0.0,0.0,0.0,0.0,0.0,23.778288874432143,14.268263091671919,5.917906046161393,39.53076089108528,23.80116485057091,0.0,0.0,0.0,38.83,0.0,4.794537184071822,0.0,29.696194920593534,5.5731045300692665,25.683286491704038,5.5731045300692665,0.0,0.0,26.502430189813627,9.473725907600098,11.315517290249433,0.0,11.694853788737717,0.0,1.9137939342403631,-0.10231056311413478,0.0,6.254326814058956,8.173818735827664,0.0,0.6666666666666666,18,0,3,1,2,3,0,0,0,3,0,3,0,0,2,2,3,2.7620000000000013,68.01300000000003,0,0,0,0,0,0,0,0,0,0,1,1,0,0,0,0,0,0,0,0,0,0,0,0,0,0,2,0,0,0,0,0,0,0,0,0,3,0,0,1,1,2,0,0,0,0,0,0,0,0,0,0,0,0,0,0,0,0,0,0,0,0,0,0,0,0,0,0,0,0,0,0,0,0,0,0,0,0,0,0,0,0,0,0,0
Drug_252,C=C(C)[C@@H]1CC[C@]2(CO)CC[C@]3(C)[C@H](CC[C@@H]4[C@@]5(C)CC[C@H](O)C(C)(C)[C@@H]5CC[C@]43C)[C@@H]12,0,train,10.896213121447662,10.896213121447662,0.028958883395211243,-0.14673921388522793,0.45208924533457334,56.5,442.7280000000003,392.3280000000002,442.38108084,182,0,0.059374859630051124,-0.39578696387960194,0.39578696387960194,0.059374859630051124,0.8125,1.53125,2.1875,16.26862164262963,9.320065963482794,2.702229728205359,-2.72565482967953,2.7695856993908907,-2.663855228387132,5.210720311023875,-0.248930323043633,3.120242415006524,1.5488507327754666,785.7010978254434,23.319626477379405,21.843810180376245,21.843810180376245,14.872445326798076,13.816609585661404,13.816609585661404,14.582073409200307,14.582073409200307,13.53375858583434,13.53375858583434,11.547923744725784,11.547923744725784,-0.33999999999999997,13174983.338699091,23.404131730819746,7.094264934603656,2.662335393283648,197.19228104989278,10.213054789681411,0.0,0.0,0.0,0.0,0.0,0.0,0.0,0.0,0.0,46.77072621212088,127.7964360067416,6.606881964512918,6.103966387748303,10.213054789681411,0.0,0.0,0.0,56.66448257779085,111.85460581515214,6.606881964512918,12.152040213667764,0.0,0.0,0.0,0.0,0.0,0.0,22.92390314194263,0.0,56.66448257779085,105.75063942740384,12.152040213667764,0.0,0.0,0.0,40.46,0.0,10.213054789681411,0.0,16.933947326541862,40.60557151118743,18.256633715248796,63.36049913640336,0.0,0.0,48.12135888174224,0.0,0.0,0.0,0.0,21.543073628314936,2.6014198527526005,3.3289868079284557,0.0,12.217503626807831,19.725682750862852,0.0,0.9333333333333333,32,2,2,5,0,5,0,0,0,2,2,2,2,5,0,5,5,6.997200000000009,132.06160000000003,0,2,2,0,0,0,0,0,0,0,0,0,0,0,0,0,0,0,0,0,0,0,0,0,0,0,1,0,0,0,0,0,0,0,0,0,7,0,0,0,0,0,0,0,0,0,0,0,0,0,0,0,0,0,0,0,0,0,0,0,0,0,0,0,0,0,0,0,0,0,0,0,0,0,0,0,0,0,0,0,0,0,0,0,0
Drug_87,C=C(C)[C@@H]1CC[C@]2(C(=O)O)CC[C@]3(C)[C@H](CC[C@@H]4[C@@]5(C)CC[C@H](O)C(C)(C)[C@@H]5CC[C@]43C)[C@@H]12,0,train,12.755135988823863,12.755135988823863,0.020228444428480152,-0.5377183009274,0.43609774143169966,55.0,456.7110000000003,408.3270000000002,456.36034539599996,186,0,0.3094457065168938,-0.48081364076912236,0.48081364076912236,0.3094457065168938,0.8181818181818182,1.5151515151515151,2.1515151515151514,16.368328164573736,9.31973630691351,2.714856901252964,-2.7231846586718897,2.7705599382734767,-2.6662936061331117,5.758802759415216,-0.24767676006433306,3.1293786579500087,1.5651917176450345,860.6030229407056,24.18986996538248,22.04495168965356,22.04495168965356,15.255160827992318,13.824559372033201,13.824559372033201,14.52287890325912,14.52287890325912,13.472202448686204,13.472202448686204,11.50172808891443,11.50172808891443,-0.8300000000000001,18890622.573240202,23.89063250911185,7.109935629798443,2.7520231225622642,201.35380314993657,10.213054789681411,0.0,0.0,0.0,0.0,5.9693052879518484,4.794537184071822,0.0,0.0,0.0,46.77072621212088,122.38144553734482,0.0,11.518956857145081,15.007591973753234,5.9693052879518484,0.0,0.0,56.66448257779085,111.85460581515214,0.0,12.152040213667764,0.0,0.0,0.0,0.0,0.0,0.0,22.286326465381563,4.794537184071822,56.66448257779085,105.75063942740384,12.152040213667764,0.0,0.0,0.0,57.53,11.384295757348628,15.007591973753234,0.0,33.68183431149681,23.671624184645573,38.524929737556064,31.256391021773304,0.0,0.0,48.12135888174224,0.0,0.0,0.0,12.755135988823863,21.383221283366435,1.3549048762768563,1.7937493481029294,0.0,10.451061935015305,18.845259901747944,0.0,0.9,33,2,3,5,0,5,0,0,0,2,2,3,2,5,0,5,5,7.089500000000009,132.61160000000004,1,1,1,0,0,0,0,0,1,1,1,0,0,0,0,0,0,0,0,0,0,0,0,0,0,0,1,0,0,0,0,0,0,0,0,0,7,0,0,0,0,0,0,0,0,0,0,0,0,0,0,0,0,0,0,0,0,0,0,0,0,0,0,0,0,0,0,0,0,0,0,0,0,0,0,0,0,0,0,0,0,0,0,0,0
Drug_186,C[C@]12CC[C@H]3[C@@H](CC[C@H]4C[C@@H](O)CC[C@@]43C)[C@@H]1CCC2=O,0,train,12.3772814538656,12.3772814538656,0.012444452317964316,-0.05412988420676945,0.732972735378759,56.523809523809526,290.447,260.20699999999994,290.2245802,118,0,0.13855528441675471,-0.3931197276586114,0.3931197276586114,0.13855528441675471,1.0,1.8095238095238095,2.619047619047619,16.26601689214308,9.449784542706833,2.595300854927566,-2.5958442211281474,2.648732338390576,-2.5352348633347437,5.866938348851113,-0.14188124259092796,2.756935567914876,1.6375393766570925,458.4827066363416,14.828062645816686,13.606174262590882,13.606174262590882,9.949160848322624,9.163413310457061,9.163413310457061,9.003127504939815,9.003127504939815,8.347077650797935,8.347077650797935,7.0064770373540615,7.0064770373540615,-0.37,85969.52181428958,14.236799994770557,4.565586686358275,1.837078375399089,128.24064032509136,5.106527394840706,5.783244946364939,0.0,0.0,0.0,0.0,4.794537184071822,0.0,0.0,0.0,13.847474399381248,80.45318763745044,11.835812092322788,6.103966387748303,9.901064578912528,5.783244946364939,0.0,0.0,34.50160512343913,77.73883539346365,0.0,0.0,0.0,0.0,0.0,0.0,0.0,0.0,16.993738728953947,4.794537184071822,34.50160512343913,71.63486900571534,0.0,0.0,0.0,0.0,37.3,0.0,9.901064578912528,0.0,11.518956857145081,17.11614146192311,49.857826253114226,25.683286491704038,0.0,0.0,13.847474399381248,0.0,0.0,0.0,12.3772814538656,10.039894472060327,0.4520419579868986,3.5361541530192317,0.0,10.148127480158731,4.779833816242546,0.0,0.9473684210526315,21,1,2,4,0,4,0,0,0,2,1,2,0,4,0,4,4,3.959100000000003,82.74080000000005,0,1,1,0,0,0,0,0,0,0,1,1,0,0,0,0,0,0,0,0,0,0,0,0,0,0,0,0,0,0,0,0,0,0,0,0,5,0,0,0,0,0,0,0,0,0,0,0,0,0,0,1,1,0,0,0,0,0,0,0,0,0,0,0,0,0,0,0,0,0,0,0,0,0,0,0,0,0,0,0,0,0,0,0,0
Drug_225,Nc1ncn(C2O[C@H](CO)[C@@H](O)[C@H]2O)c(=O)n1,0,train,11.470870653817082,11.470870653817082,0.19630241139665672,-1.3499310279667431,0.4262474653048269,32.88235294117647,244.207,232.11099999999996,244.080769484,94,0,0.35377553359999364,-0.3935668538488262,0.3935668538488262,0.35377553359999364,1.4705882352941178,2.176470588235294,2.7058823529411766,16.563082588799958,10.129409323196072,2.4336567998313896,-2.155752475238545,2.2714058877031253,-2.3597184942724834,5.096429327413398,-0.055401200032169515,2.5654067136030916,2.3196952658217853,463.47391469481545,12.576985790260121,8.670986550251778,8.670986550251778,8.040912557858759,4.874101496834199,4.874101496834199,3.633272892075586,3.633272892075586,2.5367936290276374,2.5367936290276374,1.63972069343959,1.63972069343959,-1.5500000000000003,7816.79425634862,11.921540359013681,4.372750406697864,2.0017705966337545,95.11685725053702,25.790112615484354,24.639219238009446,6.22790117073487,5.948339280986494,0.0,5.689743398203474,4.567099647791355,9.778515705019029,4.983978520947208,0.0,0.0,0.0,0.0,6.606881964512918,20.056445138322168,5.948339280986494,0.0,14.53505668968577,0.0,24.539800333979777,12.340549441675103,16.811600657039836,0.0,0.0,11.423410875365658,5.948339280986494,0.0,0.0,54.773420001965704,4.736862953800049,0.0,6.22790117073487,11.121857258836364,0.0,0.0,0.0,143.72000000000003,36.83642569669617,15.007591973753232,0.0,5.948339280986494,0.0,10.894419722555895,0.0,0.0,0.0,9.967957041894415,15.57705782580294,6.036694066515495,0.0,18.42747023809524,28.089890925506005,4.456252204585538,-0.19630241139665672,0.0,-3.6744283824640984,-0.4729099741748548,0.0,0.625,17,5,9,0,1,1,0,1,1,9,4,9,2,0,1,1,2,-3.1679999999999997,53.71380000000001,0,3,3,1,0,3,0,0,0,0,0,0,0,0,0,3,0,1,0,0,0,0,0,0,0,0,0,0,0,1,0,0,0,0,0,0,0,0,0,0,0,1,0,0,0,0,0,0,0,0,0,0,0,0,0,0,0,0,0,0,0,0,0,0,0,0,0,0,0,0,0,0,0,0,0,0,0,0,0,0,0,0,0,0,0
Drug_154,COc1cc(/C=C/C(=O)N2CCC=CC2=O)cc(OC)c1OC,0,train,12.111089852607709,12.111089852607709,0.29556293801062883,-0.35360951016208886,0.7776601204486693,14.217391304347826,317.34100000000007,298.189,317.126322708,122,0,0.25294409847676863,-0.49269239885240235,0.49269239885240235,0.25294409847676863,1.1304347826086956,1.7826086956521738,2.3043478260869565,16.52999037768439,10.132790754022336,2.1878984346023826,-2.1915574356111063,2.3798961188946506,-2.3655318465194983,6.0647272151764025,-0.13855500376628188,2.5841117027630514,2.233418343835457,637.9427273424257,16.81962647737941,13.366770225330125,13.366770225330125,11.100085410374724,7.104447858362264,7.104447858362264,4.811163949354667,4.811163949354667,3.417278278171218,3.417278278171218,2.2618288376186215,2.2618288376186215,-2.7600000000000002,151080.0907020418,16.60778135983345,7.486864947105045,3.713826349987166,134.48424271877346,14.210588861400147,0.0,11.49902366656781,5.749511833283905,11.814359458703011,0.0,14.48898409899412,0.0,0.0,0.0,6.076020106833881,36.26904746521399,12.620776512746456,21.3293926238326,23.79966322954379,17.890379565536893,0.0,4.899909730850477,0.0,6.4208216229260096,27.874149029745176,35.92424594912186,0.0,17.248535499851716,14.210588861400147,0.0,17.248535499851716,0.0,44.58841821929866,9.589074368143644,0.0,11.984273114623004,30.360794457424863,0.0,6.076020106833881,0.0,65.07000000000001,0.0,9.589074368143644,0.0,11.814359458703011,35.77756502038729,0.0,38.38134256835084,24.284774350590983,0.0,0.0,14.210588861400147,15.770738394518608,0.0,24.973277804413264,0.0,0.7017134353741498,0.824609431990837,3.450518235071806,6.814851617771891,0.39658872055607297,4.56770236030337,0.29411764705882354,23,0,6,0,1,1,1,0,1,5,0,6,5,0,0,0,2,2.0407,85.60900000000004,0,0,0,0,0,0,0,0,0,0,2,2,0,0,0,1,0,0,0,0,0,0,0,0,0,0,0,2,0,0,0,0,0,0,1,0,0,0,0,0,0,3,0,0,0,0,0,0,1,0,0,0,0,0,0,3,0,0,0,0,0,0,0,0,0,0,0,0,0,0,0,0,0,0,0,0,0,0,0,0,0,0,0,0,0
Drug_100,CCN1C[C@]2(COC)CC[C@H](OC)[C@@]34C1[C@]1(OCO[C@@]15C[C@H](OC)[C@H]1C[C@@H]3[C@@H]5[C@H]1OC)[C@@H](O)[C@H]24,0,train,12.611829648526077,12.611829648526077,0.024048458889728286,-0.8250746409674976,0.6108227252657548,61.05882352941177,479.6140000000002,438.2860000000003,479.2883026519999,192,0,0.14826216343239196,-0.3895895904688959,0.3895895904688959,0.14826216343239196,1.088235294117647,1.911764705882353,2.588235294117647,16.74008147181487,9.423923132208172,2.931013197098389,-2.6961325717992,2.818889669566698,-2.807671441089417,5.423344115210589,-0.28671573296473724,3.418019594489899,1.5496179965994505,859.005765886486,23.67299762850793,21.19692360598211,21.19692360598211,16.467840209615282,13.24360819765857,13.24360819765857,12.246096877390858,12.246096877390858,12.049832870952352,12.049832870952352,11.72627819946037,11.72627819946037,-0.32,102239364.60387376,22.84508885600936,7.160307831598007,2.047506459089576,202.0573246124808,33.527705117641,17.995043928067204,0.0,0.0,0.0,0.0,4.899909730850477,0.0,0.0,0.0,6.923737199690624,31.725127320851996,69.98846727122644,37.064588344654084,33.527705117641,0.0,0.0,4.899909730850477,34.50160512343913,74.2668316935032,54.92852724754802,0.0,0.0,0.0,0.0,0.0,0.0,0.0,106.59477237534774,28.421177722800294,34.50160512343913,32.60702369139466,0.0,0.0,0.0,0.0,78.85000000000001,17.30606800971568,5.106527394840706,0.0,53.812475329609036,18.442694056835705,38.77279930352918,0.0,7.109797541277533,21.3293926238326,11.823646930541102,28.421177722800294,38.313707459459394,0.0,2.609956065759637,12.611829648526077,-1.8299476804610724,0.8131359966826226,0.03781793272864675,3.199154567691273,4.926035682791635,7.318310326821781,1.0,34,1,8,5,2,7,0,0,0,8,1,8,6,5,2,7,7,1.2907000000000022,121.10180000000007,0,1,1,0,0,0,0,0,0,0,0,0,0,0,0,1,0,0,0,1,1,0,0,0,0,0,0,0,0,0,0,0,0,0,0,0,1,0,0,0,0,6,0,0,0,0,0,0,0,0,0,0,0,0,0,4,0,0,0,0,0,0,0,0,0,0,0,0,0,1,0,0,0,0,0,0,0,0,0,0,0,0,0,0,0
Drug_101,CCN1C[C@]2(C)CC[C@H](OC)[C@@]34C1[C@]1(OCO[C@@]15C[C@H](OC)[C@H]1C[C@]3(O)[C@@H]5[C@H]1OC)[C@@H](OC(C)=O)[C@H]24,0,train,13.40258030990174,13.40258030990174,0.03172897245317863,-1.1634400982615265,0.5534247995043629,60.19444444444444,507.6240000000003,466.2960000000003,507.2832172719999,202,0,0.30251991072338796,-0.4589386327589249,0.4589386327589249,0.30251991072338796,1.1111111111111112,1.8888888888888888,2.5277777777777777,16.746157683482913,9.40850132914408,2.972988421979257,-2.714059124367243,2.833195037447763,-2.851689453029149,5.667358434962819,-0.3318001676906225,3.3957610606019255,1.6105718860130118,979.420319536934,25.46589084732138,22.3207148460698,22.3207148460698,17.162998654748886,13.664461607664892,13.664461607664892,12.861022076940179,12.861022076940179,12.169719604004316,12.169719604004316,11.743987967958699,11.743987967958699,-0.81,185505825.48444608,24.245652955315,7.227024416547418,2.15972932430861,212.5837888269212,33.527705117641,18.49795950483182,5.601050810983688,0.0,0.0,5.9693052879518484,9.694446914922299,0.0,0.0,0.0,13.847474399381248,31.22221174408738,58.97242599084598,35.36978127277333,38.32224230171282,5.9693052879518484,0.0,4.899909730850477,28.583699077277736,93.71535690386814,41.21184774175758,0.0,0.0,0.0,0.0,0.0,0.0,0.0,104.44844896849284,33.215714906872115,28.583699077277736,46.454498090775914,0.0,0.0,0.0,0.0,95.92000000000002,28.322109290096144,9.901064578912528,0.0,60.2846961943255,12.841643245852019,25.931156057677168,6.923737199690624,21.3293926238326,0.0,18.747384130231726,28.421177722800294,38.69549654352481,0.0,15.27171322541362,13.40258030990174,-3.9356991685563107,-0.7714447908793145,-0.22380810657596406,1.6916723356009054,7.7237357751742675,5.229087209729571,0.9629629629629629,36,1,9,5,2,7,0,0,0,9,1,9,5,5,2,7,7,1.3499000000000017,125.90680000000008,0,1,0,0,0,0,0,0,0,0,1,1,0,0,0,1,0,0,0,1,1,0,0,0,0,0,0,0,0,0,0,0,0,0,0,0,1,0,0,0,1,6,0,0,0,0,0,0,0,0,0,0,0,0,0,3,0,0,0,0,0,0,0,0,0,0,0,0,0,1,0,0,0,0,0,0,0,0,0,0,0,0,0,0,0
Drug_145,COc1ccc2[nH]cc(CCNC(C)=O)c2c1,0,train,10.797336554622358,10.797336554622358,0.0022424309229867045,0.0022424309229867045,0.8449349532973586,10.470588235294118,232.28299999999996,216.15499999999997,232.121177752,90,0,0.21638288980463508,-0.49674296806651436,0.49674296806651436,0.21638288980463508,1.4705882352941178,2.2941176470588234,3.0,16.46529525376336,10.109295857476551,2.045352981209706,-2.0250912308386133,2.2313732020465777,-2.2173060722158144,5.843036555334394,-0.11842559433265197,2.7107543320649428,2.186875917592564,531.1990260144933,12.25071237662706,10.040111220059325,10.040111220059325,8.202708600407233,5.588987503016486,5.588987503016486,3.9583906976798025,3.9583906976798025,2.742873393749266,2.742873393749266,1.864527646825243,1.864527646825243,-1.9700000000000002,10013.5265026479,11.513497683888868,4.908146397569112,2.5842988253882706,99.9718681573882,15.037630078753587,5.749511833283905,0.0,5.907179729351506,0.0,0.0,4.794537184071822,0.0,0.0,0.0,0.0,30.183374320007836,30.568262109297333,7.109797541277533,9.53140013787187,16.810104661432565,0.0,10.300767124953538,0.0,13.344558822616634,13.65455394719011,29.959396268694903,0.0,5.749511833283905,10.05365155780638,0.0,5.749511833283905,0.0,24.54571219748882,11.21535880699783,0.0,12.487188691387619,24.395944776997908,0.0,10.902924932081056,0.0,54.12,0.0,4.794537184071822,0.0,5.907179729351506,6.544756405912575,23.073258388290974,12.487188691387619,7.109797541277533,24.395944776997908,10.300767124953538,4.736862953800049,5.205741738053246,0.0,14.006677068605729,3.9408971875787353,2.274328703703704,0.8474990026874951,5.931978904216007,2.790347694633409,2.178323465188545,1.6575395686664627,0.3076923076923077,17,2,4,0,0,0,1,1,2,2,2,4,4,0,0,0,2,1.8550999999999997,67.23840000000003,0,0,0,0,0,1,1,0,0,0,1,1,0,0,0,0,2,0,0,0,0,1,0,0,0,0,0,1,0,0,0,0,0,0,1,0,1,0,0,0,0,1,0,0,0,0,0,0,0,0,0,0,0,0,0,1,0,0,0,0,0,0,0,0,0,0,0,0,0,0,0,0,0,0,0,0,0,0,0,0,0,0,0,0,0
Drug_126,CN(C)Cc1c[nH]c2ccccc12,0,train,3.266851851851852,3.266851851851852,0.9900925925925925,0.9900925925925925,0.7393430941247411,11.307692307692308,174.24699999999999,160.13499999999996,174.115698448,68,0,0.04567946120443572,-0.3608393792052463,0.3608393792052463,0.04567946120443572,1.2307692307692308,2.0,2.769230769230769,15.04925336486265,10.1540108334056,2.018976201044247,-2.0698064242387377,2.1760239137994506,-2.094596833575194,5.824266400403655,0.4039064958120894,2.4849228609060745,2.4565877422952416,401.13741294975756,9.259148545064338,8.041071722634637,8.041071722634637,6.270856947829096,4.46890888598928,4.46890888598928,3.5972803349455513,3.5972803349455513,2.161491529385364,2.161491529385364,1.6031186937447304,1.6031186937447304,-1.2799999999999998,1441.2552593255232,8.324208694276335,3.225521047241006,1.5791053362428094,78.17688808563966,9.883888251797686,0.0,0.0,0.0,0.0,0.0,0.0,0.0,0.0,0.0,18.19910120538483,25.725162525512985,23.64452490960671,0.0,0.0,10.902924932081056,0.0,9.883888251797686,0.0,6.544756405912575,14.09534396535438,36.02576333715651,0.0,0.0,0.0,0.0,0.0,0.0,23.979232217152063,6.544756405912575,0.0,5.563451491696996,30.462311845459514,0.0,10.902924932081056,0.0,19.03,0.0,0.0,0.0,0.0,0.0,6.544756405912575,16.466376423778055,0.0,0.0,54.44154406261158,0.0,0.0,0.0,5.443055555555556,1.329814814814815,2.5832870370370373,0.0,8.39560185185185,2.087962962962963,0.9900925925925925,4.170185185185185,0.2727272727272727,13,1,2,0,0,0,1,1,2,1,1,2,2,0,0,0,2,2.2295,55.68970000000003,0,0,0,0,0,1,1,0,0,0,0,0,0,0,0,1,1,0,0,0,0,1,0,0,0,0,0,0,0,0,0,0,0,0,1,0,1,0,0,0,0,0,0,0,0,0,0,0,0,0,0,0,0,0,0,0,0,0,0,0,0,0,0,0,1,0,0,0,0,0,0,0,0,0,0,0,0,0,0,0,0,0,0,0,0
Drug_195,CSc1ccc2c(c1)C(N1CCN(C)CC1)Cc1ccccc1S2,0,train,2.7,2.7,0.4971759259259261,0.4971759259259261,0.7353683668937369,21.833333333333332,356.56,332.36800000000005,356.138090768,126,0,0.04010453405435066,-0.3038253073577054,0.3038253073577054,0.04010453405435066,1.0,1.7916666666666667,2.5833333333333335,32.16772188659218,9.964476798909017,2.2897166104047684,-2.3810147715205834,2.4350904494776913,-2.4599089749729175,7.992743793354827,0.10948567741078628,2.7813941427035114,1.7586287856766827,723.3288298993167,16.518297090128677,14.36525983137739,15.998252993232843,11.741514740667455,8.60680523202829,10.648046684347605,6.6727079190197784,8.6361376867615,5.160380870364478,7.095602175335255,3.675015328985154,5.238856384995519,-0.9400000000000001,516994.4176691579,16.52424008825492,7.123794974908324,3.2505631171456533,153.16225932481262,4.899909730850477,0.0,0.0,0.0,0.0,0.0,4.899909730850477,0.0,0.0,11.761884949391115,29.960986154775945,55.116634046355024,46.90731687935158,0.0,0.0,23.52376989878223,0.0,9.799819461700954,0.0,27.149112878627296,39.482466789838895,53.59147246262526,0.0,0.0,0.0,0.0,0.0,23.52376989878223,49.282286251539844,6.4208216229260096,0.0,17.16874381254195,57.151019905784594,0.0,0.0,0.0,6.48,0.0,0.0,0.0,0.0,6.041840829147961,19.510334434751158,38.90286622177247,0.0,23.52376989878223,65.56783010712081,0.0,0.0,3.7898470700008393,9.36960120622323,0.0,3.0147524565381714,0.0,16.466852534223566,3.29454758755354,4.666224647266313,2.2315078315276726,0.4,24,0,2,0,2,2,2,0,2,4,0,4,2,0,1,1,4,4.4043000000000045,104.30300000000004,0,0,0,0,0,0,0,0,0,0,0,0,0,0,0,2,0,0,0,1,0,0,0,0,0,0,0,0,0,0,0,0,0,0,2,0,2,0,0,0,0,0,0,0,0,0,0,0,0,0,0,0,0,0,0,0,0,0,0,0,0,0,0,0,0,0,0,0,0,0,1,0,0,0,0,1,0,0,0,0,0,0,0,0,0
Drug_3,O=S(=O)(O)c1cc(S(=O)(=O)O)c2c(/N=N/c3ccccc3)c(O)ccc2c1,1,train,11.788991122313632,11.788991122313632,0.0022577055513559596,-4.922737964012762,0.4410376395181573,12.666666666666666,408.41300000000007,396.31700000000023,408.008592724,140,0,0.29476450937432846,-0.5055923558981411,0.5055923558981411,0.29476450937432846,0.7777777777777778,1.4444444444444444,2.037037037037037,32.24129688347224,10.08540142224259,2.2338625878002385,-2.098626220640305,2.403845197906585,-2.041439428180849,7.864286195699337,0.47664113411386,2.5893761243157,2.375579592650061,1269.116685216244,19.819626477379405,13.381710142989604,15.014703304845057,12.570516776351216,7.286951465475749,10.16707812307703,5.438499013751999,8.249995299483105,3.6038028370303503,5.313012167646214,2.4273070869511995,3.792959560518716,-2.8599999999999994,756242.833363146,18.91702372429312,6.701777621690427,3.9541384642891395,153.6684454740625,5.106527394840706,16.33238158348524,0.0,0.0,20.236253718067108,0.0,9.105499747380728,0.0,21.949844094287272,5.114250125629398,24.26546827384644,35.71805955677285,5.386224214464796,10.582869750201336,31.047621110879305,42.38347469636383,0.0,0.0,10.228500251258795,9.79096695103555,0.0,54.59730361615449,0.0,5.749511833283905,0.0,11.374772549367124,5.749511833283905,0.0,31.047621110879305,20.236253718067108,0.0,0.0,74.61677081844884,0.0,10.772448428929591,0.0,153.68999999999997,35.77673250238656,31.047621110879305,0.0,16.459834703613154,11.753753343145172,12.13273413692322,6.06636706846161,30.33183534230805,0.0,10.228500251258795,0.0,65.1287693237329,0.0,-1.5788892376662935,17.620432912362478,0.1275283446712021,-0.4382530234315951,12.31055735042467,0.0,0.0,-9.670145670093357,0.0,27,3,9,0,0,0,3,0,3,7,3,11,4,0,0,0,3,3.454200000000002,95.86000000000003,0,0,0,0,0,0,0,1,0,0,0,0,0,0,0,2,0,0,0,0,0,0,0,0,0,0,0,0,0,0,0,0,1,0,3,0,1,0,0,0,0,0,0,0,0,0,0,0,0,0,0,0,0,0,0,0,0,0,0,0,0,0,0,0,0,1,1,0,0,0,0,0,0,0,0,0,0,0,0,0,0,0,0,0,0
Drug_21,Cc1cc(C)c(/N=N/c2c(O)c(S(=O)(=O)O)cc3cc(S(=O)(=O)O)ccc23)cc1C,1,train,11.69758530871919,11.69758530871919,0.0012116822037457897,-4.862845114483145,0.3935041736178864,12.7,450.4940000000002,432.35000000000025,450.0555429159999,158,0,0.29782300831399755,-0.5043012310665679,0.5043012310665679,0.29782300831399755,0.7666666666666667,1.4,2.0,32.24121764609825,10.055159886222024,2.2258481730720163,-2.0990566510395694,2.4174403893373664,-2.0031228674634716,7.857890683459565,0.4447108853727128,2.6191547091474217,2.318788777750757,1427.2487699375142,22.430356941388638,16.14965933542073,17.782652497276178,13.785730831514488,8.530968401332043,11.411095058933324,6.827945027431474,9.639441313162582,4.668215808075853,6.384881792283473,2.9449377757226403,4.077753460132504,-2.8599999999999985,2300804.31171468,21.83946096024729,7.434589150219902,4.188679820522975,172.76327181725236,5.106527394840706,10.582869750201336,5.749511833283905,0.0,20.236253718067108,0.0,9.105499747380728,0.0,21.949844094287272,5.114250125629398,12.13273413692322,67.11325856247409,5.386224214464796,10.582869750201336,31.04762111087931,42.38347469636383,0.0,0.0,10.228500251258795,30.562178550107422,0.0,53.08855688586065,0.0,5.749511833283905,0.0,11.374772549367124,5.749511833283905,0.0,31.04762111087931,20.236253718067108,20.771211599071872,16.690354475090988,56.417669613064,0.0,10.772448428929591,0.0,153.69,35.776732502386565,31.04762111087931,0.0,16.459834703613154,5.687386274683562,34.88945568047582,6.06636706846161,6.06636706846161,26.83757866753348,10.228500251258795,0.0,64.92122582796316,0.0,-1.3582254474588522,18.696173338162424,3.001219255093732,-0.8381089905097843,7.872254964026473,0.0,5.632136134211697,-9.426675081488842,0.15789473684210525,30,3,9,0,0,0,3,0,3,7,3,11,4,0,0,0,3,4.379460000000003,110.07100000000004,0,0,0,0,0,0,0,1,0,0,0,0,0,0,0,2,0,0,0,0,0,0,0,0,0,0,0,0,0,0,3,0,1,0,3,0,1,0,0,0,0,0,0,0,0,0,0,0,0,0,0,0,0,0,0,0,0,0,0,0,0,0,0,0,0,1,1,0,0,0,0,0,0,0,0,0,0,0,0,0,0,0,0,0,0
Drug_22,Cc1ccc(/N=N/c2c(O)c(S(=O)(=O)O)cc3cc(S(=O)(=O)O)ccc23)c(C)c1,1,train,11.65292966133627,11.65292966133627,0.00011857520786140441,-4.85612700748726,0.4112397351789666,12.689655172413794,436.4670000000002,420.3390000000002,436.0398928519999,152,0,0.2978230083139975,-0.5043012310665752,0.5043012310665752,0.2978230083139975,0.8275862068965517,1.5172413793103448,2.103448275862069,32.241217488126104,10.085617944584966,2.2252726583503883,-2.095474072973624,2.4162581226824282,-2.003060159614106,7.857888654786813,0.44471077672364256,2.594045899482461,2.3119123411740454,1379.0752913206743,21.56011345338556,15.227009604610352,16.860002766465804,13.375047228991528,8.114301734665375,10.994428392266656,6.394932325539254,9.206428611270363,4.208241010249,5.924906994456618,2.8095050103048247,3.942320694714688,-2.8599999999999985,1547880.1584506817,20.863537354349184,7.189798107556484,4.271173034384368,166.39832970285573,5.106527394840706,10.582869750201336,5.749511833283905,0.0,20.236253718067108,0.0,9.105499747380728,0.0,21.949844094287272,5.114250125629398,23.762552697081826,49.06261837938948,5.386224214464796,10.582869750201336,31.04762111087931,42.38347469636383,0.0,0.0,10.228500251258795,23.638441350416798,0.0,53.59147246262526,0.0,5.749511833283905,0.0,11.374772549367124,5.749511833283905,0.0,31.04762111087931,20.236253718067108,13.847474399381248,11.126902983393991,62.484036681525616,0.0,10.772448428929591,0.0,153.69,35.776732502386565,31.04762111087931,0.0,16.459834703613154,5.687386274683562,29.32600418877882,6.06636706846161,19.056471336613846,12.990104268152233,10.228500251258795,0.0,64.70573866749346,0.0,-1.359897066851432,18.536950349584277,1.9768081969759643,-0.839703378264886,9.53225441786882,0.0,3.6963707938085646,-9.415188647281447,0.1111111111111111,29,3,9,0,0,0,3,0,3,7,3,11,4,0,0,0,3,4.071040000000003,105.33400000000005,0,0,0,0,0,0,0,1,0,0,0,0,0,0,0,2,0,0,0,0,0,0,0,0,0,0,0,0,0,0,2,0,1,0,3,0,1,0,0,0,0,0,0,0,0,0,0,0,0,0,0,0,0,0,0,0,0,0,0,0,0,0,0,0,0,1,1,0,0,0,0,0,0,0,0,0,0,0,0,0,0,0,0,0,0
Drug_7,O=S(=O)(O)c1ccc(/N=N/c2c(O)ccc3cc(S(=O)(=O)O)ccc23)cc1,1,train,11.240815940235686,11.240815940235686,0.0631888936130014,-4.374769762014079,0.44103763951815717,12.666666666666666,408.4130000000001,396.3170000000002,408.0085927239999,140,0,0.2940331851009245,-0.5055931440140845,0.5055931440140845,0.2940331851009245,0.7037037037037037,1.2962962962962963,1.8888888888888888,32.24121658904506,10.089196819401712,2.130932180177973,-2.054473631905898,2.3658702472685147,-1.9683363017871143,7.856794400382344,0.4767832156366897,2.590356340071273,2.033086639219368,1266.1166852162437,19.819626477379405,13.381710142989604,15.014703304845057,12.55368002394561,7.280968401332042,10.161095058933324,5.460271135477496,8.30334553637219,3.639442283238072,5.356979084174975,2.3380415879321093,3.333969871709697,-2.859999999999999,753866.2249382624,18.91702372429312,6.701777621690427,4.113435211085865,153.6684454740625,5.106527394840706,11.436898107967467,0.0,0.0,20.236253718067108,0.0,9.105499747380728,0.0,21.949844094287272,5.114250125629398,12.13273413692322,47.85079369369607,5.386224214464796,15.478353225719111,31.04762111087931,42.38347469636383,0.0,0.0,10.228500251258795,9.79096695103555,0.0,54.59730361615449,0.0,5.749511833283905,0.0,11.374772549367124,5.749511833283905,0.0,31.04762111087931,20.236253718067108,0.0,0.0,74.61677081844884,0.0,10.772448428929591,0.0,153.69,20.236253718067108,21.942121363498583,0.0,26.915251333686577,10.772448428929591,18.19910120538483,36.39820241076966,0.0,0.0,10.228500251258795,9.105499747380728,62.593638195811224,0.0,-0.600388417657953,18.665459163935445,0.32092887849584395,-0.20795209750566834,11.42327746691473,0.0,0.0,-8.694963189993627,0.0,27,3,9,0,0,0,3,0,3,7,3,11,4,0,0,0,3,3.454200000000001,95.86000000000003,0,0,0,0,0,0,0,1,0,0,0,0,0,0,0,2,0,0,0,0,0,0,0,0,0,0,0,0,0,0,0,0,1,0,3,0,1,0,0,0,0,0,0,0,0,0,0,0,0,0,0,0,0,0,0,0,0,0,0,0,0,0,0,0,0,1,1,0,0,0,0,0,0,0,0,0,0,0,0,0,0,0,0,0,0
Drug_175,N/N=C1\N=NC=C2C=CC=CC21,0,train,5.159242252456538,5.159242252456538,0.09490740740740722,0.09490740740740722,0.4216115679015003,28.833333333333332,160.17999999999998,152.11599999999999,160.074896256,60,0,0.18114117598090973,-0.3214152931239187,0.3214152931239187,0.18114117598090973,1.4166666666666667,2.3333333333333335,3.1666666666666665,15.23398849233684,9.936584343707747,2.199096812074613,-2.1601701878079207,2.234780678759308,-2.164491699397137,5.902140504930038,0.9445817799732488,2.16854290746428,2.415869004162965,332.967023213677,8.38890505706126,6.383092670827256,6.383092670827256,5.91501490017253,3.651645246706866,3.651645246706866,2.5535556698192807,2.5535556698192807,1.839903111292845,1.839903111292845,1.2381876741945468,1.2381876741945468,-1.7099999999999995,902.1138495051405,6.967210289014711,2.7309251955115856,0.9719820938830148,69.86550147259148,5.842670270266239,0.0,5.835619785757269,0.0,0.0,0.0,0.0,0.0,10.21565765136912,5.114250125629398,24.304080427335524,5.5731045300692665,0.0,12.117860935981842,0.0,5.835619785757269,0.0,0.0,27.09048409342615,0.0,0.0,36.07713984722524,0.0,0.0,5.842670270266239,0.0,0.0,0.0,5.835619785757269,0.0,5.917906046161393,0.0,51.40704762422375,0.0,0.0,0.0,63.099999999999994,0.0,0.0,0.0,5.917906046161393,5.835619785757269,5.5731045300692665,0.0,6.199954889820448,24.304080427335524,15.329907776998517,5.842670270266239,0.0,0.0,0.0,11.163611111111111,1.0802777777777781,5.817205215419501,0.0,9.605572562358276,0.0,0.0,0.125,12,2,4,1,1,2,0,0,0,3,1,4,0,0,0,0,2,1.3505,46.3314,0,0,0,0,0,0,0,0,0,0,0,0,0,0,0,3,0,1,0,0,0,0,0,0,0,0,3,0,1,0,0,0,1,0,0,0,1,0,0,0,0,0,0,0,0,0,1,0,0,0,0,0,0,0,0,0,0,0,0,0,0,0,0,0,0,0,0,0,0,0,0,0,0,0,0,0,0,0,0,0,0,0,0,0,0
Drug_32,CC/N=c1\cc2oc3cc(NCC)c(C)cc3c(-c3ccccc3C(=O)OCC)c-2cc1C,1,train,12.852787109091672,12.852787109091672,0.3243366911903933,-0.3282327249336625,0.279082010983866,11.848484848484848,442.5590000000002,412.31900000000024,442.2256428199999,170,0,0.33824541513437645,-0.4623753577558655,0.4623753577558655,0.33824541513437645,1.0,1.7878787878787878,2.515151515151515,16.532237868286202,9.889967898925473,2.227993326293212,-2.193885203237404,2.425041435631638,-2.1010343733111223,6.080966043422337,0.052703475761653976,2.796768832253431,2.153472593302304,1367.799471064947,23.534804948073724,19.912080963968197,19.912080963968197,15.977095508086471,11.5066313593904,11.5066313593904,8.04593079799807,8.04593079799807,5.770735241725646,5.770735241725646,4.288297397058055,4.288297397058055,-3.599999999999999,27552032.538684808,22.58884316415181,9.489925047624137,4.230717143736535,194.01582879609316,14.470802494859727,11.343267560516683,0.0,0.0,0.0,5.9693052879518484,4.992404732635668,4.794537184071822,0.0,0.0,18.19910120538483,69.50814167892894,47.42276042129072,17.527563904516217,13.948551074925218,22.62593591874245,0.0,0.0,4.992404732635668,34.61868599845312,25.0131833803444,70.57852147109017,0.0,22.450601893965427,10.674019052312635,5.687386274683562,0.0,0.0,25.66570006428992,4.736862953800049,13.847474399381248,42.256103258234674,57.940492217381895,0.0,33.41984625007247,0.0,63.83,0.0,4.794537184071822,0.0,5.9693052879518484,18.71508986212249,62.1361223623689,0.0,0.0,50.24567681015091,43.21313907263709,9.154013890853395,11.800416547804716,0.0,17.47636976187526,5.2798707827432585,7.248372205746396,0.4081223340652458,15.900153031509,0.0,11.886695336256121,0.0,0.2857142857142857,33,1,5,1,1,2,2,0,2,5,1,5,6,0,0,0,4,6.350540000000006,133.97019999999995,0,0,0,0,0,0,0,0,0,0,1,1,0,0,0,1,1,0,0,0,0,0,0,0,0,0,0,0,0,1,2,0,0,0,3,0,2,0,0,0,1,1,0,0,0,0,0,0,0,0,0,0,0,0,0,0,0,0,0,0,0,0,0,0,0,0,0,0,0,0,0,0,0,0,0,0,0,0,0,0,0,0,0,0,0
Drug_107,CN[C@@H]1[C@H](O[C@H]2[C@H](O[C@@H]3[C@@H](O)[C@H](O)[C@@H](NC(=N)N)[C@H](O)[C@H]3NC(=N)N)O[C@@H](C)[C@]2(O)CO)O[C@@H](CO)[C@H](O)[C@H]1O,0,train,11.28546214307578,11.28546214307578,0.6196967762414818,-2.1516686649790002,0.08841059019741007,47.55,583.5960000000005,542.2680000000003,583.281319752,232,0,0.18737623000163664,-0.393566528817582,0.393566528817582,0.18737623000163664,0.825,1.4,1.925,16.761434407556024,9.80808240299052,2.6005872421187517,-2.473045239175388,2.381511859737924,-2.733130797731206,5.754596386380268,-0.3177426872294515,3.130220139184528,1.931866654175159,892.9437984894709,30.10156533771294,21.86251979526222,21.86251979526222,18.707869428399547,12.559219420760709,12.559219420760709,10.113937630377595,10.113937630377595,7.6101632668650945,7.6101632668650945,5.267472287218109,5.267472287218109,-1.98,309841678.95483994,32.53349887275253,12.899694489000014,6.1113026345358525,228.52872073414875,87.21737174026923,48.3288155252218,24.499162596158094,0.0,0.0,0.0,10.818567211583044,0.0,0.0,0.0,0.0,13.971409182367815,0.0,43.54721919196632,59.799670973925835,11.91910913748767,10.818567211583044,15.950365812018994,11.46733495432437,98.16606144652333,20.261435911703025,0.0,0.0,0.0,27.417700766343362,0.0,0.0,0.0,164.27508845474907,18.947451815200196,10.818567211583044,6.923737199690624,0.0,0.0,0.0,0.0,334.5900000000001,116.37519731334623,40.85221915872564,0.0,0.0,0.0,0.0,13.971409182367815,0.0,0.0,15.950365812018994,41.23335398110761,23.15681044817027,0.0,0.0,106.7577222239564,8.63719452968617,-1.2602110844057264,-3.876847712158912,-16.889240887851724,-0.21023056962298226,1.434803052226497,0.9047619047619048,40,17,19,1,2,3,0,0,0,15,15,19,9,1,2,3,3,-7.948360000000005,132.4207,0,8,7,0,0,0,0,0,0,0,0,0,0,0,0,0,5,2,0,1,0,0,0,0,0,0,0,0,0,0,0,0,0,0,0,0,0,0,0,0,0,4,0,2,0,0,0,0,0,0,0,0,0,0,0,0,0,0,0,0,0,0,0,0,0,0,0,0,0,0,0,0,0,0,0,0,0,0,0,0,0,0,0,0,0
Drug_160,CN[C@@H]1[C@H](O[C@H]2[C@H](O[C@@H]3[C@@H](O)[C@H](O)[C@@H](NC(=N)N)[C@H](O)[C@H]3NC(=N)N)O[C@@H](C)[C@]2(O)C=O)O[C@@H](CO)[C@H](O)[C@H]1O,0,train,12.063107092588133,12.063107092588133,0.13572250801146923,-2.3877797760901114,0.06821995634343438,47.425,581.5800000000004,542.2680000000003,581.2656696879999,230,0,0.18776120915708883,-0.3935665288175553,0.3935665288175553,0.18776120915708883,0.9,1.475,2.0,16.7608618143993,9.808141816541907,2.604157801677403,-2.471721950515858,2.374424990694151,-2.7330165052670488,5.755031198164238,-0.314326243503687,3.130220139184528,1.937768964383141,921.2315144237485,30.10156533771294,21.693797978229206,21.693797978229206,18.707869428399547,12.413815659140928,12.413815659140928,9.969745482301567,9.969745482301567,7.455998326992015,7.455998326992015,5.176510365280368,5.176510365280368,-2.27,309841678.95483994,32.24716440618017,12.713947053534865,6.00299760394404,227.8960090819965,82.1108443454285,42.72776471423811,36.38637393027133,0.0,0.0,0.0,15.613104395654865,0.0,0.0,0.0,0.0,13.971409182367815,0.0,36.940337227453405,59.48768076315695,18.205269660617226,10.818567211583044,15.950365812018994,11.46733495432437,98.16606144652333,13.654553947190108,0.0,0.0,0.0,27.417700766343362,0.0,0.0,0.0,158.84783961852497,23.741988999272017,10.818567211583044,6.923737199690624,0.0,0.0,0.0,0.0,331.43000000000006,109.76831534883331,40.540228947956756,0.0,6.2861605231295545,0.0,0.0,13.971409182367815,0.0,0.0,15.950365812018994,41.23335398110761,22.932235618238295,0.0,12.063107092588133,96.37050003247514,8.378429573779606,-1.2874605997613022,-3.953146685451933,-17.280916102818335,0.6126061977362411,1.4146448732141512,0.8571428571428571,40,16,19,1,2,3,0,0,0,15,14,19,9,1,2,3,3,-7.741760000000005,131.39890000000003,0,7,6,0,0,0,0,0,0,0,1,1,0,0,0,0,5,2,0,1,0,0,0,1,0,0,0,0,0,0,0,0,0,0,0,0,0,0,0,0,0,4,0,2,0,0,0,0,0,0,0,0,0,0,0,0,0,0,0,0,0,0,0,0,0,0,0,0,0,0,0,0,0,0,0,0,0,0,0,0,0,0,0,0,0
Drug_139,COc1ccc(CC2c3cc(OC)c(OC)cc3CCN2C)cc1OC,0,train,5.522832309819142,5.522832309819142,0.2746825396825394,0.2746825396825394,0.7913980598063086,16.73076923076923,357.45000000000016,330.23400000000004,357.194008344,140,0,0.1605676708526371,-0.49286997863838966,0.49286997863838966,0.1605676708526371,0.8461538461538461,1.4615384615384615,2.1153846153846154,16.51220635650843,9.882190670875355,2.2691599830397324,-2.3509702326367528,2.392320594847463,-2.3309697797110522,5.500532552253989,0.22744076409536806,2.683881335601475,1.9589166410876757,774.8466611873885,18.681433796945207,16.165628716052808,16.165628716052808,12.604416708024296,8.767894610384198,8.767894610384198,6.545870423337318,6.545870423337318,5.147298860186318,5.147298860186318,3.6502430526376894,3.6502430526376894,-2.4,850664.2409628943,18.392846679687498,7.871432410642302,3.4426176311519745,154.98115978983216,18.947451815200196,0.0,22.99804733313562,0.0,0.0,0.0,4.899909730850477,0.0,0.0,0.0,6.06636706846161,60.84513797746663,12.586597235060536,28.439190165110134,18.947451815200196,0.0,0.0,4.899909730850477,0.0,18.88348407499998,42.0316185536999,47.02218981739904,0.0,22.99804733313562,18.947451815200196,0.0,22.99804733313562,0.0,46.93152828455037,12.841643245852019,0.0,22.732195304238946,30.33183534230805,0.0,0.0,0.0,40.16,0.0,0.0,0.0,6.041840829147961,0.0,42.38444698490021,16.690354475090988,28.439190165110134,6.06636706846161,36.21304998737411,18.947451815200196,21.79481320729458,0.0,2.3938073979591836,0.0,3.832913386033426,3.0792436870422093,10.632287047535062,1.8967843775225628,1.0143247669438145,8.855826129669161,0.42857142857142855,26,0,5,0,1,1,2,0,2,5,0,5,6,0,0,0,3,3.492700000000003,101.87100000000007,0,0,0,0,0,0,0,0,0,0,0,0,0,0,0,1,0,0,0,1,0,0,0,0,0,0,0,0,0,0,0,0,0,0,2,0,1,0,0,0,0,4,0,0,0,0,0,0,0,0,0,0,0,0,0,4,0,0,0,0,0,0,0,0,0,0,0,0,0,0,0,0,0,0,0,0,0,0,0,0,0,0,0,0,0
Drug_209,CC1/C=C/C=C/CC/C=C/C=C/C=C/C=C/C(O[C@@H]2O[C@H](C)[C@@H](O)[C@H](N)[C@@H]2O)CC(O)C(C(=O)O)C(O)CC(=O)CC(O)C(O)CCC(O)CC(O)CC(O)CC(=O)OC(C)C(C)C1O,0,train,12.877937836086975,12.877937836086975,0.14382672142991537,-1.953650022022343,0.1740524389923602,42.50769230769231,926.1070000000002,850.507,925.5034999400002,370,0,0.3113026218540465,-0.4808829747999465,0.4808829747999465,0.3113026218540465,0.6153846153846154,1.1846153846153846,1.8307692307692307,16.703924411270336,9.877626240794712,2.4309665650243466,-2.4058455382316355,2.2641027278822805,-2.611798467566914,5.805621561485933,-0.2771948499767248,3.2177530894237893,2.2638296188184777,1599.3640752339509,48.8020251826458,37.83776545002656,37.83776545002656,30.617784171474547,22.43323440395691,22.43323440395691,17.350107840813916,17.350107840813916,11.712677974712287,11.712677974712287,7.449063713079755,7.449063713079755,-3.4700000000000006,21423965031723.848,57.65691557180972,30.02069215351825,21.35948398599368,381.27897174973015,76.11605768181009,23.90908376802294,6.290026729335213,0.0,0.0,11.938610575903697,14.383611552215466,0.0,0.0,0.0,86.75971568138782,52.372404136937305,31.098276961100815,79.6062927173053,84.76600175686339,17.721855522268637,0.0,0.0,23.48738561564636,183.58659562723372,0.0,72.91224128200658,0.0,0.0,5.733667477162185,0.0,0.0,0.0,165.5770874647275,28.59420041361561,17.75371813848418,91.90316502802261,72.91224128200658,0.0,0.0,0.0,327.45,146.92438470550658,70.55541289546322,0.0,31.60119253786543,0.0,12.841643245852019,12.999757306524504,44.227574933550656,43.37985784069391,0.0,19.944256338562333,16.969728519782944,0.0,37.78704797854678,116.24015971661063,5.956707864679894,-5.881010476526699,-1.1521210134521633,0.8480226616561612,6.731464748702453,0.0,0.6808510638297872,65,13,18,0,2,2,0,0,0,17,12,18,3,0,1,1,2,0.7783000000000064,238.2761999999994,1,10,10,0,0,0,0,0,1,1,3,2,0,0,0,0,0,1,0,0,0,0,0,0,0,0,10,0,0,0,0,0,0,0,0,0,0,0,0,0,1,3,0,0,0,0,0,0,0,0,0,1,1,0,1,0,0,0,0,0,0,0,0,0,0,0,0,0,0,0,0,0,0,0,0,0,0,0,0,0,0,0,0,0,0
Drug_192,CN1CC[C@]23c4ccccc4N[C@H]1[C@]21CCN(C)[C@H]3Nc2ccccc21,0,train,3.9536257558578987,3.9536257558578987,0.10453703703703687,0.10453703703703687,0.7676077233421975,37.61538461538461,346.478,320.2700000000001,346.215746832,134,0,0.09005864595154134,-0.3685523177861507,0.3685523177861507,0.09005864595154134,0.7307692307692307,1.1538461538461537,1.6153846153846154,15.35869149722486,9.445915732604423,2.7048554844048422,-2.713731517894162,2.654554575727222,-2.8022075305782512,5.715642503158056,-0.06912880832649101,2.6716951475802535,1.7483223079795547,821.715915451752,17.518297090128677,15.496357007642368,15.496357007642368,12.682324095917016,9.809788360472966,9.809788360472966,8.588836232187473,8.588836232187473,7.728699422859835,7.728699422859835,6.725463052703563,6.725463052703563,-2.0399999999999996,1865572.5857863063,15.06029455755319,4.813690975451465,1.4718850474152076,154.73398556303295,10.633577208012662,0.0,0.0,0.0,0.0,0.0,9.799819461700954,0.0,0.0,0.0,36.39820241076966,50.19662433152361,35.294266299985836,12.331551224269054,0.0,11.374772549367124,0.0,9.799819461700954,0.0,36.00317540891463,37.81843398519219,59.65783953108687,0.0,0.0,10.633577208012662,11.374772549367124,0.0,0.0,49.31622746314953,10.829980938793557,0.0,23.96854622924601,48.53093654769288,0.0,0.0,0.0,30.54,0.0,0.0,0.0,10.829980938793557,12.331551224269054,13.08951281182515,35.34331877861313,0.0,0.0,83.0596771827609,0.0,0.0,0.0,5.108472222222222,7.907251511715797,5.855479969765685,0.0,18.06442507558579,3.0560733182161757,2.253844954648526,4.587786281179138,0.45454545454545453,26,2,4,0,4,4,2,0,2,4,2,4,0,0,2,2,6,3.036600000000001,105.55540000000003,0,0,0,0,0,0,0,0,0,0,0,0,0,0,0,2,2,0,0,2,2,0,0,0,0,0,0,0,0,2,0,0,0,0,2,0,2,0,0,0,0,0,0,0,0,0,0,0,0,0,0,0,0,0,0,0,0,0,0,0,0,0,0,0,2,0,0,0,0,2,0,0,0,0,0,0,0,0,0,0,0,0,0,0,0
Drug_243,CC(C)C[C@H]1C(=O)N2CCC[C@H]2[C@]2(O)O[C@](NC(=O)[C@@H]3C=C4c5cccc6[nH]cc(c56)C[C@H]4N(C)C3)(C(C)C)C(=O)N12,0,train,14.405651628113748,14.405651628113748,0.10799077781727018,-2.004747420739033,0.5042848448513663,34.23809523809524,575.7100000000002,534.3820000000004,575.310769412,224,0,0.2807848386211557,-0.3608706644958393,0.3608706644958393,0.2807848386211557,1.2380952380952381,2.0238095238095237,2.761904761904762,16.6935335977932,9.794005538465711,2.7150988764574437,-2.4871755681891528,2.4833519451908144,-2.7086622298489655,6.006308294328645,-0.3219037482217776,3.649461056150981,1.244563740188747,1513.6818626745187,29.7144495128353,25.015341192060454,25.015341192060454,19.95788722063402,15.360260979553914,15.360260979553914,13.580493740481929,13.580493740481929,10.181190543148874,10.181190543148874,8.102077013517155,8.102077013517155,-3.2099999999999995,3621742822.814667,27.612863023648202,9.393802970895617,3.704349809627874,245.58378849398702,20.30720425064472,12.083681658295921,0.0,17.539345052673266,11.81822566490867,0.0,28.920293967716468,0.0,0.0,0.0,45.903703042519595,61.41523910246748,42.14902819082864,5.917906046161393,24.22700190085622,34.19756865020484,0.0,25.00049631750497,17.75371813848418,83.13978930743782,20.13718479450234,41.59886786722578,0.0,0.0,5.316788604006331,0.0,0.0,0.0,92.41051310786752,25.54129612894152,17.75371813848418,58.08431665093451,30.471964883831788,0.0,16.476029462150326,0.0,118.21,41.462705009497625,19.49013894705617,0.0,23.774106334012366,25.93115605767717,29.494899985234543,15.84958543701227,4.899909730850477,46.885007956735166,33.53025456434031,4.736862953800049,6.433627710356157,0.0,50.65881958797026,16.323730881528306,2.792208151097422,-3.9657446104460217,4.835452668661525,6.62429247133392,8.598257766686613,2.0326887061451457,0.59375,42,3,10,1,4,5,1,1,2,6,3,10,5,0,3,3,7,2.4303,156.45819999999978,0,1,0,0,0,1,1,0,0,0,3,3,0,0,0,3,2,0,0,1,0,1,0,0,0,0,0,3,0,0,0,0,0,0,1,0,5,0,0,0,0,1,0,0,0,0,0,0,0,0,0,0,0,0,0,0,0,0,0,0,0,0,0,0,0,0,0,0,0,0,1,0,0,0,0,0,0,0,0,0,0,0,0,0,0
Drug_218,O=C1C=CC(=O)c2c1ccc1c2ccc2ccccc21,0,train,12.142103489543967,12.142103489543967,0.09677673847316681,-0.10216794742588364,0.5724440395446816,14.0,258.276,248.19599999999994,258.06807956,94,0,0.18684206862868194,-0.2892618662697534,0.2892618662697534,0.18684206862868194,0.6,1.35,2.25,16.14309492587102,9.881584469832015,2.212247396297326,-2.1309904400928175,2.3114774820685935,-2.1144182531892186,6.280703386236619,0.09951077990733509,2.4971450752365167,2.213694756873036,932.7045318677233,13.689869965382487,10.589999272823986,10.589999272823986,9.754020195423493,6.467649367222367,6.467649367222367,4.931777392656076,4.931777392656076,3.823973582181454,3.823973582181454,2.8835266151664842,2.8835266151664842,-2.739999999999999,68544.13517016715,11.117393860075682,3.8748211459089337,1.389332355976761,114.88211065492787,0.0,0.0,11.566489892729878,0.0,0.0,0.0,9.589074368143644,0.0,0.0,0.0,42.46456947923127,39.763304139988556,11.126902983393991,0.0,9.589074368143644,33.11138675058906,0.0,0.0,0.0,0.0,0.0,71.80987974475464,0.0,0.0,0.0,0.0,0.0,0.0,11.566489892729878,0.0,0.0,20.715977351537635,60.68297676136064,0.0,21.544896857859182,0.0,34.14,0.0,9.589074368143644,0.0,11.566489892729878,11.126902983393991,21.544896857859182,12.152040213667762,6.06636706846161,42.46456947923127,0.0,0.0,0.0,0.0,24.041421485260773,4.092480631141346,1.0287353552532128,-0.19894468589905046,15.66443788317796,2.705202664399093,0.0,0.0,0.0,20,0,2,1,0,1,3,0,3,2,0,2,0,0,0,0,4,3.928200000000002,79.25500000000004,0,0,0,0,0,0,0,0,0,0,2,2,0,0,0,0,0,0,0,0,0,0,0,0,0,0,2,0,0,0,0,0,0,0,3,0,5,0,0,0,0,0,0,0,0,0,0,0,0,0,0,2,0,0,0,0,0,0,0,0,0,0,0,0,0,0,0,0,0,0,0,0,0,0,0,0,0,0,0,0,0,0,0,0,0
Drug_70,Cn1nnnc1SCC1=C(C(=O)O)N2C(=O)[C@@H](NC(=O)[C@H](O)c3ccccc3)[C@H]2SC1,0,train,12.71352103804485,12.71352103804485,0.07825520936361485,-1.4184330971781025,0.3718879665023989,21.35483870967742,462.5130000000001,444.36900000000026,462.0780096759999,162,0,0.3521585022062753,-0.47656067827869497,0.47656067827869497,0.3521585022062753,1.3548387096774193,2.096774193548387,2.7419354838709675,32.16794160954313,10.017513665701603,2.5397745899126525,-2.491709450333152,2.4116759749247265,-2.704848456546926,8.005479988367362,-0.15137296620398796,3.191005968715387,1.461085055467631,1058.7195859121866,22.12059138570062,16.204752336709127,17.837745498564576,14.879917853109722,9.167018729679134,11.201372079313282,6.84034101464035,8.887832161082034,4.86799878208616,7.304504158760325,3.3084374960525693,5.6433591764362525,-2.8999999999999995,11036106.906826042,21.33654635497979,8.686572621058625,4.028605642742703,184.4139815094095,15.529843393687743,17.11275295517253,6.103966387748303,5.156436481820707,11.814359458703011,5.9693052879518484,14.48898409899412,9.476340119217006,0.0,16.860566757692155,42.093720291699164,21.563326213075996,18.553379196170766,0.0,24.596666341896878,41.30743464543709,0.0,30.423953269612767,7.04767198267719,22.676116511685713,11.505707213493578,47.165430677130146,0.0,0.0,5.316788604006331,0.0,0.0,23.52376989878223,76.02530505755297,21.431283534892653,0.0,11.6674178794453,46.75841566725386,0.0,0.0,0.0,150.54,35.303344776519864,24.596666341896878,0.0,5.697039313055833,27.798699717080545,0.0,33.105482564777894,37.37950732498524,0.0,20.842240603617103,0.0,1.4750332262354962,2.6352371206591636,38.23488843465943,33.617311289883204,0.9012066214725021,-1.7521410152780164,7.463074288963184,-1.4184330971781025,0.0,1.6771564639164749,0.3333333333333333,31,3,11,0,2,2,1,1,2,10,3,13,7,0,1,1,4,-0.2255999999999989,110.60829999999999,1,1,1,0,0,4,0,0,1,1,3,2,0,0,0,5,1,0,0,0,0,0,0,0,0,0,0,2,0,0,1,0,0,0,1,0,1,0,0,0,0,0,0,0,0,0,0,0,0,0,0,0,0,1,0,0,0,0,0,0,0,0,0,0,0,0,0,0,0,0,0,0,0,0,0,2,0,0,0,1,0,0,0,0,0
Drug_118,c1cncc(C2=NCCC2)c1,0,train,4.382592592592593,4.382592592592593,0.9903051776266062,0.9903051776266062,0.5911897569818351,16.545454545454547,146.193,136.11299999999997,146.08439832,56,0,0.04361951155337856,-0.28907655302005014,0.28907655302005014,0.04361951155337856,1.3636363636363635,2.3636363636363638,3.0,14.76778899878672,10.119454663037907,2.0683563421342632,-1.9597027998530037,2.1044506205205877,-1.948346538994404,6.006609983790959,0.9508477277748557,2.57938194604314,2.29241189428233,264.15103906059477,7.518661569058181,6.325148611318063,6.325148611318063,5.466326495188786,3.903802669710706,3.903802669710706,2.673668448063291,2.673668448063291,1.8691182437045044,1.8691182437045044,1.3086627097417058,1.3086627097417058,-1.1800000000000002,773.814583812942,6.525204642597232,2.8240085364653256,1.2918792866941016,66.00031089036081,0.0,0.0,0.0,0.0,0.0,0.0,9.976383253582876,0.0,0.0,0.0,6.06636706846161,18.90801031431363,30.213580043606424,0.0,0.0,5.711685002770702,0.0,4.983978520947208,4.992404732635668,12.841643245852019,6.544756405912575,30.089872771846366,0.0,0.0,0.0,0.0,0.0,0.0,17.240419929630484,0.0,0.0,18.405094737549014,29.51882601278504,0.0,0.0,0.0,25.25,0.0,0.0,0.0,0.0,0.0,12.965578028838586,17.695958117393708,6.196843571613076,12.263210640074686,16.042750322044487,0.0,0.0,0.0,8.431018518518519,0.0,2.405648148148148,0.0,4.021157407407407,5.985204081632654,0.9903051776266062,0.0,0.3333333333333333,11,0,2,0,1,1,0,1,1,2,0,2,1,0,0,0,2,1.6645,44.87500000000002,0,0,0,0,0,1,0,0,0,0,0,0,0,0,1,2,0,0,0,0,0,0,0,0,0,0,0,0,0,0,0,0,0,0,0,0,0,0,0,0,0,0,0,0,0,0,0,0,0,0,0,0,0,0,0,0,0,0,0,0,0,0,0,0,0,0,0,0,0,0,0,0,0,1,0,0,0,0,0,0,0,0,0,0,0
Drug_77,Cn1cnc([N+](=O)[O-])c1Sc1ncnc2[nH]cnc12,0,train,10.90073082010582,10.90073082010582,0.1992611489040057,-0.5225522014361301,0.43328794180573177,11.0,277.269,270.213,277.038193464,96,0,0.3958381352137376,-0.35772697781222323,0.3958381352137376,0.35772697781222323,1.368421052631579,2.210526315789474,3.0,32.166599665488945,10.560691118301369,2.2245429301016495,-2.009023592171275,2.339892896905913,-1.945116772276036,7.991152695085071,-0.39193885938388706,2.974707334056786,2.083457965754208,764.8623146411958,13.405412915006313,9.640077251960216,10.456573832887942,9.16470379794645,5.141920627464425,5.958417208392151,3.621977411479799,4.599498218845703,2.41476363412136,3.5707780130698428,1.5583854916899134,2.497086815416447,-2.49,37430.74238443653,11.591985557764996,4.314847409507476,1.9088660706621567,109.81807397196779,19.665396437504135,16.869980771050045,10.673137199436969,6.3273200747645415,0.0,5.817862777835028,0.0,14.951935562841623,0.0,0.0,0.0,21.669174519155995,7.04767198267719,6.3273200747645415,4.923311048817671,28.743625665610132,0.0,29.486992252527394,7.04767198267719,10.051919957338482,0.0,29.096278493059202,0.0,0.0,0.0,5.817862777835028,0.0,11.761884949391115,34.41030330134507,7.04767198267719,10.114318268765572,0.0,29.033880181632107,0.0,11.16387793838399,0.0,115.42,4.923311048817671,10.114318268765572,0.0,5.817862777835028,21.215797895722474,11.761884949391115,18.981960224293623,11.614771630468544,0.0,24.919892604736038,0.0,1.5728136810279667,1.1351388888888887,29.204369960947346,11.836795634920637,1.1577031368102801,-0.1992611489040057,0.0,4.273325381078357,0.0,1.6857811318972034,0.1111111111111111,19,1,9,0,0,0,0,3,3,8,1,10,3,0,0,0,3,1.1457999999999997,65.66910000000001,0,0,0,0,0,6,1,0,0,0,0,0,0,0,0,6,1,0,0,0,0,1,0,0,0,0,0,0,0,0,1,0,0,0,0,0,1,0,0,0,0,0,0,0,0,0,0,2,0,0,0,0,0,0,0,0,0,0,1,0,0,0,0,0,0,0,0,0,0,0,0,0,0,0,0,0,0,0,0,0,0,0,0,0,0
Drug_116,CN/C(=C/[N+](=O)[O-])NCCSCc1csc(CN(C)C)n1,0,train,10.354560047262865,10.354560047262865,0.4190070103390817,-0.4786405335652266,0.3799534662760676,11.714285714285714,331.4670000000001,310.29900000000004,331.1136669120001,118,0,0.27357019168233704,-0.3698300008531342,0.3698300008531342,0.27357019168233704,1.619047619047619,2.380952380952381,3.0,32.166541212629056,10.536476660916252,2.0359184803691956,-2.067999314300306,2.159059216451153,-2.259202056640515,7.980585468966738,-0.40360195155860024,2.827815221100466,2.218277243493725,475.9677720170103,15.664925939000156,12.45776161148077,14.090754773336222,10.007239053047545,6.436402929720506,8.47075627935465,4.527855928604028,6.575681485347466,2.366438261654426,4.241517310253439,1.4969518722018218,3.2610165683885577,-1.32,43242.95036106833,17.73081300813008,9.586301469178254,7.88095641540746,132.52193415352465,15.533486938863138,5.007623696852765,5.8209740960423995,0.0,6.199954889820448,0.0,10.114318268765572,4.983978520947208,11.761884949391115,11.336785877934735,0.0,14.09534396535438,37.02295477846183,10.617239043666132,4.923311048817671,23.09867082732585,0.0,20.517465459810346,0.0,12.297610012659364,33.44062596069093,38.21686171679556,0.0,0.0,10.633577208012662,0.0,0.0,23.09867082732585,48.24782526130629,12.297610012659364,10.114318268765572,10.701551691701226,17.400991756328764,0.0,0.0,0.0,83.33,4.923311048817671,10.114318268765572,0.0,0.0,12.365730501954975,34.951970200927825,0.0,30.14634281000304,14.09534396535438,25.89752823027626,0.0,0.0,3.434327357613793,16.535008635304347,19.296488940652903,1.0940033436213994,2.1379759729241155,0.0,0.9291897080993399,1.5356900963856508,5.703982612065119,0.5833333333333334,21,2,7,0,0,0,0,1,1,8,2,9,10,0,0,0,1,1.3224999999999998,87.80680000000004,0,0,0,0,0,1,0,0,0,0,0,0,0,0,0,3,2,0,0,0,0,0,0,0,0,0,0,0,0,0,0,0,0,0,0,0,0,0,0,0,0,0,0,0,0,0,0,0,0,0,0,0,0,0,0,0,0,0,1,0,0,0,0,0,0,0,0,0,0,0,0,0,0,0,0,1,0,0,0,0,1,0,0,2,0
Drug_120,N=C(CCSCc1csc(N=C(N)N)n1)NS(N)(=O)=O,0,train,10.664226143631911,10.664226143631911,0.04067662304359598,-3.8537629078012476,0.2531425773300557,11.05,337.456,322.33600000000007,337.04493572,112,0,0.2969496140936173,-0.3697711740364579,0.3697711740364579,0.2969496140936173,1.55,2.25,2.85,32.23850627599962,10.458365348950911,2.0563603148287735,-2.039094602811923,2.2140594232444655,-2.3522450410421825,7.980722484741075,0.5935323064886495,2.684804803203603,2.294960787164561,590.9666010281885,15.173362107437434,10.366390063637379,12.815879806420558,9.25983881233692,5.2578957897487575,8.838568617304466,3.586296862817096,6.822164152709262,1.7761694698610995,4.0830961919541355,1.098087252686495,3.204470144415871,-1.37,18919.81944817579,16.683676865271067,7.422318703285096,7.275833665396974,124.28559613101791,11.46733495432437,5.835619785757269,5.959554568743835,5.131558479839333,10.209329170397666,0.0,10.131378470243611,10.122952258555149,25.17208666635572,11.336785877934735,0.0,0.0,23.306591606885505,5.693927994848461,8.417796984328938,50.234732832063955,5.409283605791522,9.706073385399296,21.59871342456798,12.1736752296728,5.752853606746789,11.073990765314376,0.0,0.0,21.328403556384398,5.131558479839333,0.0,23.09867082732585,30.94980346652404,15.962182777144456,5.409283605791522,12.114749617774471,10.372467503101582,0.0,0.0,0.0,173.32999999999998,10.209329170397666,8.417796984328938,0.0,18.215995977427113,16.63726569333291,5.693927994848461,23.09867082732585,0.0,10.102157634918003,9.976383253582876,22.015592297723835,23.23280910528947,2.837329949107997,8.014027385620098,14.437853800694501,11.301824683220527,1.0100847712626218,0.0,0.2698332126060301,0.0,-3.8537629078012476,0.375,20,8,9,0,0,0,0,1,1,7,5,12,7,0,0,0,1,-0.5583299999999989,82.33239999999999,0,0,0,0,0,1,0,0,0,0,0,0,0,0,1,2,2,3,0,0,0,0,0,0,0,0,0,0,1,0,0,0,0,0,0,0,0,0,0,0,0,0,0,1,0,0,0,0,0,0,0,0,0,0,0,0,0,0,0,0,0,0,0,0,0,0,0,0,0,0,0,0,0,0,0,1,0,0,0,0,1,0,0,1,0
Drug_181,CN1CCC(=C2c3ccccc3Sc3ccccc32)CC1,0,train,2.4300059051398337,2.4300059051398337,1.1768948412698412,1.1768948412698412,0.5919086002855983,18.333333333333332,293.4350000000001,274.28299999999996,293.123820608,106,0,0.020076374200936414,-0.305731264829691,0.305731264829691,0.020076374200936414,0.8095238095238095,1.3333333333333333,1.9047619047619047,32.16658062540745,9.878774644757053,2.2403259564935833,-2.2965466216686945,2.4692781087421922,-2.2668523575703023,7.992194461700507,0.3127937142994085,2.5347300567707536,1.9150374900680065,659.5112224048454,14.233840039752504,12.30269116422702,13.119187745154747,10.326499840494925,7.599724737563296,8.416221318491022,5.876210223490908,6.959987179977733,4.476865879809584,5.6286842180403855,3.3072432979725304,4.397504561507487,-1.5099999999999998,124100.38357949609,13.173669101686617,5.358177636587948,2.3262646976725017,130.2247704826632,4.899909730850477,0.0,0.0,0.0,0.0,0.0,0.0,0.0,0.0,0.0,53.73319189023004,48.72205687891568,22.880479762860702,0.0,0.0,17.334989479460383,0.0,4.899909730850477,0.0,22.63261019688757,20.13718479450234,65.23094406115614,0.0,0.0,0.0,0.0,0.0,11.761884949391115,25.037094525352817,0.0,0.0,23.96854622924601,63.89500802879769,0.0,5.5731045300692665,0.0,3.24,0.0,0.0,0.0,0.0,0.0,0.0,52.42213052217597,5.5731045300692665,11.761884949391115,60.47851826122054,0.0,0.0,1.906212180859998,5.231168981481482,0.0,6.00264455782313,0.0,17.729995275888136,2.387239229024943,2.3537896825396825,2.2222834257159656,0.2631578947368421,21,0,1,0,2,2,2,0,2,2,0,2,0,0,1,1,4,4.678700000000004,89.76000000000005,0,0,0,0,0,0,0,0,0,0,0,0,0,0,0,1,0,0,0,0,1,0,0,0,0,0,0,0,0,0,0,0,0,0,2,0,2,0,0,0,0,0,0,0,0,0,0,0,0,0,0,0,0,0,0,0,0,0,0,0,0,0,0,0,0,0,0,0,0,1,0,0,0,0,0,0,0,0,0,0,0,0,0,0,0
Drug_119,CNC(=O)Oc1ccc2c(c1)[C@]1(C)CCN(C)[C@@H]1N2C,0,train,11.353370260141094,11.353370260141094,0.09810929232804222,-0.4291253831779629,0.8482399591613494,28.2,275.352,254.18399999999997,275.163376912,108,0,0.41183851818708345,-0.41035226780225675,0.41183851818708345,0.41035226780225675,1.45,2.2,2.9,16.549839244652087,9.811928138350218,2.5170428581104853,-2.3202894964825718,2.5114980206912887,-2.4487738126511,5.717125627425279,0.2025633243587669,2.8461316548123823,2.003732753667977,560.049649552965,14.491199352633217,12.434538411059242,12.434538411059242,9.469380905582563,6.943294366857524,6.943294366857524,5.951123572833847,5.951123572833847,4.716050172535755,4.716050172535755,3.7767035791602774,3.7767035791602774,-1.7499999999999998,43602.736951725696,13.243141289437586,4.379619614205877,1.6927367654880883,119.0488166955734,14.953561288656857,5.749511833283905,0.0,0.0,0.0,6.093240070938415,4.899909730850477,4.794537184071822,0.0,0.0,6.923737199690624,37.23104630268502,31.7424771153473,6.165775612134527,9.53140013787187,11.780626345621977,0.0,10.216698334856808,0.0,24.92532490414794,32.58768208479462,23.762552697081826,0.0,5.749511833283905,14.953561288656857,10.481923458755384,5.749511833283905,0.0,44.84669776786756,5.414990469396779,0.0,18.90801031431363,18.19910120538483,0.0,0.0,0.0,44.81,6.093240070938415,4.794537184071822,0.0,5.414990469396779,11.915287445418432,12.965578028838586,11.250837766380558,7.04767198267719,18.19910120538483,36.13568923075229,4.736862953800049,5.262191279289493,0.0,16.06694885361552,2.4730301240866717,2.60186826814059,0.6045630196523053,5.916893896447467,1.0730265022675733,3.387549288233812,5.863928768266566,0.5333333333333333,20,1,5,0,2,2,1,0,1,4,1,5,1,0,1,1,3,1.7739,78.31570000000005,0,0,0,0,0,0,0,0,0,0,1,1,0,0,0,2,1,0,0,2,1,0,0,0,0,0,0,1,0,1,0,0,0,0,1,0,3,0,0,0,0,1,0,0,0,0,0,0,0,0,0,0,0,0,0,0,0,0,0,0,0,0,0,0,0,0,0,0,0,0,0,0,0,0,0,0,0,0,0,0,0,0,0,0,0
Drug_264,CN1CC[C@@]2(C)c3cc(O)ccc3N(C)[C@H]12,0,train,9.650842781557067,9.650842781557067,0.16425925925925933,0.16425925925925933,0.7185443830988436,32.9375,218.3,200.15599999999995,218.141913196,86,0,0.11552653000062002,-0.50795330389077,0.50795330389077,0.11552653000062002,1.375,2.125,2.875,16.254730658673076,9.812107865208777,2.5157640401621193,-2.320229104115282,2.5098424359903957,-2.4487214317094472,5.654166579585315,0.26797494855047893,2.646777095006029,2.196992915665399,445.558776433165,11.499635521070495,10.065255425631474,10.065255425631474,7.537529253004425,5.804528728911707,5.804528728911707,5.3341006510042615,5.3341006510042615,4.31349556897534,4.31349556897534,3.564022247990435,3.564022247990435,-1.22,6315.210148684385,9.96756224064916,2.9163956542223914,1.0159786073120936,96.28823670581751,10.006437125691182,5.749511833283905,0.0,0.0,0.0,0.0,4.899909730850477,0.0,0.0,0.0,6.923737199690624,37.23104630268502,24.694805132670105,6.165775612134527,5.106527394840706,5.687386274683562,0.0,4.899909730850477,0.0,24.92532490414794,25.54001010211743,23.762552697081826,0.0,5.749511833283905,4.899909730850477,5.687386274683562,5.749511833283905,0.0,36.81231310909266,5.414990469396779,0.0,18.90801031431363,18.19910120538483,0.0,0.0,0.0,26.71,0.0,5.106527394840706,0.0,5.414990469396779,11.915287445418432,12.965578028838586,11.250837766380558,6.06636706846161,12.13273413692322,30.818900626745958,0.0,0.0,0.0,4.7349414210128495,9.650842781557067,2.7209259259259264,0.3783130196523057,5.74286611866969,1.5962037037037033,3.43407029478458,4.3251700680272105,0.5384615384615384,16,1,3,0,2,2,1,0,1,3,1,3,0,0,1,1,3,1.7612999999999999,64.89680000000004,0,0,0,0,0,0,0,1,0,0,0,0,0,0,0,2,0,0,0,2,1,0,0,0,0,0,0,0,0,1,0,0,0,0,1,0,3,0,0,0,0,0,0,0,0,0,0,0,0,0,0,0,0,0,0,0,0,0,0,0,0,0,0,0,0,1,1,0,0,0,0,0,0,0,0,0,0,0,0,0,0,0,0,0,0
Drug_158,C=C1C/C(=C/C)C(=O)O[C@@H]2CCN3CC=C(COC(=O)[C@]1(C)O)[C@H]23,0,train,12.508390258881331,12.508390258881331,0.04867299697656868,-1.8455694916855632,0.40657767023266517,36.541666666666664,333.384,310.20000000000005,333.157622836,130,0,0.34200304969304884,-0.45872795746596606,0.45872795746596606,0.34200304969304884,1.4583333333333333,2.2083333333333335,2.9166666666666665,16.55468717621067,9.908319260383651,2.4372963529371967,-2.2844654041476833,2.333624461553137,-2.415322051557194,5.901479323601845,-0.15950602545488818,3.116818126314395,1.9238792286460222,645.7945607873609,17.48276318419594,14.07946211673316,14.07946211673316,11.34057238638088,8.212554345057091,8.212554345057091,6.693837836286525,6.693837836286525,5.1430155124865555,5.1430155124865555,3.4672262503763256,3.4672262503763256,-1.9200000000000002,294773.0742961839,16.9210503195329,6.181851560927187,2.8016809169396013,140.96116649693212,14.580253302440804,12.71084835226122,5.601050810983688,0.0,0.0,11.938610575903697,4.899909730850477,9.589074368143644,0.0,0.0,18.73097589726626,31.41450508244579,25.083438964820427,6.041840829147961,24.169327670584444,11.938610575903697,0.0,4.899909730850477,0.0,44.43597567311322,19.696394776338067,35.45028948747406,0.0,0.0,0.0,0.0,0.0,0.0,59.38830050581289,19.06280027574374,0.0,26.689117645233267,35.45028948747406,0.0,0.0,0.0,76.07,17.539661386887385,14.69560176298435,0.0,30.74661533440446,5.5731045300692665,25.083438964820427,6.923737199690624,12.999757306524504,6.076020106833881,11.478845414448974,9.473725907600098,11.051781698790627,0.0,27.01249464600655,10.468548516628875,-0.3303729686318966,-1.1599244142101282,-0.04867299697656868,4.2309245480599635,8.525220970332578,0.0,0.5555555555555556,24,1,6,0,3,3,0,0,0,6,1,6,0,0,2,2,3,1.1128999999999998,87.03780000000003,0,1,0,0,0,0,0,0,0,0,2,2,0,0,0,1,0,0,0,0,0,0,0,0,0,0,1,0,0,0,0,0,0,0,0,0,0,0,0,0,2,2,0,0,0,0,0,0,0,0,0,0,0,0,1,0,0,0,0,0,0,0,0,0,0,0,0,0,0,0,0,0,0,0,0,0,0,0,0,0,0,0,0,0,0
Drug_151,C[C@@H]1[C@H]2C3=CC[C@@H]4[C@@]5(C)CC[C@H](O)C(C)(C)[C@@H]5CC[C@@]4(C)[C@]3(C)CC[C@@]2(C(=O)O)CC[C@H]1C,0,train,12.794429261688563,12.794429261688563,0.030190026857594754,-0.5570337792868907,0.4141086905846976,55.333333333333336,456.71100000000035,408.3270000000002,456.36034539599996,186,0,0.3097527636616839,-0.4808054432074283,0.4808054432074283,0.3097527636616839,0.9090909090909091,1.606060606060606,2.272727272727273,16.368283293657825,9.330790097317335,2.690062850261554,-2.7094293882597755,2.7527766113897907,-2.6502164497174414,5.763991903786473,-0.2061502767008682,2.7374829838010633,1.612700751104985,873.767491538075,24.189869965382478,22.208088396470085,22.208088396470085,15.255160827992317,13.875706519819177,13.875706519819177,14.484285992279448,14.484285992279448,13.394614743879313,13.394614743879313,10.847407088259123,10.847407088259123,-0.8300000000000001,16035584.022782128,23.89063250911185,7.109935629798443,2.7520231225622642,201.35380314993657,10.213054789681411,0.0,0.0,0.0,0.0,5.9693052879518484,4.794537184071822,0.0,0.0,0.0,60.1152850347375,109.03688671472818,0.0,11.518956857145081,15.007591973753234,5.9693052879518484,0.0,0.0,56.66448257779085,112.35752139191676,0.0,11.649124636903148,0.0,0.0,0.0,0.0,0.0,0.0,22.286326465381563,4.794537184071822,56.66448257779085,106.25355500416846,11.649124636903148,0.0,0.0,0.0,57.53,11.384295757348628,15.007591973753234,0.0,33.68183431149681,23.671624184645573,44.94575136048208,18.414747775921285,0.0,0.0,54.54218050466824,0.0,0.0,0.0,12.794429261688563,21.410935547618777,1.4584977888206612,1.824920858112145,0.0,11.644132998789816,16.95041687830337,0.0,0.9,33,2,3,5,0,5,0,0,0,2,2,3,1,4,0,4,5,7.089500000000008,132.61160000000004,1,1,1,0,0,0,0,0,1,1,1,0,0,0,0,0,0,0,0,0,0,0,0,0,0,0,2,0,0,0,0,0,0,0,0,0,7,0,0,0,0,0,0,0,0,0,0,0,0,0,0,0,0,0,0,0,0,0,0,0,0,0,0,0,0,0,0,0,0,0,0,0,0,0,0,0,0,0,0,0,0,0,0,0,0
Drug_219,C[C@]12N[C@H](Cc3ccccc31)c1ccccc12,0,train,3.7883333333333336,3.7883333333333336,0.010023148148148087,0.010023148148148087,0.7202842359274376,28.647058823529413,221.303,206.18299999999994,221.12044948,84,0,0.06722349291555298,-0.2966448964685886,0.2966448964685886,0.06722349291555298,1.0,1.7058823529411764,2.588235294117647,15.052021820751,9.823190369951439,2.4454774809987625,-2.34034788154999,2.473696845746989,-2.4073691465857037,5.536766834665674,0.38860038720394113,2.607118545368002,2.0499758737909843,588.9791034010993,11.457819157813608,9.903259203893182,9.903259203893182,8.288641693029941,6.243852488626015,6.243852488626015,5.270445074153857,5.270445074153857,4.3178642758455865,4.3178642758455865,3.549999261304812,3.549999261304812,-1.5999999999999996,17488.55120232856,9.432136105860117,2.991420241566015,1.074222282598149,101.48646565969702,0.0,0.0,0.0,0.0,0.0,0.0,5.316788604006331,0.0,0.0,0.0,48.53093654769288,35.59836478940461,6.041840829147961,5.538925252383345,0.0,0.0,0.0,5.316788604006331,0.0,24.92532490414794,0.0,70.78474251448087,0.0,0.0,5.316788604006331,0.0,0.0,0.0,0.0,11.959746875309355,0.0,35.219383995626565,48.53093654769288,0.0,0.0,0.0,12.03,0.0,0.0,0.0,5.538925252383345,6.041840829147961,6.4208216229260096,22.253805966787983,0.0,0.0,60.77146235138983,0.0,0.0,0.0,0.0,3.7883333333333336,5.882523148148149,0.0,18.155925925925924,1.1138657407407406,2.3093518518518517,0.0,0.25,17,1,1,0,2,2,2,0,2,1,1,1,0,0,0,0,4,3.150500000000002,68.91870000000003,0,0,0,0,0,0,0,0,0,0,0,0,0,0,0,0,1,0,0,0,0,0,0,0,0,0,0,0,0,0,0,0,0,0,2,0,7,0,0,0,0,0,0,0,0,0,0,0,0,0,0,0,0,0,0,0,0,0,0,0,0,0,0,0,0,0,0,0,0,0,0,0,0,0,0,0,0,0,0,0,0,0,0,0,0
Drug_6,NCCNc1cccc2ccccc12,1,train,5.457924540186445,5.457924540186445,0.6559734032501889,0.6559734032501889,0.7708911563863441,10.357142857142858,186.25799999999998,172.14599999999996,186.115698448,72,0,0.041980795429798684,-0.3832753622242783,0.3832753622242783,0.041980795429798684,1.0,1.7857142857142858,2.642857142857143,14.879545928735954,10.096651843165686,1.9687287288557263,-2.075140542185132,2.217910869851194,-2.126045359889288,5.9322680325801,1.0264564573581025,2.261019386051472,2.4297472261299626,418.0961725957642,9.803118619434356,8.033015715890103,8.033015715890103,6.915014900172529,4.8331688861030555,4.8331688861030555,3.2421608361988485,3.2421608361988485,2.249424502457241,2.249424502457241,1.5863976955770032,1.5863976955770032,-1.5399999999999996,2437.3788981634866,9.03227512479881,4.113007561711995,1.7008183852509833,83.73270476064614,11.050456081168516,0.0,0.0,0.0,0.0,0.0,0.0,0.0,0.0,0.0,36.39820241076966,11.452591282926406,24.16312330097351,0.0,0.0,16.459834703613154,0.0,0.0,5.733667477162185,0.0,18.406301415831482,42.46456947923127,0.0,0.0,11.050456081168516,5.687386274683562,0.0,0.0,13.08951281182515,0.0,0.0,0.0,42.46456947923127,0.0,10.772448428929591,0.0,38.05,0.0,0.0,0.0,0.0,6.544756405912575,12.232142680596137,10.772448428929591,0.0,0.0,47.7813580832376,5.733667477162185,0.0,0.0,0.0,5.824325396825397,6.61861898463089,0.0,14.587582593222475,0.0,1.4694730253212396,0.0,0.16666666666666666,14,3,2,0,0,0,2,0,2,2,2,2,3,0,0,0,2,2.2104,61.49210000000002,0,0,0,0,0,0,0,0,0,0,0,0,0,0,0,0,1,1,0,0,0,0,0,0,0,0,0,0,0,1,0,0,0,0,2,0,1,0,0,0,0,0,0,0,0,0,0,0,0,0,0,0,0,0,0,0,0,0,0,0,0,0,0,0,0,0,0,0,0,0,0,0,0,0,0,0,0,0,0,0,0,0,0,0,0
Drug_199,COc1cc(N)c(Cl)cc1C(=O)NC1CCN(Cc2ccccc2)CC1,0,train,12.624512043275118,12.624512043275118,0.14866486100613008,-0.17568576491917054,0.78874496828116,15.615384615384615,373.8840000000002,349.6920000000002,373.155704688,138,0,0.2548177813854658,-0.49584183791637165,0.49584183791637165,0.2548177813854658,1.2692307692307692,1.9615384615384615,2.6153846153846154,35.49569192239955,10.029505986121793,2.2275570696687086,-2.3207803970598846,2.2869627385094367,-2.439683352945798,6.331501706922271,0.09056958746178226,2.6563992140197503,1.5600837557032634,759.1516526701587,18.518297090128673,14.873360978076285,15.62928992409474,12.562881945713372,8.76694649709569,9.144910970104917,6.583486454651321,6.990686581391927,4.7352321937591295,5.062559029113118,3.255620498406504,3.4192839160834985,-2.2399999999999993,847625.1124031341,18.54809170170904,8.427427393160471,4.478592596214976,158.6301231944611,15.787319034968565,5.749511833283905,0.0,0.0,5.907179729351506,0.0,9.694446914922299,0.0,0.0,0.0,41.932775232540564,24.471461806010623,31.7424771153473,23.383268621399417,9.53140013787187,23.195505894267583,0.0,10.216698334856808,0.0,25.428240480912557,25.93297783026487,58.614105776366586,0.0,5.749511833283905,15.787319034968565,5.687386274683562,5.749511833283905,11.600939890232516,37.048240642452626,6.544756405912575,0.0,28.763083413317833,42.46456947923127,5.022633313741326,0.0,0.0,67.58999999999999,0.0,4.794537184071822,0.0,11.949020558499466,22.022982913405787,32.47591246358975,12.673249032974528,12.13273413692322,6.06636706846161,34.482166608703245,22.071470321194752,5.267204140825935,6.05851518960269,15.039846359865749,3.45112178431165,7.907533648695195,0.26034531865471755,13.741076564183698,1.8404635928445454,2.8629356153150645,1.5154022301451955,0.35,26,3,5,0,1,1,2,0,2,4,2,6,5,0,1,1,3,3.3252000000000024,104.62360000000002,0,0,0,1,0,0,0,0,0,0,1,1,0,0,0,1,1,1,0,0,1,0,0,0,0,0,0,1,0,1,0,0,0,0,2,0,0,0,0,0,0,1,0,0,1,0,0,0,0,0,0,0,0,0,0,1,0,0,0,0,0,0,0,0,0,0,0,0,0,1,0,0,0,0,0,0,0,0,0,0,0,0,0,0,0
Drug_9,Nc1cc(S(=O)(=O)O)cc2cc(S(=O)(=O)O)c(/N=N/c3ccc(-c4ccc(/N=N/c5c(S(=O)(=O)O)cc6cc(S(=O)(=O)O)cc(N)c6c5O)cc4)cc3)c(O)c12,1,train,12.190760370054463,12.190760370054463,0.14752492906978287,-5.06901192978367,0.04658531227840583,13.0,844.8400000000003,820.6479999999999,844.0233334480002,290,0,0.29641477772270486,-0.5048492980404882,0.5048492980404882,0.29641477772270486,0.42857142857142855,0.75,1.0357142857142858,32.24409186644992,10.052558908499154,2.2622714415522616,-2.116068541689452,2.457551174117327,-2.023821167112486,7.8634962209193935,0.47143298299724984,3.0869194053576847,1.284855753356228,2942.457085606772,41.120226906771094,27.60871974759995,30.874706071310854,25.928727252937126,15.055953738520374,20.816207053722923,11.759072602173479,17.38206517363568,8.058351963085896,11.455220664920745,5.5232928086407505,7.942345964707568,-6.119999999999999,642941411323.8121,39.569506498142786,13.871178268844444,7.836323832076536,315.6423634287177,21.68038974400578,21.165739500402672,11.49902366656781,0.0,40.472507436134215,0.0,18.210999494761456,0.0,43.899688188574544,10.228500251258795,24.26546827384644,82.5630220969397,22.147220978296716,21.165739500402672,62.09524222175862,96.14172194209475,0.0,0.0,20.45700050251759,19.5819339020711,11.46733495432437,84.92913895846256,0.0,22.6259266499618,11.46733495432437,34.124317648101375,11.49902366656781,0.0,62.09524222175862,40.472507436134215,0.0,0.0,124.96807336305127,0.0,32.671799841253176,0.0,359.4200000000001,82.92823755414024,62.09524222175862,0.0,44.29444195659343,11.126902983393991,36.39820241076966,24.26546827384644,24.26546827384644,0.0,20.45700050251759,11.46733495432437,133.68946743740543,0.0,-3.256254573193556,36.30975542350744,11.142790587567271,-1.7026764289738123,17.168814670259795,0.0,0.0,-19.685230449905845,0.0,56,10,20,0,0,0,6,0,6,16,8,24,9,0,0,0,6,6.053200000000003,199.53879999999992,0,0,0,2,0,0,0,2,0,0,0,0,0,0,0,4,0,2,0,0,0,0,0,0,0,0,0,0,0,2,0,0,2,0,6,0,2,0,0,0,0,0,0,0,0,0,0,0,0,0,0,0,0,0,0,0,0,0,0,0,0,0,0,0,0,2,2,0,0,0,0,0,0,0,0,0,0,0,0,0,0,0,0,0,0
Drug_35,COc1cc(-c2ccc(/N=N/c3c(S(=O)(=O)O)cc4cc(S(=O)(=O)O)cc(N)c4c3O)c(OC)c2)ccc1/N=N/c1c(S(=O)(=O)O)cc2cc(S(=O)(=O)O)cc(N)c2c1O,1,train,12.33123033159814,12.33123033159814,0.019637113216266933,-5.13444666975004,0.04150410782038217,12.833333333333334,904.8920000000002,876.668,904.0444628160001,314,0,0.29641477780891823,-0.5048492979858155,0.5048492979858155,0.29641477780891823,0.48333333333333334,0.8333333333333334,1.1333333333333333,32.24409330376848,10.037283960895579,2.2667395408204225,-2.1256748840551283,2.469490256343768,-2.024017350625513,7.86351146590427,0.41498492158838923,3.144720549381753,1.3773088348926932,3118.4301644690704,44.27492744515035,30.270515790148423,33.53650211385933,27.826104062904616,16.114031943245294,21.87428525844785,12.438580610052039,18.06157318151425,8.667717446633905,12.064586148468754,5.954067536272142,8.373120692338963,-6.5200000000000005,3891971468899.057,43.06895390943575,15.256189768311065,8.331596150666677,338.59933811652456,31.154115651605878,44.03953571633761,11.49902366656781,0.0,40.472507436134215,0.0,18.210999494761456,0.0,33.67118793731575,20.45700050251759,12.13273413692322,82.56302209693969,22.147220978296716,24.010562033590617,71.56896812935871,96.14172194209476,0.0,0.0,20.45700050251759,19.5819339020711,25.68693003687944,72.79640482153933,0.0,34.12495031652961,20.94106086192447,34.124317648101375,22.99804733313562,0.0,76.31483730431368,40.472507436134215,0.0,0.0,112.83533922612804,0.0,32.671799841253176,0.0,377.88,82.92823755414025,62.09524222175861,0.0,55.79346562316124,11.126902983393991,36.39820241076966,50.61779749332472,0.0,0.0,20.45700050251759,20.94106086192447,145.76936210108124,0.0,-3.388813499624389,36.625281891967916,10.40164805100002,-1.6868640070852974,13.611217098269181,0.0,0.0,-17.331831635608665,0.058823529411764705,60,10,22,0,0,0,6,0,6,18,8,26,11,0,0,0,6,6.070400000000005,212.6427999999999,0,0,0,2,0,0,0,2,0,0,0,0,0,0,0,4,0,2,0,0,0,0,0,0,0,0,0,0,0,2,0,0,2,0,6,0,2,0,0,0,0,2,0,0,0,0,0,0,0,0,0,0,0,0,0,2,0,0,0,0,0,0,0,0,0,2,2,0,0,0,0,0,0,0,0,0,0,0,0,0,0,0,0,0,0
Drug_37,Nc1cc(S(=O)(=O)O)cc2cc(S(=O)(=O)O)c(/N=N/c3ccc(-c4ccc(/N=N/c5c(S(=O)(=O)O)cc6cc(S(=O)(=O)O)cc(N)c6c5O)c(O)c4)cc3O)c(O)c12,1,train,12.215388809804239,12.215388809804239,0.22722347860737258,-5.169400372677264,0.04889491286293443,12.96551724137931,876.8380000000003,852.646,876.0131626880003,302,0,0.2964147778089102,-0.5055945882978293,0.5055945882978293,0.2964147778089102,0.43103448275862066,0.7758620689655172,1.0689655172413792,32.24409265608746,10.038735354910067,2.265501348682526,-2.118755801578926,2.467638131271399,-2.023864289152149,7.863504676905169,0.4705599166620999,3.089948141415932,1.3368062608637894,3081.811441271252,42.86071388277725,28.34844640022061,31.614432723931515,26.750094457983042,15.336500667353663,21.09675398255622,12.07231160145787,17.69530417292008,8.259100577440577,11.655969279275425,5.649587305812652,8.068640461879474,-6.52,1330205843839.334,41.12329021178246,14.14299281396976,7.880347096597784,325.2308309331098,31.893444533687187,44.0395357163376,11.49902366656781,0.0,40.472507436134215,0.0,18.210999494761456,0.0,33.67118793731575,20.45700050251759,12.13273413692322,82.5630220969397,22.147220978296716,9.79096695103555,72.30829701144003,96.14172194209475,0.0,0.0,20.45700050251759,19.5819339020711,11.46733495432437,72.79640482153933,0.0,34.12495031652961,11.46733495432437,34.124317648101375,22.99804733313562,0.0,72.30829701144003,40.472507436134215,0.0,0.0,112.83533922612804,0.0,32.671799841253176,0.0,399.8800000000001,105.80203377007518,72.30829701144003,0.0,44.0465723906203,0.0,48.53093654769288,24.26546827384644,0.0,0.0,20.45700050251759,11.46733495432437,133.85916625842611,0.0,-3.5651322276759183,56.86520847581379,8.990059625863616,-3.0768156813776306,11.911187705348304,0.0,0.0,-19.98367415639825,0.0,58,12,22,0,0,0,6,0,6,18,10,26,9,0,0,0,6,5.464400000000004,202.8684,0,0,0,2,0,0,0,4,0,0,0,0,0,0,0,4,0,2,0,0,0,0,0,0,0,0,0,0,0,2,0,0,2,0,6,0,2,0,0,0,0,0,0,0,0,0,0,0,0,0,0,0,0,0,0,0,0,0,0,0,0,0,0,0,0,4,4,0,0,0,0,0,0,0,0,0,0,0,0,0,0,0,0,0,0
Drug_206,COc1cc(-c2ccc(/N=N/c3ccc4c(S(=O)(=O)O)cc(S(=O)(=O)O)c(N)c4c3O)c(OC)c2)ccc1/N=N/c1ccc2c(S(=O)(=O)O)cc(S(=O)(=O)O)c(N)c2c1O,0,train,12.033537565330295,12.033537565330295,0.11079866454363363,-5.1267875649294385,0.04150410782038217,12.833333333333334,904.8920000000002,876.6679999999999,904.0444628160001,314,0,0.2961446166334874,-0.5048858928492613,0.5048858928492613,0.2961446166334874,0.45,0.75,1.05,32.24417355126574,10.037286008294197,2.2820112125740035,-2.131201993607658,2.461824355083227,-2.0793821783151922,7.870523237687473,0.41500288498610777,3.1490588904047425,1.3410872769646487,3118.4301644690704,44.274927445150354,30.270515790148426,33.53650211385933,27.859777567715827,16.12599807153271,21.886251386735267,12.3582612535523,17.91809759468735,8.77349222198544,12.347801972643431,6.021959916996244,8.894238310247001,-6.520000000000001,4096122989655.729,43.06895390943575,15.256189768311065,8.07222244352621,338.5993381165245,31.154115651605878,53.83050266737317,11.49902366656781,0.0,40.472507436134215,0.0,18.210999494761456,0.0,33.67118793731575,20.45700050251759,24.26546827384644,59.65783953108687,10.772448428929591,36.36681606085178,71.56896812935871,96.14172194209475,0.0,0.0,20.45700050251759,19.5819339020711,25.68693003687944,72.79640482153933,0.0,34.12495031652961,20.94106086192447,34.124317648101375,22.99804733313562,0.0,76.31483730431368,40.472507436134215,0.0,0.0,112.83533922612804,0.0,32.671799841253176,0.0,377.88,93.70068598306983,62.09524222175861,0.0,45.02101719423165,23.259637120317212,24.26546827384644,26.352329219478285,24.26546827384644,0.0,20.45700050251759,20.94106086192447,145.441499812644,0.0,-4.108575680661544,36.2552830673474,10.981635760420422,-1.355441494146131,14.543520393762035,0.0,0.0,-17.757921859366206,0.058823529411764705,60,10,22,0,0,0,6,0,6,18,8,26,11,0,0,0,6,6.070400000000006,212.6427999999999,0,0,0,2,0,0,0,2,0,0,0,0,0,0,0,4,0,2,0,0,0,0,0,0,0,0,0,0,0,2,0,0,2,0,6,0,2,0,0,0,0,2,0,0,0,0,0,0,0,0,0,0,0,0,0,2,0,0,0,0,0,0,0,0,0,2,2,0,0,0,0,0,0,0,0,0,0,0,0,0,0,0,0,0,0
Drug_156,CN1C2CCCC1CC(=O)C2,0,train,11.195555555555556,11.195555555555556,0.4840740740740743,0.4840740740740743,0.5209548119199933,39.18181818181818,153.225,138.10499999999996,153.1153641,62,0,0.13552880394991826,-0.29959129795306777,0.29959129795306777,0.13552880394991826,1.2727272727272727,1.8181818181818181,2.3636363636363638,16.13842804772683,9.843706124829406,2.3407226995988046,-2.4252401670528356,2.297811228452538,-2.493866694470138,5.801681872926842,-0.12580674044352425,1.918214944910014,2.1227671281724665,162.40154658752397,7.8449349826912425,7.0456963302758115,7.0456963302758115,5.270856947829096,4.507835463268212,4.507835463268212,3.8509430753657314,3.8509430753657314,3.1532203570622412,3.1532203570622412,2.3955641751672747,2.3955641751672747,-0.37,391.3158487616429,7.288302829652313,2.593363416353019,1.1982910736167411,67.56848140619108,0.0,5.783244946364939,0.0,0.0,0.0,0.0,9.694446914922299,0.0,0.0,0.0,6.4208216229260096,19.88931522852921,24.92532490414794,0.0,4.794537184071822,5.783244946364939,0.0,4.899909730850477,0.0,44.18778977292597,7.04767198267719,0.0,0.0,0.0,0.0,0.0,0.0,0.0,29.814508318188526,4.794537184071822,0.0,32.10410811463005,0.0,0.0,0.0,0.0,20.310000000000002,0.0,4.794537184071822,0.0,0.0,17.86692660466086,12.841643245852019,19.26246486877803,0.0,0.0,11.947581713527667,0.0,0.0,0.0,13.603194444444444,0.0,0.0,0.4840740740740743,1.157407407407407,5.421064814814815,0.0,2.1675925925925927,0.8888888888888888,11,0,2,0,2,2,0,0,0,2,0,2,0,0,2,2,2,1.2022000000000002,43.43100000000002,0,0,0,0,0,0,0,0,0,0,1,1,0,0,0,1,0,0,0,0,0,0,0,0,0,0,0,0,0,0,0,0,0,0,0,0,2,0,0,0,0,0,0,0,0,0,0,0,0,0,0,1,1,0,0,0,0,0,0,0,0,0,0,0,0,0,0,0,0,2,0,0,0,0,0,0,0,0,0,0,0,0,0,0,0
Drug_121,C[C@@H]1NC(=O)NC1=O,0,train,10.390046296296296,10.390046296296296,0.2546296296296293,-0.4004629629629626,0.4054845307664512,27.375,114.10399999999998,108.05599999999998,114.042927432,44,0,0.32163818943912154,-0.3262733444627651,0.3262733444627651,0.32163818943912154,1.5,2.125,2.25,16.18627547600591,10.356460855550324,2.236210858867963,-1.9099659148527732,1.8757800208922077,-2.23846289244091,6.032834531231125,-0.11931190210567745,1.85084532640743,2.6395942063867976,142.97373660251156,6.146264369941973,4.3938468501173515,4.3938468501173515,3.6983773027576627,2.312948828843115,2.312948828843115,1.6844003191275005,1.6844003191275005,0.9776146022011076,0.9776146022011076,0.5184222906536866,0.5184222906536866,-1.06,66.63043175066748,5.084092219020172,1.467126541947864,0.6407442957932413,46.25101478479375,5.316788604006331,6.041840829147961,0.0,5.907179729351506,0.0,6.031114512338072,10.111325788078153,4.794537184071822,0.0,0.0,0.0,6.923737199690624,0.0,0.0,9.589074368143644,11.938294241689578,0.0,10.633577208012662,0.0,12.965578028838586,0.0,0.0,0.0,0.0,10.633577208012662,4.794537184071822,0.0,0.0,17.980135070837537,4.794537184071822,0.0,6.923737199690624,0.0,0.0,0.0,0.0,58.2,6.031114512338072,9.589074368143644,0.0,11.949020558499466,0.0,0.0,0.0,6.923737199690624,0.0,10.633577208012662,0.0,0.0,0.0,20.61087962962963,4.444444444444445,0.0,-0.2546296296296293,-0.7592592592592591,0.0,1.6252314814814814,0.0,0.5,8,2,4,0,1,1,0,0,0,2,2,4,0,0,1,1,1,-0.7857000000000001,26.136399999999995,0,0,0,0,0,0,0,0,0,0,2,2,0,0,0,0,2,0,0,0,0,0,0,0,0,0,0,3,0,0,0,0,0,0,0,0,0,0,0,0,0,0,0,0,0,0,0,0,1,0,0,0,0,0,0,0,0,0,0,0,0,0,0,0,0,0,0,0,0,0,0,0,0,0,0,0,0,0,0,0,0,0,0,0,1
Drug_212,Cc1c(C)c2c(c(C)c1O)CCC(C)(C(=O)O)O2,0,train,11.259619866465105,11.259619866465105,0.2859056122448984,-1.173003590325019,0.8032006897987243,22.22222222222222,250.29399999999995,232.14999999999995,250.120509056,98,0,0.34726324488043353,-0.5073814178917978,0.5073814178917978,0.34726324488043353,1.2222222222222223,1.8333333333333333,2.388888888888889,16.530370777145837,9.870268430804344,2.402398122902688,-2.3422545905722343,2.426787369648197,-2.4419727698121902,5.781535332205226,-0.1547168844733008,2.332203880301457,2.6077816944424095,533.3309085486676,13.662772227887025,11.125137334300739,11.125137334300739,8.276380111846843,6.016692812382301,6.016692812382301,5.169352841634847,5.169352841634847,3.9720439636727582,3.9720439636727582,2.3982909820927896,2.3982909820927896,-1.7099999999999997,8738.767939489559,12.739314771557625,3.9012703590957707,1.6350014157505963,106.20864371508328,14.94991774348146,11.49902366656781,0.0,5.601050810983688,0.0,5.9693052879518484,0.0,4.794537184071822,0.0,0.0,0.0,50.806124896779494,11.984273114623004,0.0,19.744454927553285,5.9693052879518484,0.0,0.0,0.0,46.1376428555982,0.0,22.253805966787983,0.0,11.49902366656781,4.736862953800049,0.0,11.49902366656781,0.0,21.78341088861695,11.21535880699783,20.771211599071872,35.59836478940461,0.0,0.0,0.0,0.0,66.76,11.570356098935537,15.007591973753234,0.0,5.749511833283905,18.591155079135923,22.253805966787983,0.0,6.923737199690624,20.771211599071872,0.0,4.736862953800049,5.717638888888889,0.0,11.259619866465105,19.243327979339885,2.1149848828420263,-0.03827853363567568,0.0,1.0245644368858653,7.094809145880575,0.0,0.5,18,2,4,0,1,1,1,0,1,3,2,4,1,0,0,0,2,2.48576,67.30760000000004,1,0,0,0,0,0,0,1,1,1,1,0,0,0,0,0,0,0,0,0,0,0,0,0,0,0,0,0,0,0,0,0,0,0,1,0,1,0,0,0,0,1,0,0,0,0,0,0,0,0,0,0,0,0,0,0,0,0,0,0,0,0,0,0,0,1,1,0,0,0,0,0,0,0,0,0,0,0,0,0,0,0,0,0,0
Drug_171,COC(=O)[C@H]1[C@H]2C[C@@H]3c4[nH]c5cc(OC)ccc5c4CCN3C[C@H]2C[C@@H](OC(=O)/C=C/c2cc(OC)c(OC)c(OC)c2)[C@@H]1OC,0,train,13.397266605415055,13.397266605415055,0.0043783997095270255,-0.6446197330707621,0.2650263928374025,25.695652173913043,634.7260000000003,592.3900000000003,634.289030924,246,0,0.3306338136222776,-0.49668697934988904,0.49668697934988904,0.3306338136222776,0.9347826086956522,1.6956521739130435,2.347826086956522,16.574336365700116,9.634998134958353,2.540563607845715,-2.524051921992875,2.503521787406224,-2.579898114720052,5.878056688271341,-0.18655595725947416,3.4619396406386986,1.2347967008466598,1606.4510400952536,32.53444046914421,27.162535615072606,27.162535615072606,22.328293358486693,15.55343830526085,15.55343830526085,12.101421525626202,12.101421525626202,9.967937632661378,9.967937632661378,7.907864967924996,7.907864967924996,-4.22,26926206213.703922,31.74990598109532,13.253019860724297,5.663216459824923,268.2137046647065,38.14201919754755,17.957444608780513,11.49902366656781,5.749511833283905,0.0,11.938610575903697,9.694446914922299,4.794537184071822,0.0,0.0,0.0,72.56666832517514,48.938550455327686,47.50873458169701,42.747115044743985,28.917555614818635,0.0,9.883888251797686,17.75371813848418,37.51223847342259,55.74829805949034,53.22868642738438,0.0,22.99804733313562,18.947451815200196,0.0,22.99804733313562,0.0,89.77872966268832,30.2204848524698,17.75371813848418,35.70431505324243,36.407855449141934,0.0,16.978945038914937,0.0,117.78000000000003,24.095144109609848,9.589074368143644,0.0,23.846958209422596,29.232808614474717,37.197368608577335,51.15881397295426,32.428349326312166,12.13273413692322,15.950255320259295,33.15804067660034,38.98652445061261,0.0,32.77022042324988,1.2148728324862152,4.263605695454111,0.8733548083055716,9.781920178621728,4.007992959627854,1.6995636413689628,9.23527834360639,0.4857142857142857,46,1,11,1,2,3,2,1,3,10,1,11,9,1,1,2,6,4.570700000000004,170.39769999999953,0,0,0,0,0,1,1,0,0,0,2,2,0,0,0,1,1,0,0,0,0,1,0,0,0,0,0,0,0,0,0,0,0,0,2,0,6,0,0,0,2,7,0,0,0,0,0,0,0,0,0,0,0,0,0,6,0,0,0,0,0,0,0,0,0,0,0,0,0,1,0,0,0,0,0,0,0,0,0,0,0,0,0,0,0
Drug_146,COc1ccc2[nH]c3c(c2c1)CCN=C3C,0,train,5.265407218442933,5.265407218442933,0.8918615362811791,0.8918615362811791,0.7778404555031401,14.75,214.26799999999997,200.15599999999998,214.110613068,82,0,0.11912138234515071,-0.4967429649280321,0.4967429649280321,0.11912138234515071,1.375,2.25,3.0625,16.465284611939477,10.028979832549524,2.1629184536803345,-2.088282450333567,2.2855360194301055,-2.0792560228315087,6.045956275610041,0.4151655011550811,2.68352142757586,2.2981521317464333,580.8752736714824,11.120955864630139,9.501726255905794,9.501726255905794,7.792024997884274,5.493794261768471,5.493794261768471,4.10719851009112,4.10719851009112,3.185881757360714,3.185881757360714,2.336747431252693,2.336747431252693,-1.77,8783.16563245579,9.455566401645477,3.3705900156516972,1.242683932817625,94.14997520606727,9.720841474747257,5.749511833283905,0.0,0.0,0.0,0.0,4.992404732635668,0.0,0.0,0.0,0.0,37.107111519698464,17.447681337993632,18.515410538896695,4.736862953800049,16.614609934851757,0.0,4.983978520947208,4.992404732635668,13.344558822616634,13.65455394719011,29.456480691930285,0.0,5.749511833283905,4.736862953800049,0.0,5.749511833283905,0.0,24.35021747090802,6.4208216229260096,0.0,18.18111668623608,23.191505938020498,0.0,10.902924932081056,0.0,37.379999999999995,0.0,0.0,0.0,0.0,0.0,24.42677486489319,22.160304418626513,7.109797541277533,6.06636706846161,29.032854590196717,4.736862953800049,5.265407218442933,0.0,7.8939766786344165,1.2672222222222225,4.842194349962208,0.9115419501133788,6.152573696145125,1.013731103552532,2.9519860166288736,1.701366764298312,0.3076923076923077,16,1,3,0,1,1,1,1,2,2,1,3,1,0,0,0,3,2.5416000000000007,65.63270000000003,0,0,0,0,0,1,1,0,0,0,0,0,0,0,1,1,1,0,0,0,0,1,0,0,0,0,0,0,0,0,0,0,0,0,1,0,3,0,0,0,0,1,0,0,0,0,0,0,0,0,0,0,0,0,0,1,0,0,0,0,0,0,0,0,0,0,0,0,0,0,0,0,0,0,0,0,0,0,0,0,0,0,0,0,0
Drug_127,COc1ccc2c3c([nH]c2c1)C(C)=NCC3,0,train,5.230916477702191,5.230916477702191,0.8895266439909297,0.8895266439909297,0.7778404555031401,14.75,214.26799999999997,200.15599999999998,214.110613068,82,0,0.12047575102260945,-0.49668697815333585,0.49668697815333585,0.12047575102260945,1.375,2.25,3.0625,16.46529679414579,10.03017477491146,2.161399294830305,-2.0852323525649283,2.282202769458399,-2.0788746122527053,6.045592626390198,0.41512249455911526,2.681002518520392,2.280456454218363,580.8752736714824,11.120955864630139,9.501726255905794,9.501726255905794,7.7920249978842735,5.493794261768471,5.493794261768471,4.107198510091121,4.107198510091121,3.1858817573607134,3.1858817573607134,2.344641960043589,2.344641960043589,-1.7699999999999998,8750.79222045056,9.455566401645477,3.3705900156516972,1.242683932817625,94.14997520606727,9.720841474747257,5.749511833283905,0.0,0.0,0.0,0.0,4.992404732635668,0.0,0.0,0.0,0.0,31.04074445123685,23.51404840645524,18.515410538896695,4.736862953800049,16.614609934851757,0.0,4.983978520947208,4.992404732635668,13.344558822616634,13.65455394719011,29.456480691930288,0.0,5.749511833283905,4.736862953800049,0.0,5.749511833283905,0.0,24.350217470908017,6.4208216229260096,0.0,18.18111668623608,23.191505938020498,0.0,10.902924932081056,0.0,37.379999999999995,0.0,0.0,0.0,0.0,0.0,29.943475582509457,16.643603701010253,7.109797541277533,12.13273413692322,22.96648752173511,4.736862953800049,5.230916477702191,0.0,7.892939263668431,1.2963425925925929,4.830437925170068,0.8895266439909297,6.181119614512472,1.0267878401360544,2.960735465482489,1.691194176744772,0.3076923076923077,16,1,3,0,1,1,1,1,2,2,1,3,1,0,0,0,3,2.5416000000000007,65.63270000000003,0,0,0,0,0,1,1,0,0,0,0,0,0,0,1,1,1,0,0,0,0,1,0,0,0,0,0,0,0,0,0,0,0,0,1,0,3,0,0,0,0,1,0,0,0,0,0,0,0,0,0,0,0,0,0,1,0,0,0,0,0,0,0,0,0,0,0,0,0,0,0,0,0,0,0,0,0,0,0,0,0,0,0,0,0
Drug_128,CC1=NCCc2c1[nH]c1cc(O)ccc21,0,train,9.407089238473167,9.407089238473167,0.30156368102796693,0.30156368102796693,0.6727789385705408,15.133333333333333,200.241,188.14499999999995,200.094963004,76,0,0.11719301827330278,-0.5078853817326998,0.5078853817326998,0.11719301827330278,1.4,2.2666666666666666,3.1333333333333333,16.25469670656764,10.030384274465831,2.159296353233176,-2.0843174602044616,2.2782422589989895,-2.0788593312774712,6.045424697040955,0.47585861116506173,2.5691618080250684,2.36424692813836,566.2509614357651,10.41384908344359,8.54069156094189,8.54069156094189,7.254020195423489,5.105028623822656,5.105028623822656,3.9255709942108337,3.9255709942108337,2.9622978718091257,2.9622978718091257,2.226546279291652,2.226546279291652,-1.77,4894.2532442877555,8.531255556623782,2.8581666666357814,1.1590896875106695,87.46572161435982,10.090505915787913,5.749511833283905,0.0,0.0,0.0,0.0,4.992404732635668,0.0,0.0,0.0,0.0,31.040744451236847,23.51404840645524,11.405612997619162,5.106527394840706,16.61460993485176,0.0,4.983978520947208,4.992404732635668,13.344558822616634,6.544756405912575,29.456480691930285,0.0,5.749511833283905,0.0,0.0,5.749511833283905,0.0,22.346947324471188,6.4208216229260096,0.0,18.18111668623608,23.191505938020498,0.0,10.902924932081056,0.0,48.379999999999995,0.0,5.106527394840706,0.0,0.0,5.749511833283905,29.88789174407401,10.949675706161791,12.13273413692322,12.990104268152233,9.976383253582876,0.0,0.0,0.0,7.727642195767196,10.612691090325018,4.516425736961452,0.30156368102796693,5.4693140589569165,0.983579931972789,2.888783304988662,0.0,0.25,15,2,3,0,1,1,1,1,2,2,2,3,0,0,0,0,3,2.2386,60.74550000000003,0,0,0,0,0,1,1,1,0,0,0,0,0,0,1,1,1,0,0,0,0,1,0,0,0,0,0,0,0,0,0,0,0,0,1,0,3,0,0,0,0,0,0,0,0,0,0,0,0,0,0,0,0,0,0,0,0,0,0,0,0,0,0,0,0,1,1,0,0,0,0,0,0,0,0,0,0,0,0,0,0,0,0,0,0
Drug_89,CC1(O)CCOC(=O)C1,0,train,10.496458333333333,10.496458333333333,0.13194444444444442,-0.824074074074074,0.47201029652941034,36.0,130.143,120.06299999999997,130.06299418,52,0,0.30819795814213213,-0.4654799407886877,0.4654799407886877,0.30819795814213213,1.7777777777777777,2.4444444444444446,2.7777777777777777,16.53685308787309,9.970125852994219,2.288687236706882,-2.257383890854068,2.18811756516618,-2.348651091077251,5.708352873891018,-0.15742944930419722,1.6026938237037671,2.5071954607822966,128.2646625064904,6.905777393935816,5.3850305199873265,5.3850305199873265,4.1009536313038994,2.9811903945884763,2.9811903945884763,2.644188220707486,2.644188220707486,1.4288630812166552,1.4288630812166552,0.8351096356532492,0.8351096356532492,-0.5700000000000001,80.13469118518836,6.548623962040332,1.9882386060247925,1.6768569381583203,53.62743152803001,9.843390348640755,0.0,0.0,0.0,0.0,5.9693052879518484,4.794537184071822,0.0,0.0,0.0,0.0,6.923737199690624,6.4208216229260096,18.628754398422615,14.637927532712578,5.9693052879518484,0.0,0.0,0.0,25.36643125652633,6.606881964512918,0.0,0.0,0.0,0.0,0.0,0.0,0.0,23.28376545828916,9.53140013787187,0.0,19.765380445542643,0.0,0.0,0.0,0.0,46.53,5.601050810983688,9.901064578912528,0.0,12.390126910877857,13.027703587438928,0.0,0.0,6.923737199690624,0.0,4.736862953800049,0.0,4.614513888888888,0.0,10.496458333333333,9.244027777777777,-0.824074074074074,-0.29976851851851816,0.0,0.68625,1.9992592592592593,0.0,0.8333333333333334,9,1,3,0,1,1,0,0,0,3,1,3,0,0,1,1,1,0.07440000000000002,30.816799999999986,0,1,0,0,0,0,0,0,0,0,1,1,0,0,0,0,0,0,0,0,0,0,0,0,0,0,0,0,0,0,0,0,0,0,0,0,0,0,0,0,1,1,0,0,0,0,0,0,0,0,0,0,0,0,1,0,0,0,0,0,0,0,0,0,0,0,0,0,0,0,0,0,0,0,0,0,0,0,0,0,0,0,0,0,0
Drug_111,c1ccc2c3c([nH]c2c1)[C@H]1C2CCC([C@@H]4CCCN[C@H]24)N1CC3,0,train,3.9095220773494583,3.9095220773494583,0.6358796296296294,0.6358796296296294,0.7827733265236746,39.04347826086956,307.44100000000003,282.241,307.20484780000004,120,0,0.05473114217888734,-0.35683982620011895,0.35683982620011895,0.05473114217888734,1.0434782608695652,2.0,3.0,15.256408947609351,9.611222444859195,2.5461896855827413,-2.6114821066959433,2.537899918226264,-2.6678205577208174,5.847441441979908,-0.09204795110881504,3.00967567650831,1.5044605023028927,763.3326006088806,14.965890847321381,13.593113486512427,13.593113486512427,11.415816237971967,9.502511069801884,9.502511069801884,8.090019213576332,8.090019213576332,7.258049227792133,7.258049227792133,6.481515900287377,6.481515900287377,-1.3199999999999998,751467.8616133009,13.025328834832957,4.610471078429567,1.622979730388655,136.98790468470025,10.300767124953538,0.0,0.0,0.0,0.0,0.0,4.899909730850477,0.0,0.0,0.0,18.19910120538483,62.11449517302401,35.22529099113802,6.041840829147961,0.0,10.902924932081056,0.0,15.200676855804016,11.835812092322787,50.229630602073925,13.08951281182515,35.5228477603919,0.0,0.0,5.316788604006331,0.0,0.0,0.0,35.05708272191876,6.4208216229260096,11.835812092322787,42.982506807397456,24.26546827384644,0.0,10.902924932081056,0.0,31.060000000000002,0.0,0.0,0.0,0.0,6.041840829147961,23.91949375061871,56.096545858536246,11.257379486545457,0.0,39.46614512965046,0.0,0.0,0.0,6.71509873393802,5.378735302763081,4.508039992231462,1.7102690644158893,11.131337077658326,6.889291150484784,2.5005620118417737,0.0,0.6,23,2,3,1,4,5,1,1,2,2,2,3,0,1,3,4,7,3.227500000000001,92.47640000000006,0,0,0,0,0,1,1,0,0,0,0,0,0,0,0,1,2,0,0,0,0,1,0,0,0,0,0,0,0,0,0,0,0,0,1,0,4,0,0,0,0,0,0,0,0,0,0,0,0,0,0,0,0,0,0,0,0,0,0,0,0,0,0,0,1,0,0,0,0,3,0,0,0,0,0,0,0,0,0,0,0,0,0,0,0
Drug_152,CN1Cc2c(N)cccc2C(c2ccccc2)C1,0,train,6.117203640715546,6.117203640715546,0.43374999999999986,0.43374999999999986,0.7740399810607017,19.5,238.334,220.18999999999994,238.146998576,92,0,0.03622407505068279,-0.3984570755157052,0.3984570755157052,0.03622407505068279,1.0555555555555556,1.8333333333333333,2.611111111111111,15.098603971328966,9.840785999447679,2.2501361680977316,-2.3293322374820646,2.3467562481531514,-2.3108332183792846,5.54492512366982,0.2956809800868072,2.4003118523969404,2.107473718104637,548.2783480249916,12.535169427003234,10.634929849769314,10.634929849769314,8.75402019542349,6.362196750754461,6.362196750754461,5.0750402750907995,5.0750402750907995,3.7481259908904025,3.7481259908904025,2.847146316552829,2.847146316552829,-1.7999999999999994,19557.74097333027,11.299504890713681,4.4649612493444435,1.8880742346082224,108.0421589968343,10.633577208012662,0.0,0.0,0.0,0.0,0.0,0.0,0.0,0.0,0.0,42.46456947923127,29.804393526229784,24.69480513267011,0.0,0.0,5.687386274683562,0.0,4.899909730850477,0.0,12.462662452073968,19.32609586575195,65.22129102278387,0.0,0.0,5.733667477162185,5.687386274683562,0.0,0.0,18.49233811944024,6.544756405912575,0.0,22.60826052125238,48.53093654769288,0.0,0.0,0.0,29.259999999999998,0.0,0.0,0.0,0.0,5.917906046161393,18.776899086508713,16.690354475090988,0.0,6.06636706846161,54.412151192758934,5.733667477162185,0.0,0.0,2.343611111111111,0.0,11.08505936633913,0.43374999999999986,16.97376314877803,0.0,2.0057608182161752,2.1580555555555554,0.25,18,2,2,0,1,1,2,0,2,2,1,2,1,0,0,0,3,2.8461000000000016,75.47340000000004,0,0,0,1,0,0,0,0,0,0,0,0,0,0,0,1,0,1,0,1,0,0,0,0,0,0,0,0,0,1,0,0,0,0,2,0,1,0,0,0,0,0,0,0,0,0,0,0,0,0,0,0,0,0,0,0,0,0,0,0,0,0,0,0,0,0,0,0,0,0,0,0,0,0,0,0,0,0,0,0,0,0,0,0,0
Drug_150,COc1cc2c(c(OC)c1OC)-c1ccc(O)c(=O)cc1[C@@H](N)CC2,0,train,12.057256087250224,12.057256087250224,0.31827131624254634,-0.45870971382380055,0.8891319708718594,15.6,343.37900000000013,322.21100000000007,343.1419727720001,132,0,0.2199607893435849,-0.504121307414888,0.504121307414888,0.2199607893435849,1.08,1.8,2.44,16.530280422023193,9.954468326157054,2.2715712267972488,-2.188035153131124,2.4935714911537024,-2.1132753821992845,5.821623062882528,0.3244460615087771,2.8428674429986134,2.4474049087468592,878.528092126015,18.137463722575188,14.458521934866262,14.458521934866262,12.010769012897683,7.96404253995679,7.96404253995679,5.920794695927236,5.920794695927236,4.563094140977785,4.563094140977785,3.3338486664634335,3.3338486664634335,-2.73,475284.79345772316,17.104707195472443,6.643238985341762,2.783335287268047,145.31908865611678,25.050783733403037,0.0,17.248535499851716,11.178302225184446,0.0,0.0,4.794537184071822,0.0,0.0,0.0,6.06636706846161,47.731098926327846,11.605292320844956,21.3293926238326,19.31711625624085,0.0,0.0,0.0,5.733667477162185,18.88348407499998,21.3293926238326,45.6156988332128,0.0,34.12495031652961,25.373046730462875,0.0,22.99804733313562,0.0,26.435920018673308,6.4208216229260096,0.0,23.58956543546796,29.060005457918262,0.0,11.126902983393991,0.0,91.01,5.428790391900541,9.901064578912528,0.0,11.791352662431866,35.65363023740073,16.690354475090988,12.13273413692322,27.39575969229421,6.06636706846161,0.0,19.944256338562333,16.54591988956076,0.0,12.057256087250224,9.824335775989816,9.063064347652642,1.2478155969177798,6.066527777777776,1.3557875094482235,0.0,4.672626348736107,0.3157894736842105,25,3,6,1,0,1,2,0,2,6,2,6,3,0,0,0,3,2.3912000000000004,94.71820000000004,0,0,0,0,0,0,0,1,0,0,0,0,0,0,0,0,0,1,0,0,0,0,0,0,0,0,0,0,0,0,1,0,0,0,1,0,3,0,0,0,0,3,0,0,0,0,0,0,0,0,0,0,0,0,0,3,0,0,0,0,0,0,0,0,0,0,0,0,0,0,0,0,0,0,0,0,0,0,0,0,0,0,0,0,0
Drug_190,CC[C@H]1C2C[C@H]3[C@@H]4N(C)c5ccccc5C45C[C@H](C2[C@H]5O)N3[C@@H]1O,0,train,11.597941232048376,11.597941232048376,0.12604686318972047,-0.31906273620559356,0.8220901729914654,55.833333333333336,326.44,300.232,326.199428072,128,0,0.11056876234509601,-0.39175020000349414,0.39175020000349414,0.11056876234509601,1.2083333333333333,2.0,2.7916666666666665,16.294676729912894,9.623763890182564,2.757415879138971,-2.620558087178436,2.683614781783645,-2.7230417955090633,5.66858265039117,-0.21092130765178355,2.9727184034966005,1.595723318205141,723.3453291572417,16.377950698581348,14.33837795583499,14.33837795583499,11.60822612591632,9.568367603747431,9.568367603747431,8.806751120028759,8.806751120028759,8.462271338859265,8.462271338859265,7.880246259467454,7.880246259467454,-1.1,758613.9548251044,14.109619609203374,4.169324139974981,1.2043241017343258,142.61957179820206,15.112964520531888,6.22790117073487,0.0,0.0,0.0,0.0,4.899909730850477,0.0,0.0,0.0,25.122838405075452,36.81018947509803,42.06954247737623,12.145807216896262,10.213054789681411,5.687386274683562,0.0,4.899909730850477,17.75371813848418,62.058582583792486,11.947581713527667,29.828919765543436,0.0,0.0,4.899909730850477,5.687386274683562,0.0,0.0,52.618026549136125,5.414990469396779,17.75371813848418,31.749653560165648,24.26546827384644,0.0,0.0,0.0,46.94,0.0,10.213054789681411,0.0,17.746858027879952,35.87924062592806,19.26246486877803,11.250837766380558,0.0,0.0,48.03669691791521,0.0,0.0,0.0,4.8299031557067265,22.632108213655833,2.5133911512135727,1.135527578315276,9.702675920676912,2.5550567680776015,2.1914361824976907,2.189901029856387,0.7,24,2,4,1,5,6,1,0,1,4,2,4,1,1,4,5,7,1.5545,91.73460000000004,0,2,2,0,0,0,0,0,0,0,0,0,0,0,0,2,0,0,0,1,0,0,0,0,0,0,0,0,0,1,0,0,0,0,1,0,2,0,0,0,0,0,0,0,0,0,0,0,0,0,0,0,0,0,0,0,0,0,0,0,0,0,0,0,1,0,0,0,0,4,0,0,0,0,0,0,0,0,0,0,0,0,0,0,0
Drug_64,CC[C@H](CC[C@@H](C)[C@H]1CC[C@H]2[C@@H]3CC=C4C[C@@H](O)CC[C@]4(C)[C@H]3CC[C@@]21C)C(C)C,0,train,10.246306689246147,10.246306689246147,0.07941871701363978,-0.07941871701363978,0.43609564173751103,45.333333333333336,414.7180000000003,364.31800000000015,414.38616622,172,0,0.05774005746539303,-0.39279668484713365,0.39279668484713365,0.05774005746539303,1.0,1.7666666666666666,2.466666666666667,16.26594658186921,9.466332867140693,2.585612297744569,-2.5808684004045106,2.669078201620369,-2.5040662867586714,5.249885480012386,-0.05749107586967701,3.0561250556004267,1.4731460038129802,634.2748374972687,21.681433796945203,20.921540611258617,20.921540611258617,14.202379705946678,13.578533426633625,13.578533426633625,12.851311415748603,12.851311415748603,11.298126631442784,11.298126631442784,9.303999768827875,9.303999768827875,-0.3,5568103.9889261415,22.87835199057318,8.566935876039198,3.736228854045851,187.03893633682944,5.106527394840706,0.0,0.0,0.0,0.0,0.0,0.0,0.0,0.0,0.0,66.0331910808989,110.04271786825741,0.0,6.103966387748303,5.106527394840706,0.0,0.0,0.0,52.2553232619233,118.27542743807817,0.0,11.649124636903148,0.0,0.0,0.0,0.0,0.0,0.0,11.210493782589008,0.0,52.2553232619233,112.17146105032987,11.649124636903148,0.0,0.0,0.0,20.23,0.0,5.106527394840706,0.0,6.103966387748303,10.829980938793557,54.26698556898177,57.787394606334104,5.5731045300692665,0.0,47.61844330497762,0.0,0.0,0.0,0.0,10.246306689246147,2.5858703391868847,6.307361315391131,0.0,17.10168646971438,15.092108519794792,0.0,0.9310344827586207,30,1,1,4,0,4,0,0,0,1,1,1,6,3,0,3,4,8.02480000000001,128.2168000000001,0,1,1,0,0,0,0,0,0,0,0,0,0,0,0,0,0,0,0,0,0,0,0,0,0,0,1,0,0,0,0,0,0,0,0,0,5,0,0,0,0,0,0,0,0,0,0,0,0,0,0,0,0,0,0,0,0,0,0,0,0,0,0,0,0,0,0,0,0,0,0,0,0,0,0,0,0,0,0,0,0,0,0,0,0
Drug_66,Cc1c(N)c(=O)n(-c2ccccc2)n1C,0,train,11.827966742252457,11.827966742252457,0.16555555555555523,-0.16555555555555523,0.7532469796693759,10.533333333333333,203.245,190.141,203.105862036,78,0,0.29431477506709175,-0.39273062709012185,0.39273062709012185,0.29431477506709175,1.2,1.8,2.2666666666666666,16.143879412222226,10.306675685504803,2.1157205349741073,-2.0668885048378134,2.0972102170419697,-2.1995084725464964,5.440427026946475,0.6297448349726201,2.4497435623369332,2.749966248688266,536.9509441597285,10.999635521070495,8.766777096601537,8.766777096601537,7.125897657686228,4.7215168710996,4.7215168710996,3.475197251190021,3.475197251190021,2.5987403829139173,2.5987403829139173,1.589059713324763,1.589059713324763,-1.9699999999999995,3263.058425032795,9.5798857198885,3.30931499257565,1.3420133279973443,87.53699929496688,5.733667477162185,5.687386274683562,0.0,0.0,5.559266895052007,0.0,9.476340119217006,4.681802935145184,0.0,0.0,18.19910120538483,19.056471336613843,7.04767198267719,11.381314269532023,0.0,5.687386274683562,0.0,9.363605870290368,7.04767198267719,6.923737199690624,5.733667477162185,46.37956741628034,0.0,5.687386274683562,11.29293437221419,5.687386274683562,0.0,0.0,9.363605870290368,7.04767198267719,6.923737199690624,5.693927994848461,35.126372526379875,0.0,5.687386274683562,0.0,52.95,0.0,4.794537184071822,0.0,5.559266895052007,5.687386274683562,11.381314269532023,0.0,9.363605870290368,44.30324452467586,0.0,5.733667477162185,3.3171296296296298,0.0,11.827966742252457,0.0,7.433166099773245,0.0,9.439330120937264,0.0,1.829537037037037,1.819537037037037,0.18181818181818182,15,2,4,0,0,0,1,1,2,4,1,4,1,0,0,0,2,1.0666200000000003,60.15940000000002,0,0,0,1,0,2,0,0,0,0,0,0,0,0,0,2,0,1,0,0,0,0,0,0,0,0,0,0,0,1,0,0,0,0,1,0,0,0,0,0,0,0,0,0,0,0,0,0,0,0,0,0,0,0,0,0,0,0,0,0,0,0,0,0,1,0,0,0,0,0,0,0,0,0,0,0,0,0,0,0,0,0,0,0,0
Drug_134,Cc1c(O)c(=O)n(-c2ccccc2)n1C,0,train,11.702966742252457,11.702966742252457,0.1931916099773241,-0.3877777777777778,0.7580611064305889,10.533333333333333,204.229,192.13299999999998,204.089877624,78,0,0.3133185513089087,-0.501726689431185,0.501726689431185,0.3133185513089087,1.2,1.8,2.2666666666666666,16.270073285679327,10.307864793190204,2.1336221072777533,-2.0640352624078155,2.1295035875086263,-2.186731001158362,5.344937095521691,0.46463074376050567,2.4497435623369332,2.749966248688266,537.7058316618919,10.999635521070495,8.636640422911867,8.636640422911867,7.125897657686228,4.656448534254766,4.656448534254766,3.410128914345187,3.410128914345187,2.5238247509778047,2.5238247509778047,1.5542214623006112,1.5542214623006112,-1.9699999999999995,3263.058425032795,9.5798857198885,3.30931499257565,1.3420133279973443,86.99134235015016,5.106527394840706,0.0,0.0,5.749511833283905,0.0,5.559266895052007,9.476340119217006,4.681802935145184,0.0,0.0,18.19910120538483,19.056471336613843,7.04767198267719,11.381314269532023,5.106527394840706,0.0,0.0,9.363605870290368,7.04767198267719,6.923737199690624,0.0,46.37956741628034,0.0,11.436898107967467,5.559266895052007,0.0,5.749511833283905,0.0,14.470133265131073,7.04767198267719,6.923737199690624,5.693927994848461,35.126372526379875,0.0,5.687386274683562,0.0,47.16,0.0,9.901064578912528,0.0,11.308778728335913,5.693927994848461,5.687386274683562,4.681802935145184,18.653212117512997,30.33183534230805,0.0,0.0,3.0671296296296298,0.0,11.702966742252457,9.515117157974302,0.9152343159486022,-0.1931916099773241,9.215336356764928,0.0,1.704537037037037,1.7395370370370369,0.18181818181818182,15,1,4,0,0,0,1,1,2,4,1,4,1,0,0,0,2,1.1900199999999999,57.41180000000003,0,0,0,0,0,2,0,1,0,0,0,0,0,0,0,2,0,0,0,0,0,0,0,0,0,0,0,0,0,0,0,0,0,0,1,0,0,0,0,0,0,0,0,0,0,0,0,0,0,0,0,0,0,0,0,0,0,0,0,0,0,0,0,0,1,0,0,0,0,0,0,0,0,0,0,0,0,0,0,0,0,0,0,0,0
Drug_39,Cc1c(N(C)CS(=O)(=O)O)c(=O)n(-c2ccccc2)n1C,1,train,12.562356386999245,12.562356386999245,0.2351648715041572,-4.204731066809439,0.8430014275958215,11.619047619047619,311.36300000000006,294.22700000000003,311.093977024,114,0,0.29475629646369067,-0.3525684173117614,0.3525684173117614,0.29475629646369067,1.2380952380952381,1.8095238095238095,2.3333333333333335,32.23975421910481,10.303012835088415,2.2136744992225297,-2.1463563915347774,2.1692582396529914,-2.30088048215824,7.853873150457319,0.4822676407816827,2.5914462976511317,2.5883295308306113,805.9321855038758,15.784092571446669,12.015705670989963,12.832202251917689,9.7210326720767,6.224472549534762,7.8336378570611656,4.819091091507063,6.241118552280342,3.2623388813044816,3.9759257804410404,2.3029770342992775,2.9215093259465834,-2.0599999999999996,37596.702886322615,15.331143339748435,5.377849347883951,3.006125990520758,122.31546250699141,4.899909730850477,11.564174664416917,0.0,0.0,15.67739375408556,0.0,14.02908999290737,4.681802935145184,8.417796984328938,0.0,18.19910120538483,19.056471336613843,14.09534396535438,11.381314269532023,12.9705468580193,15.805513133717117,0.0,9.363605870290368,7.04767198267719,6.923737199690624,17.824370103261025,46.37956741628034,0.0,5.687386274683562,10.459176625902483,5.687386274683562,0.0,0.0,35.25861310072022,17.165798841710743,6.923737199690624,5.693927994848461,35.126372526379875,0.0,5.687386274683562,0.0,84.54000000000002,15.99491524876691,13.212334168400758,0.0,11.24665316973557,11.381314269532023,0.0,16.62938464867285,30.785946254436215,18.19910120538483,0.0,4.552749873690364,34.03018298450387,0.0,13.790967498110355,0.0,1.1814229024943321,-0.6370208175862939,9.035584867389971,0.0,1.7189153439153437,-1.0367194454942459,0.3076923076923077,21,1,7,0,0,0,1,1,2,6,1,8,4,0,0,0,2,0.7659199999999997,80.56560000000003,0,0,0,0,0,2,0,0,0,0,0,0,0,0,0,3,0,0,0,0,0,0,0,0,0,0,0,0,0,1,0,0,0,0,1,0,0,0,0,0,0,0,0,0,0,0,0,0,0,0,0,0,0,0,0,0,0,0,0,0,0,0,0,0,1,0,0,0,0,0,0,0,0,0,0,0,0,0,0,0,0,0,0,0,0
Drug_174,C[C@@H]1NCCc2cc(O)c(O)cc21,0,train,9.315262660619803,9.315262660619803,0.02050925925925884,-0.033055555555555394,0.5261252101218331,21.153846153846153,179.219,166.11499999999995,179.094628656,70,0,0.1572433614504224,-0.5042530497621135,0.5042530497621135,0.1572433614504224,1.3076923076923077,2.0,2.769230769230769,16.302937671180082,9.945968685528662,2.1708551630264417,-2.236181902787568,2.3260763558962223,-2.270453563410219,5.47032903456718,0.39933061900490596,2.089308692692735,2.5198684394496675,335.94178503314396,9.422285251880869,7.540691560941889,7.540691560941889,6.1815405503520555,4.46372145344501,4.46372145344501,3.4655481474931853,3.4655481474931853,2.5477612789120254,2.5477612789120254,1.7891416267424467,1.7891416267424467,-1.2200000000000002,1057.190198502524,8.381487555134319,2.9235147852892234,1.3533346101056525,77.02367011155424,15.529843393687743,0.0,11.49902366656781,0.0,0.0,0.0,0.0,0.0,0.0,0.0,0.0,43.14895234884642,6.041840829147961,0.0,10.213054789681411,0.0,0.0,5.316788604006331,0.0,19.386399651764595,6.544756405912575,23.259637120317212,0.0,11.49902366656781,5.316788604006331,0.0,11.49902366656781,0.0,16.757811195593987,6.4208216229260096,0.0,24.092481012232575,12.13273413692322,0.0,0.0,0.0,52.489999999999995,0.0,10.213054789681411,0.0,17.54086449571577,0.0,24.092481012232575,0.0,12.13273413692322,0.0,12.240525803696954,0.0,0.0,0.0,0.0,21.8984693877551,2.211203703703704,-0.05356481481481423,3.5546296296296296,0.9102314814814815,2.9790306122448977,0.0,0.4,13,3,3,0,1,1,1,0,1,3,3,3,0,0,0,0,2,1.3045,49.893300000000025,0,0,0,0,0,0,0,2,0,0,0,0,0,0,0,0,1,0,0,0,0,0,0,0,0,0,0,0,0,0,0,0,0,0,1,0,1,0,0,0,0,0,0,0,0,0,0,0,0,0,0,0,0,0,0,0,0,0,0,0,0,0,0,0,0,2,2,0,0,0,0,0,0,0,0,0,0,0,0,0,0,0,0,0,0
Drug_242,O=c1cc(-c2ccc(O)cc2)oc2c(C3O[C@H](CO)[C@@H](O)[C@H](O)[C@H]3O)c(O)cc(O)c12,0,train,12.741639214327707,12.741639214327707,0.010016151543928542,-1.7508579525065822,0.29959620318403996,26.258064516129032,432.3810000000001,412.22100000000023,432.1056468399999,164,0,0.19659209791223542,-0.5079662131563947,0.5079662131563947,0.19659209791223542,0.8709677419354839,1.5483870967741935,2.193548387096774,16.544909600232007,9.894594300961959,2.4562077393367128,-2.399144466516076,2.431872365198375,-2.5481193770678514,5.892391904709593,-0.23136853254232237,2.7307367753411493,1.9625898585942014,1167.479385593846,22.446864799333696,15.913199782163732,15.913199782163732,14.722453108210821,9.351746286812267,9.351746286812267,7.303879534108781,7.303879534108781,5.3264367817666995,5.3264367817666995,3.7046016555739465,3.7046016555739465,-3.15,8170626.5825511515,21.09616156495197,7.836127625842253,3.4977533965252374,173.99350380907836,44.89970565473833,58.914839071932455,11.011810533542782,0.0,0.0,0.0,4.794537184071822,0.0,0.0,0.0,0.0,24.26546827384644,17.696185628620217,12.170333456209914,44.89970565473833,10.969244356107037,0.0,0.0,0.0,30.51983193874151,6.606881964512918,52.18498147843901,0.0,28.57223441042315,5.428790391900541,0.0,17.248535499851716,0.0,66.76843927939106,4.736862953800049,0.0,11.6674178794453,45.609890531894834,0.0,22.292943266678478,0.0,181.04999999999998,54.054527961722776,40.540228947956756,0.0,28.042455099962382,5.563451491696996,12.13273413692322,24.26546827384644,0.0,0.0,0.0,9.154013890853395,11.29434545673182,0.0,12.741639214327707,69.96431390758798,-0.8130704889980673,-1.1484207139861884,7.694443361238995,-7.873063771920679,-0.6935202983149131,0.0,0.2857142857142857,31,7,10,0,1,1,2,1,3,10,7,10,3,0,1,1,4,0.09169999999999978,105.6346,0,4,4,0,0,0,0,3,0,0,0,0,0,0,0,0,0,0,0,0,0,0,0,0,0,0,0,0,0,0,0,0,0,0,2,0,1,0,0,0,0,1,0,0,0,0,0,0,0,0,0,0,0,0,0,0,0,0,0,0,0,0,0,0,0,3,3,0,0,0,0,0,0,0,0,0,0,0,0,0,0,0,0,0,0
Drug_99,CC1=CC(=O)C2=C(C)C[C@H](O)[C@H]3[C@H](C)C(=O)O[C@@H]3[C@@H]12,0,train,12.084041477702193,12.084041477702193,0.0031963340891916214,-0.6202314814814818,0.6700340100538371,41.68421052631579,262.305,244.16099999999994,262.120509056,102,0,0.308995955447489,-0.46072321025825796,0.46072321025825796,0.308995955447489,1.3157894736842106,2.0,2.6842105263157894,16.552773854512186,9.795986002711297,2.533309526616828,-2.262340951792046,2.4713224529395528,-2.3473924622956295,6.08568004473833,-0.1444959015765232,2.7206894780597937,2.112292168106491,528.2636638905316,13.894823035455904,11.343166863215853,11.343166863215853,8.913591357920932,6.722134542392632,6.722134542392632,5.963280928759613,5.963280928759613,4.754463239000421,4.754463239000421,3.81824341437531,3.81824341437531,-1.42,22725.919210233456,12.605571735766729,4.035479835282669,1.6244285200454769,111.68256428621626,9.843390348640755,6.103966387748303,5.783244946364939,0.0,0.0,5.9693052879518484,9.589074368143644,0.0,0.0,0.0,18.06994625982916,26.344316129141138,17.408916622392056,12.021872433909696,19.4324647167844,11.752550234316788,0.0,0.0,17.75371813848418,39.39996599749449,0.0,22.79533369704168,0.0,0.0,0.0,0.0,0.0,0.0,29.0670104046541,14.325937321943693,17.75371813848418,27.19203322199788,22.79533369704168,0.0,0.0,0.0,63.599999999999994,12.207932775496605,14.69560176298435,0.0,29.506268372800967,6.4208216229260096,16.7193135902078,0.0,12.999757306524504,13.847474399381248,0.0,4.736862953800049,5.482777777777778,0.0,23.886805555555558,10.348505291005292,2.5875453514739233,-0.9565221088435372,0.0,1.063363567649281,5.587524565381708,0.0,0.6,19,1,4,2,1,3,0,0,0,4,1,4,0,0,1,1,3,1.3903999999999999,68.11180000000003,0,1,1,0,0,0,0,0,0,0,2,2,0,0,0,0,0,0,0,0,0,0,0,0,0,0,1,0,0,0,0,0,0,0,0,0,3,0,0,0,1,1,0,0,0,0,0,0,0,0,0,1,0,0,0,0,0,0,0,0,0,0,0,0,0,0,0,0,0,0,0,0,0,0,0,0,0,0,0,0,0,0,0,0,0
Drug_262,CC1=CC(=O)C2=C(C)CC[C@H]3[C@H](C)C(=O)O[C@@H]3[C@@H]12,0,train,12.059003684807259,12.059003684807259,0.01287037037037031,-0.12254629629629665,0.6164348063543748,39.166666666666664,246.30599999999998,228.16199999999995,246.125594436,96,0,0.3088918298208749,-0.4608303536796234,0.4608303536796234,0.3088918298208749,1.2777777777777777,2.0,2.7222222222222223,16.55163369542767,9.80817938833532,2.5015454962161034,-2.2385750596515273,2.469915356291649,-2.27814232558713,6.0853602641241755,-0.14447209808924,2.682330503171878,2.069639876088365,497.86810354691545,13.024579547452825,11.025709779712816,11.025709779712816,8.502907755397974,6.630602319312137,6.630602319312137,5.8169886147232175,5.8169886147232175,4.755019111635697,4.755019111635697,3.6898896484152357,3.6898896484152357,-1.3800000000000001,15372.436113678032,11.695902122961234,3.805446900897755,1.4253787020201356,106.88833053402027,4.736862953800049,6.103966387748303,5.783244946364939,0.0,0.0,5.9693052879518484,9.589074368143644,0.0,0.0,0.0,18.06994625982916,32.76513775206715,17.408916622392056,5.917906046161393,14.325937321943693,11.752550234316788,0.0,0.0,17.75371813848418,39.71682123267219,0.0,22.79533369704168,0.0,0.0,0.0,0.0,0.0,0.0,17.85651662206509,14.325937321943693,17.75371813848418,33.61285484492389,22.79533369704168,0.0,0.0,0.0,43.370000000000005,0.0,9.589074368143644,0.0,35.61023476054927,0.0,23.987852305990554,5.5731045300692665,6.076020106833881,20.771211599071872,0.0,4.736862953800049,5.572361111111111,0.0,23.82732331821618,0.0,3.1164805366591084,0.2463482615268333,0.0,3.4404591836734686,5.96369425547997,0.0,0.6,18,0,3,2,1,3,0,0,0,3,0,3,0,0,1,1,3,2.419600000000001,66.72200000000004,0,0,0,0,0,0,0,0,0,0,2,2,0,0,0,0,0,0,0,0,0,0,0,0,0,0,2,0,0,0,0,0,0,0,0,0,3,0,0,0,1,1,0,0,0,0,0,0,0,0,0,1,0,0,0,0,0,0,0,0,0,0,0,0,0,0,0,0,0,0,0,0,0,0,0,0,0,0,0,0,0,0,0,0,0
Drug_143,COC1=C[C@@H]2C3=C([C@@H](NC(C)=O)CCc4cc(OC)c(OC)c(OC)c43)[C@@H]2C1=O,0,train,12.870382032072598,12.870382032072598,0.032874490845720805,-0.30504380301503375,0.8179937747449152,24.379310344827587,399.44300000000015,374.24300000000017,399.16818751999995,154,0,0.21684214485232323,-0.4933187158388978,0.4933187158388978,0.21684214485232323,1.0689655172413792,1.793103448275862,2.3793103448275863,16.53061451429733,9.64079251410798,2.5375746007688234,-2.3983821819219635,2.5940322760480146,-2.4396912560985724,6.08349662635851,-0.12191510186134778,2.8851334944300624,1.9613134649628492,960.5394423427493,20.869514530144066,17.250454651104402,17.250454651104402,13.959457417881433,9.59560745772935,9.59560745772935,7.442995860566656,7.442995860566656,6.050962278434668,6.050962278434668,4.940283145180503,4.940283145180503,-2.9600000000000004,3193228.2448997656,19.360492680372467,7.133562777432493,2.70961132758926,169.20086472660964,24.264240419206526,0.0,17.258188538223987,17.43993650900035,0.0,0.0,9.589074368143644,0.0,0.0,0.0,0.0,41.69369097298304,18.405094737549014,40.39893704041948,28.536526183343838,17.263529205785712,0.0,5.316788604006331,11.835812092322787,25.807221274690605,28.439190165110134,34.60155956041493,0.0,17.248535499851716,19.527377465406477,0.0,17.248535499851716,0.0,46.17145566997454,20.7467589448697,11.835812092322787,24.471461806010623,23.474656577020934,0.0,5.5731045300692665,0.0,83.09,0.0,9.589074368143644,0.0,29.56807759718719,35.84934361735991,22.273112043532524,14.033534740968157,21.3293926238326,12.142387175295491,5.316788604006331,18.947451815200196,22.18025826728253,0.0,24.740949415693734,3.0324179579239106,3.933236961451248,1.5018604077433448,1.7445188492063488,3.267112071680524,1.4963875766355925,6.269925159049437,0.45454545454545453,29,1,7,3,0,3,1,0,1,6,1,7,5,0,0,0,4,2.2759,106.02270000000006,0,0,0,0,0,0,0,0,0,0,2,2,0,0,0,0,1,0,0,0,0,0,0,0,0,0,3,1,0,0,1,0,0,0,1,0,5,0,0,0,0,4,0,0,0,0,0,0,0,0,0,1,1,0,0,4,0,0,0,0,0,0,0,0,0,0,0,0,0,0,0,0,0,0,0,0,0,0,0,0,0,0,0,0,0
Drug_178,C[C@@H]1C(=O)O[C@H]2CC34[C@H]5C[C@@H](C(C)(C)C)[C@]36[C@@H](OC(=O)[C@@H]6O)O[C@@]4(C(=O)O5)[C@]21O,0,train,13.320047713529856,13.320047713529856,0.062268518518518556,-1.966112528344671,0.4084569903388224,59.172413793103445,408.40300000000013,384.2110000000002,408.1420323479999,158,0,0.3424008673104497,-0.459360562394064,0.459360562394064,0.3424008673104497,1.0344827586206897,1.7241379310344827,2.3793103448275863,16.752455511593098,9.51287205883439,3.0072819392404506,-2.460929587464857,2.841386211948025,-2.6599741672289876,5.93068779342541,-0.23810137819578267,3.313933446728988,1.6835784650148211,892.8729871513374,20.93879310982592,16.630480401757808,16.630480401757808,13.402408775198479,10.107208488230532,10.107208488230532,10.599702017015682,10.599702017015682,8.966173875111542,8.966173875111542,8.05961869190099,8.05961869190099,-1.71,3962844.6967333313,18.09041866635029,4.476195044430214,1.3474948844572274,166.16537900274054,29.160506604881604,12.207932775496605,11.70501719873199,11.8910775403189,0.0,17.907915863855546,4.794537184071822,9.589074368143644,0.0,0.0,20.771211599071872,24.677455338174802,6.4208216229260096,16.747886984954953,43.54411815709707,17.907915863855546,0.0,0.0,28.08078350051312,76.34061955916201,0.0,0.0,0.0,0.0,0.0,0.0,0.0,0.0,63.92499816808445,33.33106336741566,28.08078350051312,40.53659204461451,0.0,0.0,0.0,0.0,128.59,70.459830363358,24.596666341896878,0.0,17.75371813848418,6.4208216229260096,0.0,6.923737199690624,0.0,20.771211599071872,0.0,18.947451815200196,22.892494567271356,0.0,38.1427686707399,23.03387881078357,-6.81430327223482,-3.5237153433904433,0.0,-3.955738614890402,7.474615181720836,0.0,0.85,29,2,9,2,4,6,0,0,0,9,2,9,0,2,4,6,6,-0.3402999999999995,90.62160000000004,0,2,1,0,0,0,0,0,0,0,3,3,0,0,0,0,0,0,0,0,0,0,0,0,0,0,0,0,0,0,0,0,0,0,0,0,1,0,0,0,3,4,0,0,0,0,0,0,0,0,0,0,0,0,0,0,0,0,0,0,0,0,0,0,0,0,0,0,0,0,0,0,0,0,0,0,0,0,0,0,0,0,0,0,0
Drug_110,C=C1[C@@H]2C[C@]3([C@@H]1O)[C@H]1C[C@@H]4[C@@]5(C)CC[C@H](O)[C@@]4(C1N(CC)C5)[C@@H]3C[C@@H]2O,0,train,11.494912603930462,11.494912603930462,0.05467285525321208,-0.5003113189720334,0.624830071607215,65.5,359.5100000000001,326.2460000000001,359.246043916,144,0,0.0813236022391506,-0.3924928168473065,0.3924928168473065,0.0813236022391506,1.1923076923076923,1.9615384615384615,2.6923076923076925,16.280374344841828,9.431258070943201,2.8456596359818906,-2.6504837991455825,2.8299451416073995,-2.681190759608155,5.387535904617469,-0.21774698355523617,3.1356954831196804,1.6054501131025027,694.8748449942824,18.223250160202095,16.064510785009222,16.064510785009222,12.319222096860948,10.78947918997994,10.78947918997994,10.867295266001358,10.867295266001358,10.552135895239518,10.552135895239518,9.969806819651714,9.969806819651714,-0.41999999999999993,1486209.9096568194,16.526821447651912,4.587778242217695,1.3728579222959478,155.82098040359008,15.319582184522117,0.0,0.0,0.0,0.0,0.0,4.899909730850477,0.0,0.0,0.0,20.426410082979746,67.39067765849285,29.33448422001549,18.31189916324491,15.319582184522117,0.0,0.0,4.899909730850477,39.916595592835904,70.30532250640415,13.08951281182515,12.152040213667764,0.0,0.0,0.0,0.0,0.0,0.0,57.662744719590606,0.0,39.916595592835904,45.95158251401129,12.152040213667764,0.0,0.0,0.0,63.93000000000001,12.207932775496605,15.319582184522117,0.0,34.18474988826142,17.877652921470748,50.766725456524455,0.0,0.0,0.0,25.326319813830224,0.0,0.0,0.0,2.651593442932729,33.79523919753087,0.8492518187830695,1.2643861016628866,0.3725694444444442,3.5811033163265296,11.06919001165281,0.0,0.9090909090909091,26,3,4,5,1,6,0,0,0,4,3,4,1,5,1,6,6,1.7917999999999998,98.21340000000005,0,3,3,0,0,0,0,0,0,0,0,0,0,0,0,1,0,0,0,0,1,0,0,0,0,0,0,0,0,0,0,0,0,0,0,0,1,0,0,0,0,0,0,0,0,0,0,0,0,0,0,0,0,0,0,0,0,0,0,0,0,0,0,0,0,0,0,0,0,1,0,0,0,0,0,0,0,0,0,0,0,0,0,0,0
Drug_58,CC(=O)C(/N=N\c1ccc(Cl)cc1Cl)C(=O)Nc1ccc(-c2ccc(NC(=O)C(/N=N/c3ccc(Cl)cc3Cl)C(C)=O)c(C)c2)cc1C,1,train,13.003442295273684,13.003442295273684,0.23032548102688688,-1.388394605504515,0.11720502720790996,12.583333333333334,726.448,698.224,724.092614096,246,0,0.25832581798724047,-0.3235185003133412,0.3235185003133412,0.25832581798724047,0.5625,0.9375,1.25,35.499025850828026,9.993399260419636,2.2508515037665164,-2.1462412086016416,2.3106025092497715,-2.316614956766255,6.3634212915201935,-0.12730387880091384,3.006394200315487,1.45881936858898,1840.4489071939004,35.12022690677111,26.01660920454696,29.040324988620775,22.726162201408222,14.292872927170055,15.804730819206963,10.68668345728892,12.373955271714099,6.950051009857995,8.02571184685116,4.370465495581631,5.263046247847632,-4.479999999999999,19101083973.272655,36.35766521338283,16.078409233844706,9.320964068602276,296.1045402455511,10.633577208012662,11.374772549367124,11.566489892729878,12.083681658295921,11.814359458703011,0.0,19.178148736287287,0.0,20.45700050251759,0.0,58.53649369785329,110.61242545016658,21.420039176849777,10.045266627482652,19.178148736287287,92.5341540110972,0.0,0.0,20.45700050251759,39.77863045705841,10.633577208012662,104.01384105989862,0.0,11.126902983393991,10.633577208012662,22.74954509873425,0.0,46.40375956093006,35.46453100972881,19.178148736287287,13.847474399381248,24.974377382775238,93.25340532405694,20.090533254965305,11.126902983393991,0.0,141.78,35.46453100972881,19.178148736287287,0.0,21.420039176849777,21.420039176849777,22.253805966787983,38.112942673227685,24.26546827384644,38.11294267322769,31.09057771053025,46.40375956093006,0.0,24.063445291521603,50.48753133181098,22.593547609880904,4.635414159970324,-2.29685844732661,17.17384381749865,0.0,6.120854014421935,0.0,0.17647058823529413,48,2,10,0,0,0,4,0,4,8,2,14,11,0,0,0,4,9.944039999999994,189.50539999999967,0,0,0,0,0,0,0,0,0,0,4,4,0,0,0,4,2,0,0,0,0,0,0,0,0,0,0,2,0,2,2,0,2,0,4,0,0,0,0,0,0,0,0,0,4,0,0,0,0,0,0,2,2,0,0,0,0,0,0,0,0,0,0,0,0,0,0,0,0,0,0,0,0,0,0,0,0,0,0,0,0,0,0,0,0
Drug_261,COc1c2c(nc3ccccc13)OC(C(C)(O)CO)C2,0,train,10.152489921894684,10.152489921894684,0.36756889329805986,-1.3076429043839757,0.882869399137767,20.3,275.30400000000003,258.16799999999995,275.115758024,106,0,0.22095881427004663,-0.4955504801883321,0.4955504801883321,0.22095881427004663,1.45,2.2,2.9,16.522677471221474,9.95304543296,2.401809598335186,-2.2605725473241454,2.4090167473839768,-2.450555727612288,5.873112329240772,-0.07381369129436308,2.8849416085266886,2.115223786982528,653.6087264807029,14.328062645816686,11.459102275748826,11.459102275748826,9.564010035069284,6.520627476024868,6.520627476024868,5.271810599360944,5.271810599360944,3.764201358582563,3.764201358582563,2.5207964043348654,2.5207964043348654,-1.8499999999999999,51634.68490941067,13.14785110431072,4.609916677187224,1.901675347478289,116.3320951284349,19.68678069728151,17.4545290320159,0.0,5.879988336435371,0.0,0.0,0.0,4.983978520947208,0.0,0.0,12.13273413692322,19.056471336613846,11.807045837390806,24.79683171510371,19.68678069728151,10.902924932081056,0.0,4.983978520947208,0.0,25.049576021348624,13.716679505790452,29.828919765543436,0.0,11.629500169719275,9.473725907600098,0.0,11.629500169719275,0.0,40.61873001515105,6.4208216229260096,0.0,12.487188691387619,24.26546827384644,0.0,10.902924932081056,0.0,71.81,11.70501719873199,10.213054789681411,0.0,6.606881964512918,12.30080995936138,22.21588825706196,0.0,14.033534740968157,24.26546827384644,4.983978520947208,9.473725907600098,11.212930130385487,0.0,4.4674329176114895,20.338148699294536,0.3148722127739991,1.1954766628873776,7.65828302154195,-0.06491496598639523,1.183757637314185,1.6106803508440413,0.4,20,2,5,0,1,1,1,1,2,5,2,5,3,0,0,0,3,1.2901999999999996,74.12460000000003,0,2,1,0,0,1,0,0,0,0,0,0,0,0,0,1,0,0,0,0,0,0,0,0,0,0,0,0,0,0,0,0,0,0,1,0,2,0,0,0,0,2,0,0,0,0,0,0,0,0,0,0,0,0,0,1,0,0,0,0,0,0,0,0,1,0,0,0,0,0,0,0,0,1,0,0,0,0,0,0,0,0,0,0,0
Drug_193,CC[C@@H](CO)NC(=O)[C@@H]1C=C2c3cccc4[nH]cc(c34)C[C@H]2N(C)C1,0,train,12.684757338120434,12.684757338120434,0.005315334467120847,-0.1874092970521546,0.7971701178185844,23.88,339.4390000000002,314.23900000000003,339.19467704000004,132,0,0.2280406865931544,-0.3942431481017148,0.3942431481017148,0.2280406865931544,1.48,2.32,3.08,16.2528365656367,9.795060852183559,2.3532583845308417,-2.392735525454097,2.4021774813417616,-2.483255677763502,5.9892705497669345,-0.12491537881496373,3.0441990594127146,1.7106435994092601,834.578887042534,17.551677284948283,14.749904759726979,14.749904759726979,12.117723500579766,9.045046572906505,9.045046572906505,7.226379962268624,7.226379962268624,5.664561485927456,5.664561485927456,4.1995951091520345,4.1995951091520345,-2.11,813142.099157849,16.363387497778955,6.316067391719603,2.675737222947172,147.26571981181425,15.407294519794245,0.0,0.0,5.907179729351506,0.0,0.0,9.694446914922299,0.0,0.0,0.0,25.132491443447723,42.65568981045407,29.68636573875467,18.566628839822272,9.901064578912528,22.38320919150183,0.0,15.200676855804016,5.917906046161393,31.849062103838566,20.199310353102682,41.59886786722578,0.0,0.0,5.316788604006331,0.0,0.0,0.0,53.18058738738849,11.21535880699783,5.917906046161393,24.471461806010623,30.471964883831788,0.0,16.476029462150326,0.0,68.36,0.0,9.901064578912528,0.0,24.473808569173777,12.586597235060536,18.35834396346828,22.086231727928055,0.0,6.923737199690624,52.72031372231299,0.0,0.0,0.0,18.33765554756491,13.623276486303633,5.007806749727746,-0.18209396258503374,6.489126443391865,5.969651468994903,2.6582697899075964,2.0963074766943812,0.45,25,3,5,1,1,2,1,1,2,3,3,5,4,0,0,0,4,1.9247,99.19520000000003,0,1,1,0,0,1,1,0,0,0,1,1,0,0,0,1,2,0,0,1,0,1,0,0,0,0,0,1,0,0,0,0,0,0,1,0,2,0,0,0,0,0,0,0,0,0,0,0,0,0,0,0,0,0,0,0,0,0,0,0,0,0,0,0,0,0,0,0,0,0,0,0,0,0,0,0,0,0,0,0,0,0,0,0,0
Drug_144,CN1C[C@H](CO)C=C2c3cccc4[nH]cc(c34)C[C@H]21,0,train,9.471009700176367,9.471009700176367,0.2326691232048379,0.2326691232048379,0.8170856747559946,26.31578947368421,254.333,236.18899999999994,254.141913196,98,0,0.05058378736159471,-0.39571242901921494,0.39571242901921494,0.05058378736159471,1.4210526315789473,2.3157894736842106,3.1578947368421053,16.251115955669558,9.798845094859635,2.326353627070162,-2.3906806793705746,2.400033462678948,-2.4271314194287394,5.978278557921857,0.18114088737004,2.845747532316716,1.9669628777547616,670.4388119059066,12.982763184195939,11.05719941888694,11.05719941888694,9.275188245478668,6.898217086834538,6.898217086834538,5.766206492429277,5.766206492429277,4.575061352651856,4.575061352651856,3.6632395263875996,3.6632395263875996,-1.58,49572.92201295719,11.263749430423402,3.954845652888263,1.5183803483715879,112.09456707057599,10.090505915787913,0.0,0.0,0.0,0.0,0.0,4.899909730850477,0.0,0.0,0.0,18.208754243757102,36.234868187528065,35.604271784916065,6.606881964512918,5.106527394840706,16.476029462150326,0.0,9.883888251797686,5.917906046161393,12.462662452073971,20.199310353102682,41.59886786722578,0.0,0.0,0.0,0.0,0.0,0.0,41.23156682888903,6.4208216229260096,5.917906046161393,11.126902983393991,30.471964883831788,0.0,16.476029462150326,0.0,39.26,0.0,5.106527394840706,0.0,12.52478801067431,6.041840829147961,12.965578028838586,27.602932445544315,0.0,0.0,47.40352511830666,0.0,0.0,0.0,5.754475781053162,10.843222474174855,5.377938397581255,0.2564795918367344,6.921817680776015,5.503763306248425,1.1775096844293276,2.1647930839002267,0.375,19,2,3,1,1,2,1,1,2,2,2,3,1,0,0,0,4,2.0298999999999996,76.97350000000003,0,1,1,0,0,1,1,0,0,0,0,0,0,0,0,1,1,0,0,1,0,1,0,0,0,0,0,0,0,0,0,0,0,0,1,0,2,0,0,0,0,0,0,0,0,0,0,0,0,0,0,0,0,0,0,0,0,0,0,0,0,0,0,0,0,0,0,0,0,0,0,0,0,0,0,0,0,0,0,0,0,0,0,0,0
Drug_85,C[C@H](CCC(=O)O)[C@H]1CC[C@H]2[C@@H]3CC[C@@H]4C[C@H](O)CC[C@]4(C)[C@H]3CC[C@@]21C,0,train,11.043617262487906,11.043617262487906,0.05608592597480477,-0.6426006155163455,0.6802315567711569,50.370370370370374,376.5810000000002,336.2610000000001,376.29774513999996,154,0,0.3028502566661951,-0.4812302620821329,0.4812302620821329,0.3028502566661951,1.0,1.7037037037037037,2.4444444444444446,16.365217543199222,9.44111373688664,2.599990023848761,-2.608722040782299,2.67903981278214,-2.537511813023416,5.661062764096982,-0.1377780189748098,2.972961503490541,1.50972179567481,573.9735940164148,19.39697674656903,17.622301958843188,17.622301958843188,12.753691300962933,11.65287542625254,11.65287542625254,11.223168622528977,11.223168622528977,10.211859307082861,10.211859307082861,8.763044222758067,8.763044222758067,-0.5700000000000001,1338474.8362554973,19.733738063644168,7.040377183311439,3.163460619460713,164.8595846492704,10.213054789681411,0.0,0.0,0.0,0.0,5.9693052879518484,4.794537184071822,0.0,0.0,0.0,20.771211599071872,110.54563344502203,6.4208216229260096,6.103966387748303,15.007591973753234,5.9693052879518484,0.0,0.0,46.33741721576191,97.50421583900629,0.0,0.0,0.0,0.0,0.0,0.0,0.0,0.0,22.286326465381563,4.794537184071822,46.33741721576191,91.40024945125799,0.0,0.0,0.0,0.0,57.53,5.9693052879518484,9.901064578912528,0.0,6.103966387748303,29.08661465404235,42.9340890534236,44.94575136048208,0.0,0.0,20.771211599071872,5.106527394840706,0.0,0.0,11.043617262487906,19.28885678242533,0.8818957044288483,3.9077954923707425,0.0,12.446403946375884,7.431430811911287,0.0,0.9583333333333334,27,2,3,4,0,4,0,0,0,2,2,3,4,4,0,4,4,5.507100000000006,107.25760000000008,1,1,1,0,0,0,0,0,1,1,1,0,0,0,0,0,0,0,0,0,0,0,0,0,0,0,0,0,0,0,0,0,0,0,0,0,5,0,0,0,0,0,0,0,0,0,0,0,0,0,0,0,0,0,0,0,0,0,0,0,0,0,0,0,0,0,0,0,0,0,0,0,0,0,0,0,0,0,0,0,0,0,0,0,0
Drug_200,C[C@H](CCC(=O)NCC(=O)O)[C@H]1CC[C@H]2[C@H]3[C@H](C[C@H](O)[C@@]21C)[C@@]1(C)CC[C@@H](O)C[C@H]1C[C@H]3O,0,train,12.042248237643502,12.042248237643502,0.0668340077584999,-1.0445590840745818,0.41029008713090476,47.696969696969695,465.63100000000026,422.28700000000026,465.30903809599994,188,0,0.32246925725882997,-0.47993044761757,0.47993044761757,0.32246925725882997,1.0303030303030303,1.7575757575757576,2.4545454545454546,16.366928994501016,9.427696629903991,2.6520087541556423,-2.632136275495185,2.6792760104295517,-2.6196434167130564,5.8050628854027915,-0.20654610750407085,3.1079609358717026,1.4868660433893968,759.0641407508059,24.129027554137906,20.372571197499663,20.372571197499663,15.478942057258273,13.007207499964077,13.007207499964077,12.212125331549707,12.212125331549707,10.78421435843961,10.78421435843961,8.954230867059163,8.954230867059163,-1.1800000000000002,18548683.820594627,24.929175241440266,9.119475275190034,4.227057294571867,196.88932066610744,25.742898183369157,6.544756405912575,0.0,5.907179729351506,0.0,5.9693052879518484,9.589074368143644,0.0,0.0,0.0,20.771211599071872,97.70399019917,6.4208216229260096,18.31189916324491,30.015183947506465,11.876485017303354,0.0,5.316788604006331,46.33741721576191,96.87050536865087,6.544756405912575,0.0,0.0,0.0,5.316788604006331,0.0,0.0,0.0,57.15925016582365,9.589074368143644,46.33741721576191,78.55860620540597,0.0,0.0,0.0,0.0,127.09000000000002,12.073271675700152,24.90865655266576,0.0,65.0793800803612,25.180370914939424,38.524929737556064,0.0,0.0,0.0,26.088000203078202,5.106527394840706,0.0,0.0,22.72214623255139,44.35480693854732,-0.21443452125804452,0.2646630434538919,0.0,5.85704980056231,6.349101839476473,0.0,0.9230769230769231,33,5,7,4,0,4,0,0,0,5,5,7,6,4,0,4,4,2.5648999999999993,123.04690000000006,1,3,3,0,0,0,0,0,1,1,2,1,0,0,0,0,1,0,0,0,0,0,0,0,0,0,0,1,0,0,0,0,0,0,0,0,5,0,0,0,0,0,0,0,0,0,0,0,0,0,0,0,0,0,0,0,0,0,0,0,0,0,0,0,0,0,0,0,0,0,0,0,0,0,0,0,0,0,0,0,0,0,0,0,0
Drug_227,N/C(=N\C(=O)c1nc(Cl)c(N)nc1N)NCc1ccccc1,0,train,11.961318027210885,11.961318027210885,0.06030481652689268,-0.7592947425883934,0.4767289026722774,11.227272727272727,319.756,305.6440000000001,319.094835748,114,0,0.30215882828140517,-0.38165341498430766,0.38165341498430766,0.30215882828140517,1.1818181818181819,1.8636363636363635,2.5454545454545454,35.495696832362114,10.20663677236784,2.153326925691114,-2.0587159245210853,2.1732144237167255,-2.3178624211852257,6.313793279798065,0.09980804515818137,2.495059424731202,2.0794667453798357,717.8285865995391,16.11251969619286,11.45376248467652,12.209691430694976,10.46923425058676,6.2185629557303645,6.596527428739591,4.2748526847682715,4.6328657722185875,2.645876887105382,2.9240166831690813,1.5893008022264192,1.7160739404356964,-2.869999999999999,79312.94899335546,15.517545534255854,6.723154099302046,3.826075372004923,130.9522647180756,22.517791035492884,0.0,28.442317936155142,0.0,0.0,5.907179729351506,4.794537184071822,9.967957041894415,4.992404732635668,0.0,41.932775232540564,5.563451491696996,6.544756405912575,0.0,4.794537184071822,35.10339974399791,0.0,15.284745645900745,10.726072209797852,6.544756405912575,11.46733495432437,46.742324645746294,0.0,0.0,22.517791035492884,11.635725555670057,0.0,11.600939890232516,21.834691339989757,6.544756405912575,0.0,16.051916670617278,35.32424007494372,5.153109816892792,0.0,0.0,145.3,5.907179729351506,4.794537184071822,0.0,28.442317936155142,6.544756405912575,5.563451491696996,0.0,0.0,30.33183534230805,20.277150378536415,28.80194232171907,0.0,5.705893772076049,23.07897892529882,2.6835897061992844,17.434776613119833,-1.0469052219936397,9.497725678368715,0.0,0.42371830470871474,0.0,0.07692307692307693,22,7,8,0,0,0,1,1,2,5,4,9,3,0,0,0,2,0.5390999999999997,85.10139999999998,0,0,0,2,0,2,0,0,0,0,1,1,0,0,1,3,1,3,0,0,0,0,0,0,0,0,0,1,0,2,0,0,0,0,1,0,0,0,0,0,0,0,0,1,1,0,0,0,0,0,0,0,0,0,0,0,0,0,0,0,0,0,0,0,0,0,0,0,0,0,0,0,0,0,0,0,0,0,0,0,0,0,0,0,0
Drug_8,Nc1ccc(/N=N/c2ccc(-c3ccc(/N=N/c4c(S(=O)(=O)O)cc5cc(S(=O)(=O)O)c(/N=N/c6ccccc6)c(O)c5c4N)cc3)cc2)c(N)c1,1,train,12.431832865758542,12.431832865758542,0.2632734602946334,-5.036233012124964,0.04657505102654298,12.423076923076923,737.7800000000001,710.5639999999999,737.1474862039997,262,0,0.29641477785438575,-0.5048483780207227,0.5048483780207227,0.29641477785438575,0.5192307692307693,1.0,1.5192307692307692,32.24122160057948,10.049092691141352,2.27634741107516,-2.137043070348526,2.480174782166542,-2.0341572663332737,7.859121559955211,0.47183740846833677,3.09977252811396,1.330184878895964,2652.325452622088,37.20816705551113,26.598767755264948,28.231760917120397,24.68471031708084,14.917488739541572,17.79761539714284,11.104697004138547,13.884615174706067,7.54990071435157,9.283927515120103,5.031149351606256,6.359898048804127,-6.599999999999999,228566730046.16867,35.23390022675737,13.959842156921654,7.588318180580354,295.7529558722709,22.30752982632726,26.853125775086237,5.749511833283905,0.0,20.236253718067108,0.0,9.105499747380728,0.0,32.178344345546066,15.342750376888194,42.46456947923127,83.24316495093652,5.687386274683562,33.82315558788261,31.047621110879305,82.19517861914875,0.0,0.0,30.685500753776385,9.79096695103555,17.201002431486554,109.19460723230902,0.0,16.876414816677897,17.201002431486554,51.18647647215206,5.749511833283905,0.0,31.047621110879305,20.236253718067108,0.0,0.0,149.67107493712095,0.0,21.899351412323583,0.0,281.18999999999994,52.83889132643725,31.047621110879305,0.0,16.459834703613154,28.43693137341781,23.259637120317212,0.0,84.92913895846256,12.13273413692322,30.685500753776385,17.201002431486554,69.35550962094096,0.0,-1.7330933632985204,34.8291617674726,20.402081005888373,-0.8547507707823414,28.571907255046685,0.0,0.0,-10.070815515267753,0.0,52,9,16,0,0,0,6,0,6,14,6,18,9,0,0,0,6,8.698600000000004,195.76919999999984,0,0,0,3,0,0,0,1,0,0,0,0,0,0,0,6,0,3,0,0,0,0,0,0,0,0,0,0,0,3,0,0,3,0,6,0,1,0,0,0,0,0,0,0,0,0,0,0,0,0,0,0,0,0,0,0,0,0,0,0,0,0,0,0,0,1,1,0,0,0,0,0,0,0,0,0,0,0,0,0,0,0,0,0,0
Drug_179,CC(=O)OCC(=O)[C@@]1(O)CC[C@H]2[C@@H]3CCC4=CC(=O)CC[C@]4(C)C3(F)C(=O)C[C@@]21C,0,train,16.835746411627092,16.835746411627092,0.02413770480261257,-2.1050177810321657,0.7052219196989711,45.166666666666664,420.47700000000026,391.2450000000002,420.19481686800003,164,0,0.3025656724941942,-0.457741925089418,0.457741925089418,0.3025656724941942,1.1666666666666667,1.8666666666666667,2.533333333333333,19.147580074883518,9.440326996320785,2.741576811249907,-2.601202295103277,2.687469849827753,-2.6776234552803664,5.970871749441586,-0.18972276351340858,2.9350178090259913,1.7197366487705632,878.9191088442824,22.11251969619286,17.755324577889763,17.755324577889763,13.898355138210116,10.751289081802291,10.751289081802291,10.051225457506696,10.051225457506696,8.821401968499206,8.821401968499206,7.039567946178756,7.039567946178756,-1.89,3774972.9456842854,21.34616482652311,6.552253000623504,2.50236982503323,174.77445268305797,9.843390348640755,5.601050810983688,23.842131675988472,5.783244946364939,0.0,5.9693052879518484,19.178148736287287,4.39041504767482,0.0,0.0,19.420578929450514,44.09803426762532,36.51326743049759,0.0,33.41195413260286,23.319040127046666,0.0,0.0,22.665793031116344,76.9867735892833,6.606881964512918,11.649124636903148,0.0,0.0,0.0,4.39041504767482,0.0,0.0,46.30226011612965,23.915011690087333,22.665793031116344,65.71696295955394,11.649124636903148,0.0,0.0,0.0,97.74000000000001,52.160374759878955,24.28467613112799,4.39041504767482,30.963615861304362,31.256391021773304,0.0,12.999757306524504,13.847474399381248,0.0,0.0,4.736862953800049,21.644944548190935,0.0,49.28228083015544,11.378924611894039,-5.349005604384392,-2.8299854800799515,0.0,3.291295423431273,4.081545670792656,0.0,0.7391304347826086,30,1,6,4,0,4,0,0,0,6,1,7,3,3,0,3,4,2.652700000000001,104.03880000000004,0,1,0,0,0,0,0,0,0,0,4,4,0,0,0,0,0,0,0,0,0,0,0,0,0,1,1,0,0,0,0,0,0,0,0,0,5,0,0,0,1,1,0,0,1,0,0,0,0,0,0,3,2,0,0,0,0,0,0,0,0,0,0,0,0,0,0,0,0,0,0,0,0,0,0,0,0,0,0,0,0,0,0,0,0
Drug_259,CC(C)=CCC/C(C)=C/CC1=C(C)C(=O)c2ccccc2C1=O,0,train,12.639735126335506,12.639735126335506,0.008288454270596768,-0.022412802829018252,0.6763154686209139,14.869565217391305,308.42100000000005,284.229,308.177630008,120,0,0.18997178249907476,-0.2889517443217304,0.2889517443217304,0.18997178249907476,0.9565217391304348,1.565217391304348,2.1739130434782608,16.144078069222942,9.829496276159283,2.2802078102050767,-2.178156308522188,2.280634307091655,-2.201214917324849,6.262703909163,0.09729559953022217,2.5209848966749737,2.1676992170866805,725.963394160041,16.98276318419594,14.401918539625125,14.401918539625125,10.913591357920934,8.086552190957388,8.086552190957388,6.382135972940099,6.382135972940099,4.2295714471234165,4.2295714471234165,2.7636837271356134,2.7636837271356134,-2.2199999999999998,120107.28343228577,17.1388771933375,7.363431179204238,3.9514841381241883,138.15393878545166,0.0,0.0,11.566489892729878,0.0,0.0,0.0,9.589074368143644,0.0,0.0,0.0,47.563717547652736,46.95741366754052,22.273112043532524,0.0,9.589074368143644,11.566489892729878,0.0,0.0,0.0,46.95741366754052,0.0,69.83682959118526,0.0,0.0,0.0,0.0,0.0,0.0,11.566489892729878,0.0,0.0,67.67339101907815,58.70992660779127,0.0,0.0,0.0,34.14,0.0,9.589074368143644,0.0,11.566489892729878,28.69393366645853,12.841643245852019,11.146209060138533,25.122838405075452,6.06636706846161,32.923251812739636,0.0,0.0,0.0,25.06536027404534,0.0,4.858276771054065,-0.03070125709961502,7.085432856876794,6.823616335614441,8.031348352842311,0.0,0.3333333333333333,23,0,2,1,0,1,1,0,1,2,0,2,5,0,0,0,2,5.464900000000005,94.84200000000006,0,0,0,0,0,0,0,0,0,0,2,2,0,0,0,0,0,0,0,0,0,0,0,0,0,0,6,0,0,0,0,0,0,0,1,0,1,0,0,0,0,0,0,0,0,0,0,0,0,0,0,2,2,0,0,0,0,0,0,0,0,0,0,0,0,0,0,0,0,0,0,0,0,0,0,0,0,0,0,0,0,0,0,0,0
Drug_73,CO[C@@]1(NC(=O)[C@H](C(=O)O)c2ccc(O)cc2)C(=O)N2C(C(=O)O)=C(CSc3nnnn3C)CO[C@@H]21,0,train,13.190521800930348,13.190521800930348,0.04253734782487362,-2.1442569759385237,0.13379526381178464,22.0,520.4800000000004,500.3200000000002,520.1012472200001,190,0,0.35226562384948706,-0.507966635545811,0.507966635545811,0.35226562384948706,1.3055555555555556,2.0,2.5555555555555554,32.16655638262433,9.917588516470865,2.675525927461228,-2.551379740732277,2.412426113117732,-2.824673859557673,7.988705495751025,-0.2578388866226742,3.2538568530067984,1.5823981461303234,1262.6241459333517,26.19794165489025,18.813761974757558,19.63025855568528,17.101097180182222,10.249880285549287,11.23547884520277,7.761381144865698,8.703879785725434,5.635796732930503,6.732668404525011,3.877560750166952,4.718542063769555,-4.0200000000000005,88447430.2743334,25.08428208424908,9.556060926329392,4.1405871412961845,206.20360202409108,30.110096696128544,11.446551146339738,12.145807216896262,11.063616211172214,11.63216532332176,11.938610575903697,19.283521283065944,9.476340119217006,0.0,5.098681808301038,23.894619086314336,33.696060349999215,19.910323130701514,6.606881964512918,43.971456828409494,35.51485498399782,0.0,30.423953269612767,7.04767198267719,23.027229292687228,19.469533112537242,41.09906360866854,0.0,5.749511833283905,5.316788604006331,0.0,5.749511833283905,11.761884949391115,95.60213676197762,35.69954662656457,0.0,11.48135753785839,40.69204859879225,0.0,0.0,0.0,206.29999999999998,41.62376284547322,34.4977309208094,0.0,34.94284273936571,5.156436481820707,23.77159222151913,28.947271208991623,7.04767198267719,0.0,20.842240603617103,9.473725907600098,12.373365332802356,1.135618507667084,50.950435058264006,42.61711794126229,-2.1732418207812243,-6.727209168023389,4.929993685256687,-1.356891271940875,-0.21263717363284407,2.7134489091259217,0.35,36,4,15,0,2,2,1,1,2,12,4,16,9,0,1,1,4,-1.127699999999999,117.13610000000001,2,0,0,0,0,4,0,1,2,2,4,2,0,0,0,5,1,0,0,0,0,0,0,0,0,0,0,2,0,0,1,0,0,0,1,0,1,0,0,0,0,2,0,0,0,0,0,0,0,0,0,0,0,1,0,1,0,0,0,0,0,0,0,0,0,1,1,0,0,0,0,0,0,0,0,1,0,0,0,1,0,0,0,0,0
Drug_238,C[C@H]1[C@H]2[C@H](C[C@H]3[C@@H]4CC=C5C[C@@H](O)CC[C@]5(C)[C@H]4CC[C@@]32C)O[C@]12CC[C@@H](C)CN2,0,train,10.261939526757729,10.261939526757729,0.04385266603452953,-0.1002596271867453,0.5304837280890737,59.833333333333336,413.6460000000003,370.30200000000013,413.32937961600004,168,0,0.12209193473347876,-0.39279668484713365,0.39279668484713365,0.12209193473347876,1.0666666666666667,1.9,2.6666666666666665,16.534333772239766,9.465214047294582,2.675870950671326,-2.5820746410327033,2.697480453600673,-2.5659041997730645,5.2606009727393035,-0.11501613371061274,3.156534833923683,1.2821987670487944,739.1450977978143,20.88854057813175,19.62268212053593,19.62268212053593,14.267257961945136,13.071436407202397,13.071436407202397,12.821189546560984,12.821189546560984,11.5579733994226,11.5579733994226,9.838425143694122,9.838425143694122,-0.37999999999999995,10052035.683187312,20.2427814338793,6.576131212394556,2.5493723946774582,182.96079721409265,9.843390348640755,5.724985593970254,0.0,0.0,0.0,0.0,5.316788604006331,0.0,0.0,0.0,39.344073435665635,98.20690577593462,12.462662452073968,12.207932775496605,9.843390348640755,0.0,0.0,5.316788604006331,46.33741721576191,103.41526177456345,6.544756405912575,11.649124636903148,0.0,0.0,5.316788604006331,0.0,0.0,0.0,29.58420217022014,4.736862953800049,46.33741721576191,85.48234340509659,11.649124636903148,0.0,0.0,0.0,41.49,0.0,5.106527394840706,0.0,11.828951981718557,22.851853372703253,48.975929882571556,44.94575136048208,5.5731045300692665,0.0,39.08775750960271,4.736862953800049,6.9975438379361545,0.0,0.0,14.14553703707092,2.330299167031636,4.578966559927473,0.0,13.843095565237693,11.187891166129454,0.0,0.9259259259259259,30,2,3,4,2,6,0,0,0,3,2,3,0,3,2,5,6,5.286900000000005,119.75150000000009,0,1,1,0,0,0,0,0,0,0,0,0,0,0,0,0,1,0,0,0,0,0,0,0,0,0,1,0,0,0,0,0,0,0,0,0,7,0,0,0,0,1,0,0,0,0,0,0,0,0,0,0,0,0,0,0,0,0,0,0,0,0,0,0,0,0,0,0,0,1,0,0,0,0,0,0,0,0,0,0,0,0,0,0,0
Drug_59,O=C(O)C1=NN(c2ccc(S(=O)(=O)O)cc2)C(=O)C1/N=N/c1ccc(S(=O)(=O)O)cc1,1,train,12.623736572178355,12.623736572178355,0.019773449988097047,-4.463441635789836,0.4096111563881229,17.225806451612904,468.4250000000002,456.32900000000024,468.0045699639999,162,0,0.3545288793832576,-0.4766313863198399,0.4766313863198399,0.3545288793832576,0.9032258064516129,1.3870967741935485,1.8387096774193548,32.241217329362364,10.16240122568045,2.4068192637279493,-2.1202395604141553,2.251531355592134,-2.325220636515954,7.856738094699946,-0.1296067611506223,3.018834425868071,1.8788819705411293,1316.1489629130751,22.974327015758654,15.092633914917247,16.7256270767727,14.375047228991527,8.094629177043023,10.974755834644306,5.996375533142478,8.839449934037171,3.9309301230123297,5.666698557239431,2.461758278108228,3.421800497308653,-3.5299999999999994,5201524.167796907,22.161863229231635,7.951819003993079,4.798875531068191,174.38905462277057,5.106527394840706,0.0,5.711685002770702,6.041840829147961,26.143433447418616,5.9693052879518484,13.90003693145255,4.794537184071822,37.17441426961092,0.0,0.0,48.53093654769288,0.0,21.165739500402672,40.636695479022954,49.199196287508286,0.0,0.0,15.329907776998517,15.832807780183511,5.008912523954531,48.53093654769288,0.0,0.0,5.008912523954531,11.374772549367124,0.0,0.0,54.67763196010133,29.825328086210753,0.0,0.0,73.65181127572696,0.0,0.0,0.0,203.42999999999998,53.657231518324664,31.531195731642224,0.0,11.374772549367124,5.008912523954531,36.39820241076966,12.13273413692322,0.0,0.0,15.329907776998517,9.105499747380728,62.26983655474397,0.0,23.26376815128281,21.101637526401234,-0.5607298148764135,-2.4385280721563176,7.073258677540818,0.0,0.0,-8.875909689602755,0.0625,31,3,13,0,1,1,2,0,2,9,3,15,6,0,0,0,3,1.1196999999999997,103.37400000000002,1,0,0,0,0,0,0,0,1,1,2,1,0,0,0,4,0,0,0,0,0,0,0,0,0,0,0,1,0,1,0,0,1,0,2,0,0,0,0,0,0,0,0,0,0,0,1,0,0,0,0,0,0,0,0,0,0,0,0,0,0,0,0,0,0,0,0,0,0,0,0,0,0,0,0,0,0,0,0,0,0,0,0,0,0
Drug_234,COc1cc(=O)n(C)c2c(OCC(O)C(C)(C)O)cccc12,0,train,12.000327380952381,12.000327380952381,0.08927225056689347,-1.2696866339128245,0.8630315385363945,13.181818181818182,307.346,286.178,307.14197277200003,120,0,0.25408716723501984,-0.49584186321234525,0.49584186321234525,0.25408716723501984,1.3181818181818181,2.0,2.590909090909091,16.494571397400378,10.032487271322383,2.2508394693383273,-2.2447489833619114,2.3008316585943747,-2.397606456864156,5.896644480504031,-0.0659664242454694,2.465735975496389,2.4707256611380015,729.6191896726641,16.491199352633217,13.160243785026141,13.160243785026141,10.252237423263947,6.953819369356121,6.953819369356121,5.742748589991219,5.742748589991219,3.6171100095927984,3.6171100095927984,2.1220460789828888,2.1220460789828888,-2.05,60620.11895757872,16.32274793376661,5.981311149806157,3.07536059788807,128.07436198299982,24.253880345072865,24.20987201882903,0.0,0.0,5.559266895052007,0.0,4.794537184071822,0.0,0.0,0.0,6.06636706846161,25.980208536304467,18.500263265603596,18.227549069877483,19.68678069728151,10.902924932081056,0.0,4.567099647791355,7.04767198267719,25.55249159811324,13.716679505790452,34.61927235297027,0.0,11.49902366656781,15.032992802652105,0.0,11.49902366656781,0.0,40.201851141995206,7.04767198267719,0.0,13.847474399381248,29.060005457918262,0.0,10.902924932081056,0.0,80.92,11.70501719873199,15.007591973753234,0.0,12.166148859564924,17.01572438418407,5.386224214464796,31.590738656911746,19.18040611960041,6.06636706846161,0.0,9.473725907600098,12.31945775069287,0.0,12.000327380952381,20.364621952188692,-0.9102121519904258,0.9082282612118926,6.726299878747795,-1.0505629829092136,2.916488541404216,3.14201803636846,0.4375,22,2,6,0,0,0,1,1,2,6,2,6,5,0,0,0,2,1.0576999999999996,83.54060000000004,0,2,1,0,0,1,0,0,0,0,0,0,0,0,0,1,0,0,0,0,0,0,0,0,0,0,0,0,0,0,1,0,0,0,1,0,1,0,0,0,0,2,0,0,0,0,0,0,0,0,0,0,0,0,0,1,0,0,0,0,0,0,0,0,1,0,0,0,0,0,0,0,0,1,0,0,0,0,0,0,0,0,0,0,0
Drug_211,CN[C@H]1[C@@H](O)[C@H](O[C@@H]2[C@@H](N)C[C@@H](N)[C@H](OC3OC(CN)=CCC3N)[C@@H]2O)OC[C@@]1(C)O,0,train,11.0043573239481,11.0043573239481,0.07272114839127686,-1.2936501116191907,0.19640185726231915,48.74193548387097,447.53300000000024,410.2370000000002,447.26929852399996,180,0,0.21491248110990038,-0.4665529787351662,0.4665529787351662,0.21491248110990038,1.096774193548387,1.7096774193548387,2.2903225806451615,16.712062879869073,9.837523196224245,2.502911919300696,-2.4774742561626826,2.3073763674797516,-2.682395785231634,5.041294319112361,-0.3025551713239503,2.707520338937889,1.6931595503747754,638.7679061214241,22.92192077295136,17.963315110945906,17.963315110945906,14.583754542872866,10.594724390067777,10.594724390067777,8.809266558512956,8.809266558512956,6.221210342991167,6.221210342991167,4.437762809094249,4.437762809094249,-0.9000000000000002,5276902.990183167,24.736736832911173,9.931514386607942,5.201343211294756,181.347419740471,62.518492512377385,35.77608123363307,6.290026729335213,6.290026729335213,0.0,0.0,0.0,0.0,0.0,0.0,0.0,32.889072535053714,12.083681658295921,25.235320028721414,34.26703399972231,0.0,0.0,5.316788604006331,22.93466990864874,86.5297135827818,20.199310353102682,11.835184978490057,0.0,0.0,28.251458512655073,0.0,0.0,0.0,102.28322567486397,18.947451815200196,0.0,19.765380445542643,11.835184978490057,0.0,0.0,0.0,213.71999999999997,66.76433313723916,15.319582184522117,0.0,13.151638370425493,18.600808117508194,0.0,0.0,20.047429289201695,0.0,5.316788604006331,41.88212172384894,23.060251036875318,0.0,0.0,34.91515656041667,22.85168073551144,0.5545925252142998,-2.36866123235785,-3.5625193207027026,1.68216350300641,1.6173361920364224,0.8947368421052632,31,12,12,1,2,3,0,0,0,12,8,12,6,1,1,2,3,-3.851499999999992,110.14170000000004,0,3,2,0,0,0,0,0,0,0,0,0,0,0,0,0,1,4,0,1,0,0,0,0,0,0,0,0,0,0,0,0,0,0,0,0,0,0,0,0,0,4,0,0,0,0,0,0,0,0,0,0,0,0,0,0,0,0,0,0,0,0,0,0,0,0,0,0,0,0,0,0,0,0,0,0,0,0,0,0,0,0,0,0,0
Drug_155,c1ccc(CNc2ncnc3nc[nH]c23)cc1,0,train,4.200700585789871,4.200700585789871,0.6764459981523475,0.6764459981523475,0.7147392861192282,10.588235294117647,225.25500000000002,214.167,225.10144535199998,84,0,0.1822487252599153,-0.364097736617558,0.364097736617558,0.1822487252599153,1.0588235294117647,1.9411764705882353,2.823529411764706,15.071787766260927,10.202800844968126,2.0396384273593426,-2.050149975824264,2.1464191235299057,-2.0177641911617736,5.8132827374658875,1.096849493433043,2.8608972395563,1.8350329198169362,616.8870873053711,11.501789232183626,9.090199452013804,9.090199452013804,8.432652990377573,5.351882580795739,5.351882580795739,3.6625709463763756,3.6625709463763756,2.5257686503292343,2.5257686503292343,1.6807283893792004,1.6807283893792004,-2.43,18893.365370029805,9.771792363117061,4.209081013943918,1.9438183969201892,97.95307051915468,10.300767124953538,11.844020792380803,11.465039998602755,0.0,0.0,0.0,0.0,14.951935562841623,0.0,0.0,30.33183534230805,5.563451491696996,6.544756405912575,6.3273200747645415,0.0,16.981740716219015,0.0,19.93591408378883,0.0,6.544756405912575,5.316788604006331,48.54992698353413,0.0,0.0,5.316788604006331,5.817862777835028,0.0,0.0,19.93591408378883,6.544756405912575,0.0,5.563451491696996,42.98647549183713,0.0,11.16387793838399,0.0,66.49000000000001,0.0,0.0,0.0,0.0,5.647177220767728,17.879319901363864,11.890771566461538,6.3273200747645415,18.19910120538483,37.38543682471838,0.0,0.0,0.0,15.377590702947845,3.267685185185185,2.7201577328462254,0.7744009826152685,10.170168230872596,3.1285156840513983,0.7281481481481482,0.0,0.08333333333333333,17,2,5,0,0,0,1,2,3,4,2,5,3,0,0,0,3,1.9649999999999996,65.45240000000001,0,0,0,0,0,4,1,0,0,0,0,0,0,0,0,3,2,0,0,0,0,1,0,0,0,0,0,0,0,1,0,0,0,0,1,0,1,0,0,0,0,0,0,0,0,0,0,1,0,0,0,0,0,0,0,0,0,0,0,0,0,0,0,0,0,0,0,0,0,0,0,0,0,0,0,0,0,0,0,0,0,0,0,0,0
Drug_180,CCCOc1ccccc1-c1nc(=O)c2[nH]nnc2[nH]1,0,train,11.87613134605694,11.87613134605694,0.2645441494499037,-0.3990327905853699,0.7491026692573882,10.85,271.28,258.176,271.10692465600005,102,0,0.30039409308371146,-0.49283668997381375,0.49283668997381375,0.30039409308371146,1.3,2.15,3.0,16.477264336511627,10.158908528817939,2.1169539332297513,-2.092388395719896,2.264843293719699,-2.0981280872790147,5.723947148318529,0.3183022692410222,2.9412408600238225,2.1249055561383434,792.5558938641225,13.94938298937633,10.8817520065592,10.8817520065592,9.792024997884274,6.325807666434766,6.325807666434766,4.270594087686785,4.270594087686785,2.8164941542139545,2.8164941542139545,1.889828417843866,1.889828417843866,-2.7,67654.42226226797,12.339759456629707,5.11970776476271,2.132877720892501,113.56471501164646,9.720841474747257,11.573916331283833,11.16387793838399,0.0,0.0,5.559266895052007,9.893218992372859,0.0,4.983978520947208,5.098681808301038,24.26985643226871,18.55355575984923,0.0,12.170333456209914,4.736862953800049,11.16387793838399,0.0,25.37870575415136,0.0,13.344558822616634,6.606881964512918,34.61927235297027,0.0,17.137367822980828,10.296129848852056,0.0,5.749511833283905,0.0,31.985587718664277,0.0,0.0,13.344558822616634,29.060005457918262,0.0,22.55173392808091,0.0,96.55000000000001,5.559266895052007,4.794537184071822,0.0,5.516700717616262,23.827975516564475,11.984273114623004,0.0,0.0,31.18920547353706,25.37870575415136,4.736862953800049,5.668239087301588,0.0,18.871098513479467,9.923841957505378,0.9703674571680531,1.1004147770219204,7.426117724867725,0.9033768476526413,2.636543635003231,0.0,0.23076923076923078,20,2,7,0,0,0,1,2,3,5,2,7,4,0,0,0,3,1.4969999999999999,73.52640000000002,0,0,0,0,0,5,2,0,0,0,0,0,0,0,0,3,2,0,0,0,0,2,0,0,0,0,0,0,0,0,0,0,0,0,1,0,1,0,0,0,0,1,0,0,0,0,0,0,0,0,0,0,0,0,0,0,0,0,0,0,0,0,0,0,1,0,0,0,0,0,0,0,0,0,0,0,0,0,0,0,0,0,0,0,0
Drug_176,CC[C@@H](C)C(=O)O[C@H]1[C@H](O)[C@H]2[C@@H](CN3C[C@@H](C)CC[C@H]3[C@@]2(C)O)C2C[C@]34O[C@@]5(O)[C@@H](OC(=O)[C@](C)(O)CC)CC[C@@]3(C)[C@@H]5[C@@H](OC(C)=O)[C@@H](OC(C)=O)[C@H]4[C@@]21O,0,train,13.866044786575992,13.866044786575992,0.010697711955152789,-2.378995897071971,0.17424964702315066,50.535714285714285,793.9480000000001,730.4440000000002,793.424855696,316,0,0.33777564750244604,-0.4580522486984521,0.4580522486984521,0.33777564750244604,0.9285714285714286,1.5535714285714286,2.142857142857143,16.693468825284267,9.476743918676927,2.8986400902039366,-2.638456162460479,2.7770736261264597,-2.778421988872683,5.785801967707638,-0.3013711632517344,3.40484413481752,1.4514626332222988,1619.3008654066743,41.29179978202491,34.22703071731857,34.22703071731857,25.95510522187988,20.734727981489947,20.734727981489947,19.247320020118273,19.247320020118273,15.996269040798959,15.996269040798959,13.120287143737084,13.120287143737084,-2.4,790871462912.9631,41.74877708211342,13.567434434868872,5.599745686848959,328.2409345078821,49.21695174320377,17.808983586480295,17.808983586480295,5.7871111525705965,0.0,23.877221151807394,19.28352128306594,4.794537184071822,0.0,0.0,34.61868599845312,76.54694389834751,44.311724555912534,35.059786148199855,68.39510047949106,23.877221151807394,0.0,4.899909730850477,46.840332792526524,172.01237332209254,13.08951281182515,0.0,0.0,0.0,0.0,0.0,0.0,0.0,132.1522678330814,42.86246350528753,46.840332792526524,107.25938615769768,0.0,0.0,0.0,0.0,218.81999999999996,123.51079423341942,44.71078571049081,0.0,31.725127320852,31.849062103838566,6.4208216229260096,20.771211599071872,20.771211599071872,13.847474399381248,11.823646930541102,23.684314769000245,31.26419184711392,0.0,55.5670231213471,62.93693632368758,-8.369894238542898,-10.79933662530564,-0.30923904441402583,-5.308503785746983,15.518822401860941,0.0,0.9024390243902439,56,5,15,4,3,7,0,0,0,15,5,15,8,4,3,7,7,1.6072000000000026,194.75099999999938,0,5,1,0,0,0,0,0,0,0,4,4,0,0,0,1,0,0,0,0,0,0,0,0,0,0,0,0,0,0,0,0,0,0,0,0,5,0,0,0,4,5,0,0,0,0,0,0,0,0,0,0,0,0,0,0,0,0,0,0,0,0,0,0,0,0,0,0,0,2,0,0,0,0,0,0,0,0,0,0,0,0,0,0,0
Drug_249,CN1[C@@H]2CC(=O)C[C@H]1[C@H](O)C2,0,train,11.077222222222222,11.077222222222222,0.11226851851851816,-0.2671759259259263,0.5256275085969623,44.90909090909091,155.19699999999997,142.09299999999996,155.094628656,62,0,0.1356321714147727,-0.39142131941158387,0.39142131941158387,0.1356321714147727,1.5454545454545454,2.272727272727273,2.909090909090909,16.27064557850414,10.023847029592085,2.4291768729291254,-2.295551807661029,2.3180179803552705,-2.4191249013139537,5.806552051704917,-0.12325882535115422,2.171961538571351,2.1970881284024117,192.5310795617182,8.008071689507773,6.6560466325923,6.6560466325923,5.1815405503520555,4.099367686348706,4.099367686348706,3.636613459174539,3.636613459174539,2.956912288039815,2.956912288039815,2.231077512967296,2.231077512967296,-0.41,412.6726923285567,7.250472380685797,2.287037343236974,0.9927645874188504,65.99777304399048,5.106527394840706,5.783244946364939,0.0,0.0,0.0,0.0,9.694446914922299,0.0,0.0,0.0,0.0,13.4684936056032,24.925324904147942,6.103966387748303,9.901064578912528,5.783244946364939,0.0,4.899909730850477,0.0,37.450112914822256,7.04767198267719,0.0,0.0,0.0,0.0,0.0,0.0,0.0,41.025002100777535,4.794537184071822,0.0,19.26246486877803,0.0,0.0,0.0,0.0,40.540000000000006,0.0,9.901064578912528,0.0,12.145807216896262,24.66672902136492,6.4208216229260096,0.0,0.0,7.04767198267719,4.899909730850477,0.0,0.0,0.0,13.22212962962963,9.493657407407408,0.0,0.3144907407407409,0.42824074074074026,1.7101388888888884,0.0,1.9980092592592593,0.875,11,1,3,0,2,2,0,0,0,3,1,3,0,0,2,2,2,-0.21710000000000024,40.20380000000001,0,1,1,0,0,0,0,0,0,0,1,1,0,0,0,1,0,0,0,1,0,0,0,0,0,0,0,0,0,0,0,0,0,0,0,0,2,0,0,0,0,0,0,0,0,0,0,0,0,0,0,1,1,0,0,0,0,0,0,0,0,0,0,0,0,0,0,0,0,1,0,0,0,0,0,0,0,0,0,0,0,0,0,0,0
Drug_235,CO[C@H](C)C(O)(C(=O)OCC1=CCN2CC[C@H](O)[C@@H]12)C(C)C,0,train,12.381644935752078,12.381644935752078,0.05574864050558537,-1.678677130574453,0.543253227483175,29.136363636363637,313.394,286.178,313.188922964,126,0,0.34097495485741436,-0.4588909326570249,0.4588909326570249,0.34097495485741436,1.5,2.1818181818181817,2.772727272727273,16.560492090778176,9.852636524451855,2.4702040755252455,-2.3407769112539967,2.3018567250884012,-2.5391212689191707,5.802456745289383,-0.18640509466914076,3.0585934845835525,1.9981473307059006,449.8171195142667,16.491199352633217,13.781564128585785,13.781564128585785,10.31762156416616,7.853468735998496,7.853468735998496,6.508943371739754,6.508943371739754,4.988272744112136,4.988272744112136,3.3396735324478373,3.3396735324478373,-0.9500000000000002,87870.33221860087,17.404584766635303,6.6613370609332145,2.9267803018246,131.24903113818885,19.68678069728151,6.606881964512918,5.601050810983688,0.0,0.0,5.9693052879518484,4.899909730850477,4.794537184071822,0.0,0.0,19.92349450621513,24.83556939884729,20.199310353102685,18.249773604644567,24.481317881353334,5.9693052879518484,0.0,4.899909730850477,5.917906046161393,51.04285763762613,26.806192317615604,11.649124636903148,0.0,0.0,0.0,0.0,0.0,0.0,71.73928654172758,14.268263091671919,5.917906046161393,27.19203322199788,11.649124636903148,0.0,0.0,0.0,79.23,23.778288874432143,15.007591973753234,0.0,18.566628839822272,0.0,25.083438964820427,7.109797541277533,20.771211599071872,6.076020106833881,4.899909730850477,9.473725907600098,10.499202517426724,0.0,14.548567649281935,20.677126190766838,-0.767078963529857,-1.0094780643738976,-0.05574864050558537,1.6681820191409378,6.899984294063254,1.4559096643963165,0.8125,22,2,6,0,2,2,0,0,0,6,2,6,6,0,1,1,2,0.3268000000000004,81.28560000000004,0,2,1,0,0,0,0,0,0,0,1,1,0,0,0,1,0,0,0,0,0,0,0,0,0,0,0,0,0,0,0,0,0,0,0,0,1,0,0,0,1,2,0,0,0,0,0,0,0,0,0,0,0,0,0,1,0,0,0,0,0,0,0,0,0,0,0,0,0,0,0,0,0,0,0,0,0,0,0,0,0,0,0,0,0
Drug_202,CC(C)CCCCC(=O)NC(CCN)C(=O)NC(C(=O)NC(CCN)C(=O)NC1CCNC(=O)C(C(C)O)NC(=O)C(CCN)NC(=O)C(CCN)NC(=O)C(C(C)C)CNC(=O)C(CC(C)C)NC(=O)C(CCN)NC1=O)C(C)O,0,train,14.38723639078982,14.38723639078982,0.012788416961829752,-1.6894116115628484,0.03405835106379904,23.382716049382715,1155.455,1056.6709999999994,1154.7499271959998,464,0,0.24541982077068902,-0.3907168995398321,0.3907168995398321,0.24541982077068902,0.5308641975308642,1.037037037037037,1.5185185185185186,16.274299890085437,9.933885953100827,2.37107141960507,-2.2917065083832924,2.140255777439175,-2.6175407805458737,5.980770827364865,-0.1367673072448826,3.3809107944941816,3.797201540660463,2047.198513299073,61.51720365334009,48.66008583125274,48.66008583125274,38.148919896627945,28.29977761660177,28.29977761660177,21.772163691679403,21.772163691679403,13.363941162014202,13.363941162014202,8.615978166760831,8.615978166760831,-6.110000000000001,2.198525084762422e+16,72.90335291761251,38.56784054652221,27.01668005444508,475.4586158181527,97.366066819562,54.376567462331636,0.0,64.97897702286656,0.0,0.0,52.73990902479004,0.0,0.0,0.0,54.38406644399575,115.69154755083639,19.51033443475116,18.125838821658,62.952963814471445,64.97897702286656,0.0,58.48467464406965,52.339961570456495,192.6034356875394,45.81329484138802,0.0,0.0,0.0,87.15301202988059,0.0,0.0,0.0,187.58982689176423,52.73990902479004,23.671624184645573,126.01893544971111,0.0,0.0,0.0,0.0,490.6599999999998,156.36486738185616,62.952963814471445,0.0,90.1321958421189,12.338727669087403,12.841643245852019,13.847474399381248,27.694948798762496,0.0,72.3321490434509,28.668337385810926,0.0,0.0,151.90743001241125,49.58341469925687,29.17935967865024,-10.32278831874933,-13.036134813295888,-1.7376415154125289,12.259693590472708,0.0,0.7884615384615384,81,23,29,0,1,1,0,0,0,18,18,29,27,0,1,1,1,-5.973999999999995,300.8202999999999,0,2,2,0,0,0,0,0,0,0,11,11,0,0,0,0,11,5,0,0,0,0,0,0,0,0,0,11,0,0,0,0,0,0,0,0,0,0,0,0,0,0,0,0,0,0,0,0,0,0,0,0,0,0,0,0,0,0,0,0,0,0,0,0,0,0,0,0,0,0,0,0,0,0,0,0,0,0,0,0,0,0,0,1,0
Drug_142,CN1[C@H](C[C@H](O)c2ccccc2)CCC[C@@H]1CC(=O)c1ccccc1,0,train,12.53275427998462,12.53275427998462,0.20991466969912187,-0.447014009052249,0.8017961908546781,22.48,337.463,310.247,337.20417910400005,132,0,0.16393321977841452,-0.38835878263195595,0.38835878263195595,0.16393321977841452,1.04,1.64,2.32,16.266326963932357,9.880646225002714,2.3028087872213345,-2.40030323658397,2.3003082286755903,-2.4502243304207783,5.958959465440426,0.05490981761479487,2.6600351836278207,1.6065701897464988,670.9412795480588,17.648053602125596,14.843762886861658,14.843762886861658,12.147867045540844,9.180771592526696,9.180771592526696,7.0595291733924785,7.0595291733924785,5.423095903163123,5.423095903163123,3.8495721207719935,3.8495721207719935,-1.9699999999999998,606913.6274965235,17.840262203932987,8.41335364493603,4.559099019833947,149.847676838441,5.106527394840706,0.0,5.783244946364939,0.0,0.0,0.0,9.694446914922299,0.0,0.0,0.0,67.0844923075421,31.873588343152214,24.067954772918924,6.103966387748303,9.901064578912528,5.783244946364939,0.0,4.899909730850477,0.0,50.29175616067427,7.04767198267719,71.7905736680101,0.0,0.0,0.0,0.0,0.0,0.0,34.921035713029234,0.0,0.0,54.12951466984416,60.6636706846161,0.0,0.0,0.0,40.54,6.103966387748303,9.901064578912528,0.0,11.8250857755129,12.462662452073971,36.81018947509803,0.0,0.0,60.6636706846161,11.947581713527667,0.0,0.0,0.0,14.84872650220684,10.543094213019359,1.7645640390887511,0.20991466969912187,19.96350637768116,4.068527531638101,0.0,2.1016666666666666,0.4090909090909091,25,1,3,0,1,1,2,0,2,3,1,3,6,0,1,1,3,4.236000000000003,100.59830000000005,0,1,1,0,0,0,0,0,0,0,1,1,0,0,0,1,0,0,0,0,1,0,0,0,0,0,0,0,0,0,0,0,0,0,2,0,0,0,0,0,0,0,0,0,0,0,0,0,0,0,0,1,1,0,0,0,0,0,0,0,0,0,0,0,0,0,0,0,0,1,0,0,0,0,0,0,0,0,0,0,0,0,0,0,0
Drug_106,CN1C[C@H](C(=O)N[C@]2(C)O[C@@]3(O)[C@@H]4CCCN4C(=O)[C@H](Cc4ccccc4)N3C2=O)CC2c3cccc4[nH]cc(c34)C[C@H]21,0,train,14.188116512215537,14.188116512215537,0.17124074476265672,-2.0266660006710064,0.43313608627344474,35.18604651162791,583.6890000000001,546.3930000000004,583.2794692840001,224,0,0.28021547579734724,-0.36088046458560485,0.36088046458560485,0.28021547579734724,1.1627906976744187,1.9767441860465116,2.7906976744186047,16.69243357690531,9.72010510901594,2.6957717753018273,-2.4838432714275265,2.4705910938899316,-2.711443161860062,5.971059383100615,-0.3147107076146397,3.699515738923905,1.0774208255118294,1640.7912362308502,29.672633149578406,24.454498780815882,24.454498780815882,20.67630759020843,15.395994917185883,15.395994917185883,13.187398429897296,13.187398429897296,10.62317055875297,10.62317055875297,8.649192246739299,8.649192246739299,-3.729999999999999,10186305265.47851,26.86450400807992,9.382820664614522,3.8555746718074775,249.5057751602522,25.207113981495198,12.083681658295921,0.0,17.539345052673266,11.81822566490867,0.0,24.02038423686599,0.0,0.0,0.0,42.46456947923127,62.41141721762445,48.56984981375464,5.917906046161393,24.22700190085622,28.624464120135578,0.0,25.00049631750497,5.917906046161393,74.70730537745337,20.13718479450234,71.41813459439695,0.0,0.0,5.316788604006331,0.0,0.0,0.0,92.41051310786749,31.96211775186753,5.917906046161393,48.79446258972103,54.72778011930596,0.0,10.902924932081056,0.0,118.21000000000001,29.626892917174846,19.49013894705617,0.0,36.11283400309976,32.351977680603184,17.500973832239268,28.336774128399888,4.899909730850477,30.33183534230805,46.644293615479114,4.736862953800049,6.2488795055186666,0.0,50.40223124481357,16.2309312110949,2.741397823285056,-3.3111710858470342,14.444941696214599,5.126163414796022,2.5558356321272218,2.0607905579969974,0.48484848484848486,43,3,10,1,4,5,2,1,3,6,3,10,4,0,4,4,8,2.0811000000000024,157.3661999999997,0,1,0,0,0,1,1,0,0,0,3,3,0,0,0,3,2,0,0,1,1,1,0,0,0,0,0,3,0,0,0,0,0,0,2,0,5,0,0,0,0,1,0,0,0,0,0,0,0,0,0,0,0,0,0,0,0,0,0,0,0,0,0,0,0,0,0,0,0,1,1,0,0,0,0,0,0,0,0,0,0,0,0,0,0
Drug_196,CC(C)[C@@]1(NC(=O)[C@@H]2C[C@@H]3c4cccc5[nH]cc(c45)C[C@H]3N(C)C2)O[C@@]2(O)[C@@H]3CCCN3C(=O)[C@H](Cc3ccccc3)N2C1=O,0,train,14.629783178882203,14.629783178882203,0.16401285360619444,-2.0449993340043395,0.4086388652307386,34.28888888888889,611.7430000000004,570.4150000000003,611.310769412,236,0,0.28079577269404143,-0.36088046458560485,0.36088046458560485,0.28079577269404143,1.1555555555555554,1.9555555555555555,2.7333333333333334,16.693542095536174,9.719562650443828,2.715802473397251,-2.484454767078696,2.4867410965515413,-2.7115992629971455,5.975872306588822,-0.321316339044842,3.7414431606029113,1.1163811009194007,1689.7934384247378,31.249983418768036,26.0318490500055,26.0318490500055,21.61968326318249,16.339370590159945,16.339370590159945,14.044501087837183,14.044501087837183,11.249865180514433,11.249865180514433,8.991865048059392,8.991865048059392,-3.73,25655722183.837677,28.723881769339304,10.137077447071578,4.077405760198558,262.2356593890454,25.2071139814952,12.083681658295921,0.0,17.539345052673266,11.81822566490867,0.0,24.02038423686599,0.0,0.0,0.0,56.31204387861251,55.487680017933826,54.487755859916035,5.917906046161393,24.22700190085622,28.624464120135574,0.0,25.00049631750497,11.835812092322787,81.63104257714399,20.13718479450234,71.41813459439695,0.0,0.0,5.316788604006331,0.0,0.0,0.0,92.41051310786752,31.96211775186753,11.835812092322787,55.718199789411656,54.727780119305955,0.0,10.902924932081056,0.0,118.21000000000001,41.46270500949763,19.49013894705617,0.0,30.194927956938376,32.35197768060318,17.500973832239268,21.413036928709264,4.899909730850477,44.179309741689295,46.64429361547911,4.736862953800049,6.510453579592739,0.0,51.404442511781326,16.617957960066093,2.7490868623738063,-3.803285064741317,14.482524383355367,5.1222150172807055,4.67873085896094,2.071207224663664,0.5142857142857142,45,3,10,1,4,5,2,1,3,6,3,10,5,0,4,4,8,2.717200000000001,166.5301999999996,0,1,0,0,0,1,1,0,0,0,3,3,0,0,0,3,2,0,0,1,1,1,0,0,0,0,0,3,0,0,0,0,0,0,2,0,5,0,0,0,0,1,0,0,0,0,0,0,0,0,0,0,0,0,0,0,0,0,0,0,0,0,0,0,0,0,0,0,0,1,1,0,0,0,0,0,0,0,0,0,0,0,0,0,0
Drug_45,CCC(OC(C)=O)C(CC(C)N(C)C)(c1ccccc1)c1ccccc1,1,train,11.909380511463844,11.909380511463844,0.229444444444445,-0.3962037037037036,0.6468185140544594,14.076923076923077,353.50600000000003,322.2580000000001,353.23547923200005,140,0,0.30244287428105626,-0.46126210270944695,0.46126210270944695,0.30244287428105626,1.0,1.4615384615384615,1.8076923076923077,16.54340833610451,9.655160502863351,2.441040469813056,-2.433242360053092,2.4279279685238477,-2.468062804283422,5.66281526430357,-0.14963137282735464,2.6500730651532374,2.7124078628276305,642.3687105425691,19.15648977056287,16.606126969076293,16.606126969076293,12.412756578556627,9.361125993144363,9.361125993144363,7.226483350816362,7.226483350816362,5.305427098854341,5.305427098854341,3.7579888386092613,3.7579888386092613,-2.1299999999999994,561815.4898124863,20.185205615238647,8.996215204344972,4.336144776515299,157.53776158367765,9.636772684650527,6.103966387748303,0.0,0.0,0.0,5.9693052879518484,4.794537184071822,0.0,0.0,0.0,67.58740788430673,44.98762739429101,12.965578028838586,5.414990469396779,9.53140013787187,5.9693052879518484,0.0,4.899909730850477,0.0,51.17365253121693,14.09534396535438,71.7905736680101,0.0,0.0,0.0,0.0,0.0,0.0,37.11036620105297,14.946390607268649,0.0,44.73975782831788,60.6636706846161,0.0,0.0,0.0,29.54,5.414990469396779,4.794537184071822,0.0,12.073271675700152,6.041840829147961,12.841643245852019,18.050640183084614,0.0,12.13273413692322,81.373664643279,4.736862953800049,5.8970323129251705,0.0,14.132711010330057,0.0,1.979722222222223,-0.23093206727135263,21.24834687578735,1.3849707105064244,5.813949829931973,4.19086577223482,0.43478260869565216,26,0,3,0,0,0,2,0,2,3,0,3,8,0,0,0,2,4.654600000000005,107.27500000000006,0,0,0,0,0,0,0,0,0,0,1,1,0,0,0,1,0,0,0,0,0,0,0,0,0,0,0,0,0,0,0,0,0,0,2,0,0,0,0,0,1,1,0,0,0,0,0,0,0,0,0,0,0,0,0,0,0,0,0,0,0,0,0,0,0,0,0,0,0,0,0,0,0,0,0,0,0,0,0,0,0,0,0,0,0
Drug_207,O=C1CN(/N=C/c2ccc(-c3ccc([N+](=O)[O-])cc3)o2)C(O)=N1,0,train,11.005329960349908,11.005329960349908,0.004115697670545204,-0.48086685461373224,0.5226017426251663,14.521739130434783,314.257,304.177,314.06511942,116,0,0.31387068719423683,-0.4791374231644835,0.4791374231644835,0.31387068719423683,1.3043478260869565,2.0434782608695654,2.652173913043478,16.628294575721398,10.146715528787455,2.211976370898512,-2.0518929950036084,2.236132850699493,-2.218173443027544,5.972041304038087,-0.38443147665324223,3.114637591615952,1.7411385575264515,821.9481015760782,16.396976746569035,11.617619804869173,11.617619804869173,11.024877143252587,6.494260784636765,6.494260784636765,4.613759475613628,4.613759475613628,3.054375747788313,3.054375747788313,1.9472761978337643,1.9472761978337643,-3.49,235566.27032909766,14.447386328048253,5.715864232750762,3.074511196146929,128.8661101305932,9.523678331894054,18.065251243661457,0.0,0.0,11.594566004035068,6.021680127344178,14.908855452837393,5.008912523954531,10.09381225837539,0.0,0.0,24.26546827384644,17.696185628620217,11.137911628352988,19.24152656478355,23.830846710914564,0.0,5.008912523954531,10.09381225837539,0.0,6.544756405912575,52.27276809840967,0.0,11.323698910571437,0.0,5.687386274683562,0.0,0.0,39.72696780975648,4.794537184071822,10.114318268765572,5.7602474188744415,50.9091656061984,0.0,11.323698910571437,0.0,121.54,16.852170905513354,20.015382847678097,0.0,12.232142680596137,17.08394632944588,5.008912523954531,18.347334716458537,24.26546827384644,0.0,10.09381225837539,4.417150937053347,5.539676162131519,0.0,24.46580395818554,24.89759673832091,0.6727454186895794,0.42398228874731614,8.79436040816431,1.3325694444444445,-0.12673441868361546,0.0,0.07142857142857142,23,1,9,0,1,1,1,1,2,6,1,9,4,0,0,0,3,1.9448999999999999,80.16920000000003,0,1,1,0,0,0,0,0,0,0,1,1,0,0,1,4,0,0,0,0,0,0,0,0,0,0,0,1,1,0,0,0,0,0,1,0,0,0,0,0,0,0,1,0,0,0,1,0,0,0,0,0,0,0,0,0,0,0,1,1,1,0,0,0,0,0,0,0,0,0,0,0,0,0,0,0,0,0,0,0,0,0,0,0,0
Drug_117,C[N+]1(C)C[C@@H](O)C[C@H]1C(=O)[O-],0,train,10.524907407407408,10.524907407407408,0.3148148148148149,-1.0633796296296294,0.4477369921760854,35.54545454545455,159.18499999999997,146.08099999999996,159.089543276,64,0,0.1315217829512389,-0.5438934999335642,0.5438934999335642,0.1315217829512389,1.6363636363636365,2.1818181818181817,2.3636363636363638,16.36999045926841,10.17682633117151,2.400712955568732,-2.3099179890578996,2.212604830373625,-2.527913340378869,5.6970772309104625,-0.8964942592943416,2.039211689777354,2.7362872115491954,178.52449964393807,8.646264369941973,6.779837872679989,6.779837872679989,4.932357537481886,3.6487210329613413,3.6487210329613413,3.6855744150279235,3.6855744150279235,2.292452758731719,2.292452758731719,1.6695973604838714,1.6695973604838714,-0.6100000000000001,226.35249756528626,8.486246390760348,2.46054666959012,1.5163205142875902,65.64286732191445,19.49062283144786,18.69056362280884,0.0,0.0,0.0,0.0,0.0,0.0,0.0,0.0,0.0,0.0,6.4208216229260096,20.06464925330623,19.49062283144786,5.9693052879518484,0.0,0.0,0.0,18.566628839822272,20.640100371266954,0.0,0.0,0.0,5.106527394840706,0.0,0.0,0.0,48.34477112865039,4.794537184071822,0.0,6.4208216229260096,0.0,0.0,0.0,0.0,60.36,18.11511250484811,15.007591973753234,0.0,0.0,17.448608886533208,0.0,0.0,14.09534396535438,0.0,0.0,0.0,0.3229166666666665,0.0,10.524907407407408,19.70226851851852,0.0,-1.0633796296296294,-0.5509259259259263,-0.17787037037037057,0.4986574074074075,3.5767592592592594,0.8571428571428571,11,1,4,0,1,1,0,0,0,3,1,4,1,0,1,1,1,-2.0540999999999983,36.39419999999999,1,1,1,0,0,0,0,0,1,1,1,1,0,0,0,1,0,0,0,1,1,0,0,0,0,0,0,0,0,0,0,0,0,0,0,0,0,0,0,0,0,0,0,0,0,0,0,0,0,0,0,0,0,0,0,0,0,0,0,0,0,0,0,0,0,0,0,0,0,0,0,0,0,0,1,0,0,0,0,0,0,0,0,0,0
Drug_159,C[N+]1(C)CCC[C@H]1C(=O)[O-],0,train,10.490462962962962,10.490462962962962,0.2777777777777779,-0.9004629629629626,0.4405066169986177,30.4,143.18599999999998,130.08199999999997,143.094628656,58,0,0.12894054836278374,-0.5438947259038907,0.5438947259038907,0.12894054836278374,1.6,2.2,2.4,16.368992303570487,10.199066597338057,2.3406127713733733,-2.3128790281294345,2.2049359442889402,-2.526586975751406,5.6951618632000836,-0.8952945654171457,2.0805849989395027,2.683015292322258,153.68509654639362,7.776020881938894,6.462380789176953,6.462380789176953,4.538510687364536,3.574025562286454,3.574025562286454,3.4793097854704933,3.4793097854704933,2.327797801998869,2.327797801998869,1.6006791555300361,1.6006791555300361,-0.5700000000000001,166.44679991516023,7.536044538706258,2.234974333040861,1.1379826290476314,60.84863356971843,14.384095436607153,6.041840829147961,0.0,0.0,0.0,0.0,0.0,0.0,0.0,0.0,0.0,0.0,12.841643245852019,26.6094056592188,14.384095436607153,5.9693052879518484,0.0,0.0,0.0,18.88348407499998,20.640100371266954,0.0,0.0,0.0,5.106527394840706,0.0,0.0,0.0,37.13427734606139,4.794537184071822,0.0,12.841643245852019,0.0,0.0,0.0,0.0,40.129999999999995,5.9693052879518484,9.901064578912528,0.0,6.041840829147961,4.483030857694624,19.386399651764595,0.0,0.0,14.09534396535438,0.0,0.0,0.5856481481481481,0.0,10.490462962962962,10.490462962962962,0.0,-0.9004629629629626,-0.2777777777777779,1.77875,0.9569907407407408,3.8759259259259258,0.8571428571428571,10,0,3,0,1,1,0,0,0,2,0,3,1,0,1,1,1,-1.0248999999999988,35.00439999999999,1,0,0,0,0,0,0,0,1,1,1,1,0,0,0,1,0,0,0,1,1,0,0,0,0,0,0,0,0,0,0,0,0,0,0,0,0,0,0,0,0,0,0,0,0,0,0,0,0,0,0,0,0,0,0,0,0,0,0,0,0,0,0,0,0,0,0,0,0,0,0,0,0,0,1,0,0,0,0,0,0,0,0,0,0
Drug_41,CCN(Cc1cccc(S(=O)(=O)O)c1)c1ccc(C(=C2C=CC(=[N+](CC)Cc3cccc(S(=O)(=O)[O-])c3)C=C2)c2ccccc2S(=O)(=O)O)cc1,1,train,12.522786237985603,12.522786237985603,0.19432960485627526,-4.607474413415929,0.13503793880729853,13.352941176470589,748.9010000000004,712.613,748.1582937320001,266,0,0.29463493282420206,-0.7440356243113309,0.7440356243113309,0.29463493282420206,0.7058823529411765,1.3137254901960784,1.9019607843137254,32.24265516449484,9.902308961587762,2.2232273214904024,-2.2408998878303303,2.345951880014463,-2.217024257691175,7.859401396257549,-0.5386518312436741,3.095956596356508,1.5414451304735413,2396.4355528864235,36.97611624794226,27.746769795177176,30.196259537960355,24.078197937290245,15.840451566532826,20.12882651459796,11.692326465762028,15.88347556274802,8.370300740888693,10.963046558542068,5.869366078475822,7.659700028323147,-4.699999999999998,101550776315.25992,37.552722235177406,15.270616779663643,9.158438226854686,298.0233286475436,9.452659604540841,21.558366740463903,12.256441408683276,0.0,20.236253718067108,0.0,9.105499747380728,12.993322843808752,16.835593968657875,0.0,54.59730361615449,90.73719613581282,42.05584228357046,9.79096695103555,43.487166433537716,47.32655638462419,0.0,0.0,0.0,41.62343763775972,17.989422542675626,149.19286401957854,0.0,0.0,4.899909730850477,5.687386274683562,0.0,0.0,62.28836424813357,43.44389338892581,0.0,36.10128036616923,141.6255084793439,0.0,5.5731045300692665,0.0,172.18999999999997,30.354380577100663,38.911640574057905,0.0,20.24990191825032,54.01558915887981,11.399071277454265,42.46456947923127,30.33183534230805,71.89245869089352,0.0,0.0,104.70998781031587,0.0,1.2525752156650836,0.0,5.0750009299302805,0.0,25.526916064908036,7.385025961924931,5.706753954114889,-13.57292660352574,0.16216216216216217,51,2,11,1,0,1,4,0,4,8,2,14,12,0,0,0,5,5.712100000000006,193.8987999999996,0,0,0,0,0,0,0,0,0,0,0,0,0,0,0,2,0,0,0,0,0,0,0,0,0,0,5,0,0,1,0,0,0,0,4,0,0,0,0,0,0,0,0,0,0,0,0,0,0,0,0,0,0,0,0,0,0,0,0,0,0,0,0,0,0,0,0,0,0,0,0,0,0,0,0,0,0,0,0,0,0,0,0,0,0
Drug_49,CCN(Cc1cccc(S(=O)(=O)O)c1)c1ccc(C(=C2C=CC(=[N+](CC)Cc3cccc(S(=O)(=O)[O-])c3)C=C2)c2ccc(O)cc2S(=O)(=O)O)cc1,1,train,12.563897349096715,12.563897349096715,0.1371854735751954,-4.788411660991407,0.12332982810307043,13.326923076923077,764.9000000000004,728.6120000000001,764.1532083520001,272,0,0.29477421925063335,-0.7440356243113309,0.7440356243113309,0.29477421925063335,0.7307692307692307,1.3461538461538463,1.9230769230769231,32.2426554730584,9.901190131684327,2.2335899236654964,-2.241121278991096,2.360367212472104,-2.2170298752102453,7.859431290113525,-0.5386519016976045,3.0988987058944515,1.5618079637528923,2450.35865881554,37.84635973594534,28.116633121487506,30.566122864270685,24.472044787407597,15.974741966805762,20.263116914870896,11.876629410013507,16.0677785069995,8.448436206936366,11.022950391299545,5.902226519547464,7.711699558154682,-4.8999999999999995,143760350122.01062,38.333719233612,15.372763340607026,9.114140223886881,302.81756239973964,14.559186999381547,27.307878573747807,12.256441408683276,0.0,20.236253718067108,0.0,9.105499747380728,12.993322843808752,16.835593968657875,0.0,36.39820241076966,96.80356320427444,48.12220935203207,9.79096695103555,48.59369382837843,47.32655638462419,0.0,0.0,0.0,41.62343763775972,17.989422542675626,143.12649695111693,0.0,5.749511833283905,4.899909730850477,5.687386274683562,5.749511833283905,0.0,67.39489164297426,43.44389338892581,0.0,36.10128036616923,135.5591414108823,0.0,5.5731045300692665,0.0,192.41999999999996,35.249864052618435,44.0181679688986,0.0,21.10393027601645,54.01558915887981,17.465438345915874,42.46456947923127,42.483875555975814,47.60768434030252,0.0,0.0,104.80093238602738,0.0,0.9539372434881501,10.144709578808136,4.5320230274682505,-0.35600719567206185,22.73123391405535,7.185282638669703,5.550065589384567,-13.792177182229445,0.16216216216216217,52,3,12,1,0,1,4,0,4,9,3,15,12,0,0,0,5,5.417700000000006,195.56359999999964,0,0,0,0,0,0,0,1,0,0,0,0,0,0,0,2,0,0,0,0,0,0,0,0,0,0,5,0,0,1,0,0,0,0,4,0,0,0,0,0,0,0,0,0,0,0,0,0,0,0,0,0,0,0,0,0,0,0,0,0,0,0,0,0,0,1,1,0,0,0,0,0,0,0,0,0,0,0,0,0,0,0,0,0,0
Drug_18,CCN(Cc1cccc(S(=O)(=O)O)c1)c1ccc(C(=C2C=CC(=[N+](CC)Cc3cccc(S(=O)(=O)[O-])c3)C=C2)c2ccc(N(C)C)cc2)cc1,1,train,11.687232913490572,11.687232913490572,0.12693664512471625,-4.543027539182541,0.13015799815940507,13.0,711.9060000000002,670.5779999999999,711.2436780319999,260,0,0.2940218857993504,-0.7440356243113309,0.7440356243113309,0.2940218857993504,0.72,1.26,1.78,32.24122021226058,9.901417359242298,2.1749901191809786,-2.2402680731129796,2.323125525772971,-2.216818818530449,7.856394649102777,-0.5386516024502847,3.0999213386851956,1.4854149004745874,2184.3145276253595,36.05346651713189,28.522024923785587,30.15501808564104,23.760719922002412,16.232470826738695,19.08078244600318,12.162401923776727,14.963591935478961,8.60837294567312,10.289309692371802,5.919818568076667,7.0116059180495744,-4.809999999999999,78268231292.7586,36.470078602905595,15.38816786816981,8.852453034478781,294.8844105364996,14.352569335391319,16.662883264946128,12.256441408683276,0.0,10.118126859033554,0.0,4.552749873690364,12.993322843808752,8.417796984328938,0.0,48.53093654769288,102.36701469597143,56.275121031911404,9.79096695103555,30.516619575518416,42.8958158002742,0.0,0.0,0.0,36.72795416224195,36.98467623888048,149.19286401957854,0.0,0.0,9.799819461700954,11.374772549367124,0.0,0.0,63.41316135546864,33.325766529892256,0.0,36.10128036616923,136.73002500382614,0.0,5.5731045300692665,0.0,121.05999999999999,20.236253718067108,25.9410937160386,0.0,9.79096695103555,26.1790256236503,50.48647257906434,24.26546827384644,12.13273413692322,40.07555250165884,87.21036229620918,0.0,69.73157936576966,0.0,3.8260690342162,0.0,8.650149480769684,0.0,29.191569925823877,8.26838858475184,6.327319236770303,-4.8284089614348815,0.20512820512820512,50,1,9,1,0,1,4,0,4,7,1,11,12,0,0,0,5,6.531400000000008,198.4111999999995,0,0,0,0,0,0,0,0,0,0,0,0,0,0,0,3,0,0,0,0,0,0,0,0,0,0,5,0,0,2,0,0,0,0,4,0,0,0,0,0,0,0,0,0,0,0,0,0,0,0,0,0,0,0,0,0,0,0,0,0,0,0,0,0,0,0,0,0,0,0,0,0,0,0,0,0,0,0,0,0,0,0,0,0,0
Drug_23,CCN(Cc1cccc(S(=O)(=O)O)c1)c1ccc(C(=C2C=CC(=[N+](CC)Cc3cccc(S(=O)(=O)[O-])c3)C=C2)c2ccc(S(=O)(=O)O)cc2)cc1,1,train,11.76273311964571,11.76273311964571,0.17811141364323468,-4.590987233170431,0.13503793880729853,13.352941176470589,748.9010000000004,712.613,748.1582937320001,266,0,0.2940218857993504,-0.7440356243113309,0.7440356243113309,0.2940218857993504,0.6666666666666666,1.196078431372549,1.7254901960784315,32.24265482809548,9.903525745921828,2.183054078071532,-2.2396095110157943,2.3203985605044464,-2.216809852761613,7.859037678370429,-0.5386518221811927,3.096589115784318,1.5050584876069628,2379.1855528864235,36.97611624794226,27.746769795177176,30.196259537960355,24.06136118488464,15.834468502389118,20.12284345045425,11.720544443253328,15.943271655402905,8.376846076235587,10.92566704004782,5.787151126626809,7.358959586199929,-4.699999999999998,101058773625.42894,37.552722235177406,15.270616779663643,9.351648904602357,298.02332864754356,9.452659604540841,16.662883264946128,12.256441408683276,0.0,20.236253718067108,0.0,9.105499747380728,12.993322843808752,16.835593968657875,0.0,48.53093654769288,102.36701469597143,36.49239079187347,14.686450426553325,43.487166433537716,47.32655638462419,0.0,0.0,0.0,41.62343763775972,17.989422542675626,149.19286401957854,0.0,0.0,4.899909730850477,5.687386274683562,0.0,0.0,62.28836424813357,43.44389338892581,0.0,36.10128036616923,141.6255084793439,0.0,5.5731045300692665,0.0,172.18999999999997,30.354380577100663,38.911640574057905,0.0,14.686450426553325,42.86938009874129,28.108731829289795,42.46456947923127,30.33183534230805,71.89245869089352,0.0,0.0,102.57572808847951,0.0,1.3445856962563074,0.0,6.194518654470933,0.0,25.71770377154172,7.703312710266243,5.884179933054076,-13.336695520735468,0.16216216216216217,51,2,11,1,0,1,4,0,4,8,2,14,12,0,0,0,5,5.712100000000006,193.8987999999996,0,0,0,0,0,0,0,0,0,0,0,0,0,0,0,2,0,0,0,0,0,0,0,0,0,0,5,0,0,1,0,0,0,0,4,0,0,0,0,0,0,0,0,0,0,0,0,0,0,0,0,0,0,0,0,0,0,0,0,0,0,0,0,0,0,0,0,0,0,0,0,0,0,0,0,0,0,0,0,0,0,0,0,0,0
Drug_24,CCN(Cc1cccc(S(=O)(=O)O)c1)c1ccc(C(=C2C=CC(=[N+](CC)Cc3cccc(S(=O)(=O)[O-])c3)C=C2)c2ccccc2)cc1,1,train,11.63776559456409,11.63776559456409,0.12455167724867722,-4.532780133337033,0.14391959061878137,13.106382978723405,668.8370000000003,632.549,668.2014788719999,242,0,0.2940218857993504,-0.7440356243113309,0.7440356243113309,0.2940218857993504,0.723404255319149,1.3191489361702127,1.9148936170212767,32.24121971667613,9.90379995492371,2.1708142919723836,-2.2393915663663075,2.3124073253259487,-2.2167897194921586,7.856388252476301,-0.5386515303711888,3.068870543789213,1.4445594157837456,2081.341981260683,33.60587275993918,26.152161597475256,27.78515475933071,22.4561894693621,15.203753235465841,18.052064854730332,11.087126112219282,13.888316123921516,7.998459523234372,9.67939626993305,5.5983988902050585,6.690186240177966,-4.6099999999999985,22669917188.867367,33.744696335616936,14.436367370713723,8.408991419432216,276.39469263750306,9.452659604540841,16.662883264946128,12.256441408683276,0.0,10.118126859033554,0.0,4.552749873690364,12.993322843808752,8.417796984328938,0.0,66.73003775307771,90.2342805590482,36.49239079187347,9.79096695103555,30.516619575518416,37.20842952559064,0.0,0.0,0.0,36.72795416224195,17.989422542675626,155.25923108804014,0.0,0.0,4.899909730850477,5.687386274683562,0.0,0.0,49.317817390114264,33.325766529892256,0.0,36.10128036616923,142.79639207228774,0.0,5.5731045300692665,0.0,117.82,20.236253718067108,25.9410937160386,0.0,9.79096695103555,26.1790256236503,44.79908630438078,24.26546827384644,12.13273413692322,56.331349955357055,58.02567821476771,0.0,69.44107516599607,0.0,1.7723934559326657,0.0,7.616186293538534,0.0,30.89437713966474,8.2443664759083,6.34922785133626,-8.817626382376542,0.16216216216216217,47,1,8,1,0,1,4,0,4,6,1,10,11,0,0,0,5,6.465400000000007,184.08419999999956,0,0,0,0,0,0,0,0,0,0,0,0,0,0,0,2,0,0,0,0,0,0,0,0,0,0,5,0,0,1,0,0,0,0,4,0,0,0,0,0,0,0,0,0,0,0,0,0,0,0,0,0,0,0,0,0,0,0,0,0,0,0,0,0,0,0,0,0,0,0,0,0,0,0,0,0,0,0,0,0,0,0,0,0,0
Drug_125,CN[C@H](C)[C@@H]1CC[C@@H](N)[C@@H](O[C@@H]2[C@@H](N)C[C@@H](N)[C@H](O[C@H]3OC[C@](C)(O)[C@H](NC)[C@H]3O)[C@H]2O)O1,0,train,11.129477946271102,11.129477946271102,0.06197055846985777,-1.286897326349922,0.1815983099627802,50.18181818181818,477.6030000000002,434.25900000000024,477.3162487159999,194,0,0.18523178500525578,-0.3875623237582984,0.3875623237582984,0.18523178500525578,0.9696969696969697,1.5757575757575757,2.1515151515151514,16.713202410008584,9.837052613177043,2.5048266366249,-2.4815800593610566,2.3134762458967186,-2.6837262949888365,5.015798641482698,-0.3068903941596625,2.7564680143922433,1.6847405069420804,631.8109458183088,24.499271042140986,19.963315110945906,19.963315110945906,15.494438145395826,11.775184426697185,11.775184426697185,9.910387027146065,9.910387027146065,7.241262277037194,7.241262277037194,5.035046986229295,5.035046986229295,-0.4799999999999999,12965995.530690867,27.11323763475655,11.06123345935728,5.850381761802965,194.97687848804375,62.101613639221526,30.016916361976897,12.580053458670426,0.0,0.0,0.0,0.0,0.0,0.0,0.0,0.0,47.205283233513654,18.12552248744388,24.794530010557143,34.26703399972231,0.0,0.0,10.633577208012662,17.201002431486554,112.02007962229469,20.702225929867296,0.0,0.0,0.0,27.834579639499218,0.0,0.0,0.0,114.93194846852485,18.947451815200196,0.0,33.10993926815928,0.0,0.0,0.0,0.0,199.72999999999996,60.7224923080912,15.319582184522117,0.0,24.794530010557143,12.841643245852019,6.4208216229260096,0.0,13.971409182367815,13.971409182367815,10.633577208012662,36.148454246686754,23.72099155092204,0.0,0.0,38.34001374191152,17.507355870220174,0.0,-2.1118188855886935,-4.221864506384816,3.5225569882466115,3.492765240673166,1.0,33,11,12,1,2,3,0,0,0,12,8,12,7,1,2,3,3,-3.327499999999993,119.93100000000005,0,3,2,0,0,0,0,0,0,0,0,0,0,0,0,0,2,3,0,2,0,0,0,0,0,0,0,0,0,0,0,0,0,0,0,0,0,0,0,0,0,4,0,0,0,0,0,0,0,0,0,0,0,0,0,0,0,0,0,0,0,0,0,0,0,0,0,0,0,0,0,0,0,0,0,0,0,0,0,0,0,0,0,0,0
Drug_267,C[C@]12CC(=O)[C@H]3[C@@H](CCC4=CC(=O)CC[C@@]43C)[C@@H]1CCC2=O,0,train,12.999167611489039,12.999167611489039,0.03201388888888834,-0.40246641943814554,0.6896763188469792,47.63636363636363,300.3980000000001,276.20599999999996,300.17254462799997,118,0,0.15519771462436477,-0.29931797619693623,0.29931797619693623,0.15519771462436477,1.0,1.7727272727272727,2.5454545454545454,16.145347677180887,9.468657586595567,2.615917960259959,-2.5518234169460947,2.6266630434934473,-2.5453161815179053,5.964270296560637,-0.14949647569136093,2.74639307940854,1.7719840088155432,616.1698355860839,15.698306133819765,13.483893416455928,13.483893416455928,10.359844450845582,8.660231699823894,8.660231699823894,8.362457409747728,8.362457409747728,7.364045519359117,7.364045519359117,6.162301388865404,6.162301388865404,-1.2500000000000002,121544.37212230435,14.349113573407202,4.39435742257031,1.6547110519773813,131.07984774079864,0.0,11.566489892729878,5.783244946364939,0.0,0.0,0.0,14.383611552215466,0.0,0.0,0.0,19.420578929450514,49.010109160257485,30.5953613843362,0.0,14.383611552215466,17.34973483909482,0.0,0.0,28.583699077277736,58.79322575986332,0.0,11.649124636903148,0.0,0.0,0.0,0.0,0.0,0.0,17.34973483909482,14.383611552215466,28.583699077277736,58.79322575986332,11.649124636903148,0.0,0.0,0.0,51.21,5.414990469396779,14.383611552215466,0.0,22.899386408288052,36.88152190746575,25.683286491704038,5.5731045300692665,0.0,12.999757306524504,6.923737199690624,0.0,0.0,0.0,37.11915202191988,0.0,0.659771392353238,1.5439435442386826,0.0,7.122927820819686,4.220871887335181,0.0,0.7368421052631579,22,0,3,4,0,4,0,0,0,3,0,3,0,3,0,3,4,3.2664000000000017,82.10700000000004,0,0,0,0,0,0,0,0,0,0,3,3,0,0,0,0,0,0,0,0,0,0,0,0,0,0,1,0,0,0,0,0,0,0,0,0,5,0,0,0,0,0,0,0,0,0,0,0,0,0,0,3,2,0,0,0,0,0,0,0,0,0,0,0,0,0,0,0,0,0,0,0,0,0,0,0,0,0,0,0,0,0,0,0,0
Drug_137,S=C(NC1CCCCC1)N1CCC(C2C=NC=N2)CC1,0,train,5.587101652389351,5.587101652389351,0.31668990287677135,0.31668990287677135,0.7944793960808921,28.0,292.45200000000006,268.26,292.172167768,110,0,0.16864772099272587,-0.3598368741983317,0.3598368741983317,0.16864772099272587,1.1,1.85,2.5,32.092047184668004,9.903351121712893,2.2733213284927065,-2.362258314317272,2.2356734022377363,-2.485641166514885,7.7975093891515455,0.25362847490411033,3.0257581361177475,1.4349335446800797,380.6776939853319,13.7862462825598,12.000601453590798,12.817098034518525,9.826499840494922,7.931316997121163,8.339565287585026,6.162178217643989,6.548876548710976,4.786848777466663,5.162898797411581,3.4809682796757673,3.830209132177489,-0.9700000000000002,79492.71775208546,13.987873508600918,6.655471485942957,3.3709566564514457,126.2900682415309,10.216698334856808,6.338535362521884,5.112436884724758,0.0,0.0,0.0,4.992404732635668,4.992404732635668,0.0,0.0,19.26246486877803,43.81906598091213,25.34595422050843,6.041840829147961,0.0,29.883446269828656,0.0,10.216698334856808,15.90271551143273,57.02943301877799,13.08951281182515,0.0,0.0,0.0,5.316788604006331,0.0,0.0,12.217873443046695,47.7386770277535,0.0,5.917906046161393,44.94575136048208,9.984809465271336,0.0,0.0,0.0,39.989999999999995,0.0,0.0,0.0,0.0,18.001587704457314,18.20194969654991,44.94575136048208,6.338535362521884,6.2146005795353165,20.201507800128145,12.217873443046695,0.0,5.587101652389351,10.85517146397235,4.545606103552532,0.0,0.6446579218106995,0.928299985181298,12.65527398420488,2.1172222222222223,0.0,0.8,20,1,4,1,2,3,0,0,0,3,1,5,2,1,1,2,3,2.3869000000000007,87.67570000000003,0,0,0,0,0,0,0,0,0,0,0,0,1,0,2,3,1,0,0,0,1,0,0,0,0,0,0,0,0,0,0,0,0,0,0,0,0,0,0,0,0,0,0,0,0,0,0,0,0,0,0,0,0,0,0,0,0,0,0,0,0,0,0,0,0,0,0,0,0,1,0,0,0,0,0,0,0,0,0,0,0,0,0,0,0
Drug_65,CO[C@@]1(NC(=O)Cc2cccs2)C(=O)N2C(C(=O)O)=C(COC(N)=O)CS[C@@H]21,0,train,12.831008991559585,12.831008991559585,0.07616258701215406,-1.6569607819979852,0.4097813290259421,23.678571428571427,427.4600000000002,410.3240000000002,427.050791884,150,0,0.4043169046369086,-0.47655943238277393,0.47655943238277393,0.4043169046369086,1.4642857142857142,2.2142857142857144,2.7857142857142856,32.166681246955235,9.976482543324426,2.6619250919140347,-2.5530947851032093,2.4617249944087667,-2.8039979290507673,7.998714597235214,-0.19213403908754337,3.153789946063906,1.81030194245744,854.429156129188,20.474327015758657,14.668485204218596,16.301478366074047,13.296566727541911,8.011797012889343,9.940204614124895,5.947633477052819,8.048407898416126,4.2632391632438535,6.513238588236466,3.0352803960091506,5.158769497423441,-2.57,1725921.0093533108,20.171661836598886,7.813366165730109,3.4527017359863312,167.18991561099926,25.63070938360932,17.67779409053749,0.0,5.907179729351506,11.63216532332176,12.062545358890263,14.48898409899412,9.589074368143644,0.0,23.09867082732585,6.06636706846161,11.446429838927525,23.31290287179489,6.4208216229260096,33.758402038728086,46.975575644919125,0.0,10.216698334856808,5.733667477162185,17.519680029865,19.469533112537242,33.66008794421553,0.0,0.0,11.050456081168516,4.794537184071822,0.0,23.09867082732585,64.45173346276069,30.27815908274157,0.0,4.877147193701299,28.782940750514232,0.0,0.0,0.0,148.26000000000002,34.975763224532265,24.284676131127995,0.0,30.050701037310816,0.0,9.777056924551776,30.208468368603384,6.06636706846161,11.446429838927525,10.05365155780638,10.470530430962235,10.018199773646966,2.601179230742514,49.61306388015959,13.22576714808098,3.203017009974999,-2.3114996753854067,3.6076103705528446,-0.9734883661444427,-0.3420775915202323,1.2748948865588474,0.375,28,4,10,0,2,2,0,1,1,8,3,12,7,0,1,1,3,0.09859999999999991,99.19490000000002,1,0,0,0,0,0,0,0,1,1,4,3,0,0,0,1,1,1,0,0,0,0,0,0,0,0,0,3,0,0,0,0,0,0,0,0,1,0,0,0,0,2,0,0,0,0,0,0,0,0,0,0,0,1,0,1,0,0,0,0,0,0,0,0,0,0,0,0,0,0,0,1,0,0,0,1,0,0,0,0,0,0,1,0,0
Drug_224,CC(=O)OCC1=C(C(=O)O)N2C(=O)[C@@H](NC(=O)Cc3cccs3)[C@H]2SC1,0,train,12.42769109032502,12.42769109032502,0.16318909045099517,-1.2554035855618653,0.5344806106940523,21.73076923076923,396.4460000000001,380.3180000000001,396.04497823200006,138,0,0.3522609581763172,-0.4765594507746848,0.4765594507746848,0.3522609581763172,1.4230769230769231,2.1923076923076925,2.8076923076923075,32.16668029976838,10.02495966367147,2.537193692535315,-2.489516873175725,2.3993542542780504,-2.7033433017450177,7.998375157523328,-0.15052311601903468,3.090277446538047,1.6915380267707594,788.6704465871796,18.844570503761734,13.760236913754733,15.393230075610186,12.379917853109719,7.732757910526879,9.661165511762432,5.748701910289865,7.885939598233565,3.9308563064703637,6.146877376241641,2.778976964361752,4.80974049208122,-2.329999999999999,697024.4391764427,18.46075934416159,7.502018008935549,3.606102408893124,156.73647968447963,15.160178952647087,23.719634919685454,0.0,5.907179729351506,5.907179729351506,11.938610575903697,19.28352128306594,4.794537184071822,0.0,23.09867082732585,6.06636706846161,11.446429838927525,23.12684253020798,6.4208216229260096,29.021539084928037,46.85164086193256,0.0,10.216698334856808,0.0,24.760272464733333,12.359735571259707,33.66008794421553,0.0,0.0,5.316788604006331,0.0,0.0,23.09867082732585,57.5348563736743,30.335833313013342,0.0,11.800884393391923,28.782940750514236,0.0,0.0,0.0,113.00999999999999,29.261503947371907,24.28467613112799,0.0,24.631922629846265,11.325958136816055,9.777056924551776,30.022408027016475,0.0,17.512796907389134,5.316788604006331,4.736862953800049,4.874784188277014,2.788076670273883,49.15532706141559,13.543659485571531,0.2031646936016529,-2.2268978456323394,2.9240410153416247,0.17873203145659833,1.059112699694444,0.0,0.375,26,2,8,0,2,2,0,1,1,7,2,10,6,0,1,1,3,0.5923000000000007,94.34050000000003,1,0,0,0,0,0,0,0,1,1,4,3,0,0,0,1,1,0,0,0,0,0,0,0,0,0,0,2,0,0,0,0,0,0,0,0,1,0,0,0,1,1,0,0,0,0,0,0,0,0,0,0,0,1,0,0,0,0,0,0,0,0,0,0,0,0,0,0,0,0,0,0,0,0,0,1,0,0,0,0,0,0,1,0,0
Drug_129,Cc1nccc2c1[nH]c1ccccc12,0,train,4.271325585789871,4.271325585789871,1.054351851851852,1.054351851851852,0.5684270068624612,11.214285714285714,182.226,172.14599999999996,182.08439832,68,0,0.06806175796313027,-0.3530281853573638,0.3530281853573638,0.06806175796313027,1.0714285714285714,1.9285714285714286,2.857142857142857,14.76128490351989,10.155562416868026,2.04019173560727,-1.9222693358137626,2.2504810796139574,-1.7946489552340283,6.07082741127618,1.2216628536363463,2.585321753695194,2.632728847245612,607.8208026305191,9.543605595440512,7.911315210637714,7.911315210637714,6.860173345306137,4.681164424614913,4.681164424614913,3.489506423242725,3.489506423242725,2.6174331177339223,2.6174331177339223,1.9102716229903707,1.9102716229903707,-1.8299999999999996,3513.4522632717685,7.562357844482439,2.5778245947007923,0.8802094354811068,81.5884826993248,4.983978520947208,0.0,0.0,0.0,0.0,0.0,4.983978520947208,0.0,0.0,0.0,18.19910120538483,19.056471336613843,22.485992718158933,11.210628712464722,0.0,21.805849864162113,0.0,9.967957041894415,0.0,6.923737199690624,0.0,42.222606908769585,0.0,0.0,0.0,0.0,0.0,0.0,9.967957041894415,0.0,6.923737199690624,5.693927994848461,36.52867891392113,0.0,21.805849864162113,0.0,28.68,0.0,0.0,0.0,0.0,0.0,11.210628712464722,16.289149146545853,0.0,19.18694783976531,34.23342531574085,0.0,0.0,0.0,7.655075585789871,2.5287962962962967,3.3805555555555564,0.0,10.384322562358278,1.859074074074074,2.0255092592592594,0.0,0.08333333333333333,14,1,2,0,0,0,1,2,3,1,1,2,0,0,0,0,3,3.0245200000000008,58.33670000000002,0,0,0,0,0,2,1,0,0,0,0,0,0,0,0,1,1,0,0,0,0,1,0,0,0,0,0,0,0,0,1,0,0,0,1,0,3,0,0,0,0,0,0,0,0,0,0,0,0,0,0,0,0,0,0,0,0,0,0,0,0,0,0,0,1,0,0,0,0,0,0,0,0,1,0,0,0,0,0,0,0,0,0,0,0
Drug_130,Cc1nccc2c1[nH]c1cc(O)ccc12,0,train,9.389072656840513,9.389072656840513,0.27747071050642513,0.27747071050642513,0.5831173613840934,11.266666666666667,198.225,188.14499999999995,198.07931294,74,0,0.11719340799679995,-0.5078853785475926,0.5078853785475926,0.11719340799679995,1.2,2.066666666666667,2.933333333333333,16.254694953989965,10.148535328508936,2.0581296331853163,-1.9277654634373367,2.2790671554843365,-1.794680610207678,6.075058885739932,0.4758751044520478,2.5691618080250684,2.569945350412583,655.0755911783466,10.41384908344359,8.281178536948046,8.281178536948046,7.254020195423489,4.815454824887851,4.815454824887851,3.6738093674942083,3.6738093674942083,2.693519850742064,2.693519850742064,1.9538092502923436,1.9538092502923436,-2.03,4894.2532442877555,8.29248464865603,2.730143125490291,1.0945776415154485,86.3827164515208,10.090505915787913,5.749511833283905,0.0,0.0,0.0,0.0,4.983978520947208,0.0,0.0,0.0,0.0,25.122838405075452,23.03565906900428,16.727329430080985,5.106527394840706,21.805849864162113,0.0,9.967957041894415,0.0,6.923737199690624,0.0,36.156239840307975,0.0,5.749511833283905,0.0,0.0,5.749511833283905,0.0,15.074484436735121,0.0,6.923737199690624,5.693927994848461,30.462311845459514,0.0,21.805849864162113,0.0,48.91,0.0,5.106527394840706,0.0,5.749511833283905,0.0,27.499777859010578,0.0,18.329577708536295,19.056471336613843,9.967957041894415,0.0,0.0,0.0,7.49583664021164,11.658331916099772,2.960546107331822,0.27747071050642513,7.334625850340137,1.8033767951625095,1.9698119803476946,0.0,0.08333333333333333,15,2,3,0,0,0,1,2,3,2,2,3,0,0,0,0,3,2.7301200000000003,60.001500000000014,0,0,0,0,0,2,1,1,0,0,0,0,0,0,0,1,1,0,0,0,0,1,0,0,0,0,0,0,0,0,1,0,0,0,1,0,3,0,0,0,0,0,0,0,0,0,0,0,0,0,0,0,0,0,0,0,0,0,0,0,0,0,0,0,0,1,1,0,0,0,0,0,0,1,0,0,0,0,0,0,0,0,0,0,0
Drug_217,CC(=O)c1ccc2c(c1)N(CCCN(C)C)c1ccccc1S2,0,train,11.754780950220614,11.754780950220614,0.11564827937347788,0.11564827937347788,0.7577920516947434,12.956521739130435,326.465,304.289,326.145284324,120,0,0.15937715575254569,-0.339574513116763,0.339574513116763,0.15937715575254569,1.0869565217391304,1.826086956521739,2.5652173913043477,32.16658093382419,10.096393976503219,2.2312723275521447,-2.33032547559042,2.4777018331291187,-2.2514297495831785,7.993772239937235,0.10129228534618967,2.5298355885392367,1.9808087324038346,727.0595940136393,16.396976746569035,13.873695999814668,14.690192580742394,11.058550648063802,7.901852895131556,8.718349476059283,6.116944145982074,7.200721102468901,4.019274772298715,5.149543151132643,2.8342514290977863,3.9103582504605243,-1.7799999999999994,180215.36798518107,16.091008019015952,6.768441220317652,3.4327361220295463,141.84156043862376,9.799819461700954,0.0,5.783244946364939,0.0,0.0,0.0,4.794537184071822,0.0,0.0,0.0,29.960986154775945,58.25012746773002,21.89917484864512,11.374772549367124,4.794537184071822,28.919902445123178,0.0,4.899909730850477,0.0,23.135525773652184,32.08476650803001,48.02802097092827,0.0,0.0,4.899909730850477,11.374772549367124,0.0,11.761884949391115,37.868011454394946,0.0,0.0,23.70254749838545,52.255536430266815,0.0,0.0,0.0,23.550000000000004,0.0,4.794537184071822,0.0,5.783244946364939,0.0,30.761172201131718,15.478353225719111,18.685622149081738,12.13273413692322,54.226998769363384,0.0,0.0,1.7830453462249094,18.817935528409915,0.0,3.1721805450575298,0.11564827937347788,14.542712007642564,1.0791071428571428,3.6246814373897704,4.198023046378025,0.3157894736842105,23,0,3,0,1,1,2,0,2,4,0,4,5,0,0,0,3,4.443600000000004,97.18850000000005,0,0,0,0,0,0,0,0,0,0,1,1,0,0,0,2,0,0,0,0,0,0,0,0,0,0,0,0,0,2,0,0,0,0,2,0,2,0,0,0,0,0,0,0,0,0,0,0,0,0,0,1,1,0,0,0,0,0,0,0,0,0,0,0,1,0,0,0,0,0,0,0,0,0,0,0,0,0,0,0,0,0,0,0,0
Drug_228,COc1ccc2c(c1)N(C[C@H](C)CN(C)C)c1ccccc1S2,0,train,5.441955546107332,5.441955546107332,0.5696362433862434,0.5696362433862434,0.8027021109078474,14.391304347826088,328.481,304.289,328.160934388,122,0,0.12052105827848808,-0.49668619595921315,0.49668619595921315,0.12052105827848808,1.0869565217391304,1.826086956521739,2.5652173913043477,32.16658093843887,10.095099043646206,2.2460641862911923,-2.3491139834458163,2.487102643608004,-2.3119359998907765,7.993770796594507,0.34243174716275454,2.532065333554035,1.987094268895526,686.8198722645236,16.396976746569035,14.243939487817746,15.060436068745473,11.07971869811898,7.953948035712771,8.770444616640498,6.3814623002662305,7.4652392567530566,4.003937257418144,5.134205636252071,3.1255397494927926,4.201646570855531,-1.6499999999999995,180293.1800103815,16.216343556988203,6.850695679146933,3.48376861569279,142.79358356808686,14.536682415501005,5.749511833283905,0.0,0.0,0.0,0.0,0.0,0.0,0.0,0.0,30.818356286004956,44.27871828536221,28.94684683132231,18.484570090644656,4.736862953800049,23.13665749875824,0.0,4.899909730850477,5.917906046161393,16.714704150726174,39.19456404930754,42.46456947923127,0.0,5.749511833283905,9.636772684650527,11.374772549367124,5.749511833283905,11.761884949391115,39.19456404930754,0.0,5.917906046161393,6.923737199690624,52.255536430266815,0.0,0.0,0.0,15.71,0.0,0.0,0.0,0.0,5.917906046161393,18.839024645109056,21.165739500402672,7.109797541277533,17.828252017852726,67.21710303751561,4.736862953800049,5.441955546107332,1.8387898662551438,7.308661422902494,0.0,2.543995653817083,1.4807415805828505,15.01398762282691,0.0,4.3801983339632145,5.9916699735449725,0.3684210526315789,23,0,3,0,1,1,2,0,2,4,0,4,5,0,0,0,3,4.495600000000004,98.28300000000004,0,0,0,0,0,0,0,0,0,0,0,0,0,0,0,2,0,0,0,0,0,0,0,0,0,0,0,0,0,2,0,0,0,0,2,0,2,0,0,0,0,1,0,0,0,0,0,0,0,0,0,0,0,0,0,1,0,0,0,0,0,0,0,0,1,0,0,0,0,0,0,0,0,0,0,0,0,0,0,0,0,0,0,0,0
Drug_201,CN(C)CCC(c1ccccc1)c1ccccn1,0,train,4.514881897203326,4.514881897203326,0.3840740740740739,0.3840740740740739,0.7977462845021502,12.61111111111111,240.35000000000002,220.18999999999994,240.16264864,94,0,0.04783433975417841,-0.309364731981851,0.309364731981851,0.04783433975417841,1.0,1.7222222222222223,2.3333333333333335,15.046210303928508,9.916981850765985,2.144162026981667,-2.1892577335356327,2.256640142841091,-2.1662909655723137,5.277398115591749,0.388956557952411,2.4098591426762876,2.236037923027508,411.5378809875284,12.794682450997078,11.082143445269272,11.082143445269272,8.770856947829095,6.377417941285156,6.377417941285156,4.809823566076466,4.809823566076466,3.1117207667511377,3.1117207667511377,2.140049011862192,2.140049011862192,-1.6699999999999997,16001.46470737055,12.778308504442963,6.313309631671972,3.409001763086153,109.29268954869393,4.899909730850477,0.0,0.0,0.0,0.0,0.0,4.983978520947208,0.0,0.0,0.0,36.39820241076966,44.75710762281318,17.80867761262293,0.0,0.0,0.0,0.0,9.883888251797686,0.0,12.338727669087403,20.640100371266954,65.98515960585141,0.0,0.0,0.0,0.0,0.0,0.0,30.52398862306464,0.0,0.0,23.59610715563286,54.72778011930596,0.0,0.0,0.0,16.130000000000003,0.0,0.0,0.0,0.0,5.917906046161393,18.659506023687047,5.563451491696996,0.0,12.263210640074686,66.44380169638333,0.0,0.0,0.0,6.735993008314437,0.0,2.503333333333334,0.3840740740740739,16.787268518518516,2.9672222222222224,1.0656103552532123,4.223165154950869,0.3125,18,0,2,0,0,0,1,1,2,2,0,2,5,0,0,0,2,3.1652000000000013,75.69300000000005,0,0,0,0,0,1,0,0,0,0,0,0,0,0,0,2,0,0,0,0,0,0,0,0,0,0,0,0,0,0,0,0,0,0,1,0,0,0,0,0,0,0,0,0,0,0,0,0,0,0,0,0,0,0,0,0,0,0,0,0,0,0,0,0,0,0,0,0,0,0,0,0,0,1,0,0,0,0,0,0,0,0,0,0,0
Drug_124,CN(C)CCOC(c1ccc(Cl)cc1)c1ccccn1,0,train,6.017667233560091,6.017667233560091,0.158873456790124,-0.158873456790124,0.8151739333124051,12.6,290.794,271.64199999999994,290.11859090800004,106,0,0.12448026883660994,-0.3658393908332552,0.3658393908332552,0.12448026883660994,1.15,1.9,2.5,35.49569133989094,10.060987246316555,2.15414520327331,-2.1916652468130082,2.2503698448259066,-2.1987918637718473,6.300868149373357,0.06617161436796713,2.455044958266698,2.17553294778081,513.7598984869505,14.372032720186704,11.791005939552736,12.546934885571192,9.664703797946448,6.593212884839194,6.971177357848421,4.86026083435827,5.296696614830255,2.9521719685694863,3.2041482839089714,1.8741290594401596,2.000117217109902,-1.4200000000000002,37277.40264632154,14.978146573445834,7.385618027668948,4.303724581782935,124.70950100508247,9.636772684650527,6.103966387748303,0.0,0.0,0.0,0.0,4.983978520947208,0.0,0.0,0.0,29.800041095617345,43.92426373089781,17.764233291266976,12.300809959361379,4.736862953800049,11.600939890232516,0.0,9.883888251797686,0.0,6.103966387748303,27.246982335779872,64.94142585113113,0.0,0.0,0.0,0.0,0.0,11.600939890232516,37.13087058757756,4.736862953800049,0.0,17.36134587429376,48.661413050844345,5.022633313741326,0.0,0.0,25.36,0.0,0.0,0.0,6.103966387748303,6.606881964512918,22.82476920619936,0.0,6.196843571613076,56.559913444585646,9.883888251797686,16.337802844032566,6.017667233560091,5.9451680558331885,6.498640925506005,0.7239003579826996,1.9726247165532884,0.0,13.580042315794632,1.626401783964614,1.5216177546121332,4.0583813006377945,0.3125,20,0,3,0,0,0,1,1,2,3,0,4,6,0,0,0,2,3.4026000000000023,82.03800000000005,0,0,0,0,0,1,0,0,0,0,0,0,0,0,0,2,0,0,0,1,0,0,0,0,0,0,0,0,0,0,0,0,0,0,1,0,0,0,0,0,0,1,0,0,1,0,0,0,0,0,0,0,0,0,0,0,0,0,0,0,0,0,0,0,0,0,0,0,0,0,0,0,0,1,0,0,0,0,0,0,0,0,0,0,0
Drug_79,CN(C)CCC(c1ccc(Cl)cc1)c1ccccn1,0,train,5.966028255437977,5.966028255437977,0.3202469135802468,0.3202469135802468,0.8240069237957237,12.631578947368421,274.795,255.64299999999994,274.123676288,100,0,0.04783435385076987,-0.30936473198175074,0.30936473198175074,0.04783435385076987,1.105263157894737,1.8421052631578947,2.4210526315789473,35.49569127757362,9.916623738690982,2.149341812474109,-2.191251071363776,2.2708679595348795,-2.1665494426367027,6.300880532614061,0.3889569099023531,2.417396896337034,2.25847511572667,493.91719964890143,13.664925939000156,11.382757649088873,12.138686595107327,9.164703797946448,6.477083780312729,6.855048253321955,4.950691187122832,5.387126967594817,3.182153368865324,3.4341296842048092,2.1497904176041396,2.275778575273882,-1.3800000000000001,22742.870000738818,14.03810833666951,6.68985926125854,4.049073463055102,119.59595577557559,4.899909730850477,0.0,0.0,0.0,0.0,0.0,4.983978520947208,0.0,0.0,0.0,29.800041095617345,56.8898417597364,22.831310926364257,0.0,0.0,11.600939890232516,0.0,9.883888251797686,0.0,12.338727669087403,20.640100371266954,64.94142585113113,0.0,0.0,0.0,0.0,0.0,11.600939890232516,30.52398862306464,0.0,0.0,23.59610715563286,48.661413050844345,5.022633313741326,0.0,0.0,16.130000000000003,0.0,0.0,0.0,0.0,5.917906046161393,23.682139337428374,5.563451491696996,0.0,30.462311845459517,42.178333422536895,11.600939890232516,0.0,5.966028255437977,6.704579851487921,0.7741948538674731,2.385761526832956,0.3202469135802468,14.17050645978556,2.90233873281823,1.0316144652305366,4.189173385403544,0.3125,19,0,2,0,0,0,1,1,2,2,0,3,5,0,0,0,2,3.8186000000000027,80.70300000000005,0,0,0,0,0,1,0,0,0,0,0,0,0,0,0,2,0,0,0,0,0,0,0,0,0,0,0,0,0,0,0,0,0,0,1,0,0,0,0,0,0,0,0,0,1,0,0,0,0,0,0,0,0,0,0,0,0,0,0,0,0,0,0,0,0,0,0,0,0,0,0,0,0,1,0,0,0,0,0,0,0,0,0,0,0
Drug_216,CN(C)CCOC(C)(c1ccccc1)c1ccccn1,0,train,6.208379629629629,6.208379629629629,0.5153472222222222,-0.5153472222222222,0.8067475103694609,14.2,270.37600000000003,248.19999999999993,270.173213324,106,0,0.1321208022709663,-0.36288535563391877,0.36288535563391877,0.1321208022709663,1.05,1.75,2.35,16.50056758013056,9.914035455430884,2.3051523653766495,-2.302989078806918,2.3113152032621427,-2.31515825360436,5.310185449504251,-0.013063505345464715,2.4829703838733295,2.287167069228301,471.52791768785835,14.424438962994,12.41304146654351,12.41304146654351,9.626845650481467,6.88461866145841,6.88461866145841,5.265989232607214,5.265989232607214,3.407563662961657,3.407563662961657,2.138650487450622,2.138650487450622,-1.7099999999999997,37542.51220416474,14.693972974229522,6.638286463373893,3.4364376203332885,120.77117689259742,9.636772684650527,5.601050810983688,0.0,0.0,0.0,0.0,4.983978520947208,0.0,0.0,0.0,36.39820241076966,38.715266793665215,12.741599977525652,12.300809959361379,4.736862953800049,0.0,0.0,9.883888251797686,0.0,12.524788010674312,27.246982335779872,65.98515960585141,0.0,0.0,0.0,0.0,0.0,0.0,37.13087058757756,10.337913764783737,0.0,18.18111668623608,54.72778011930596,0.0,0.0,0.0,25.36,5.601050810983688,0.0,0.0,0.0,6.606881964512918,17.802135892458033,0.0,0.0,56.69038994773712,28.94035958841153,4.736862953800049,6.208379629629629,0.0,6.601287792894936,0.0,1.542441893424037,0.0,16.199130763416477,1.8113383408919124,3.629516250944823,4.091238662131519,0.35294117647058826,20,0,3,0,0,0,1,1,2,3,0,3,6,0,0,0,2,2.923300000000001,81.63900000000005,0,0,0,0,0,1,0,0,0,0,0,0,0,0,0,2,0,0,0,1,0,0,0,0,0,0,0,0,0,0,0,0,0,0,1,0,0,0,0,0,0,1,0,0,0,0,0,0,0,0,0,0,0,0,0,0,0,0,0,0,0,0,0,0,0,0,0,0,0,0,0,0,0,1,0,0,0,0,0,0,0,0,0,0,0
Drug_81,CN(C)[C@@H]1C(O)=C(C(N)=O)C(=O)[C@@]2(O)C(O)=C3C(=O)c4c(O)ccc(Cl)c4[C@@](C)(O)C3C[C@@H]12,0,train,13.407275289745527,13.407275289745527,0.0029285910364558188,-2.782935799319728,0.3283008516696476,33.72727272727273,478.8850000000002,455.70100000000025,478.114293376,176,0,0.25545083550226955,-0.5096506200499406,0.5096506200499406,0.25545083550226955,1.1818181818181819,1.7878787878787878,2.3333333333333335,35.4956923403884,9.551541352650244,2.6537397473446767,-2.524575072833706,2.570785866850395,-2.646278314323002,6.326284480706825,-0.1514821152158587,2.694600796332424,2.0661759602853698,1201.0213895372194,24.781574381404027,17.957199313724868,18.71312825974332,15.183204860059114,10.075903931455464,10.453868404464693,9.078666375107336,9.48586650184794,7.073108215419177,7.388078609593532,5.585659851009993,5.934448351644901,-2.92,10976432.092452962,23.24532564052701,7.0375368223897015,2.7487618225030332,192.73250308009565,31.266304451365713,22.840946106665523,11.384295757348628,5.783244946364939,5.907179729351506,0.0,19.28352128306594,0.0,0.0,0.0,11.600939890232516,39.57263692489424,27.995001427830374,17.206343131828646,39.91624852641899,29.0746095123139,0.0,4.899909730850477,17.56947956948497,30.58850127373197,14.09534396535438,50.94680923750942,0.0,5.749511833283905,5.733667477162185,0.0,5.749511833283905,11.600939890232516,73.64445193262142,15.190125179127332,11.835812092322787,29.265998990082448,34.79727294037411,5.022633313741326,0.0,0.0,181.61999999999998,74.96747480225429,39.91624852641899,0.0,22.570357920061326,0.0,6.06636706846161,31.98535796435709,0.0,0.0,0.0,17.3346073673947,0.0,6.263278969860483,39.98827793440948,55.28917831846374,-1.21036166948031,-8.290293671189609,1.2959853249087108,-0.25917957923910273,1.3390509784160578,3.0285078382949955,0.4090909090909091,33,7,10,3,0,3,1,0,1,9,6,11,2,0,0,0,4,0.4390000000000007,114.55090000000003,0,4,2,0,0,0,0,1,0,0,3,3,0,0,0,1,0,1,0,1,0,0,0,0,0,0,0,1,0,0,0,0,0,0,1,0,3,0,0,0,0,0,0,0,1,0,0,0,0,0,0,2,2,0,0,0,0,0,0,0,0,0,0,0,0,1,1,0,0,0,0,1,0,0,0,0,0,0,0,0,0,0,0,0,0
Drug_123,CN(C)[C@@H]1C(O)=C(C(N)=O)C(=O)[C@@]2(O)C(O)=C3C(=O)c4c(O)ccc(Cl)c4[C@@H](O)[C@H]3C[C@@H]12,0,train,13.265053067523304,13.265053067523304,0.014502665110529778,-2.765435799319728,0.3342986617953946,32.0625,464.8580000000002,443.6900000000002,464.098643312,170,0,0.2554508355022276,-0.5096506200567037,0.5096506200567037,0.2554508355022276,1.21875,1.84375,2.40625,35.495692282893934,9.577555761179303,2.638418847895178,-2.504158996803017,2.5518938467284533,-2.6362344460585243,6.325009490976421,-0.14936674578157946,2.6933088489213888,2.022176210703223,1156.6989170381362,23.858924650593654,17.034549582914494,17.790478528932947,14.849871526725781,9.69382935678598,10.071793829795208,8.46856369088446,8.875763817625065,6.6437050578330705,6.973293278873116,5.248660960648943,5.51793524021842,-2.92,8230700.669435634,22.280241292031764,7.040784592626308,2.6054241124170625,186.36756096569903,31.266304451365713,22.840946106665523,11.384295757348628,5.783244946364939,5.907179729351506,0.0,19.28352128306594,0.0,0.0,0.0,11.600939890232516,32.648899725203606,27.995001427830374,17.70925870859326,39.91624852641899,29.0746095123139,0.0,4.899909730850477,17.56947956948497,24.16767965080596,14.09534396535438,50.94680923750942,0.0,5.749511833283905,5.733667477162185,0.0,5.749511833283905,11.600939890232516,73.64445193262142,9.589074368143644,11.835812092322787,28.446228178140128,34.79727294037411,5.022633313741326,0.0,0.0,181.61999999999998,75.47039037901891,39.91624852641899,0.0,22.570357920061326,0.0,6.06636706846161,25.061620764666465,0.0,0.0,0.0,17.3346073673947,0.0,6.173626192082706,39.71288641051598,54.45843757772299,0.7387727813679312,-8.179430641564178,1.302628843427229,-1.704249863525657,0.0,3.025106477750778,0.38095238095238093,32,7,10,3,0,3,1,0,1,9,6,11,2,0,0,0,4,0.2649000000000006,109.93990000000001,0,4,3,0,0,0,0,1,0,0,3,3,0,0,0,1,0,1,0,1,0,0,0,0,0,0,0,1,0,0,0,0,0,0,1,0,3,0,0,0,0,0,0,0,1,0,0,0,0,0,0,2,2,0,0,0,0,0,0,0,0,0,0,0,0,1,1,0,0,0,0,1,0,0,0,0,0,0,0,0,0,0,0,0,0
Drug_275,CN(C)[C@@H]1C(O)=C(C(=O)NCNC(CCCCN)C(=O)O)C(=O)[C@@]2(O)C(O)=C3C(=O)c4c(O)cccc4[C@@](C)(O)[C@H]3C[C@@H]12,0,train,13.855718674866262,13.855718674866262,0.10004832398411034,-2.8545952599940616,0.09367530992313995,29.232558139534884,602.6410000000002,564.3370000000003,602.2587934159999,234,0,0.3202450033276056,-0.5096504787110183,0.5096504787110183,0.3202450033276056,1.1395348837209303,1.813953488372093,2.4186046511627906,16.369511201841018,9.551654673954285,2.653140749134968,-2.524331621790469,2.560776689164198,-2.6486956314773336,6.248476031276404,-0.1518978630447575,2.9218548151106583,1.7295401404362405,1417.5885189269025,32.01577890008603,24.124931170991452,24.124931170991452,20.115056512637242,13.960264467975183,13.960264467975183,11.659685455836623,11.659685455836623,8.845312011065683,8.845312011065683,6.638603692262127,6.638603692262127,-3.8199999999999994,1389499274.3265088,32.10133759873522,11.69431252354784,5.080715083283651,247.03931187344602,41.68962045021274,28.88278693581348,11.384295757348628,5.783244946364939,5.907179729351506,5.9693052879518484,29.394847071144092,0.0,0.0,0.0,18.55355575984923,58.45612099989421,17.408916622392056,23.875034320727785,49.817313105331515,23.442974910033232,0.0,15.533486938863138,17.56947956948497,55.89280697165796,27.308791560166096,51.990542992229706,0.0,5.749511833283905,16.367244685174846,0.0,5.749511833283905,0.0,103.97557303937369,19.984662363199156,11.835812092322787,48.528463858860476,40.863640008835716,0.0,0.0,0.0,242.97999999999996,93.64731210825325,49.817313105331515,0.0,23.96854622924601,19.386399651764595,0.0,44.11809210128031,0.0,0.0,10.633577208012662,5.733667477162185,0.0,0.0,53.733538478825636,71.16377698798046,-0.7822039337486284,-9.281104170315254,1.8730470365273284,1.072174947256804,1.3581405962516022,3.029296723888729,0.5172413793103449,43,10,14,3,0,3,1,0,1,12,9,14,10,0,0,0,4,-0.45419999999999416,150.82109999999997,1,4,2,0,0,0,0,1,1,1,4,3,0,0,0,1,2,1,0,1,0,0,0,0,0,0,0,1,0,0,0,0,0,0,1,0,3,0,0,0,0,0,0,0,0,0,0,0,0,0,0,2,2,0,0,0,0,0,0,0,0,0,0,0,0,1,1,0,0,0,0,0,0,0,0,0,0,0,0,0,0,0,0,1,0
Drug_197,CNCCC[C@]12CC[C@H](c3ccccc31)c1ccccc12,0,valid,3.3093399628369866,3.3093399628369866,0.262685185185185,0.262685185185185,0.8254375445230729,25.476190476190474,277.41100000000006,254.22699999999992,277.183049736,108,0,0.020917908670118817,-0.31975136809052407,0.31975136809052407,0.020917908670118817,1.0,1.619047619047619,2.238095238095238,14.794734524611593,9.537137323408743,2.4667713976464647,-2.495011279378489,2.57360066071593,-2.400726488652625,5.584036788943882,0.3414579136353052,2.5597837814598803,1.8805976481796658,610.8929198710235,14.2862462825598,12.731686328639373,12.731686328639373,10.366138617215372,8.20095926981256,8.20095926981256,6.554975452027931,6.554975452027931,5.593670330364824,5.593670330364824,4.7183355274118455,4.7183355274118455,-1.5999999999999996,130037.01609816191,13.090051020408161,4.993710782028756,1.8023658294971152,126.94623411728348,5.316788604006331,0.0,0.0,0.0,0.0,0.0,0.0,0.0,0.0,0.0,48.53093654769288,61.529520847081784,11.332896515558172,0.0,0.0,0.0,0.0,5.316788604006331,0.0,37.01618300726221,13.592428388589765,70.78474251448087,0.0,0.0,5.316788604006331,0.0,0.0,0.0,13.592428388589765,5.414990469396779,0.0,53.85499850465341,48.53093654769288,0.0,0.0,0.0,12.03,0.0,0.0,0.0,5.414990469396779,5.917906046161393,6.544756405912575,25.683286491704038,22.253805966787983,0.0,60.895397134376395,0.0,0.0,0.0,0.0,3.3093399628369866,6.6570568783068795,0.6283103164105146,18.36932712899975,5.126398573318216,1.1066591080876793,2.0529080320399764,0.4,21,1,1,3,0,3,2,0,2,1,1,1,4,0,0,0,5,4.211400000000004,87.90170000000006,0,0,0,0,0,0,0,0,0,0,0,0,0,0,0,0,1,0,0,0,0,0,0,0,0,0,0,0,0,0,0,0,0,0,2,0,1,0,0,0,0,0,0,0,0,0,0,0,0,0,0,0,0,0,0,0,0,0,0,0,0,0,0,0,0,0,0,0,0,0,0,0,0,0,0,0,0,0,0,0,0,0,0,1,0
Drug_80,NCCC(O)C(=O)N[C@@H]1C[C@H](N)[C@@H](OC2O[C@H](CN)[C@@H](O)[C@H](O)[C@H]2N)[C@H](OC2O[C@H](CO)C(O)[C@H]2O)[C@H]1O,0,valid,12.392908413411627,12.392908413411627,0.02549169524076622,-1.6209759492384859,0.1189839940951382,46.60526315789474,555.5820000000003,514.2540000000004,555.2751717519999,222,0,0.2486994993577138,-0.39356649916808756,0.39356649916808756,0.2486994993577138,0.8947368421052632,1.5,2.0789473684210527,16.737953307358232,9.83167040116693,2.525140774273713,-2.4753436458311384,2.3222194074425113,-2.686982204155628,5.803856794260832,-0.30664643561558036,3.1616954849851475,1.8354438153508643,770.1033443320837,28.30867211889949,20.67692564135465,20.67692564135465,17.94119712322422,12.47358496866587,12.47358496866587,9.843622286964054,9.843622286964054,7.152880939147719,7.152880939147719,4.839579446967564,4.839579446967564,-1.1300000000000006,162645112.1276309,31.39834880194409,13.485554699220692,6.596931753915641,218.10536411027624,82.94460209174022,61.039663877483015,12.580053458670426,5.907179729351506,0.0,0.0,4.794537184071822,0.0,0.0,0.0,0.0,19.386399651764595,12.586597235060536,18.69056362280884,59.48768076315695,5.907179729351506,0.0,5.316788604006331,22.93466990864874,104.58688306944933,19.696394776338067,0.0,0.0,0.0,28.251458512655073,0.0,0.0,0.0,153.09450609317182,23.741988999272017,0.0,12.841643245852019,0.0,0.0,0.0,0.0,311.71,104.25930151746175,40.540228947956756,0.0,25.93115605767717,0.0,0.0,0.0,0.0,0.0,5.316788604006331,41.88212172384894,22.719675469286933,0.0,12.392908413411627,73.9624916128565,23.330177709724346,-0.8071575697797744,-3.290598782375305,-16.876934492748997,-0.7638956937086583,0.0,0.9523809523809523,38,16,17,1,2,3,0,0,0,16,12,17,10,1,2,3,3,-7.785100000000007,125.41890000000004,0,7,7,0,0,0,0,0,0,0,1,1,0,0,0,0,1,4,0,0,0,0,0,0,0,0,0,1,0,0,0,0,0,0,0,0,0,0,0,0,0,4,0,0,0,0,0,0,0,0,0,0,0,0,0,0,0,0,0,0,0,0,0,0,0,0,0,0,0,0,0,0,0,0,0,0,0,0,0,0,0,0,0,0,0
Drug_161,C[C@H]1CC[C@]2(NC1)O[C@H]1C[C@H]3[C@@H]4CC[C@H]5C[C@@H](O)CC[C@]5(C)[C@H]4CC[C@]3(C)[C@H]1[C@@H]2C,0,valid,10.302772860091062,10.302772860091062,0.03192493969708088,-0.031972590149708324,0.5589811430146876,62.5,415.66200000000026,370.3020000000002,415.34502968000004,170,0,0.12209193471935068,-0.3931197276586115,0.3931197276586115,0.12209193471935068,0.8666666666666667,1.6666666666666667,2.433333333333333,16.534334646502582,9.440225166933734,2.680735300456658,-2.6094000036941565,2.7051930342700214,-2.573052829817833,5.1583331155548615,-0.1401633207397082,3.156534833923683,1.2585709960989633,686.3505507446399,20.888540578131753,19.82978890172248,19.82978890172248,14.26725796194514,13.376131307072988,13.376131307072988,13.250328226418818,13.250328226418818,12.118146951411969,12.118146951411969,10.432153295408506,10.432153295408506,-0.12,10052035.683187312,20.48434201666526,6.700784990416985,2.6083820428776034,183.65040024627692,9.843390348640755,5.724985593970254,0.0,0.0,0.0,0.0,5.316788604006331,0.0,0.0,0.0,27.694948798762496,110.54563344502203,12.462662452073968,12.207932775496605,9.843390348640755,0.0,0.0,5.316788604006331,52.2553232619233,109.83608339748946,6.544756405912575,0.0,0.0,0.0,5.316788604006331,0.0,0.0,0.0,29.584202170220138,4.736862953800049,52.2553232619233,91.9031650280226,0.0,0.0,0.0,0.0,41.489999999999995,0.0,5.106527394840706,0.0,11.828951981718557,22.851853372703253,54.893835928732955,51.36657298340809,0.0,0.0,33.01173740276883,4.736862953800049,7.012956252902141,0.0,0.0,14.19587654324376,0.9192726535696414,5.5743234487109685,0.0,13.245574132345588,11.301996969227897,0.0,1.0,30,2,3,4,2,6,0,0,0,3,2,3,0,4,2,6,6,5.366800000000006,119.77550000000008,0,1,1,0,0,0,0,0,0,0,0,0,0,0,0,0,1,0,0,0,0,0,0,0,0,0,0,0,0,0,0,0,0,0,0,0,7,0,0,0,0,1,0,0,0,0,0,0,0,0,0,0,0,0,0,0,0,0,0,0,0,0,0,0,0,0,0,0,0,1,0,0,0,0,0,0,0,0,0,0,0,0,0,0,0
Drug_122,O=C1OC(CN2CCOCC2)CN1/N=C/c1ccc([N+](=O)[O-])o1,0,valid,11.768962270093223,11.768962270093223,0.19549007173015132,-0.6390648623665256,0.4445207331716735,22.695652173913043,324.29300000000006,308.165,324.10698423199995,124,0,0.43306163766154254,-0.4414825670399573,0.4414825670399573,0.43306163766154254,1.391304347826087,2.1739130434782608,2.869565217391304,16.64883592166196,10.279555536988466,2.3234366027590645,-2.2736831775352084,2.1604443533346003,-2.413922786515806,5.78229485175182,-0.40173012906260586,3.130974164843998,1.5414337097331932,609.3608447361579,16.233840039752504,12.290385888660802,12.290385888660802,11.114193540729628,7.18087634954295,7.18087634954295,5.178538437452723,5.178538437452723,3.537245277333838,3.537245277333838,2.4054257722040764,2.4054257722040764,-2.46,261749.44018095825,15.436247546509055,6.7518166622368385,3.8451245110372723,130.92526323414396,13.890876844653445,11.027277436565974,5.7602474188744415,0.0,0.0,11.977422272799423,15.01422799961605,4.794537184071822,10.110320049694252,0.0,0.0,6.06636706846161,19.634269217737724,32.039487982935334,23.608725077542935,18.19202285233474,0.0,9.908822254805008,5.101407525739722,6.103966387748303,39.392789552676135,28.007299824563233,0.0,0.0,0.0,10.67871938593283,0.0,0.0,72.63672989452084,9.473725907600098,10.114318268765572,5.7602474188744415,21.65129259971629,0.0,0.0,0.0,110.64999999999999,11.016551119756086,14.908855452837393,0.0,17.748396008483752,26.303276740850986,13.08951281182515,23.356247240413065,0.0,0.0,10.001317256590198,13.890876844653445,15.470729906494142,0.0,23.829255483400402,15.672883601624825,0.0,-0.17891509318634258,2.6380352091545065,0.4537136505836896,3.94763057526211,0.0,0.5384615384615384,23,0,10,0,2,2,0,1,1,8,0,10,5,0,2,2,3,0.6747000000000003,77.19040000000003,0,0,0,0,0,0,0,0,0,0,1,1,0,0,0,4,0,0,0,0,0,0,0,0,0,0,0,1,0,0,0,0,0,0,0,0,0,0,0,0,0,2,1,0,0,0,1,0,0,0,0,0,0,0,1,0,1,0,1,0,0,0,0,0,0,0,0,0,0,0,0,0,0,0,0,0,0,0,0,0,0,0,0,0,0
Drug_187,NCCC(=O)NCCc1c[nH]cn1,0,valid,10.952203561980348,10.952203561980348,0.0018187830687825812,-0.0018187830687825812,0.5691744868658772,9.923076923076923,182.22700000000003,168.11499999999998,182.116761068,72,0,0.22077908673281083,-0.35567075866454717,0.35567075866454717,0.22077908673281083,1.6923076923076923,2.5384615384615383,3.1538461538461537,16.148850789191,10.298383821662545,1.985325934839362,-2.0095879191260115,1.8989980519239256,-2.27015138893605,5.754725299105839,-0.12035320075673593,2.572372545843514,2.1066423363326434,244.65652223870558,9.518661569058182,7.41593981827889,7.41593981827889,6.325698502695489,4.2708636987571955,4.2708636987571955,2.6991687619266247,2.6991687619266247,1.6295625319748648,1.6295625319748648,0.9770991792065186,0.9770991792065186,-1.36,1247.6006847341043,9.725910652920962,5.314555602377,3.705842515452835,76.73619707410533,16.034434602115724,0.0,0.0,5.907179729351506,0.0,0.0,4.794537184071822,4.983978520947208,0.0,0.0,0.0,0.0,32.127999629290244,12.021248069613002,4.794537184071822,5.907179729351506,0.0,15.284745645900745,5.733667477162185,12.841643245852019,13.08951281182515,18.21809164122608,0.0,0.0,11.050456081168516,0.0,0.0,0.0,28.964649583071072,11.21535880699783,0.0,12.114749617774471,12.524163646377618,0.0,0.0,0.0,83.8,0.0,4.794537184071822,0.0,5.907179729351506,19.51033443475116,12.114749617774471,0.0,6.3273200747645415,6.196843571613076,15.284745645900745,5.733667477162185,0.0,0.0,17.828930697278913,2.7490277777777776,6.169468065003779,-0.0018187830687825812,0.0,4.575895455404384,1.0118301209372635,0.0,0.5,13,4,5,0,0,0,0,1,1,3,3,5,5,0,0,0,1,-0.5828,48.972800000000014,0,0,0,0,0,2,1,0,0,0,1,1,0,0,0,1,2,1,0,0,0,1,0,0,0,0,0,1,0,0,0,0,0,0,0,0,0,0,0,0,0,0,0,0,0,0,0,1,0,0,0,0,0,0,0,0,0,0,0,0,0,0,0,0,0,0,0,0,0,0,0,0,0,0,0,0,0,0,0,0,0,0,0,0,0
Drug_230,Cn1ccnc1S,0,valid,4.000771604938272,4.000771604938272,0.7500000000000002,0.7500000000000002,0.49165650235152397,9.428571428571429,114.17299999999999,108.125,114.02516919199999,38,0,0.16402067666290848,-0.3293308051082355,0.3293308051082355,0.16402067666290848,1.8571428571428572,2.5714285714285716,2.7142857142857144,32.116929950469135,10.919805895320643,1.8453391251854607,-1.8574803674931557,1.9591803406382695,-1.825205428052205,7.796408939215009,0.7939075241160377,1.9053999311004344,3.1179126764301257,141.97833347799207,5.276020881938894,3.996341324879125,4.890768515879041,3.304530452640311,1.9677651015775506,2.4149786970775087,1.3381469742442733,1.738146974244273,0.795749171342489,1.2266892790183392,0.3577350269189626,0.491068360252296,-0.44000000000000006,49.54039820861129,4.712439024390244,1.577818150056773,0.7710082106405698,47.59019178585143,4.567099647791355,0.0,5.156436481820707,0.0,0.0,0.0,0.0,4.983978520947208,0.0,12.628789148012991,0.0,0.0,19.441359125903343,0.0,0.0,12.628789148012991,0.0,9.551078168738563,7.04767198267719,5.156436481820707,0.0,12.393687143226153,0.0,0.0,0.0,0.0,0.0,12.628789148012991,9.551078168738563,7.04767198267719,0.0,0.0,17.550123625046858,0.0,0.0,0.0,17.82,0.0,0.0,0.0,0.0,0.0,5.156436481820707,0.0,6.196843571613076,17.81161520208162,17.6127676689602,0.0,1.8364197530864197,4.000771604938272,3.8433641975308643,0.7500000000000002,0.0,0.0,0.0,3.560185185185185,0.0,1.8981481481481481,0.25,7,0,2,0,0,0,0,1,1,3,1,3,0,0,0,0,1,0.7087999999999999,30.459999999999994,0,0,0,0,0,2,0,0,0,0,0,0,0,0,0,2,0,0,0,0,0,0,1,0,0,0,0,0,0,0,1,0,0,0,0,0,0,0,0,0,0,0,0,0,0,0,0,1,0,0,0,0,0,0,0,0,0,0,0,0,0,0,0,0,0,0,0,0,0,0,0,0,0,0,0,0,0,0,0,0,0,0,0,0,0
Drug_274,C=C1C[C@]23C[C@@]1(O)CC[C@H]2[C@@]12C=C[C@H](O)[C@@](C)(C(=O)O1)[C@H]2[C@@H]3C(=O)O,0,valid,12.687349261463844,12.687349261463844,0.1804166666666669,-1.2718891723356007,0.48383259577822607,58.04,346.3790000000001,324.2030000000001,346.14163842399995,134,0,0.3156484000078033,-0.48100073526988063,0.48100073526988063,0.3156484000078033,1.44,2.16,2.84,16.567966165856905,9.607378021162619,2.8304437488931264,-2.4386888883759816,2.7689910418501467,-2.5029885286193476,5.861516417475953,-0.16272047054146926,2.9469042758241732,1.7841261782741378,771.8760069846132,17.991199352633217,14.06602117896196,14.06602117896196,11.617132594788398,8.860878776956854,8.860878776956854,8.936414124534858,8.936414124534858,8.121037466371828,8.121037466371828,7.132061309600347,7.132061309600347,-1.6600000000000001,508594.42134739074,15.583685278823818,4.014630470685709,1.3632118123229282,144.71913794113627,20.056445138322168,11.016041280380467,0.0,0.0,0.0,11.938610575903697,9.589074368143644,0.0,0.0,0.0,12.654955790432378,49.67113879769458,11.835812092322787,17.622923244893386,29.64551950646581,11.938610575903697,0.0,0.0,28.583699077277736,49.91309170111033,0.0,24.304080427335524,0.0,0.0,0.0,0.0,0.0,0.0,44.56426077014149,14.325937321943691,28.583699077277736,32.60702369139466,24.304080427335524,0.0,0.0,0.0,104.06000000000002,51.91047161673571,24.90865655266576,0.0,5.917906046161393,31.256391021773304,0.0,0.0,19.075777413358388,0.0,6.578935683598497,4.736862953800049,5.873327191987906,0.0,25.079570066452504,31.597192184744266,-3.2942420162509447,-3.1808947467876045,0.0,4.113685515873016,5.6446951373141845,0.0,0.6842105263157895,25,3,6,4,1,5,0,0,0,5,3,6,1,3,1,4,5,1.0271000000000001,85.17340000000003,1,2,1,0,0,0,0,0,1,1,2,1,0,0,0,0,0,0,0,0,0,0,0,0,0,0,0,0,0,0,0,0,0,0,0,0,1,0,0,0,1,1,0,0,0,0,0,0,0,0,0,0,0,0,0,0,0,0,0,0,0,0,0,0,0,0,0,0,0,0,0,0,0,0,0,0,0,0,0,0,0,0,0,0,0
Drug_82,C=C[C@H]1CN2CC[C@H]1C[C@H]2[C@H](O)c1ccnc2ccccc12,0,valid,11.029075491307633,11.029075491307633,0.22292233560090668,-0.4430876795162513,0.8834235503255572,32.04545454545455,294.398,272.222,294.17321332399996,114,0,0.09518632364708744,-0.3867480180763347,0.3867480180763347,0.09518632364708744,1.3181818181818181,2.1818181818181817,2.9545454545454546,16.26915928978771,9.733555921293037,2.4170083338561734,-2.502683284397256,2.413731382735772,-2.54412652320056,5.818019412317043,-0.0444400185725107,2.6044571136619483,1.6692310274474265,693.3995911118029,15.104083527755582,12.728027653518499,12.728027653518499,10.77518824547867,8.159934323057039,8.159934323057039,6.608463198804099,6.608463198804099,5.519813758049864,5.519813758049864,4.288712319350921,4.288712319350921,-1.7099999999999995,208236.76406572742,13.918983667945433,5.488133515608595,2.1619239901907568,130.83493885930145,5.106527394840706,0.0,0.0,0.0,0.0,0.0,9.883888251797686,0.0,0.0,6.578935683598497,24.27512131221871,48.918397372707595,24.169665021138407,11.620667105364564,5.106527394840706,10.902924932081056,0.0,9.883888251797686,11.835812092322787,24.987450462748285,13.08951281182515,54.747086196050496,0.0,0.0,0.0,0.0,0.0,0.0,34.1217692876115,0.0,11.835812092322787,24.509061125297315,49.1836347043535,0.0,10.902924932081056,0.0,36.36,6.103966387748303,5.106527394840706,0.0,6.041840829147961,11.835812092322787,35.97671085852921,6.4208216229260096,0.0,30.462311845459514,28.605211110691673,0.0,0.0,0.0,6.855308746955572,12.098906630553456,1.9697129577139503,1.2654033341731752,10.26990767679891,5.761885524271436,6.112208462866833,0.0,0.42105263157894735,22,1,3,0,3,3,1,1,2,3,1,3,3,0,3,3,5,3.164600000000002,88.47480000000006,0,1,1,0,0,1,0,0,0,0,0,0,0,0,0,2,0,0,0,0,0,0,0,0,0,0,0,0,0,0,0,0,0,0,1,0,4,0,0,0,0,0,0,0,0,0,0,0,0,0,0,0,0,0,0,0,0,0,0,0,0,0,0,0,1,0,0,0,0,3,0,0,0,1,0,0,0,0,0,0,0,0,0,0,0
Drug_164,C=C[C@H]1CN2CC[C@H]1C[C@@H]2[C@@H](O)c1ccnc2ccccc12,0,valid,11.029075491307633,11.029075491307633,0.22292233560090668,-0.4430876795162513,0.8834235503255572,32.04545454545455,294.398,272.222,294.17321332399996,114,0,0.09518632364708744,-0.3867480180763347,0.3867480180763347,0.09518632364708744,1.3181818181818181,2.1818181818181817,2.9545454545454546,16.26915928978771,9.733555921293037,2.4170083338561734,-2.502683284397256,2.413731382735772,-2.54412652320056,5.818019412317043,-0.0444400185725107,2.6044571136619483,1.6692310274474265,693.3995911118029,15.104083527755582,12.728027653518499,12.728027653518499,10.77518824547867,8.159934323057039,8.159934323057039,6.608463198804099,6.608463198804099,5.519813758049864,5.519813758049864,4.288712319350921,4.288712319350921,-1.7099999999999995,208236.76406572742,13.918983667945433,5.488133515608595,2.1619239901907568,130.83493885930145,5.106527394840706,0.0,0.0,0.0,0.0,0.0,9.883888251797686,0.0,0.0,6.578935683598497,24.27512131221871,48.918397372707595,24.169665021138407,11.620667105364564,5.106527394840706,10.902924932081056,0.0,9.883888251797686,11.835812092322787,24.987450462748285,13.08951281182515,54.747086196050496,0.0,0.0,0.0,0.0,0.0,0.0,34.1217692876115,0.0,11.835812092322787,24.509061125297315,49.1836347043535,0.0,10.902924932081056,0.0,36.36,6.103966387748303,5.106527394840706,0.0,6.041840829147961,11.835812092322787,35.97671085852921,6.4208216229260096,0.0,30.462311845459514,28.605211110691673,0.0,0.0,0.0,6.855308746955572,12.098906630553456,1.9697129577139503,1.2654033341731752,10.26990767679891,5.761885524271436,6.112208462866833,0.0,0.42105263157894735,22,1,3,0,3,3,1,1,2,3,1,3,3,0,3,3,5,3.164600000000002,88.47480000000006,0,1,1,0,0,1,0,0,0,0,0,0,0,0,0,2,0,0,0,0,0,0,0,0,0,0,0,0,0,0,0,0,0,0,1,0,4,0,0,0,0,0,0,0,0,0,0,0,0,0,0,0,0,0,0,0,0,0,0,0,0,0,0,0,1,0,0,0,0,3,0,0,0,1,0,0,0,0,0,0,0,0,0,0,0
Drug_26,C=C/C1=C/C(C)(C)[C@](C)(OC(C)=O)C(=O)OC/C2=C/CN(C)CC[C@@H](OC1=O)C2=O,1,valid,13.045881991685564,13.045881991685564,0.05601308578987174,-1.7559629314688836,0.49306754651463935,31.766666666666666,419.4740000000002,390.2420000000002,419.194402268,164,0,0.3510573313793307,-0.4577176691509969,0.4577176691509969,0.3510573313793307,1.3,1.9666666666666666,2.566666666666667,16.604225156009033,9.73951988697318,2.5136731238709857,-2.3929489440902683,2.384439780811726,-2.5254813352056313,6.019452572133094,-0.18950681408695322,2.655095166448653,2.6151036904542657,823.342684213878,22.68986996538248,18.14988661143824,18.14988661143824,13.90772150720816,9.758713619338344,9.758713619338344,8.266998272306871,8.266998272306871,5.578244665593597,5.578244665593597,3.30554237371611,3.30554237371611,-2.74,1926059.1356451816,23.53807704116412,8.953408176730962,4.868477622122328,176.06912178544616,19.110498592250625,6.606881964512918,6.103966387748303,11.384295757348628,0.0,17.907915863855546,9.589074368143644,9.589074368143644,0.0,0.0,38.65447040348138,13.971409182367815,37.422166633907835,5.5731045300692665,33.38873759768743,23.691160810220484,0.0,4.899909730850477,5.414990469396779,45.82078762042049,26.744066759015258,35.953205064238674,0.0,0.0,0.0,0.0,0.0,0.0,67.04015449881821,33.38873759768743,5.414990469396779,34.11577042168851,35.953205064238674,0.0,0.0,0.0,99.21000000000001,40.81116847834925,19.178148736287287,0.0,17.75309102465145,19.510334434751158,0.0,25.999514613049012,19.92349450621513,11.947581713527667,6.578935683598497,14.210588861400147,16.32421626984127,0.0,52.52226099334234,0.0,-2.631969285399344,-2.6616173953511604,0.0,3.692018541965557,10.220076826899517,1.8683473820351526,0.5454545454545454,30,0,8,0,2,2,0,0,0,8,0,8,2,0,0,0,2,1.7463999999999997,108.27500000000006,0,0,0,0,0,0,0,0,0,0,4,4,0,0,0,1,0,0,0,1,0,0,0,0,0,0,0,0,0,0,0,0,0,0,0,0,2,0,0,0,3,3,0,0,0,0,0,0,0,0,0,1,1,0,1,0,0,0,0,0,0,0,0,0,0,0,0,0,0,0,0,0,0,0,0,0,0,0,0,0,0,0,0,0,0
Drug_166,CO[C@H]1C[C@H](O[C@@H]2[C@@H](C)C(=O)O[C@H](C)[C@H](C)[C@H](O)[C@@H](C)C(=O)[C@]3(CO3)C[C@H](C)[C@H](O[C@@H]3O[C@H](C)C[C@H](N(C)C)[C@H]3O)[C@H]2C)O[C@@H](C)[C@@H]1O,0,valid,13.881183939227215,13.881183939227215,0.19824071469268323,-1.0951352651176784,0.27419520694933036,49.854166666666664,687.8680000000004,626.3800000000003,687.419376392,278,0,0.311082223726353,-0.4620010051085049,0.4620010051085049,0.311082223726353,0.7916666666666666,1.4375,2.0208333333333335,16.711136644782712,9.761486254558491,2.569158596591857,-2.4564043594356715,2.4306438591917376,-2.5685205793207815,5.915863134080324,-0.29857251109306,3.821150090547163,1.746147971616419,1087.790290036477,35.82517997684453,30.606470697144427,30.606470697144427,22.41533543949404,17.658832682809287,17.658832682809287,15.301755158857173,15.301755158857173,11.394625733793104,11.394625733793104,7.894451567811972,7.894451567811972,-1.2600000000000005,21821784869.65821,39.524780496701055,15.960170194351745,8.434311647116875,285.38435403662436,53.37753259197293,18.31189916324491,23.964349216019055,0.0,0.0,5.9693052879518484,9.589074368143644,0.0,0.0,0.0,27.694948798762496,60.54984205613029,37.32617813183568,49.148586337164126,58.0666972292661,11.752550234316788,0.0,4.899909730850477,29.589530230806965,153.81100505483982,27.812023471144833,0.0,0.0,0.0,0.0,0.0,0.0,0.0,138.94270820937098,42.747115044743985,29.589530230806965,74.65236246630302,0.0,0.0,0.0,0.0,165.98,96.65376484423794,24.90865655266576,0.0,43.29548341978753,6.4208216229260096,0.0,7.109797541277533,34.61868599845312,39.76646529527673,0.0,33.15804067660034,43.003419955302405,0.0,29.676633567014296,33.30062700029718,-1.0951352651176784,-3.7384707561017896,-0.21865738135934976,-7.150026101481076,14.648067394270479,5.323541587175523,0.9428571428571428,48,3,13,0,4,4,0,0,0,13,3,13,6,0,4,4,4,1.9085000000000032,173.62339999999955,0,3,3,0,0,0,0,0,0,0,2,2,0,0,0,1,0,0,0,1,0,0,0,0,0,0,0,0,0,0,0,0,0,0,0,0,0,0,0,1,1,7,0,0,0,0,0,0,0,0,0,1,1,0,1,1,0,0,0,0,0,0,0,0,0,0,0,0,0,0,0,0,0,0,0,0,0,0,0,0,0,0,0,0,0
Drug_60,CN1C2CCC1CC(NC(=O)c1cc(Cl)cc3c1OC(C)(C)C3)C2,1,valid,12.8877804547745,12.8877804547745,0.055182350718064876,-0.2830314862272836,0.8901174871223553,30.75,348.8740000000002,323.6740000000001,348.16045572,130,0,0.25482730233543077,-0.4863857153856528,0.4863857153856528,0.25482730233543077,1.2916666666666667,1.9583333333333333,2.625,35.495691578669465,9.96755060495559,2.3948484416293163,-2.3621772690802523,2.398592540268594,-2.48337292193207,6.307819742886081,0.0870411063937432,2.8843575555833283,1.5395145242679245,674.1895153285193,17.06011345338556,14.56395990131778,15.319888847336236,11.321300321916175,8.864938244138479,9.242902717147707,8.17238470410344,8.608820484575423,5.803227424798614,6.021445315034606,4.634091095748892,4.874906188406933,-1.26,311793.2830434466,16.221553929106378,5.634235484961687,2.7983866772835166,148.0461865563089,14.953561288656857,11.350562644267594,0.0,0.0,5.907179729351506,0.0,4.794537184071822,0.0,0.0,0.0,11.600939890232516,58.7111670106857,35.13242891580821,5.563451491696996,9.53140013787187,17.508119619584022,0.0,10.216698334856808,0.0,69.67815581243887,7.04767198267719,28.282270434058535,0.0,5.749511833283905,10.05365155780638,0.0,5.749511833283905,11.600939890232516,41.58133474130674,6.4208216229260096,0.0,55.4522010585511,12.13273413692322,5.022633313741326,0.0,0.0,41.57000000000001,0.0,4.794537184071822,0.0,17.550071369483156,28.41927829701815,24.825916360475023,12.841643245852019,6.06636706846161,19.913841467842857,17.264370317534,16.337802844032566,6.034665060468631,6.241692373672592,15.365332997396488,3.837180020156211,1.3238638274537446,0.6511134206769129,5.108964754626129,5.345277235307448,4.077877502087459,2.2084772525988257,0.631578947368421,24,1,4,0,3,3,1,0,1,3,1,5,2,0,2,2,4,3.408500000000002,94.92420000000007,0,0,0,0,0,0,0,0,0,0,1,1,0,0,0,1,1,0,0,0,0,0,0,0,0,0,0,1,0,0,0,0,0,0,1,0,3,0,0,0,0,1,0,0,1,0,0,0,0,0,0,0,0,0,0,0,0,0,0,0,0,0,0,0,0,0,0,0,0,1,0,0,0,0,0,0,0,0,0,0,0,0,0,0,0
Drug_165,Cc1ccsc1/C=C/C1=NCCCN1C,0,valid,4.499974489795918,4.499974489795918,0.9657102702191988,0.9657102702191988,0.7480315007675342,17.2,220.34099999999995,204.21299999999997,220.103419512,80,0,0.12271714690311818,-0.3599190437508012,0.3599190437508012,0.12271714690311818,1.4666666666666666,2.3333333333333335,3.0,32.133473211815804,10.229631090416268,2.067740075744069,-2.222018352867924,2.1704035330734976,-2.2988341716513188,7.106045511688764,0.46996894934399824,2.6310940564667566,2.1111121416712297,390.08131219040024,10.673362107437434,9.233396901781926,10.049893482709653,7.270856947829095,5.249401199112145,6.129054010367041,3.816225571313109,4.763919764311982,2.602023844049766,3.5861813036290315,1.6221125780382242,2.441429602451476,-1.09,4130.817668652808,10.42855960264156,4.619630554976046,2.476442726533304,94.95102527543133,4.899909730850477,5.835619785757269,0.0,0.0,0.0,0.0,4.992404732635668,0.0,0.0,11.336785877934735,0.0,42.50648036690892,25.01433198820364,0.0,0.0,23.248425770525888,0.0,4.899909730850477,4.992404732635668,13.344558822616634,20.13718479450234,27.9630486311597,0.0,0.0,0.0,0.0,0.0,11.336785877934735,30.872714311110087,0.0,6.923737199690624,16.861420308324305,22.51485467839707,0.0,6.076020106833881,0.0,15.6,0.0,0.0,0.0,0.0,0.0,18.92513259758242,16.861420308324305,11.336785877934735,0.0,47.46219369844924,0.0,0.0,1.7790235260770972,8.041477702191989,2.1263896762408665,1.3428819444444446,1.1056018518518522,2.149537824389015,5.46281391723356,4.224800957420005,2.100805933484505,0.4166666666666667,15,0,2,0,1,1,0,1,1,3,0,3,2,0,0,0,2,2.803720000000001,67.63900000000002,0,0,0,0,0,0,0,0,0,0,0,0,0,0,1,2,0,0,0,1,0,0,0,0,0,0,0,0,1,0,1,0,0,0,0,0,0,0,0,0,0,0,0,0,0,0,0,0,0,0,0,0,0,0,0,0,0,0,0,0,0,0,0,0,0,0,0,0,0,0,0,0,0,0,0,0,0,0,0,0,0,0,1,0,0
Drug_19,Cc1cc(C)c(/N=N/c2cc(S(=O)(=O)O)c3ccccc3c2O)c(S(=O)(=O)O)c1,1,valid,11.75107343621052,11.75107343621052,0.08017727782879369,-4.645482284320214,0.41123973517896684,12.689655172413794,436.46700000000016,420.3390000000002,436.0398928519999,152,0,0.29626611793703517,-0.5049568041053801,0.5049568041053801,0.29626611793703517,0.7931034482758621,1.3793103448275863,1.9655172413793103,32.24121760759063,10.090674765765492,2.208179748014111,-2.093518716724217,2.400789277228502,-2.0015042636583313,7.858986538551907,0.47891034669277016,2.599264358233092,2.278994694645396,1379.0752913206743,21.560113453385565,15.227009604610354,16.860002766465804,13.391883981397138,8.120284798809081,11.000411456410362,6.3667143480479504,9.146632518615474,4.181483045412884,5.9420738834616476,2.9520354010154892,4.449471761121447,-2.8599999999999994,1572627.716133051,20.863537354349184,7.189798107556484,4.122982680810624,166.39832970285576,5.106527394840706,21.165739500402676,5.749511833283905,0.0,20.236253718067108,0.0,9.105499747380728,0.0,16.835593968657875,10.228500251258795,30.33183534230805,37.10711151969846,10.772448428929591,0.0,31.04762111087931,42.38347469636382,0.0,0.0,10.228500251258795,23.638441350416798,0.0,53.59147246262526,0.0,5.749511833283905,0.0,11.374772549367124,5.749511833283905,0.0,31.04762111087931,20.236253718067108,13.847474399381248,11.126902983393991,62.484036681525616,0.0,10.772448428929591,0.0,153.69,35.776732502386565,31.04762111087931,0.0,22.147220978296716,11.126902983393991,6.06636706846161,24.26546827384644,25.980208536304467,0.0,10.228500251258795,0.0,65.87044685673473,0.0,-0.9680431416393716,18.25911401147287,0.47647838206933724,-0.4074811560426632,9.668978160721487,0.0,3.1905176702606357,-9.25667745024369,0.1111111111111111,29,3,9,0,0,0,3,0,3,7,3,11,4,0,0,0,3,4.071040000000003,105.33400000000005,0,0,0,0,0,0,0,1,0,0,0,0,0,0,0,2,0,0,0,0,0,0,0,0,0,0,0,0,0,0,2,0,1,0,3,0,1,0,0,0,0,0,0,0,0,0,0,0,0,0,0,0,0,0,0,0,0,0,0,0,0,0,0,0,0,1,1,0,0,0,0,0,0,0,0,0,0,0,0,0,0,0,0,0,0
Drug_184,Cc1n[nH]c(=O)[nH]c1=O,0,valid,10.50175925925926,10.50175925925926,0.25888888888888917,-0.5781481481481479,0.4574913582967143,9.444444444444445,127.10299999999998,122.06299999999999,127.0381764,48,0,0.3416417273618168,-0.2713839962402751,0.3416417273618168,0.2713839962402751,1.4444444444444444,2.111111111111111,2.5555555555555554,16.157403284180525,10.537148816606523,1.9014749893515595,-1.8302820042952062,1.646504336324612,-2.2489564827276385,4.856411972844875,0.8531505549007676,1.7965675742516065,3.523897718994017,310.0790534546092,6.8533711511285205,4.763710176427685,4.763710176427685,4.198377302757663,2.355461885963821,2.355461885963821,1.5922652848388106,1.5922652848388106,0.8808214347744279,0.8808214347744279,0.40691386413131175,0.40691386413131175,-1.39,104.20091930659318,5.7414060446780555,1.8479763724759515,1.0421707281064696,49.74678694522536,0.0,5.693927994848461,0.0,0.0,5.559266895052007,5.689743398203474,9.778515705019029,9.893218992372859,5.098681808301038,0.0,0.0,6.923737199690624,0.0,0.0,0.0,0.0,0.0,15.181342137549283,0.0,6.923737199690624,0.0,26.53201265624758,0.0,0.0,11.24901029325548,0.0,0.0,0.0,15.181342137549283,0.0,6.923737199690624,5.693927994848461,9.589074368143644,0.0,0.0,0.0,78.61,11.24901029325548,9.589074368143644,0.0,5.693927994848461,0.0,0.0,6.923737199690624,0.0,4.983978520947208,10.197363616602075,0.0,0.0,0.0,22.779907407407407,5.47625,-0.7648611111111101,0.0,0.0,0.0,1.5087037037037037,0.0,0.25,9,2,5,0,0,0,0,1,1,3,2,5,0,0,0,0,1,-1.2333800000000001,30.215399999999992,0,0,0,0,0,3,2,0,0,0,0,0,0,0,0,1,2,0,0,0,0,2,0,0,0,0,0,0,0,0,1,0,0,0,0,0,0,0,0,0,0,0,0,0,0,0,0,0,0,0,0,0,0,0,0,0,0,0,0,0,0,0,0,0,0,0,0,0,0,0,0,0,0,0,0,0,0,0,0,0,0,0,0,0,0
Drug_112,CN1C(C)(C)CCCC1(C)C,0,valid,2.517361111111111,2.517361111111111,0.40451388888888884,0.40451388888888884,0.5196038533402348,30.272727272727273,155.285,134.11699999999996,155.167399672,66,0,0.01550346199743226,-0.2961205873498779,0.2961205873498779,0.01550346199743226,0.9090909090909091,1.2727272727272727,1.5454545454545454,15.2282078825441,9.804963490836435,2.3748130062595227,-2.504810723196249,2.3562553134047244,-2.5560965134828533,4.9402318675991586,-0.0019902932617801615,1.8239737874283473,2.7623132262307584,130.95176690805988,8.69867061274927,8.5685339390596,8.5685339390596,4.861807319565799,4.601533972186464,4.601533972186464,5.03743890435807,5.03743890435807,3.3931426238683833,3.3931426238683833,2.1083622694225435,2.1083622694225435,-0.04,189.69327389254812,9.05124087591241,2.4789210370980306,1.5840336384191231,70.77773257407317,0.0,0.0,0.0,0.0,0.0,0.0,4.899909730850477,0.0,0.0,0.0,0.0,54.00508565021771,11.07785050476669,0.0,0.0,0.0,0.0,4.899909730850477,0.0,58.03526417230721,7.04767198267719,0.0,0.0,0.0,0.0,0.0,0.0,0.0,23.025432218294355,0.0,0.0,46.95741366754052,0.0,0.0,0.0,0.0,3.24,0.0,0.0,0.0,0.0,11.07785050476669,0.0,19.26246486877803,0.0,0.0,39.642530512290165,0.0,0.0,0.0,2.517361111111111,0.0,0.8090277777777778,0.0,0.0,4.059722222222222,9.364722222222222,2.2491666666666665,1.0,11,0,1,0,1,1,0,0,0,1,0,1,0,0,1,1,1,2.659300000000001,49.772000000000034,0,0,0,0,0,0,0,0,0,0,0,0,0,0,0,1,0,0,0,0,1,0,0,0,0,0,0,0,0,0,0,0,0,0,0,0,0,0,0,0,0,0,0,0,0,0,0,0,0,0,0,0,0,0,0,0,0,0,0,0,0,0,0,0,0,0,0,0,0,1,0,0,0,0,0,0,0,0,0,0,0,0,0,0,0
Drug_105,C[C@]12CC[C@H](O)C[C@H]1CC[C@@H]1[C@@H]2CC[C@]2(C)[C@@H](C3=CC(=O)OC3)CC[C@]12O,0,valid,12.116485733182163,12.116485733182163,0.12567604637536456,-0.6278728505291005,0.6883369874013611,54.592592592592595,374.5210000000002,340.2490000000001,374.24570956799994,150,0,0.33066099978104946,-0.457979662083263,0.457979662083263,0.33066099978104946,1.037037037037037,1.8518518518518519,2.5925925925925926,16.536386992748383,9.429222667411125,2.671579499492203,-2.6329148555316197,2.6939088285370114,-2.619183554002012,5.849828134817435,-0.20774538997310268,3.160714238511324,1.4673853730068038,685.8658330039004,19.02673325856595,16.746093198930875,16.746093198930875,12.777459110307484,11.054739983672976,11.054739983672976,10.719900804304729,10.719900804304729,9.956585087591275,9.956585087591275,8.38713523961713,8.38713523961713,-0.8700000000000001,1935242.1139557136,18.1771639159835,5.82252984331303,2.3197014531390954,161.9127535786672,14.94991774348146,6.606881964512918,0.0,0.0,0.0,5.9693052879518484,0.0,4.794537184071822,0.0,0.0,13.847474399381248,92.44711379044573,11.49101057623066,11.70501719873199,19.744454927553285,5.9693052879518484,0.0,0.0,34.50160512343913,83.33988620444735,6.606881964512918,11.649124636903148,0.0,0.0,0.0,0.0,0.0,0.0,34.494259240878165,9.53140013787187,34.50160512343913,71.63486900571534,11.649124636903148,0.0,0.0,0.0,66.76,5.601050810983688,15.007591973753234,0.0,28.8211586606551,24.3606001029971,56.93967751347735,6.4208216229260096,6.076020106833881,0.0,13.847474399381248,4.736862953800049,5.202074081964921,0.0,11.626999894893702,22.299452418906142,0.6003791687575963,1.5867726640976993,0.0,10.786162211725294,5.148159559654645,0.0,0.8695652173913043,27,2,4,4,1,5,0,0,0,4,2,4,1,4,0,4,5,3.6043000000000034,101.72560000000006,0,2,1,0,0,0,0,0,0,0,1,1,0,0,0,0,0,0,0,0,0,0,0,0,0,0,0,0,0,0,0,0,0,0,0,0,5,0,0,0,1,1,0,0,0,0,0,0,0,0,0,0,0,0,1,0,0,0,0,0,0,0,0,0,0,0,0,0,0,0,0,0,0,0,0,0,0,0,0,0,0,0,0,0,0
Drug_93,C[C@]12CC[C@H]3[C@@H](CC[C@]4(O)C[C@@H](O)CC[C@]34C=O)[C@@]1(O)CC[C@@H]2C1=CC(=O)OC1,0,valid,12.482391113559494,12.482391113559494,0.05037887377173145,-1.1766568966697482,0.4797019657473262,54.06896551724138,404.5030000000002,372.2470000000002,404.21988874399995,160,0,0.33066099978104946,-0.45797966208326296,0.45797966208326296,0.33066099978104946,1.0689655172413792,1.8275862068965518,2.5172413793103448,16.536438756886415,9.41443873366232,2.7095716037603985,-2.6469493722889466,2.698096772656926,-2.683752809552122,5.850025327451853,-0.24787966045833087,3.2109177408514435,1.516890846484454,777.3297488650616,20.65648977056287,17.101555084894695,17.101555084894695,13.690054347751317,11.154659242077294,11.154659242077294,10.636707985279063,10.636707985279063,9.849775909654449,9.849775909654449,8.336240483499816,8.336240483499816,-1.24,4556873.4503792925,19.707461756625573,6.144114583333335,2.3383744249499867,170.86850943090698,24.85098232239399,12.893042487642472,0.0,0.0,0.0,5.9693052879518484,0.0,4.794537184071822,0.0,0.0,6.923737199690624,74.69339565196154,17.91183219915667,22.721058479112457,29.64551950646581,12.255465811081404,0.0,0.0,28.583699077277736,82.0171998157404,6.606881964512918,11.649124636903148,0.0,0.0,0.0,0.0,0.0,0.0,51.48799796983211,14.325937321943693,28.583699077277736,64.71113180602472,11.649124636903148,0.0,0.0,0.0,104.06000000000002,22.721058479112457,24.90865655266576,0.0,35.55883551875882,38.71099007914297,31.121729921976847,0.0,6.076020106833881,0.0,6.923737199690624,4.736862953800049,5.15332063843875,0.0,24.1170241581318,33.723413466760135,-2.3404547745023923,-0.30434982349033635,0.0,7.3566877077874056,2.4610252935413017,0.0,0.8260869565217391,29,3,6,4,1,5,0,0,0,6,3,6,2,4,0,4,5,1.8981999999999999,103.57540000000004,0,3,1,0,0,0,0,0,0,0,2,2,0,0,0,0,0,0,0,0,0,0,0,1,0,0,0,0,0,0,0,0,0,0,0,0,5,0,0,0,1,1,0,0,0,0,0,0,0,0,0,0,0,0,1,0,0,0,0,0,0,0,0,0,0,0,0,0,0,0,0,0,0,0,0,0,0,0,0,0,0,0,0,0,0
Drug_269,C[C@]12CC[C@H](O)C[C@H]1CC[C@@H]1[C@@H]2C[C@@H](O)[C@]2(C)[C@@H](C3=CC(=O)OC3)CC[C@]12O,0,valid,12.126902399848827,12.126902399848827,0.0012892101284960322,-0.9062293320105819,0.5992398466063368,55.75,390.5200000000002,356.2480000000001,390.2406241879999,156,0,0.3306610137508224,-0.4579796474063008,0.4579796474063008,0.3306610137508224,1.0357142857142858,1.8214285714285714,2.5357142857142856,16.536441196795714,9.42229584172069,2.702712051867693,-2.6448526289942333,2.6938472557889535,-2.6655767647928093,5.849972694439475,-0.2444958224850529,3.186793440385327,1.511243230253625,717.781243826887,19.896976746569027,17.063550282433912,17.063550282433912,13.198179413962512,11.156308907885538,11.156308907885538,10.797950843483044,10.797950843483044,10.049933050744455,10.049933050744455,8.366713554722168,8.366713554722168,-0.9100000000000001,2900836.0913926708,19.077247722168316,6.052944430576891,2.2699572278539617,166.7069873308632,20.056445138322168,6.606881964512918,0.0,0.0,0.0,5.9693052879518484,0.0,4.794537184071822,0.0,0.0,13.847474399381248,86.02629216751971,11.49101057623066,17.808983586480295,24.85098232239399,5.9693052879518484,0.0,0.0,34.50160512343913,83.02303096926964,6.606881964512918,11.649124636903148,0.0,0.0,0.0,0.0,0.0,0.0,45.70475302346717,9.53140013787187,34.50160512343913,65.21404738278933,11.649124636903148,0.0,0.0,0.0,86.99000000000001,17.12000766812877,20.11411936859394,0.0,29.324074237419715,31.284337302687725,44.09803426762532,0.0,6.076020106833881,6.923737199690624,6.923737199690624,4.736862953800049,5.155683303431285,0.0,11.64602625543792,33.74623553493033,-0.5065884238349964,0.65745766031841,0.0,7.690618702655,4.693900300395385,0.0,0.8695652173913043,28,3,5,4,1,5,0,0,0,5,3,5,1,4,0,4,5,2.5751000000000013,103.11540000000005,0,3,2,0,0,0,0,0,0,0,1,1,0,0,0,0,0,0,0,0,0,0,0,0,0,0,0,0,0,0,0,0,0,0,0,0,5,0,0,0,1,1,0,0,0,0,0,0,0,0,0,0,0,0,1,0,0,0,0,0,0,0,0,0,0,0,0,0,0,0,0,0,0,0,0,0,0,0,0,0,0,0,0,0,0
Drug_240,C=C[C@]12CN(C)[C@@H]3[C@H]4COC(CC41)[C@]1(C(=O)Nc4ccccc41)[C@@H]32,0,valid,13.42348828420257,13.42348828420257,0.0028009259259262898,-0.553611111111111,0.804563988376453,50.375,322.408,300.232,322.168127944,124,0,0.2376559624825308,-0.3763587911958135,0.3763587911958135,0.2376559624825308,1.4166666666666667,2.25,3.0833333333333335,16.491539560382254,9.511963339704597,2.793495975195682,-2.5421179637112012,2.7288958931842746,-2.6163099741488494,6.0727112712136515,-0.15340602884717663,3.0789328450993017,1.6878706602347395,791.5984570610775,16.26722023457211,13.865639993070136,13.865639993070136,11.641866189162661,9.007414286098635,9.007414286098635,8.396624774606948,8.396624774606948,7.931608389433462,7.931608389433462,7.3846087168274055,7.3846087168274055,-1.6499999999999995,812308.6946568586,13.61942037171342,3.943544444803744,1.1235674400549438,141.40659710458115,14.953561288656857,5.414990469396779,0.0,5.907179729351506,0.0,0.0,4.794537184071822,0.0,0.0,6.578935683598497,24.27512131221871,31.016218211923196,35.52478607146366,12.71084835226122,9.53140013787187,11.594566004035068,0.0,4.899909730850477,23.16870860788096,23.98161930921905,25.516098957109012,42.483875555975814,0.0,0.0,5.316788604006331,5.687386274683562,0.0,0.0,43.15220703020093,14.94639060726865,23.16870860788096,11.984273114623004,36.92042406427882,0.0,0.0,0.0,41.57,5.414990469396779,4.794537184071822,0.0,23.34404263265798,17.877652921470748,30.823297759732057,0.0,0.0,12.13273413692322,42.052060244889596,4.736862953800049,6.3364181783824645,0.0,15.8962429138322,3.176851851851852,1.6110043461829182,1.5626847127739985,8.638192397329302,3.173407029478458,6.059321302595111,2.212543934240363,0.55,24,1,4,2,3,5,1,0,1,3,1,4,1,2,2,4,6,2.0275999999999996,90.62470000000005,0,0,0,0,0,0,0,0,0,0,1,1,0,0,0,1,1,0,0,0,1,0,0,0,0,0,0,1,0,1,0,0,0,0,1,0,5,0,0,0,0,1,0,0,0,0,0,0,0,0,0,0,0,0,0,0,0,0,0,0,0,0,0,0,1,0,0,0,0,1,0,0,0,0,0,0,0,0,0,0,0,0,0,0,0
Drug_34,Cc1ccc(S(=O)(=O)Oc2ccc(/N=N/c3ccc(-c4ccc(/N=N/c5c(O)ccc6cc(S(=O)(=O)O)cc(S(=O)(=O)O)c56)c(C)c4)cc3C)cc2)cc1,1,valid,12.589019294429502,12.589019294429502,0.04865241629702943,-5.043672619521288,0.0677994590319323,12.537037037037036,786.8660000000002,756.626,786.1124061600002,276,0,0.338710904594576,-0.5055923558918136,0.5055923558918136,0.338710904594576,0.5555555555555556,1.1296296296296295,1.6666666666666667,32.242780256157445,10.000145656729545,2.239304838705069,-2.105283221231577,2.413102928383343,-2.0899564406817785,7.86981806537736,0.47642492988571117,3.1026680059159935,1.1993533484138306,2841.806223879167,39.001060274324594,28.60528291855161,31.054772661334784,25.38501704699385,15.800531902433617,20.08890685049875,12.14989264276912,16.50770840642178,8.192310870923292,11.162902184255847,5.382922051782164,7.678686663275634,-5.849999999999999,427979994846.53595,37.892490280706824,14.52448026066245,8.349245240151765,310.329279767285,9.289612827490412,26.97737689228692,0.0,0.0,20.236253718067108,10.118126859033554,9.105499747380728,0.0,40.596141329874996,5.114250125629398,35.89528683400505,127.27401367032562,5.386224214464796,21.957642299568462,43.64850352785796,63.8763741047645,0.0,0.0,20.45700050251759,35.4576620256252,0.0,125.88496170740002,0.0,22.6259266499618,4.183085432649707,22.74954509873425,11.49902366656781,0.0,39.46541809520825,30.354380577100663,20.771211599071872,16.690354475090988,144.33805816137993,0.0,21.899351412323583,0.0,221.77999999999997,45.89485936142012,39.46541809520825,0.0,27.104830012414833,28.69197738420929,34.386540103711205,30.33183534230805,49.38830667892189,32.046575604766076,20.45700050251759,4.183085432649707,97.71536293679043,0.0,-1.619541291030262,27.10291127810796,5.195559084747116,-0.3603566736119732,27.262432835342803,0.0,5.498610745000637,-13.87831224868003,0.08108108108108109,54,3,14,0,0,0,6,0,6,12,3,17,10,0,0,0,6,9.229560000000003,200.38079999999962,0,0,0,0,0,0,0,1,0,0,0,0,0,0,0,4,0,0,0,0,0,0,0,0,0,0,0,0,0,0,3,0,2,0,6,0,1,0,0,0,0,0,0,0,0,0,0,0,0,0,0,0,0,0,0,0,0,0,0,0,0,0,0,0,0,1,1,0,0,0,0,0,0,0,0,0,0,0,0,0,0,0,0,0,0
Drug_83,C/C(=C(\CCOP(=O)(O)O)SC(=O)c1ccccc1)N(C=O)Cc1cnc(C)nc1N,0,valid,12.668009656297219,12.668009656297219,0.004368596203914388,-4.674083014678867,0.3512426065384532,12.258064516129032,466.45600000000024,443.2720000000002,466.10759208600007,166,0,0.4690869345563604,-0.3833030078443433,0.4690869345563604,0.3833030078443433,1.3225806451612903,2.0,2.5806451612903225,32.16664045234,10.22153090202631,2.1959972242176837,-2.219533332111945,2.3725165902953997,-2.2187897000398156,8.16967065461924,-0.11648216799255305,2.7147400121398553,2.3019125574606525,1011.7125207010624,23.018297090128673,16.964645522395717,18.67556929432336,14.602374067438019,9.074091591766443,11.420884916034387,6.398937382685715,8.706004410832298,4.134740215017088,5.820696453506517,2.520988677094796,3.778192005986099,-2.5600000000000005,4414775.361502124,24.70712399574669,11.170368882395909,7.890943981072033,183.32017128588208,20.420400413517612,11.642267275834955,0.0,11.525372236301841,0.0,7.822697123132171,14.11282152985546,14.533005326825744,0.0,0.0,30.33183534230805,25.60935934877236,34.34674400487896,13.151638370425493,28.46469302029174,36.927817086660156,0.0,14.867866772744893,0.0,26.813052428219834,12.340549441675103,64.08216222226092,0.0,0.0,5.733667477162185,5.817862777835028,0.0,19.584582072523286,42.786944179064605,20.428089036627544,6.923737199690624,35.09040348808237,47.13085474086701,0.0,0.0,0.0,155.94000000000003,7.822697123132171,14.154122653074971,0.0,30.505599701372255,33.96357861445592,11.761884949391115,11.096753302463554,44.179309741689295,0.0,14.491704203606233,15.520490682667134,15.53275684311454,0.8620991066179556,52.21615126958139,-0.2822576868978379,7.2878592865590655,0.7194470005552331,8.517536962258086,2.0939543235861335,3.0320914648598594,-4.674083014678867,0.2631578947368421,31,4,10,0,0,0,1,1,2,8,3,12,10,0,0,0,2,2.630119999999999,116.46500000000002,0,0,0,1,0,2,0,0,0,0,2,2,0,0,0,3,0,1,0,0,0,0,0,0,0,0,1,1,0,1,1,0,0,0,1,0,0,0,0,0,0,0,0,0,0,0,0,0,0,0,0,0,0,0,0,0,0,0,0,0,0,0,0,0,0,0,0,1,1,0,0,0,0,0,0,1,0,0,0,0,0,0,0,0,0
Drug_141,CN1C(CC(O)c2ccccc2)CCCC1CC(O)c1ccccc1,0,valid,10.560648225365037,10.560648225365037,0.3582680356093052,-0.4245862879638138,0.8330664832704853,23.96,339.479,310.247,339.21982916800005,134,0,0.08045160731316504,-0.38835878263913126,0.38835878263913126,0.08045160731316504,0.8,1.2,1.6,16.2685152788124,9.876638751869981,2.3035107837367366,-2.410223518357653,2.321497692294727,-2.447481615452501,5.183058088251207,0.03504482535992907,2.6600351836278207,1.5965038618001308,575.4901836964361,17.648053602125596,14.96007846108738,14.96007846108738,12.147867045540844,9.328216371507327,9.328216371507327,7.2283869280251425,7.2283869280251425,5.585993751070229,5.585993751070229,4.0007193402162855,4.0007193402162855,-1.6799999999999997,606913.6274965235,18.121307248264863,8.613388429752067,4.691828122352695,150.48038849059324,15.112964520531888,0.0,0.0,0.0,0.0,0.0,0.0,0.0,0.0,0.0,67.0844923075421,43.857861457775215,12.083681658295921,12.207932775496605,10.213054789681411,0.0,0.0,4.899909730850477,0.0,56.39572254842257,7.04767198267719,71.7905736680101,0.0,0.0,0.0,0.0,0.0,0.0,34.244318161505,0.0,0.0,55.43894387352064,60.6636706846161,0.0,0.0,0.0,43.7,12.207932775496605,10.213054789681411,0.0,0.0,12.083681658295921,43.23101109802404,0.0,0.0,60.6636706846161,11.947581713527667,0.0,0.0,0.0,2.3768055555555554,21.12129645073007,1.9765624958788748,0.0,20.527131688023644,4.022092698700742,0.0,2.142777777777778,0.45454545454545453,25,2,3,0,1,1,2,0,2,3,2,3,6,0,1,1,3,4.086700000000003,101.22760000000005,0,2,2,0,0,0,0,0,0,0,0,0,0,0,0,1,0,0,0,0,1,0,0,0,0,0,0,0,0,0,0,0,0,0,2,0,0,0,0,0,0,0,0,0,0,0,0,0,0,0,0,0,0,0,0,0,0,0,0,0,0,0,0,0,0,0,0,0,0,1,0,0,0,0,0,0,0,0,0,0,0,0,0,0,0
Drug_113,c1cncc([C@H]2CCCCN2)c1,0,valid,4.119871504157219,4.119871504157219,0.5485648148148146,0.5485648148148146,0.6818149785973887,23.833333333333332,162.23600000000002,148.12399999999997,162.115698448,64,0,0.03350047873657934,-0.3098847398594188,0.3098847398594188,0.03350047873657934,1.4166666666666667,2.4166666666666665,3.0833333333333335,14.91575016743526,9.991044184518904,2.1305762241887964,-2.2268911362473114,2.2077451238958172,-2.261895389631927,5.135769631756008,0.41138837255363525,2.2067946744792137,2.082510086938828,226.8537121839843,8.225768350244728,7.162392066194277,7.162392066194277,5.966326495188786,4.5995666655973775,4.5995666655973775,3.2888505170446556,3.2888505170446556,2.397096634905909,2.397096634905909,1.7184280944283528,1.7184280944283528,-0.8900000000000001,1023.9527289583551,7.743335629015882,3.675013856033035,1.6407360153738264,73.01979270250533,5.316788604006331,0.0,0.0,0.0,0.0,0.0,4.983978520947208,0.0,0.0,0.0,12.487188691387619,31.016218211923203,18.435527972374114,0.0,0.0,0.0,0.0,10.300767124953538,0.0,25.30430569792599,6.544756405912575,30.089872771846366,0.0,0.0,5.316788604006331,0.0,0.0,0.0,11.528734926859784,0.0,0.0,30.867757189622985,24.52642128014937,0.0,0.0,0.0,24.92,0.0,0.0,0.0,0.0,6.041840829147961,6.544756405912575,24.825916360475023,0.0,18.460054211687762,16.367134193415147,0.0,0.0,0.0,4.119871504157219,3.4953703703703702,1.330740740740741,0.0,4.702935563114135,7.698739606953893,1.1523422146636433,0.0,0.5,12,1,2,0,1,1,0,1,1,2,1,2,1,0,1,1,2,1.8962,48.831700000000026,0,0,0,0,0,1,0,0,0,0,0,0,0,0,0,1,1,0,0,0,0,0,0,0,0,0,0,0,0,0,0,0,0,0,0,0,0,0,0,0,0,0,0,0,0,0,0,0,0,0,0,0,0,0,0,0,0,0,0,0,0,0,0,0,0,0,0,0,0,1,0,0,0,1,0,0,0,0,0,0,0,0,0,0,0
Drug_42,O=C1/C(=C2\Nc3ccc(S(=O)(=O)O)cc3C2=O)Nc2ccc(S(=O)(=O)O)cc21,1,valid,12.660819528428656,12.660819528428656,0.053883219954647954,-4.516728746398314,0.4090145937435253,18.5,422.3960000000001,412.31600000000014,421.98785727999996,144,0,0.29403748065311863,-0.34987879674382594,0.34987879674382594,0.29403748065311863,0.6428571428571429,1.0,1.3214285714285714,32.241216822805136,10.074214992435637,2.355846745238299,-2.0329173033478556,2.3633768982651606,-2.127537164537016,7.856814612594172,0.10078226117152703,3.1012751426558425,1.7856356883941868,1237.194365117349,20.43035694138864,13.624515129848577,15.25750829170403,12.96436362646857,7.574379362689675,10.454506020290955,6.023161163885275,8.866235564779968,4.2904987587166605,5.989803926363365,2.965625370079737,3.9792080851442875,-3.0599999999999996,1756813.4440868243,18.31015150063358,5.717745261835134,2.787489132497053,157.9270410312896,10.633577208012662,11.394078626111666,0.0,11.566489892729878,20.236253718067108,0.0,18.69457411552437,0.0,16.835593968657875,0.0,0.0,36.39820241076966,11.126902983393991,21.165739500402672,35.53016808418224,43.17751616016411,0.0,0.0,0.0,9.79096695103555,10.633577208012662,58.91918402027532,0.0,0.0,10.633577208012662,11.374772549367124,0.0,0.0,37.50758360876848,20.236253718067108,0.0,20.715977351537635,57.58324798791687,0.0,0.0,0.0,166.93999999999997,41.59371056183254,26.424668336801517,0.0,33.89575415887278,0.0,24.26546827384644,12.13273413692322,0.0,0.0,10.633577208012662,9.105499747380728,63.3241247057077,0.0,24.376153832872806,5.43524006361804,0.06107520786092424,-1.3626679421768704,6.6995316249140195,0.0,0.0,-9.033457492796625,0.0,28,4,10,0,2,2,2,0,2,8,4,12,2,0,0,0,4,1.3082,95.44560000000003,0,0,0,0,0,0,0,0,0,0,2,2,0,0,0,0,2,0,0,0,0,0,0,0,0,0,2,0,0,2,0,0,0,0,2,0,2,0,0,0,0,0,0,0,0,0,0,0,0,0,0,2,2,0,0,0,0,0,0,0,0,0,0,0,0,0,0,0,0,0,0,0,0,0,0,0,0,0,0,0,0,0,0,0,0
Drug_147,C[C@H]1C(=O)O[C@@H]2CCN3CC=C(COC(=O)[C@](C)(O)[C@]1(C)O)[C@H]23,0,valid,12.447148998488284,12.447148998488284,0.022481575963718914,-2.218513676303855,0.4622749072833422,44.91304347826087,325.361,302.177,325.152537456,128,0,0.3407308297532985,-0.46000063681469405,0.46000063681469405,0.3407308297532985,1.3043478260869565,2.0,2.6956521739130435,16.561016920589974,9.76340709452344,2.560006386591886,-2.389000988823865,2.363708923929302,-2.6087202563804293,5.832408292102307,-0.20460475337390607,3.0554983096978754,1.9654078757442548,566.9177689624568,16.991199352633217,13.612462149860022,13.612462149860022,10.658720733802744,7.914176105622062,7.914176105622062,7.000382503017211,7.000382503017211,5.631484363608565,5.631484363608565,3.524581917862175,3.524581917862175,-1.4400000000000002,150553.56821374342,16.418913124313605,5.290378695270396,2.379196601336417,134.40472208470345,19.68678069728151,18.31189916324491,5.601050810983688,0.0,0.0,11.938610575903697,9.694446914922299,4.794537184071822,0.0,0.0,6.076020106833881,32.76513775206715,13.08951281182515,11.959746875309353,29.275855065425148,11.938610575903697,0.0,4.899909730850477,5.917906046161393,50.53994206086152,19.696394776338067,11.649124636903148,0.0,0.0,0.0,0.0,0.0,0.0,70.09587871163728,19.06280027574374,5.917906046161393,27.19203322199788,11.649124636903148,0.0,0.0,0.0,96.3,29.058618244032466,19.802129157825057,0.0,18.75268918140918,6.4208216229260096,25.58635454158504,13.847474399381248,0.0,6.076020106833881,4.899909730850477,9.473725907600098,10.840291005291007,0.0,26.8895809712774,21.103695436507934,-3.3514250283446705,-2.64624574829932,-0.09078892668178429,2.3428271447467868,5.412065145502645,0.0,0.75,23,2,7,0,3,3,0,0,0,7,2,7,0,0,2,2,3,-0.3925999999999994,79.31160000000003,0,2,0,0,0,0,0,0,0,0,2,2,0,0,0,1,0,0,0,0,0,0,0,0,0,0,0,0,0,0,0,0,0,0,0,0,0,0,0,0,2,2,0,0,0,0,0,0,0,0,0,0,0,0,1,0,0,0,0,0,0,0,0,0,0,0,0,0,0,0,0,0,0,0,0,0,0,0,0,0,0,0,0,0,0
Drug_62,CCN1C[C@@]2(COC)C3[C@@H](OC)[C@H]4[C@@H]1[C@@]3(C1C[C@@]3(O)[C@H](OC(=O)c5ccccc5)C1[C@]4(OC(C)=O)[C@@H](O)[C@H]3OC)[C@@H](OC)C[C@H]2O,0,valid,13.751042945950955,13.751042945950955,0.07907777462836973,-1.8303565523431593,0.3233811192104613,49.891304347826086,645.7460000000002,598.3700000000002,645.3149113239999,254,0,0.3380149798646499,-0.4554450998035572,0.4554450998035572,0.3380149798646499,1.0,1.7173913043478262,2.3043478260869565,16.59695097927948,9.420794929775031,2.918851923473989,-2.6995376172430348,2.802764294622774,-2.813557451322507,5.891690082721442,-0.3221479905081632,3.4117627050852146,1.529326211999944,1363.5594192210249,32.97396253682914,27.327978918677488,27.327978918677488,21.98581973749378,16.34437897064099,16.34437897064099,14.421626678765161,14.421626678765161,13.161531487775058,13.161531487775058,12.310847084986342,12.310847084986342,-2.1599999999999997,19460254488.887615,32.39018305769474,10.928300624778363,3.620211408832504,268.76164590534677,43.740759907322406,23.912949974228596,5.601050810983688,0.0,0.0,11.938610575903697,9.694446914922299,4.794537184071822,0.0,0.0,25.122838405075452,31.016218211923196,82.95404530006503,30.48223261945482,53.32983427546605,11.938610575903697,0.0,4.899909730850477,34.50160512343913,80.55685842283842,48.1355849414482,35.89528683400505,0.0,0.0,0.0,0.0,0.0,0.0,134.16142821032963,33.215714906872115,34.50160512343913,37.04710632100208,30.33183534230805,0.0,0.0,0.0,153.45000000000002,88.34820960163862,24.90865655266576,0.0,24.98745046274828,25.073785926448156,0.0,14.033534740968157,51.66122796614064,6.923737199690624,4.899909730850477,28.421177722800294,37.395773424459705,0.0,29.293538025434895,37.269461247586406,-4.787359009987528,-3.647107810978441,8.183692235582098,-5.488150602252407,4.678487034015152,6.26833212280678,0.7647058823529411,46,3,12,5,1,6,1,0,1,12,3,12,9,5,1,6,7,0.6481000000000023,160.4678999999997,0,3,2,0,0,0,0,0,0,0,2,2,0,0,0,1,0,0,0,0,1,0,0,0,0,0,0,0,0,0,0,0,0,0,1,0,2,0,0,0,2,6,0,0,0,0,0,0,0,0,0,0,0,0,0,4,0,0,0,0,0,0,0,0,0,0,0,0,0,1,0,0,0,0,0,0,0,0,0,0,0,0,0,0,0
Drug_205,CNCCC=C1c2ccccc2C=Cc2ccccc21,0,valid,3.2106331884605694,3.2106331884605694,1.0012523620559333,1.0012523620559333,0.6963163081671571,12.55,261.368,242.21599999999992,261.151749608,100,0,-0.0016939367921422503,-0.3194434756212267,0.3194434756212267,0.0016939367921422503,0.85,1.4,1.95,14.791661077873986,9.926280261605116,2.130495455224772,-2.1159519312788926,2.3320188566615756,-2.060094505739414,5.931239743130446,0.8082036188083199,2.6554311444917134,2.154834258403863,613.4713966751228,13.7862462825598,11.765066523458982,11.765066523458982,9.898178147766926,7.115860956554161,7.115860956554161,5.0178620356469175,5.0178620356469175,3.6871721301580944,3.6871721301580944,2.680649986898901,2.680649986898901,-2.119999999999999,64665.059230662206,12.8907931289953,5.891351155045353,2.4503968180515594,120.20791709204755,5.316788604006331,0.0,0.0,0.0,0.0,0.0,0.0,0.0,0.0,0.0,66.75899686819453,47.84016050837302,0.0,0.0,0.0,17.72514474373703,0.0,5.316788604006331,0.0,6.4208216229260096,13.592428388589765,76.86076262131475,0.0,0.0,5.316788604006331,0.0,0.0,0.0,13.592428388589765,0.0,0.0,28.67462758971399,54.60695665452676,0.0,17.72514474373703,0.0,12.03,0.0,0.0,0.0,0.0,0.0,12.965578028838586,27.82691049685725,0.0,7.04767198267719,72.07578547220086,0.0,0.0,0.0,0.0,3.2106331884605694,6.573955026455028,0.0,17.237104906777528,7.815300925925927,1.0012523620559333,1.9950869236583522,0.15789473684210525,20,1,1,1,0,1,2,0,2,1,1,1,3,0,0,0,3,4.211600000000003,87.43470000000005,0,0,0,0,0,0,0,0,0,0,0,0,0,0,0,0,1,0,0,0,0,0,0,0,0,0,0,0,0,0,0,0,0,0,2,0,2,0,0,0,0,0,0,0,0,0,0,0,0,0,0,0,0,0,0,0,0,0,0,0,0,0,0,0,0,0,0,0,0,0,0,0,0,0,0,0,0,0,0,0,0,0,0,1,0
Drug_173,C/C=C1/C[C@@H](C)[C@](O)(CO)C(=O)OCC2=CCN3CC[C@@H](OC1=O)[C@@H]23,0,test,12.575330451625094,12.575330451625094,0.027335994583018497,-2.0539028250188966,0.394724503128909,38.48,351.3990000000001,326.19900000000007,351.16818751999995,138,0,0.340688816580383,-0.4588984210267848,0.4588984210267848,0.340688816580383,1.44,2.2,2.88,16.556781514808172,9.839512389537855,2.4645447042879036,-2.3206478550716487,2.337986817332543,-2.5006447339283824,5.887759460622154,-0.17617963020375957,3.1824001047815624,1.9256465977984358,627.0558299477345,18.189869965382485,14.604025981422744,14.604025981422744,11.901232558160704,8.699502414728958,8.699502414728958,7.028834888010582,7.028834888010582,5.589137278758725,5.589137278758725,3.852566003799745,3.852566003799745,-1.7,521923.1643844906,18.101918480213723,6.897099987047428,3.1167163531163418,146.44500328131235,19.68678069728151,12.71084835226122,5.601050810983688,0.0,0.0,11.938610575903697,4.899909730850477,9.589074368143644,0.0,0.0,19.075777413358384,25.33848497561191,24.580523388055813,12.648722793660879,29.27585506542515,11.938610575903697,0.0,4.899909730850477,5.917906046161393,44.43597567311322,26.303276740850986,23.298249273806295,0.0,0.0,0.0,0.0,0.0,0.0,71.10170986516651,19.06280027574374,5.917906046161393,26.689117645233267,23.298249273806295,0.0,0.0,0.0,96.30000000000001,30.064449397561695,19.802129157825053,0.0,25.17351080433519,5.5731045300692665,25.083438964820427,0.0,19.92349450621513,6.076020106833881,4.899909730850477,9.473725907600098,11.056117724867725,0.0,27.187501968379944,20.216698265726045,-0.7956441326530608,-1.9869638133030982,-0.08895786092214641,4.203307678781389,4.124606835789871,0.0,0.6666666666666666,25,2,7,0,3,3,0,0,0,7,2,7,1,0,2,2,3,0.1652,88.47360000000003,0,2,1,0,0,0,0,0,0,0,2,2,0,0,0,1,0,0,0,0,0,0,0,0,0,0,1,0,0,0,0,0,0,0,0,0,0,0,0,0,2,2,0,0,0,0,0,0,0,0,0,0,0,0,1,0,0,0,0,0,0,0,0,0,0,0,0,0,0,0,0,0,0,0,0,0,0,0,0,0,0,0,0,0,0
Drug_20,O=S(=O)(O)c1ccc2c(/N=N/c3ccc(S(=O)(=O)O)c4ccccc34)c(O)c(S(=O)(=O)O)cc2c1,1,test,11.787070152902462,11.787070152902462,0.018436738893088167,-4.993470114483145,0.2129086622563505,13.114285714285714,538.5370000000003,524.4250000000003,537.9810576479998,182,0,0.2978230083140113,-0.5043012310620715,0.5043012310620715,0.2978230083140113,0.6,1.2285714285714286,1.8285714285714285,32.24265184893413,10.084243101378437,2.2300225554833495,-2.0990580433689465,2.422483073757389,-2.003422368962168,7.861000546105072,0.44461186013633386,2.75081307788589,1.998451053267266,1881.898719088692,25.75878406613483,17.131018879070776,19.580508621853955,16.175688491873757,9.334333399065695,13.654523385467616,7.208466012415331,11.4099213834302,4.994906984652125,7.623382039814435,3.459575738961615,5.288306513648929,-3.469999999999999,31341817.929733038,24.648155355659704,8.330973006697969,4.72383797010718,197.97874601583837,5.106527394840706,15.478353225719111,5.749511833283905,0.0,30.354380577100663,0.0,13.658249621071093,0.0,25.253390952986813,10.228500251258795,30.33183534230805,35.71805955677285,16.158672643394386,10.582869750201336,44.0181679688986,63.274049984326965,0.0,0.0,10.228500251258795,14.686450426553325,0.0,60.6636706846161,0.0,5.749511833283905,0.0,11.374772549367124,5.749511833283905,0.0,44.0181679688986,30.354380577100663,0.0,0.0,85.57862136242824,0.0,21.544896857859182,0.0,208.05999999999995,51.58224563610368,44.0181679688986,0.0,32.12776660806052,0.0,30.33183534230805,24.26546827384644,6.06636706846161,0.0,10.228500251258795,0.0,98.1693370157865,0.0,-1.94801845176526,18.6460329961428,-0.38211581160241836,-0.9840580645838581,12.13157139994263,0.0,0.0,-14.216082417253723,0.0,35,4,12,0,0,0,4,0,4,9,4,15,5,0,0,0,4,3.8541000000000007,123.18060000000004,0,0,0,0,0,0,0,1,0,0,0,0,0,0,0,2,0,0,0,0,0,0,0,0,0,0,0,0,0,0,0,0,1,0,4,0,2,0,0,0,0,0,0,0,0,0,0,0,0,0,0,0,0,0,0,0,0,0,0,0,0,0,0,0,0,1,1,0,0,0,0,0,0,0,0,0,0,0,0,0,0,0,0,0,0
Drug_56,O=S(=O)(O)c1cc(S(=O)(=O)O)c2c(/N=N\c3ccc(S(=O)(=O)O)c4ccccc34)c(O)ccc2c1,1,test,12.014723883376131,12.014723883376131,0.0762636999244144,-5.073867057982765,0.2129086622563505,13.114285714285714,538.5370000000001,524.4250000000003,537.9810576479999,182,0,0.2947645093743531,-0.5055923558846801,0.5055923558846801,0.2947645093743531,0.6285714285714286,1.2571428571428571,1.8571428571428572,32.24270527029141,10.083349848300386,2.238486476058492,-2.1039405015692894,2.4137883353696385,-2.041524663604799,7.865783292406585,0.47634178425942597,2.7507695224578184,2.0160948762044564,1881.898719088692,25.758784066134822,17.131018879070776,19.580508621853955,16.175688491873757,9.334333399065695,13.654523385467618,7.206424491116519,11.40787986213138,4.978835435300188,7.599853836870738,3.4964369570914404,5.558004520936406,-3.469999999999999,31178124.01994028,24.648155355659704,8.330973006697969,4.72383797010718,197.97874601583828,5.106527394840706,21.227865059003015,0.0,0.0,30.354380577100663,0.0,13.658249621071093,0.0,25.253390952986813,10.228500251258795,30.33183534230805,35.71805955677285,16.158672643394386,10.582869750201336,44.01816796889861,63.27404998432697,0.0,0.0,10.228500251258795,14.686450426553325,0.0,60.6636706846161,0.0,5.749511833283905,0.0,11.374772549367124,5.749511833283905,0.0,44.01816796889861,30.354380577100663,0.0,0.0,85.57862136242824,0.0,21.544896857859182,0.0,208.05999999999995,51.58224563610367,44.01816796889861,0.0,32.12776660806052,6.06636706846161,24.26546827384644,24.26546827384644,6.06636706846161,0.0,10.228500251258795,0.0,99.03303245229444,0.0,-2.1634124426949652,18.08000833627886,-0.38211581160241903,-0.5790580645838583,11.922752900320559,0.0,0.0,-14.494540703345939,0.0,35,4,12,0,0,0,4,0,4,9,4,15,5,0,0,0,4,3.8541000000000016,123.18060000000001,0,0,0,0,0,0,0,1,0,0,0,0,0,0,0,2,0,0,0,0,0,0,0,0,0,0,0,0,0,0,0,0,1,0,4,0,2,0,0,0,0,0,0,0,0,0,0,0,0,0,0,0,0,0,0,0,0,0,0,0,0,0,0,0,0,1,1,0,0,0,0,0,0,0,0,0,0,0,0,0,0,0,0,0,0
Drug_104,CCN(CC)C(=O)N1CCN(C)CC1,0,test,11.900374149659864,11.900374149659864,0.19731481481481516,0.19731481481481516,0.6541651065181895,18.357142857142858,199.29799999999994,178.12999999999997,199.168462292,82,0,0.31956861339987813,-0.3252113035141319,0.3252113035141319,0.31956861339987813,1.1428571428571428,1.6428571428571428,2.0714285714285716,16.170059208388018,10.323419731090889,2.213229824650895,-2.3504184076050127,2.0342087662105497,-2.513261868844309,5.740388205457895,0.125186136236899,2.2024751237157187,2.4398181745183853,183.80613221447732,10.55204176387779,9.492529764083024,9.492529764083024,6.685070510202193,5.410131494705971,5.410131494705971,3.745188366185935,3.745188366185935,2.807758889022188,2.807758889022188,1.6918642020029933,1.6918642020029933,-0.77,1444.8236811575116,11.305585789871504,5.195357228632186,2.6075403366533334,86.45892201452365,14.69972919255143,0.0,0.0,0.0,0.0,6.031114512338072,0.0,4.794537184071822,0.0,0.0,0.0,20.89514638205844,39.26853843547545,0.0,4.794537184071822,6.031114512338072,0.0,14.69972919255143,0.0,13.847474399381248,46.316210418152636,0.0,0.0,0.0,0.0,4.794537184071822,0.0,0.0,67.04705412304213,0.0,0.0,13.847474399381248,0.0,0.0,0.0,0.0,26.790000000000006,0.0,4.794537184071822,0.0,6.031114512338072,0.0,39.26853843547545,0.0,0.0,23.647293861082204,11.947581713527667,0.0,0.0,0.0,17.988004535147393,0.0,0.0,0.0,0.19731481481481516,0.0,9.38489276266062,2.0964545540438397,0.9,14,0,4,0,1,1,0,0,0,2,0,4,2,0,1,1,1,0.6956,57.38700000000004,0,0,0,0,0,0,0,0,0,0,1,1,0,0,0,3,0,0,0,1,0,0,0,0,0,0,0,2,0,0,0,0,0,0,0,0,0,0,0,0,0,0,0,0,0,0,0,0,0,0,0,0,0,0,0,0,0,0,0,0,0,0,0,0,0,0,0,0,0,0,1,0,0,0,0,0,0,0,0,0,0,0,0,0,1
Drug_135,COc1ccc2c(c1O)-c1c(OC)c(OC)cc3c1[C@H](C2)N(C)CC3,0,test,10.86376204648526,10.86376204648526,0.16706443688586559,0.16706443688586559,0.9292381604843144,18.32,341.40700000000015,318.22300000000007,341.16270821600006,132,0,0.16852970212106297,-0.5038178787615384,0.5038178787615384,0.16852970212106297,1.0,1.76,2.44,16.50878833445508,9.758942319000608,2.3750831696590784,-2.403356195059725,2.5544337516845026,-2.353457612619965,5.8790740244802295,0.22597552150471711,2.634353198811014,2.112300340504783,846.320289723192,17.714813991764814,15.049893482709653,15.049893482709653,12.100085410374724,8.47442843405913,8.47442843405913,6.660957330299002,6.660957330299002,5.505016582764992,5.505016582764992,4.26438411953492,4.26438411953492,-2.4,641035.6043390756,16.0892578125,5.845179063360882,2.1867768595041324,147.29107504459543,19.31711625624085,0.0,22.99804733313562,0.0,0.0,0.0,4.899909730850477,0.0,0.0,0.0,6.06636706846161,48.712403840543416,23.713500218454527,21.3293926238326,19.31711625624085,0.0,0.0,4.899909730850477,0.0,18.88348407499998,34.92182101242236,34.88945568047582,0.0,34.12495031652961,14.210588861400147,0.0,22.99804733313562,0.0,44.92825813811354,12.841643245852019,0.0,22.73219530423895,18.19910120538483,0.0,11.126902983393991,0.0,51.160000000000004,0.0,5.106527394840706,0.0,11.791352662431866,17.248535499851716,36.07675412685558,11.126902983393991,21.3293926238326,12.13273413692322,18.013948781989278,14.210588861400147,16.664886463844795,0.0,2.376953656462585,10.86376204648526,5.344514833711263,2.014900557445201,6.2283883692365825,1.8141091899722852,1.00402769904258,7.0217905171327795,0.4,25,1,5,1,1,2,2,0,2,5,1,5,3,0,0,0,4,3.1701000000000015,95.97780000000006,0,0,0,0,0,0,0,1,0,0,0,0,0,0,0,1,0,0,0,1,0,0,0,0,0,0,0,0,0,0,0,0,0,0,2,0,2,0,0,0,0,3,0,0,0,0,0,0,0,0,0,0,0,0,0,3,0,0,0,0,0,0,0,0,0,1,1,0,0,0,0,0,0,0,0,0,0,0,0,0,0,0,0,0,0
Drug_140,CCC[C@@H]1C[C@@H](C(=O)N[C@H]([C@@H](C)O)[C@H]2O[C@H](SC)[C@H](O)[C@@H](O)[C@@H]2O)N(C)C1,0,test,12.848494189342404,12.848494189342404,0.2230404383975806,-1.4190300762816095,0.37034350763056995,39.925925925925924,406.54500000000013,372.27300000000014,406.2137578079999,158,0,0.23725857005784887,-0.3911735786036483,0.3911735786036483,0.23725857005784887,1.2962962962962963,1.962962962962963,2.5185185185185186,32.166524887043195,9.915449934621495,2.480919811244356,-2.4368619909665545,2.30090102890511,-2.652534733684976,7.986427150044509,-0.21063188362771065,2.9865070936692497,2.094099659349725,494.47230643250566,20.30060042939172,16.485392396344206,17.30188897727193,12.704815018005776,9.618715508556196,10.906616610274956,7.797319456821317,8.73333959431813,5.655838794697984,6.510416486668594,4.132293066921216,4.8115498812238915,-0.42000000000000004,784871.9832588409,22.86480664857352,9.865354994496276,5.144545091390018,164.81641288302478,30.4797611371692,29.851863922562288,0.0,5.907179729351506,0.0,0.0,9.694446914922299,0.0,0.0,11.761884949391115,13.344558822616634,38.98672765789263,6.544756405912575,18.187648046044224,29.957509717234693,17.66906467874262,0.0,10.216698334856808,5.917906046161393,81.14945123676578,19.84819757210117,0.0,0.0,0.0,5.316788604006331,0.0,0.0,11.761884949391115,99.1209085802725,9.53140013787187,5.917906046161393,33.10993926815928,0.0,0.0,0.0,0.0,122.49000000000001,41.997671139458554,25.220646763434644,0.0,11.949020558499466,5.917906046161393,25.807221274690605,18.685622149081738,6.255769183511404,11.947581713527667,12.240525803696954,4.736862953800049,5.7186786607051765,1.1969403753541836,14.8586304537247,43.5333949857757,-0.7549621977783059,0.2446558319659875,-1.1960005668934253,-1.4959227185912323,4.484754416285698,1.9098307594515207,0.9444444444444444,27,5,8,0,2,2,0,0,0,8,5,9,7,0,2,2,2,-0.8569999999999971,103.24090000000005,0,4,4,0,0,0,0,0,0,0,1,1,0,0,0,1,1,0,0,1,1,0,0,0,0,0,0,1,0,0,0,0,0,0,0,0,0,0,0,0,0,1,0,0,0,0,0,0,0,0,0,0,0,0,0,0,0,0,0,0,0,0,0,0,0,0,0,0,0,0,0,0,0,0,0,1,0,0,0,0,0,0,0,0,0
Drug_52,O=NCNc1ncnc2[nH]cnc12,1,test,9.868408210506425,9.868408210506425,0.02879629629629643,-0.02879629629629643,0.6664371131765979,10.153846153846153,178.155,172.107,178.060308812,66,0,0.16228361528943658,-0.34614459721664215,0.34614459721664215,0.16228361528943658,1.4615384615384615,2.3846153846153846,3.230769230769231,16.2522534320007,10.480749997357334,2.0340096336427687,-1.983864573079895,2.1287647160660788,-2.006566933971219,5.8128071036665325,1.0849878037766525,2.621866793896341,2.4205932057484363,423.7366275338078,9.096011838247808,6.558909992029495,6.558909992029495,6.415014900172529,3.5864475395314006,3.5864475395314006,2.286015817058228,2.286015817058228,1.528245090261248,1.528245090261248,1.0011776385120668,1.0011776385120668,-2.0500000000000003,1814.331821376268,7.591445352847464,3.132908972985721,1.3052337316639078,72.59070829732111,10.300767124953538,11.844020792380803,18.133731187501898,0.0,0.0,0.0,0.0,14.951935562841623,0.0,4.907065243988282,0.0,5.176881927858655,0.0,6.3273200747645415,0.0,16.981740716219015,0.0,19.93591408378883,5.176881927858655,0.0,11.985479792905473,17.561705393517364,0.0,0.0,5.316788604006331,5.817862777835028,0.0,0.0,26.604605272687973,0.0,4.907065243988282,0.0,17.83152207738774,0.0,11.16387793838399,0.0,95.92,0.0,4.907065243988282,0.0,6.6686911888991425,16.981740716219015,0.0,12.654640149529083,0.0,0.0,30.429584615653816,0.0,0.0,0.0,24.523666383219958,5.373297430083144,1.2310638699924419,0.5054166666666668,0.0,2.895351946334089,-0.02879629629629643,0.0,0.16666666666666666,13,2,7,0,0,0,0,2,2,6,2,7,3,0,0,0,2,0.4886999999999999,45.9684,0,0,0,0,0,4,1,0,0,0,0,0,0,0,0,4,2,0,0,0,0,1,0,0,0,0,0,0,0,1,0,0,0,0,0,0,1,0,0,0,0,0,0,0,0,0,0,1,0,0,0,0,0,0,0,0,0,0,0,0,0,1,0,0,0,0,0,0,0,0,0,0,0,0,0,0,0,0,0,0,0,0,0,0,0
Drug_148,O=c1c(O)c(-c2cc(O)c(O)c(O)c2)oc2cc(O)cc(O)c12,0,test,12.165302028218695,12.165302028218695,0.0998771730914585,-0.9668476001511717,0.3707504645634647,10.956521739130435,318.237,308.15700000000004,318.03756727999996,118,0,0.23828860248071557,-0.5076781655726541,0.5076781655726541,0.23828860248071557,0.7391304347826086,1.3478260869565217,1.9565217391304348,16.360873621549057,10.079447214633268,2.202914195698879,-2.088633524572401,2.415048291843196,-2.025271982738877,5.879681088334896,0.3675643875727995,2.467837172877658,2.3951104010988047,979.5051144391242,16.886386867018626,11.309179230685979,11.309179230685979,10.79060145563268,6.2634142989541735,6.2634142989541735,4.810053588693782,4.810053588693782,3.267223238182569,3.267223238182569,2.20606871555518,2.20606871555518,-3.5500000000000003,126896.18742936917,14.389899261577582,4.7337877405886815,2.1268683683347867,126.90190329452508,35.05631530609758,22.46826802267485,23.008782918726155,11.178302225184446,0.0,0.0,4.794537184071822,0.0,0.0,0.0,0.0,12.13273413692322,17.696185628620217,0.0,35.05631530609758,10.969244356107037,0.0,0.0,0.0,0.0,0.0,34.4887958498188,0.0,45.82076991027486,5.428790391900541,0.0,34.49707099970343,0.0,30.63916436904423,0.0,0.0,0.0,33.47715639497161,0.0,22.292943266678478,0.0,151.59,39.936596977194505,35.43370155311605,0.0,22.28220768108794,0.0,24.26546827384644,0.0,0.0,0.0,0.0,4.417150937053347,5.297127739984883,0.0,12.165302028218695,57.16059071006221,-1.282137188208616,-4.395611667506507,3.88806171078267,0.0,0.0,0.0,0.0,23,6,8,0,0,0,2,1,3,8,6,8,1,0,0,0,3,1.6935999999999998,77.90879999999999,0,0,0,0,0,0,0,6,0,0,0,0,0,0,0,0,0,0,0,0,0,0,0,0,0,0,0,0,0,0,0,0,0,0,2,0,1,0,0,0,0,0,0,0,0,0,0,0,0,0,0,0,0,0,0,0,0,0,0,0,0,0,0,0,0,5,5,0,0,0,0,0,0,0,0,0,0,0,0,0,0,0,0,0,0
Drug_254,O=c1cc(-c2ccccc2)oc2cc(O)cc(O)c12,0,test,12.003355536659107,12.003355536659107,0.06711215041572216,-0.3494416099773241,0.700091545915688,10.736842105263158,254.24099999999999,244.16099999999994,254.0579088,94,0,0.1965791543464905,-0.5076781658604216,0.5076781658604216,0.1965791543464905,0.9473684210526315,1.6842105263157894,2.4210526315789473,16.34074306637245,10.111436786906497,2.1114651208644224,-2.0447244967596174,2.296466762159412,-2.0010998160615796,5.854504177475751,0.45207417016907064,2.3794361141905522,2.3409958657668253,803.4836768266102,13.405412915006313,9.82972592544465,9.82972592544465,9.147867045540844,5.702320441287591,5.702320441287591,4.1789584560858195,4.1789584560858195,2.8529279778944168,2.8529279778944168,1.998604894865737,1.998604894865737,-2.75,26973.2877904641,11.346641020829423,4.170292904637657,1.9295189405882618,107.72496828574103,14.63020572673476,28.228515441549288,5.428790391900541,0.0,0.0,0.0,4.794537184071822,0.0,0.0,0.0,30.33183534230805,0.0,23.762552697081826,0.0,14.63020572673476,10.969244356107037,0.0,0.0,0.0,0.0,0.0,58.75426412366524,0.0,22.822722577139245,5.428790391900541,0.0,11.49902366656781,0.0,10.213054789681411,0.0,0.0,0.0,57.74262466881805,0.0,22.292943266678478,0.0,70.67,0.0,15.007591973753234,0.0,27.897058414575387,5.7602474188744415,11.629818560158606,12.13273413692322,0.0,30.33183534230805,0.0,4.417150937053347,5.570324074074074,0.0,12.003355536659107,19.182830845301083,0.5609155328798195,-0.05108948517678602,12.90033016292937,0.0,0.0,0.0,0.0,19,2,4,0,0,0,2,1,3,4,2,4,1,0,0,0,3,2.8712000000000013,71.24960000000002,0,0,0,0,0,0,0,2,0,0,0,0,0,0,0,0,0,0,0,0,0,0,0,0,0,0,0,0,0,0,0,0,0,0,2,0,1,0,0,0,0,0,0,0,0,0,0,0,0,0,0,0,0,0,0,0,0,0,0,0,0,0,0,0,0,2,2,0,0,0,0,0,0,0,0,0,0,0,0,0,0,0,0,0,0
Drug_255,O=c1c(O)c(-c2ccc(O)cc2)oc2cc(O)cc(O)c12,0,test,12.120446586041824,12.120446586041824,0.024689625850340846,-0.8084953703703708,0.5458513994143424,10.857142857142858,286.23900000000003,276.159,286.04773804,106,0,0.23828856081387115,-0.5079662130041039,0.5079662130041039,0.23828856081387115,0.8571428571428571,1.5238095238095237,2.1904761904761907,16.359224440863816,10.092890420211832,2.1801452683656373,-2.071621383025321,2.347110182851569,-2.024359554240237,5.876145320365746,0.4380072351178583,2.427967109792861,2.372496567253774,892.6662849554008,15.14589989101247,10.569452578065317,10.569452578065317,9.969234250586762,5.982867370120882,5.982867370120882,4.493823057337529,4.493823057337529,3.064846292294603,3.064846292294603,2.0835902147847842,2.0835902147847842,-3.15,58902.4820835748,12.862251838410245,4.447829199162572,2.0237234307623813,117.31343579013306,24.843260516416166,28.217779855958753,5.7602474188744415,11.178302225184446,0.0,0.0,4.794537184071822,0.0,0.0,0.0,0.0,24.26546827384644,17.696185628620217,0.0,24.843260516416166,10.969244356107037,0.0,0.0,0.0,0.0,0.0,46.62152998674202,0.0,34.321746243707054,5.428790391900541,0.0,22.99804733313562,0.0,20.426109579362823,0.0,0.0,0.0,45.60989053189483,0.0,22.292943266678478,0.0,111.13000000000001,16.92781405846835,25.220646763434644,0.0,28.22851544154929,5.563451491696996,6.06636706846161,30.33183534230805,0.0,0.0,0.0,4.417150937053347,5.409349962207105,0.0,12.120446586041824,38.14830035564884,-0.49784013605442157,-1.4998644179894163,7.81960765014607,0.0,0.0,0.0,0.0,21,4,6,0,0,0,2,1,3,6,4,6,1,0,0,0,3,2.2824000000000004,74.5792,0,0,0,0,0,0,0,4,0,0,0,0,0,0,0,0,0,0,0,0,0,0,0,0,0,0,0,0,0,0,0,0,0,0,2,0,1,0,0,0,0,0,0,0,0,0,0,0,0,0,0,0,0,0,0,0,0,0,0,0,0,0,0,0,0,3,3,0,0,0,0,0,0,0,0,0,0,0,0,0,0,0,0,0,0
Drug_256,CN1C2CCC1CC(O)C2,0,test,9.38111111111111,9.38111111111111,0.005833333333333579,-0.005833333333333579,0.5338490714346451,48.0,141.21399999999997,126.09399999999997,141.1153641,58,0,0.056963339097271894,-0.3930070377805947,0.3930070377805947,0.056963339097271894,1.2,1.7,2.2,16.26655538900211,10.010394723697717,2.3684563062894957,-2.332948496430019,2.33283150899121,-2.4127333884604925,4.925661072949577,0.05031877196863341,2.2031375922241963,2.0906094133137447,123.21928094887363,7.1378282015046945,6.454905123314985,6.454905123314985,4.770856947829096,4.17130000752462,4.17130000752462,3.6756942867697378,3.6756942867697378,3.073351299596147,3.073351299596147,2.3827734455246974,2.3827734455246974,-0.08,290.8141621735939,6.619056743012787,2.2076442514077925,0.8665906722870332,61.83625094394671,10.006437125691182,0.0,0.0,0.0,0.0,0.0,0.0,0.0,0.0,0.0,0.0,32.730958474381225,12.083681658295921,6.103966387748303,5.106527394840706,0.0,0.0,4.899909730850477,0.0,43.87093453774827,7.04767198267719,0.0,0.0,0.0,0.0,0.0,0.0,0.0,35.241757154412596,0.0,0.0,25.683286491704038,0.0,0.0,0.0,0.0,23.47,0.0,5.106527394840706,0.0,6.103966387748303,12.083681658295921,12.841643245852019,12.841643245852019,0.0,0.0,11.947581713527667,0.0,0.0,0.0,2.437222222222222,9.38111111111111,0.0,0.0,1.3773148148148144,4.615648148148148,0.0,2.1887037037037036,1.0,10,1,2,0,2,2,0,0,0,2,1,2,0,0,2,2,2,0.6038999999999999,39.81380000000001,0,1,1,0,0,0,0,0,0,0,0,0,0,0,0,1,0,0,0,0,0,0,0,0,0,0,0,0,0,0,0,0,0,0,0,0,2,0,0,0,0,0,0,0,0,0,0,0,0,0,0,0,0,0,0,0,0,0,0,0,0,0,0,0,0,0,0,0,0,1,0,0,0,0,0,0,0,0,0,0,0,0,0,0,0
Drug_273,CN(C)[C@@H]1CCCCC(OC2c3ccccc3CCc3ccccc32)C1,0,test,6.898935185185186,6.898935185185186,0.07945578231292494,0.07945578231292494,0.7102706809745343,23.807692307692307,349.51800000000014,318.27000000000004,349.240564612,138,0,0.10844074237026918,-0.36547764001869526,0.36547764001869526,0.10844074237026918,0.8076923076923077,1.3846153846153846,2.0,16.498735196222228,9.960503929631514,2.2901953612287276,-2.2975284257480673,2.374815991827062,-2.3156011950053084,5.428478290575606,-0.009546009195178834,2.983829925594103,1.6618756633796485,690.9954315735841,17.932510652501772,16.15606231535554,16.15606231535554,12.720346690612276,10.196181352148987,10.196181352148987,8.173352694900993,8.173352694900993,6.246047357276827,6.246047357276827,4.6949720981653575,4.6949720981653575,-1.6399999999999997,1403116.184211371,17.757866010054375,7.937052260512069,3.7211315211548888,157.72951929097212,9.636772684650527,6.103966387748303,0.0,0.0,0.0,0.0,0.0,0.0,0.0,0.0,61.372579793544894,68.45325804677242,6.041840829147961,6.103966387748303,4.736862953800049,0.0,0.0,4.899909730850477,0.0,63.19552496512664,14.09534396535438,70.78474251448087,0.0,0.0,0.0,0.0,0.0,0.0,31.14106091310112,17.578506199652068,0.0,60.46188046916633,48.53093654769288,0.0,0.0,0.0,12.47,0.0,0.0,0.0,6.103966387748303,12.145807216896262,19.26246486877803,47.93709245849202,0.0,0.0,67.52619024389773,4.736862953800049,6.898935185185186,0.0,2.3855807508188462,0.0,5.656632443100698,0.0,18.43133298689846,8.870976473922902,0.0,4.423208826740573,0.5,26,0,2,2,0,2,2,0,2,2,0,2,3,1,0,1,4,5.154100000000005,107.56800000000007,0,0,0,0,0,0,0,0,0,0,0,0,0,0,0,1,0,0,0,0,0,0,0,0,0,0,0,0,0,0,2,0,0,0,2,0,2,0,0,0,0,1,0,0,0,0,0,0,0,0,0,0,0,0,0,0,0,0,0,0,0,0,0,0,0,0,0,0,0,0,0,0,0,0,0,0,0,0,0,0,0,0,0,0,0
Drug_132,COc1ccc2c(c1OC)C(=O)O[C@@H]2[C@H]1c2cc3c(cc2CCN1C)OCO3,0,test,12.751345400814646,12.751345400814646,0.12356386999244195,-0.43821523053665934,0.7552624658661525,22.464285714285715,383.4000000000002,362.23200000000014,383.136887392,146,0,0.34268665197533643,-0.49284048238210876,0.49284048238210876,0.34268665197533643,1.0714285714285714,1.8571428571428572,2.607142857142857,16.69696565037787,9.859846282139095,2.4386619863879733,-2.3726508831855613,2.50409834826797,-2.355192740804564,5.9783520339410074,0.009350017413960604,3.2923727207360867,1.6339632672685611,971.8535482014224,19.413484604514082,15.982125296980536,15.982125296980536,13.617723500579764,9.20555536718686,9.20555536718686,7.170935607603507,7.170935607603507,5.771032791818271,5.771032791818271,4.4212440019940455,4.4212440019940455,-2.9299999999999997,4826094.921336506,17.18764800549638,6.306612731057755,2.3554470662988725,162.24456481232437,23.684314769000245,11.6674178794453,22.99804733313562,6.792942306099827,0.0,5.9693052879518484,4.899909730850477,4.794537184071822,0.0,0.0,6.06636706846161,42.79449779438202,12.10820789760957,20.26143591170303,28.478851953072066,5.9693052879518484,0.0,4.899909730850477,0.0,18.566628839822272,34.60496577724466,46.519274240634424,0.0,22.99804733313562,18.947451815200196,0.0,22.99804733313562,0.0,45.47418079604698,11.157684576726059,0.0,39.19415036775607,24.26546827384644,0.0,0.0,0.0,66.46000000000001,12.073271675700152,4.794537184071822,0.0,12.834783135247788,17.062475158264807,35.59150467880038,12.673249032974528,7.109797541277533,31.31314025652363,4.899909730850477,23.684314769000245,27.795095235503716,0.0,14.96790317670278,0.0,3.5360131382800035,2.043232103077432,7.646171763458469,0.46300556044017427,1.088251858826527,5.126993830377565,0.38095238095238093,28,0,7,0,3,3,2,0,2,7,0,7,3,0,0,0,5,2.8732000000000015,99.34250000000006,0,0,0,0,0,0,0,0,0,0,1,1,0,0,0,1,0,0,0,1,0,0,0,0,0,0,0,0,0,0,0,0,0,0,2,0,3,0,0,0,1,5,0,0,0,0,0,0,0,0,0,0,0,0,1,2,0,0,0,0,0,0,0,0,0,0,0,0,0,0,0,0,0,0,0,0,0,0,0,0,0,0,0,0,0
Drug_253,Clc1cnccn1,0,test,5.3660802469135795,5.3660802469135795,0.4328703703703707,0.4328703703703707,0.5054176926987127,8.714285714285714,114.53499999999998,111.511,113.99847577599999,36,0,0.14677256544999667,-0.25991088318242844,0.25991088318242844,0.14677256544999667,1.4285714285714286,2.2857142857142856,2.5714285714285716,35.49569577768273,10.772665191161677,1.77270294552363,-1.7865302314330032,1.9476712507714957,-1.713518652573132,6.287268499603444,1.201982157840374,1.6856161633204378,3.0214653097240864,139.6171446997415,5.112884175122364,3.5044424715780202,4.260371417596475,3.393846850117352,1.8091941714242226,2.18715864443345,1.0281363007115476,1.4153850418932434,0.5316647952128487,0.7268448098025553,0.28089993151026327,0.39358716547406547,-0.6300000000000001,47.19725257297226,4.526985871271586,1.8880008431998145,1.1227914884685983,46.17396530827165,0.0,5.153109816892792,0.0,0.0,0.0,0.0,4.983978520947208,4.983978520947208,0.0,0.0,11.600939890232516,0.0,12.393687143226153,6.196843571613076,0.0,11.600939890232516,0.0,9.967957041894415,0.0,0.0,0.0,23.743640531732023,0.0,0.0,0.0,0.0,0.0,11.600939890232516,9.967957041894415,0.0,0.0,0.0,18.59053071483923,5.153109816892792,0.0,0.0,25.78,0.0,0.0,0.0,0.0,5.153109816892792,0.0,6.196843571613076,12.393687143226153,0.0,9.967957041894415,11.600939890232516,0.0,5.3660802469135795,7.371913580246914,0.4328703703703707,0.0,0.0,0.0,4.606913580246914,0.0,0.0,0.0,7,0,2,0,0,0,0,1,1,2,0,3,0,0,0,0,1,1.13,27.041999999999998,0,0,0,0,0,2,0,0,0,0,0,0,0,0,0,2,0,0,0,0,0,0,0,0,0,0,0,0,0,0,0,0,0,0,0,0,0,0,0,0,0,0,0,0,1,0,0,0,0,0,0,0,0,0,0,0,0,0,0,0,0,0,0,0,0,0,0,0,0,0,0,0,0,0,0,0,0,0,0,0,0,0,0,0,0
Drug_71,CCC(=O)OC1(C(=O)CCl)[C@@H](C)C[C@H]2[C@@H]3CCC4=CC(=O)C=C[C@]4(C)[C@@]3(F)[C@@H](O)C[C@@]21C,0,test,17.184954237353377,17.184954237353377,0.028485843411438783,-1.993018353174603,0.49795893985199036,47.21875,466.97700000000026,434.72100000000023,466.19223002399997,176,0,0.30602663279407316,-0.45008804927161433,0.45008804927161433,0.30602663279407316,1.3125,2.0,2.625,35.4956641259096,9.443127159811263,2.7657006410707607,-2.6239983401730833,2.710197200809822,-2.6955952051728826,6.287483086608749,-0.22651570166801982,2.9617037880741006,1.850152382108208,929.2930528942795,23.68986996538248,19.12022827482053,19.876157220838987,14.91774041610575,11.542794612353749,12.077317096178598,10.521560575842134,10.788821817754556,9.280193793335417,9.522933359409627,7.749788898642183,7.948310356660333,-1.53,9958957.038590845,23.622252162905315,7.490649818874194,2.6837985338420207,192.9564780065048,9.843390348640755,0.0,22.836300522459243,0.0,0.0,5.9693052879518484,14.383611552215466,4.39041504767482,0.0,11.600939890232516,32.420336235975014,50.676969951223825,29.08661465404235,11.983969832718643,28.617416948531037,29.13673507091424,0.0,0.0,28.583699077277736,77.1728339308702,5.880003444970339,23.80116485057091,0.0,0.0,0.0,4.39041504767482,0.0,11.600939890232516,45.896103037970434,19.120474506015512,28.583699077277736,59.79905691339255,23.80116485057091,0.0,0.0,0.0,80.67,40.090969290384464,19.490138947056174,4.39041504767482,42.12394867587501,24.835569398847294,0.0,12.152040213667762,19.92349450621513,13.847474399381248,0.0,16.337802844032566,23.10084555818382,6.008840250316395,37.699704397144316,11.404418855505165,-4.833666998822197,-2.567305010154747,0.0,4.667779034658121,7.130495024280232,0.0,0.72,32,1,5,4,0,4,0,0,0,5,1,7,4,3,0,3,4,4.103100000000003,117.74280000000006,0,1,1,0,0,0,0,0,0,0,3,3,0,0,0,0,0,0,0,0,0,0,0,0,0,2,4,0,0,0,0,0,0,0,0,0,5,0,0,0,1,1,0,0,2,0,0,0,0,0,0,2,1,0,0,0,0,0,0,0,0,0,0,0,0,0,0,0,0,0,0,0,0,0,0,0,0,0,0,0,0,0,0,0,0
Drug_260,CCN1C[C@]2(COC)CC[C@H](O)[C@]34C1[C@H](C[C@H]23)[C@@]1(O)C[C@H](OC)[C@H]2C[C@@H]4[C@@H]1[C@H]2OC(C)=O,0,test,12.52565515558075,12.52565515558075,0.013800705467371666,-0.9424519321617537,0.6143714521521657,57.5,449.58800000000025,410.2760000000002,449.27773796799994,180,0,0.3024233980270259,-0.4617386661008019,0.4617386661008019,0.3024233980270259,1.21875,2.0,2.65625,16.5489224014182,9.430339223449636,2.834593465317155,-2.6865369618870503,2.785468479396249,-2.7597869368349373,5.66022407318747,-0.2735271044914611,3.1982167251191687,1.5563409706631495,807.3016359450038,22.62902755413791,19.827640620554345,19.827640620554345,15.279041850767806,12.615487331228595,12.615487331228595,11.827960930098058,11.827960930098058,11.175552735802935,11.175552735802935,10.678384221272854,10.678384221272854,-0.73,23171326.43617621,21.779986789183134,6.908155505539152,2.2809340027839777,190.31333381533258,24.42364365108156,6.103966387748303,0.0,0.0,0.0,5.9693052879518484,9.694446914922299,0.0,0.0,0.0,6.923737199690624,44.0638549899394,68.73445021750996,24.41586555099321,29.21818083515338,5.9693052879518484,0.0,4.899909730850477,40.41951116960052,75.90637331738785,33.915989858893134,0.0,0.0,0.0,0.0,0.0,0.0,0.0,84.95305047075342,19.005126045471968,40.41951116960052,45.95158251401129,0.0,0.0,0.0,0.0,88.46000000000001,11.70501719873199,15.007591973753232,0.0,58.720684016035534,18.94560963360032,38.77279930352918,6.923737199690624,14.219595082555067,0.0,11.823646930541102,14.210588861400147,17.70132110753571,0.0,14.684798119699364,24.352325522801713,-1.2040641140715553,0.1642582412326714,0.1633012093726376,3.272616213151926,6.270714413252292,3.5113959536919044,0.96,32,2,7,5,1,6,0,0,0,7,2,7,5,5,1,6,6,1.4479000000000004,115.61960000000008,0,2,1,0,0,0,0,0,0,0,1,1,0,0,0,1,0,0,0,0,1,0,0,0,0,0,0,0,0,0,0,0,0,0,0,0,2,0,0,0,1,3,0,0,0,0,0,0,0,0,0,0,0,0,0,2,0,0,0,0,0,0,0,0,0,0,0,0,0,1,0,0,0,0,0,0,0,0,0,0,0,0,0,0,0
Drug_236,CCN1C[C@]2(C)CC[C@H](O)[C@]34C1[C@H](C[C@@H]32)[C@@]1(O)C[C@H](OC)[C@H]2C[C@@H]4[C@@H]1C2O,0,test,12.145410997732426,12.145410997732426,0.0656975151171586,-0.8577314814814816,0.6755338872925342,66.22222222222223,377.5250000000001,342.24500000000006,377.2566086,152,0,0.07710112069251909,-0.39246560124152285,0.39246560124152285,0.07710112069251909,1.1851851851851851,1.962962962962963,2.6666666666666665,16.478554283443817,9.432944682970842,2.8237468356589073,-2.683205980666322,2.7816910556600094,-2.7512897126039255,5.321441441513583,-0.26627864337622253,3.074586190578116,1.59269669658093,672.6982182188447,18.93035694138864,16.843002563476162,16.843002563476162,12.82453482887063,11.179258854464424,11.179258854464424,11.103150114784377,11.103150114784377,10.693983316155963,10.693983316155963,10.06364785916361,10.06364785916361,-0.2,2201394.4886953593,17.640868636525454,5.0962962962962965,1.6609935397638678,161.6241286652812,20.056445138322168,0.0,0.0,0.0,0.0,0.0,4.899909730850477,0.0,0.0,0.0,13.847474399381248,49.47884545933617,49.28592500714503,23.912949974228596,20.056445138322168,0.0,0.0,4.899909730850477,40.41951116960052,75.90637331738785,20.199310353102682,0.0,0.0,0.0,0.0,0.0,0.0,0.0,70.37359307185183,4.736862953800049,40.41951116960052,45.95158251401131,0.0,0.0,0.0,0.0,73.16000000000001,11.70501719873199,15.319582184522117,0.0,52.751378728083694,12.338727669087403,38.77279930352918,0.0,7.109797541277533,0.0,18.747384130231726,4.736862953800049,5.789531801146385,0.0,2.6017597316704455,34.928963372385994,-0.787921272675737,0.840057161753589,0.2534084467120181,3.658289477828167,6.740576499118166,1.7253347820609726,1.0,27,3,5,5,1,6,0,0,0,5,3,5,2,5,1,6,6,1.2505999999999995,99.87040000000006,0,3,2,0,0,0,0,0,0,0,0,0,0,0,0,1,0,0,0,0,1,0,0,0,0,0,0,0,0,0,0,0,0,0,0,0,2,0,0,0,0,1,0,0,0,0,0,0,0,0,0,0,0,0,0,1,0,0,0,0,0,0,0,0,0,0,0,0,0,1,0,0,0,0,0,0,0,0,0,0,0,0,0,0,0
Drug_232,CCN1C[C@]2(COC)CC[C@H](O)[C@]34C1[C@](O)([C@@H](OC)[C@H]23)[C@@]1(O)C[C@H](OC)[C@H]2C[C@@H]4[C@@H]1[C@H]2OC,0,test,12.933105158730159,12.933105158730159,0.008246409674980804,-1.548338529856387,0.5120011300893765,60.90909090909091,467.60300000000024,426.27500000000026,467.2883026519999,188,0,0.13601498627403485,-0.39246190227478595,0.39246190227478595,0.13601498627403485,1.0606060606060606,1.8181818181818181,2.4242424242424243,16.512006205172145,9.424551207160512,2.9093029054919346,-2.6935444621404345,2.7982919298039426,-2.8155381182483747,5.409022314745337,-0.31832858090076815,3.223269811026884,1.666043574384498,813.6249324337564,23.55167728494828,20.56774743486775,20.56774743486775,15.760733428428736,12.70522323350504,12.70522323350504,11.909493609011172,11.909493609011172,11.480807286892635,11.480807286892635,10.986706010579406,10.986706010579406,-0.32,37148803.43988856,23.100990709562254,7.127805838476391,2.197957494490887,196.0595906969917,34.267033999722315,11.202101621967376,0.0,0.0,0.0,0.0,4.899909730850477,0.0,0.0,0.0,6.923737199690624,31.725127320851996,69.98846727122644,37.064588344654084,34.267033999722315,0.0,0.0,4.899909730850477,34.50160512343913,74.2668316935032,48.1355849414482,0.0,0.0,0.0,0.0,0.0,0.0,0.0,110.01488485892934,18.947451815200196,34.50160512343913,32.60702369139466,0.0,0.0,0.0,0.0,100.85000000000002,28.82502486686076,15.319582184522117,0.0,47.33638825868691,19.448525210364938,25.931156057677168,0.0,28.439190165110134,0.0,11.823646930541102,18.947451815200196,24.015806854773082,0.0,2.3337060657596376,37.56456569664903,-3.822419335789871,-0.23126593075501978,-0.38579317838246463,1.0610014592256647,4.177853599773243,6.786544768746699,1.0,33,3,8,5,1,6,0,0,0,8,3,8,6,5,1,6,6,0.2710000000000028,118.50240000000007,0,3,1,0,0,0,0,0,0,0,0,0,0,0,0,1,0,0,0,1,1,0,0,0,0,0,0,0,0,0,0,0,0,0,0,0,2,0,0,0,0,4,0,0,0,0,0,0,0,0,0,0,0,0,0,4,0,0,0,0,0,0,0,0,0,0,0,0,0,1,0,0,0,0,0,0,0,0,0,0,0,0,0,0,0
Drug_133,COc1c2c(cc3c1OCO3)CCN(C)C2,0,test,5.47212962962963,5.47212962962963,0.2960574924414212,0.2960574924414212,0.7171697076058046,18.375,221.25599999999991,206.13599999999997,221.10519334,86,0,0.23101680579849085,-0.49235760698576553,0.49235760698576553,0.23101680579849085,1.375,2.25,3.0625,16.70139074607138,9.978090302692587,2.269718285376313,-2.2643793978379647,2.4572656141344766,-2.264586100223132,5.601863018892206,0.17067021849356317,2.733090796028884,2.1556781202390702,430.7623164021044,11.120955864630139,9.577735860827365,9.577735860827365,7.792024997884275,5.4620971732590915,5.4620971732590915,4.269061846858204,4.269061846858204,3.2097611390668614,3.2097611390668614,2.3740248329768057,2.3740248329768057,-1.4200000000000002,8893.47745027799,9.781107035232182,3.557109996352059,1.3325572374725936,94.70986285754216,19.110498592250625,0.0,11.49902366656781,12.542454139383732,0.0,0.0,0.0,0.0,0.0,0.0,0.0,25.098312165761808,18.652964303522147,7.109797541277533,14.210588861400147,0.0,0.0,4.899909730850477,0.0,12.965578028838586,27.495168235967128,17.193270051855603,0.0,17.248535499851716,14.210588861400147,0.0,17.248535499851716,0.0,32.3950779668176,12.965578028838586,0.0,11.126902983393991,6.06636706846161,0.0,0.0,0.0,30.93,0.0,0.0,0.0,0.0,6.792942306099827,36.75886993460288,11.126902983393991,7.109797541277533,0.0,18.013948781989278,14.210588861400147,16.346219057067273,0.0,2.284777021919879,0.0,2.5552777777777784,2.424308390022676,2.0904629629629627,1.040509259259259,2.2870741213151926,3.8047047430083145,0.5,16,0,4,0,2,2,1,0,1,4,0,4,1,0,0,0,3,1.4118,59.15500000000004,0,0,0,0,0,0,0,0,0,0,0,0,0,0,0,1,0,0,0,1,0,0,0,0,0,0,0,0,0,0,0,0,0,0,1,0,2,0,0,0,0,3,0,0,0,0,0,0,0,0,0,0,0,0,0,1,0,0,0,0,0,0,0,0,0,0,0,0,0,0,0,0,0,0,0,0,0,0,0,0,0,0,0,0,0
Drug_263,Nc1ncnc2c1ncn2[C@@H]1O[C@@H]2COP(=O)(O)OC2C1O,0,test,11.460450183567968,11.460450183567968,0.1569869614512469,-4.163756740607765,0.5650671444317394,33.90909090909091,329.209,317.11300000000006,329.05251973399993,118,0,0.4722360989477515,-0.38553776291949204,0.4722360989477515,0.38553776291949204,1.4090909090909092,2.227272727272727,3.0454545454545454,31.204696165090347,10.127507641566984,2.5220688739999693,-2.274451990193228,2.5209757635660264,-2.3866926491887623,7.4702137699226165,-0.06642005728238452,3.0148347305514536,1.7121030702404194,782.2529242018633,15.482763184195939,11.012046995869088,11.906474186869003,10.461126976610041,6.384048427828086,7.879493542838417,4.972999450797773,6.3791283952794195,3.6275132256935194,4.612718733812376,2.6218335583306853,3.586089216520354,-1.6200000000000003,160006.3236545573,14.003052318923194,4.685610591667546,2.0235505741883006,122.82279633100636,20.47046942855542,30.155919955625706,17.692941169337626,0.0,0.0,7.822697123132171,13.61459397121499,19.516983847772952,0.0,0.0,0.0,0.0,0.0,12.934202039277459,28.349344559748197,24.804437839351188,0.0,19.51903521063298,0.0,24.539800333979777,12.340549441675103,12.654640149529083,0.0,0.0,5.733667477162185,5.817862777835028,0.0,7.822697123132171,54.43775533598397,18.349405562155013,0.0,6.22790117073487,12.654640149529083,0.0,11.16387793838399,0.0,154.84,32.36249745711194,14.56498728252451,0.0,12.424744742347947,11.16387793838399,0.0,17.22173979732044,0.0,0.0,19.47568272455344,14.994277592674052,28.166368052258655,0.0,21.34068508189675,10.355878212396071,6.46183742129517,0.20194047269113535,0.0,-1.0670766495898785,-0.1569869614512469,-4.163756740607765,0.5,22,4,11,0,2,2,0,2,2,10,3,12,1,0,2,2,4,-0.8174000000000006,70.30250000000001,0,1,1,1,0,4,0,0,0,0,0,0,0,0,0,4,0,1,0,0,0,0,0,0,0,0,0,0,0,1,0,0,0,0,0,0,2,0,0,0,0,1,0,0,0,0,0,1,0,0,0,0,0,0,0,0,0,0,0,0,0,0,0,0,0,0,0,1,1,0,0,0,0,0,0,0,0,0,0,0,0,0,0,0,0
Drug_72,CCCC(=O)Nc1ncnc2c1ncn2[C@@H]1O[C@@H]2OP(=O)(O)OC[C@H]2[C@H]1OC(=O)CCC,0,test,12.254986511689825,12.254986511689825,0.19548110530596752,-4.275464429482547,0.44933378594374007,26.59375,469.3910000000003,445.19900000000024,469.1362493579999,174,0,0.474053905114882,-0.45692076016392635,0.474053905114882,0.45692076016392635,1.28125,2.0625,2.8125,31.20469735821681,10.042344138788255,2.5442893880343234,-2.285872786672122,2.542798159113528,-2.3686116179249144,7.4700583280270285,-0.1570359250215269,3.2911933718577555,1.6719410796917218,1061.164564428972,22.88010440969447,17.540655127317287,18.435082318317196,15.324830281766312,10.306569443137064,11.802014558147397,7.477602775919459,8.883731720401105,5.082862207553162,6.03241788836437,3.6360475792280917,4.526027317103379,-2.4400000000000004,17495013.06275113,22.74322477044835,9.19939514016865,4.523321583682664,182.59466041017293,19.683926114358904,6.3273200747645415,35.6036350040374,5.907179729351506,0.0,13.79200241108402,23.203668339358632,19.516983847772952,0.0,0.0,13.847474399381248,12.841643245852019,12.841643245852019,18.85210808543885,37.568754486851184,36.68092285665454,0.0,19.51903521063298,5.917906046161393,58.15265517890367,11.923670568519249,12.654640149529083,0.0,0.0,5.316788604006331,5.817862777835028,0.0,7.822697123132171,55.289806912285236,32.675342884098704,5.917906046161393,45.75866206182016,12.654640149529083,0.0,11.16387793838399,0.0,163.98999999999998,38.3318027450638,19.047534255827447,0.0,24.75274609462546,30.42634280716202,0.0,17.22173979732044,0.0,13.847474399381248,20.268724166847953,18.521220231023733,34.85894048497767,0.0,46.569674186443024,2.7038937422739733,0.6380956973838929,-1.0587925516485595,0.0,1.5012349822904465,3.534640109984315,-4.275464429482547,0.6111111111111112,32,2,13,0,2,2,0,2,2,11,2,14,7,0,2,2,4,1.8950999999999996,107.91100000000003,0,0,0,0,0,4,0,0,0,0,2,2,0,0,0,4,1,0,0,0,0,0,0,0,0,0,0,1,0,1,0,0,0,0,0,0,2,0,0,0,1,2,0,0,0,0,0,1,0,0,0,0,0,0,0,0,0,0,0,0,0,0,0,0,0,0,0,1,1,0,0,0,0,0,0,0,0,0,0,0,0,0,0,0,0
Drug_57,O=S(=O)(O)c1c(/N=N/c2c(O)ccc3ccccc23)ccc2ccccc12,1,test,11.962834239807545,11.962834239807545,0.01061649659863928,-4.53332829428067,0.3700957572588196,12.185185185185185,378.4090000000001,364.2970000000002,378.067427928,134,0,0.2968729623690877,-0.5055931440538777,0.5055931440538777,0.2968729623690877,0.7037037037037037,1.2962962962962963,2.0,32.23978464680876,10.090061671686833,2.193790805753418,-2.0728540196658587,2.377975462115056,-1.9924315148400304,7.85831303058486,0.47691268747686444,2.655386093620435,1.9408580662726456,1314.377216028312,19.018297090128673,13.941802483666935,14.758299064594661,12.948508308423072,8.066919801075429,9.506983129876067,5.964445668867442,7.322826638987622,4.253796424818397,5.198755369915794,3.0339310718859274,3.8708864477753213,-3.2899999999999983,1520803.34508267,17.14028529594108,6.458543311996875,3.1384196557157535,154.7214739957571,5.106527394840706,22.0197678581688,0.0,0.0,10.118126859033554,0.0,4.552749873690364,0.0,8.417796984328938,10.228500251258795,60.6636706846161,22.90518256585281,10.772448428929591,0.0,18.077074252860008,43.03779626625986,0.0,0.0,10.228500251258795,4.895483475517775,0.0,72.79640482153933,0.0,5.749511833283905,0.0,11.374772549367124,5.749511833283905,0.0,18.077074252860008,10.118126859033554,0.0,0.0,87.92038854831591,0.0,21.544896857859182,0.0,99.32000000000001,10.118126859033554,18.077074252860008,0.0,22.0197678581688,16.158672643394386,5.386224214464796,12.13273413692322,48.53093654769288,12.13273413692322,10.228500251258795,0.0,33.63823365847717,0.0,-0.31566993155286727,20.811886492519157,0.21396347736625576,-0.07718075501805677,20.512095352489023,0.0,0.0,-4.53332829428067,0.0,27,2,6,0,0,0,4,0,4,5,2,7,3,0,0,0,4,5.360700000000003,103.55140000000003,0,0,0,0,0,0,0,1,0,0,0,0,0,0,0,2,0,0,0,0,0,0,0,0,0,0,0,0,0,0,0,0,1,0,4,0,2,0,0,0,0,0,0,0,0,0,0,0,0,0,0,0,0,0,0,0,0,0,0,0,0,0,0,0,0,1,1,0,0,0,0,0,0,0,0,0,0,0,0,0,0,0,0,0,0
Drug_131,O=S(=O)(O)c1ccc(/N=N/c2cc(S(=O)(=O)O)c3ccccc3c2O)c2ccccc12,0,test,11.812000905296012,11.812000905296012,0.11518992534775396,-4.615533724649433,0.2979816343479932,12.709677419354838,458.4730000000002,444.36100000000033,458.024242788,158,0,0.29471997518061693,-0.5049568041222353,0.5049568041222353,0.29471997518061693,0.5806451612903226,1.064516129032258,1.6451612903225807,32.241217790636405,10.089184714294435,2.196464542339117,-2.0865469473078067,2.4003943801307273,-1.9889644753965277,7.859341895945248,0.47865081818461847,2.7120409615785364,1.9258182553616052,1595.2308132777728,22.38854057813175,15.536410681368857,17.16940384322431,14.57051677635122,8.703618132142413,11.583744789743696,6.566560304316668,9.34647847488419,4.640415250608202,6.44580175922739,3.277777638100586,4.690157129158142,-3.3799999999999986,7076257.276950717,20.875140337232576,7.391564873774082,3.8641167615527423,176.3501100057977,5.106527394840706,15.478353225719111,5.749511833283905,0.0,20.236253718067108,0.0,9.105499747380728,0.0,16.835593968657875,10.228500251258795,48.53093654769288,18.19910120538483,21.544896857859182,5.687386274683562,31.047621110879305,53.15592312529342,0.0,0.0,10.228500251258795,9.79096695103555,0.0,66.73003775307771,0.0,5.749511833283905,0.0,11.374772549367124,5.749511833283905,0.0,31.047621110879305,20.236253718067108,0.0,0.0,86.74950495537207,0.0,21.544896857859182,0.0,153.68999999999997,25.131737193584883,31.047621110879305,0.0,38.178440501563195,5.386224214464796,12.13273413692322,24.26546827384644,30.33183534230805,0.0,10.228500251258795,0.0,65.8836003441065,0.0,-0.7447292719505909,19.334878959599607,-0.0016420356722932627,-0.3420262240698746,15.79184618881951,0.0,0.0,-9.088594627499521,0.0,31,3,9,0,0,0,4,0,4,7,3,11,4,0,0,0,4,4.607400000000004,113.36600000000003,0,0,0,0,0,0,0,1,0,0,0,0,0,0,0,2,0,0,0,0,0,0,0,0,0,0,0,0,0,0,0,0,1,0,4,0,2,0,0,0,0,0,0,0,0,0,0,0,0,0,0,0,0,0,0,0,0,0,0,0,0,0,0,0,0,1,1,0,0,0,0,0,0,0,0,0,0,0,0,0,0,0,0,0,0
Drug_4,O=S(=O)(O)c1ccc(/N=N/c2cc(S(=O)(=O)O)c3ccccc3c2O)c2ccccc12,1,test,11.812000905296012,11.812000905296012,0.11518992534775396,-4.615533724649433,0.2979816343479932,12.709677419354838,458.4730000000002,444.36100000000033,458.024242788,158,0,0.29471997518061693,-0.5049568041222353,0.5049568041222353,0.29471997518061693,0.5806451612903226,1.064516129032258,1.6451612903225807,32.241217790636405,10.089184714294435,2.196464542339117,-2.0865469473078067,2.4003943801307273,-1.9889644753965277,7.859341895945248,0.47865081818461847,2.7120409615785364,1.9258182553616052,1595.2308132777728,22.38854057813175,15.536410681368857,17.16940384322431,14.57051677635122,8.703618132142413,11.583744789743696,6.566560304316668,9.34647847488419,4.640415250608202,6.44580175922739,3.277777638100586,4.690157129158142,-3.3799999999999986,7076257.276950717,20.875140337232576,7.391564873774082,3.8641167615527423,176.3501100057977,5.106527394840706,15.478353225719111,5.749511833283905,0.0,20.236253718067108,0.0,9.105499747380728,0.0,16.835593968657875,10.228500251258795,48.53093654769288,18.19910120538483,21.544896857859182,5.687386274683562,31.047621110879305,53.15592312529342,0.0,0.0,10.228500251258795,9.79096695103555,0.0,66.73003775307771,0.0,5.749511833283905,0.0,11.374772549367124,5.749511833283905,0.0,31.047621110879305,20.236253718067108,0.0,0.0,86.74950495537207,0.0,21.544896857859182,0.0,153.68999999999997,25.131737193584883,31.047621110879305,0.0,38.178440501563195,5.386224214464796,12.13273413692322,24.26546827384644,30.33183534230805,0.0,10.228500251258795,0.0,65.8836003441065,0.0,-0.7447292719505909,19.334878959599607,-0.0016420356722932627,-0.3420262240698746,15.79184618881951,0.0,0.0,-9.088594627499521,0.0,31,3,9,0,0,0,4,0,4,7,3,11,4,0,0,0,4,4.607400000000004,113.36600000000003,0,0,0,0,0,0,0,1,0,0,0,0,0,0,0,2,0,0,0,0,0,0,0,0,0,0,0,0,0,0,0,0,1,0,4,0,2,0,0,0,0,0,0,0,0,0,0,0,0,0,0,0,0,0,0,0,0,0,0,0,0,0,0,0,0,1,1,0,0,0,0,0,0,0,0,0,0,0,0,0,0,0,0,0,0
Drug_109,COc1cc(C(=O)OCCCN2CCCN(CCCOC(=O)c3cc(OC)c(OC)c(OC)c3)CC2)cc(OC)c1OC,0,test,12.619319003456173,12.619319003456173,0.3125193191135469,-0.43772179800625177,0.20624404454316794,13.906976744186046,604.6970000000003,560.3450000000004,604.2995956079999,238,0,0.33790235572424115,-0.49268769335895907,0.49268769335895907,0.33790235572424115,0.5581395348837209,0.9069767441860465,1.2093023255813953,16.548364698489507,10.153960342540966,2.200044085154227,-2.214025849077354,2.3895814742431085,-2.323217841125688,5.914444243864255,0.047506710900801025,3.275845837593619,1.3630492503661935,1063.5761817673456,31.191659197566096,26.064485765449074,26.064485765449074,20.878803615703525,14.27484913715165,14.27484913715165,9.843810240981329,9.843810240981329,7.185669797773802,7.185669797773802,4.942175608057935,4.942175608057935,-3.9000000000000004,2952598965.1001067,33.60029303638979,17.27307255246195,9.291902103634063,253.1676397221168,47.69472309210135,0.0,22.99804733313562,11.49902366656781,0.0,11.938610575903697,0.0,9.589074368143644,0.0,0.0,0.0,56.617445954449614,26.1790256236503,66.99945216008501,47.483977998544034,11.938610575903697,0.0,9.799819461700954,0.0,19.26246486877803,95.14108761216647,35.392371257240434,0.0,34.49707099970343,28.421177722800294,0.0,34.49707099970343,0.0,116.87951764977112,9.473725907600098,0.0,39.978442220315664,24.26546827384644,0.0,0.0,0.0,114.46000000000002,11.938610575903697,9.589074368143644,0.0,0.0,58.83773791212325,58.531003304253474,42.65878524766519,24.26546827384644,0.0,9.799819461700954,37.89490363040039,42.91357414405729,0.0,30.011950863665305,0.0,0.6834184292932151,1.5833193802084031,6.338906347430435,2.4965728408807086,6.101761475157172,9.037163185974132,0.5483870967741935,43,0,12,0,1,1,2,0,2,12,0,12,16,0,1,1,3,3.539900000000002,159.49199999999965,0,0,0,0,0,0,0,0,0,0,2,2,0,0,0,2,0,0,0,0,0,0,0,0,0,0,0,0,0,0,0,0,0,0,2,0,0,0,0,0,2,8,0,0,0,0,0,0,0,0,0,0,0,0,0,6,0,0,0,0,0,0,0,0,0,0,0,0,0,0,0,0,0,0,0,0,0,0,0,0,0,0,0,2,0
Drug_222,COc1ccc([C@@H]2CC(=O)c3c(O)cc(O)cc3O2)cc1O,0,test,12.200590356512976,12.200590356512976,0.024904809145880558,-0.6129572940287229,0.7885404127535282,16.772727272727273,302.28200000000004,288.17,302.079038168,114,0,0.17390922533938505,-0.5076785670448518,0.5076785670448518,0.17390922533938505,1.1363636363636365,1.9090909090909092,2.590909090909091,16.494145009720604,9.950413994511726,2.306693739608377,-2.2594023114110446,2.4208564308728433,-2.200179113359183,6.0228940421953014,0.08441441220264478,2.453550431823271,1.983603041376441,752.5415177479614,15.853006672199017,11.737594054215768,11.737594054215768,10.49040230064194,6.620354605548898,6.620354605548898,5.003111651921582,5.003111651921582,3.5596687024630005,3.5596687024630005,2.518377998047745,2.518377998047745,-2.89,96144.82722142669,14.06439713611295,5.142068505558545,2.2822697542946284,125.71374844526379,24.793308092122217,28.91595337929701,17.28226861293275,0.0,0.0,0.0,4.794537184071822,0.0,0.0,0.0,6.06636706846161,17.696185628620217,12.13273413692322,13.530619164203543,29.587845276194038,5.783244946364939,0.0,0.0,0.0,12.524788010674312,7.109797541277533,41.45873832570204,0.0,28.747559166419524,9.473725907600098,0.0,28.747559166419524,0.0,28.212624672164587,0.0,0.0,28.446228178140124,30.33183534230805,0.0,0.0,0.0,96.22000000000001,6.103966387748303,20.11411936859394,0.0,40.76556539412356,11.3129633249809,6.06636706846161,19.242531678200752,12.13273413692322,0.0,0.0,9.473725907600098,10.658062260193843,0.0,12.200590356512976,29.102119954093258,0.6591817313345096,-0.40870461121903956,7.1018415165015085,-0.5880524848828423,0.0,1.4416279441324535,0.1875,22,3,6,0,1,1,2,0,2,6,3,6,2,0,0,0,3,2.518500000000001,76.74690000000001,0,0,0,0,0,0,0,3,0,0,1,1,0,0,0,0,0,0,0,0,0,0,0,0,0,0,0,0,0,0,0,0,0,0,2,0,1,0,0,0,0,2,0,0,0,0,0,0,0,0,0,1,1,0,0,1,0,0,0,0,0,0,0,0,0,3,3,0,0,0,0,0,0,0,0,0,0,0,0,0,0,0,0,0,0
Drug_170,C[N+]1([O-])[C@H]2C[C@H](OC(=O)[C@H](CO)c3ccccc3)C[C@@H]1[C@H]1O[C@@H]21,0,test,12.608033947407144,12.608033947407144,0.03607789591961641,-0.6715842309145883,0.3863218677445844,41.95652173913044,319.3570000000001,298.189,319.141972772,124,0,0.3155558998811234,-0.6324520626102214,0.6324520626102214,0.3155558998811234,1.3478260869565217,1.9565217391304348,2.5217391304347827,16.642812907345114,9.969222998966874,2.6908389314817778,-2.5100247886140425,2.5167775368680934,-2.583823964881126,5.780761642562597,-0.9105669850899136,3.2712646625911876,1.4395737120834673,584.2611068962284,16.189869965382485,12.999593657500899,12.999593657500899,11.01920518133496,8.107043722528482,8.107043722528482,6.935014319632963,6.935014319632963,5.5975785165234235,5.5975785165234235,4.250543664059537,4.250543664059537,-1.4699999999999998,340146.0996162317,15.080885136281623,5.274671505224205,2.370657383642402,134.3291966369982,24.43384517902759,36.313486867702224,0.0,0.0,0.0,5.9693052879518484,4.794537184071822,0.0,0.0,0.0,30.33183534230805,5.563451491696996,12.841643245852019,13.654553947190108,24.02112933832212,5.9693052879518484,0.0,0.0,0.0,49.155130113554236,13.654553947190108,41.102539858782336,0.0,0.0,0.0,0.0,0.0,0.0,59.772306303332975,14.268263091671919,5.20725302477729,24.32300078371041,30.33183534230805,0.0,0.0,0.0,82.12,11.887211334113243,15.108317603689818,0.0,41.648801637863244,12.841643245852019,5.563451491696996,0.0,19.18040611960041,18.19910120538483,0.0,9.473725907600098,10.916710828436567,0.0,12.434085175736964,22.161992333230607,0.7448207199546489,-1.0885343442932731,8.861391482161684,0.8906557288510741,-0.2855969702695893,1.6978083795246492,0.5882352941176471,23,1,6,0,3,3,1,0,1,5,1,6,4,0,3,3,4,0.9306999999999994,81.17120000000004,0,1,1,0,0,0,0,0,0,0,1,1,0,0,0,1,0,0,3,1,0,0,0,0,0,0,0,0,0,0,0,0,0,0,1,0,5,0,0,1,1,2,0,0,0,0,0,0,0,0,0,0,0,0,0,0,1,0,0,0,0,0,0,0,0,0,0,0,0,1,0,0,0,0,1,0,0,0,0,0,0,0,0,0,0
Drug_91,O=C1OC2(c3cc(Br)c(O)cc3Oc3c2cc(Br)c(O)c3[Hg]O)c2ccccc21,0,test,12.795995370370372,12.795995370370372,0.04496987066431446,-2.6790230974076876,0.2635630353372915,18.379310344827587,706.6920000000001,696.612,705.8550552400001,142,0,,,,,0.9655172413793104,1.6896551724137931,2.4482758620689653,,,,,,,,,2.9969478338264954,1.960272677066798,1228.0786792120239,20.499271042140983,14.57087326942385,23.240596389462137,13.879083073745415,8.57498102803746,15.368502207142088,6.738479253785777,12.425347882582,5.2516552931578335,10.270838062011338,3.974173605914141,8.693624413057318,-1.6149350649350644,5199057.150956863,19.354593156763617,6.697474665214056,2.5535205380929487,193.9943316443584,0.0,0.0,0.0,0.0,0.0,195.69057211627558,0.0,0.0,0.0,0.0,0.0,0.0,0.0,0.0,52.526260972557246,40.90139852191494,0.0,0.0,0.0,5.601050810983688,0.0,73.66381447768408,0.0,22.99804733313562,7.809068391864443,0.0,22.99804733313562,31.859887795898697,19.19633831522247,35.368878618398455,0.0,27.048343150859804,51.4100085108961,0.0,0.0,0.0,96.22000000000001,36.60132095255025,18.02157021134244,0.0,22.99804733313562,34.271450436517206,0.0,6.06636706846161,24.26546827384644,12.13273413692322,31.859887795898697,9.473725907600098,23.35571114942891,3.997396034545505,12.795995370370372,20.682711194045517,0.7666271415973807,-0.050051545309481194,11.81272176643291,0.0,0.0,0.0,0.05,29,3,6,0,2,2,3,0,3,6,3,9,1,0,0,0,5,3.805900000000002,105.2799,0,0,0,0,0,0,0,2,0,0,1,1,0,0,0,0,0,0,0,0,0,0,0,0,0,0,0,0,0,0,0,0,0,0,3,0,6,0,0,0,1,2,0,0,2,0,0,0,0,0,0,0,0,0,0,0,0,0,0,0,0,0,0,0,0,2,2,0,0,0,0,0,0,0,0,0,0,0,0,0,0,0,0,0,0
Drug_162,C(#CCN1CCCC1)CN1CCCC1,0,test,3.2884722222222225,3.2884722222222225,0.9938888888888888,0.9938888888888888,0.6062400320283747,23.714285714285715,192.30599999999995,172.146,192.16264864,78,0,0.0601590074411937,-0.2923476357148868,0.2923476357148868,0.0601590074411937,0.6428571428571429,1.0,1.3571428571428572,15.13600185759036,10.393584045238848,2.0976393820480594,-2.100575593452407,2.0614233946107507,-2.207536891245591,5.036224062114168,0.3767201851420941,2.8552564666275275,1.6079625304590475,192.21156588239842,9.639981912617825,8.965495002865394,8.965495002865394,6.949489742783179,5.854473377287575,5.854473377287575,4.320062696482994,4.320062696482994,3.1276940746094044,3.1276940746094044,2.2168855468916577,2.2168855468916577,-0.52,3571.925839751037,10.013408626110316,5.382889997853056,3.006107788085938,87.26084471139978,0.0,0.0,0.0,0.0,0.0,0.0,9.799819461700954,0.0,0.0,0.0,11.840868637711289,51.862312115354335,0.0,13.08951281182515,0.0,0.0,0.0,9.799819461700954,0.0,25.683286491704038,39.26853843547545,0.0,0.0,11.840868637711289,0.0,0.0,0.0,0.0,49.0683578971764,0.0,11.840868637711289,25.683286491704038,0.0,0.0,0.0,0.0,6.48,0.0,0.0,0.0,0.0,0.0,13.08951281182515,51.862312115354335,0.0,0.0,21.640688099412245,0.0,0.0,0.0,4.9106774376417235,0.0,0.0,6.576944444444445,0.0,5.475416666666667,7.036961451247166,0.0,0.8333333333333334,14,0,2,0,2,2,0,0,0,2,0,2,2,0,2,2,2,1.1814,59.124000000000045,0,0,0,0,0,0,0,0,0,0,0,0,0,0,0,2,0,0,0,0,2,0,0,0,0,0,0,0,0,0,0,0,0,0,0,0,0,0,0,0,0,0,0,0,0,0,0,0,0,0,0,0,0,0,0,0,0,0,0,0,0,0,0,0,0,0,0,0,0,0,0,0,0,0,0,0,0,0,0,0,0,0,0,0,0
Drug_271,O[C@@H]1CCCC[C@H]1N1CCC(c2ccccc2)CC1,0,test,10.16245489709505,10.16245489709505,0.08145807088267465,-0.08145807088267465,0.8815605016441379,30.36842105263158,259.39300000000003,234.19299999999996,259.19361442,104,0,0.06949324868585581,-0.391498610311835,0.391498610311835,0.06949324868585581,0.8947368421052632,1.5789473684210527,2.263157894736842,16.26880515635713,9.856195338323673,2.3104382127538043,-2.412765714813159,2.3141369978087765,-2.480538312679714,5.196329014422205,0.008706232811612086,2.489341580572627,1.571001341642603,383.5083552146684,13.079139501373252,11.670083594009306,11.670083594009306,9.343336592900531,7.814538543834555,7.814538543834555,6.140078401528597,6.140078401528597,4.963475740753355,4.963475740753355,3.8072944728733407,3.8072944728733407,-0.8600000000000001,38554.92239990884,13.1383245385578,6.06175238086963,3.0080584543475863,115.98817149320061,5.106527394840706,0.0,0.0,0.0,0.0,0.0,4.899909730850477,0.0,0.0,0.0,43.173478588160066,50.25415684138758,6.041840829147961,6.103966387748303,5.106527394840706,0.0,0.0,4.899909730850477,0.0,56.588643000613715,13.08951281182515,35.89528683400505,0.0,0.0,0.0,0.0,0.0,0.0,35.241757154412596,0.0,0.0,50.00628727541445,30.33183534230805,0.0,0.0,0.0,23.47,0.0,5.106527394840706,0.0,6.103966387748303,6.041840829147961,25.428240480912553,37.667559606327046,0.0,0.0,35.23174507315853,0.0,0.0,0.0,2.5449074074074076,10.16245489709505,1.4919839170235998,0.7205402021919877,11.340162673859462,7.098507213835948,2.3081103552532123,0.0,0.6470588235294118,19,1,2,1,1,2,1,0,1,2,1,2,2,1,1,2,3,3.169500000000002,78.25280000000006,0,1,1,0,0,0,0,0,0,0,0,0,0,0,0,1,0,0,0,0,1,0,0,0,0,0,0,0,0,0,0,0,0,0,1,0,0,0,0,0,0,0,0,0,0,0,0,0,0,0,0,0,0,0,0,0,0,0,0,0,0,0,0,0,0,0,0,0,0,1,0,0,0,0,0,0,0,0,0,0,0,0,0,0,0
Drug_84,C[C@H]1[C@H]2[C@H](C[C@H]3[C@@H]4CC[C@H]5C[C@@H](O)CC[C@]5(C)[C@H]4CC(=O)[C@@]32C)O[C@]12CC[C@@H](C)CO2,0,test,13.999147875199462,13.999147875199462,0.1308600618050373,-0.44831382858596935,0.5892762543562821,60.935483870967744,430.62900000000036,388.2930000000002,430.30830982399993,174,0,0.17108054768614686,-0.3931197276461859,0.3931197276461859,0.17108054768614686,1.0,1.8064516129032258,2.5483870967741935,16.71136203394756,9.437279227417307,2.71271187326614,-2.6009971480333025,2.6990684791940236,-2.5786543685525567,5.8691619750499155,-0.272133221180394,3.178125878204106,1.3014208092984287,756.3353934245692,21.758784066134826,19.939178701463657,19.939178701463657,14.687978265600165,13.21950134153839,13.21950134153839,12.968276114857613,12.968276114857613,11.77131188348279,11.77131188348279,9.928192229184312,9.928192229184312,-0.44999999999999996,15055773.860326849,21.107994623368768,6.792132957720265,2.6759869693646143,187.37560539221957,14.580253302440804,5.783244946364939,5.7871111525705965,0.0,0.0,0.0,4.794537184071822,0.0,0.0,0.0,27.694948798762496,79.95027206068582,30.092445807571583,18.814814740009524,19.374790486512627,5.783244946364939,0.0,0.0,52.2553232619233,103.47738733316379,6.606881964512918,0.0,0.0,0.0,0.0,0.0,0.0,0.0,35.49169823378576,14.268263091671919,52.2553232619233,85.48234340509659,0.0,0.0,0.0,0.0,55.760000000000005,5.7871111525705965,9.901064578912528,0.0,28.955819760451554,41.290681223333294,51.55263332499499,12.841643245852019,0.0,0.0,27.694948798762496,9.473725907600098,13.191427727157311,0.0,13.999147875199462,10.281905854648738,-0.022120307967845587,3.4487323619995274,0.0,9.391880067521926,10.12569308810755,0.0,0.9629629629629629,31,1,4,4,2,6,0,0,0,4,1,4,0,4,2,6,6,4.972800000000005,118.11480000000007,0,1,1,0,0,0,0,0,0,0,1,1,0,0,0,0,0,0,0,0,0,0,0,0,0,0,0,0,0,0,0,0,0,0,0,0,7,0,0,0,0,2,0,0,0,0,0,0,0,0,0,1,1,0,0,0,0,0,0,0,0,0,0,0,0,0,0,0,0,0,0,0,0,0,0,0,0,0,0,0,0,0,0,0,0
Drug_213,CC[C@]12CCCN3CCc4c(n(c5ccccc45)[C@](O)(C(=O)OC)C1)[C@@H]32,0,test,12.829828987150416,12.829828987150416,0.08260298563869983,-1.6301620370370373,0.8427392256408339,33.11538461538461,354.45000000000016,328.2420000000001,354.1943426919999,138,0,0.3593842073557683,-0.46544647640374615,0.46544647640374615,0.3593842073557683,1.3461538461538463,2.1538461538461537,2.923076923076923,16.544096384891635,9.61912807572498,2.598040376581598,-2.574633581916396,2.60153059228471,-2.595024674764698,5.895998344035963,-0.19362892788050307,3.0214603726949445,1.894273942654058,904.0383992278533,18.10408352775558,15.494636181681566,15.494636181681566,12.554625873836768,9.731152466240648,9.731152466240648,8.209307073702332,8.209307073702332,7.178288331580165,7.178288331580165,6.098789066839817,6.098789066839817,-1.8499999999999996,1527970.6392340695,16.33286330839924,5.33279692321778,1.802072101483706,153.08808833736006,14.410489996432108,0.0,0.0,5.724985593970254,0.0,5.9693052879518484,4.899909730850477,4.794537184071822,0.0,0.0,25.122838405075452,49.27285192717199,24.04573023815184,18.668339088041755,14.637927532712578,16.872230220032904,0.0,9.467009378641832,5.414990469396779,50.794671737438875,20.199310353102682,35.5228477603919,0.0,0.0,0.0,0.0,0.0,0.0,40.742152414537074,21.677207354768132,5.414990469396779,49.90624400708808,24.26546827384644,0.0,10.902924932081056,0.0,54.7,11.694290881922102,9.901064578912528,0.0,11.456831298544738,6.4208216229260096,49.9834280159939,18.059473247439325,0.0,22.766200853176183,17.89001399900271,4.736862953800049,7.014671910430839,0.0,15.414722222222222,12.887277966742253,1.6939753401360544,-0.5462731481481484,8.451693987780295,4.516244646006551,4.363000125976317,1.3713536155202821,0.5714285714285714,26,1,5,0,3,3,1,1,2,5,1,5,2,0,1,1,5,2.9525000000000015,98.73980000000005,0,1,0,0,0,1,0,0,0,0,1,1,0,0,0,2,0,0,0,0,0,0,0,0,0,0,0,0,0,0,0,0,0,0,1,0,3,0,0,0,1,1,0,0,0,0,0,0,0,0,0,0,0,0,0,1,0,0,0,0,0,0,0,0,1,0,0,0,0,1,0,0,0,0,0,0,0,0,0,0,0,0,0,0,0
Drug_280,NCCC[C@H](N)CC(=O)N[C@H]1CNC(=O)[C@H]([C@H]2C[C@H](O)N=C(N)N2)NC(=O)/C(=C/NC(N)=O)NC(=O)[C@H](CO)NC(=O)[C@H](CO)NC1=O,0,test,13.569100715571535,13.569100715571535,0.24547712349219886,-1.7806409869530089,0.09498413947501946,27.5625,685.7000000000002,642.3560000000001,685.3255845760001,268,0,0.3157190684180461,-0.3936790709496993,0.3936790709496993,0.3157190684180461,0.9791666666666666,1.625,2.2291666666666665,16.28307558514429,10.008157428937578,2.3689094077080535,-2.3255455648010654,2.1074079926064777,-2.644815299266285,6.021957816355883,-0.1352734963056979,3.0177818632241173,2.536247057427808,1278.92936358842,35.96552636839186,25.731649895014762,25.731649895014762,22.6783805662421,14.693865647198187,14.693865647198187,10.73633119730537,10.73633119730537,6.908687921315786,6.908687921315786,4.463536418767619,4.463536418767619,-5.100000000000001,9986759208.626102,39.080156806990416,18.898444244919528,12.252199021151922,272.96373513377506,80.78856092522153,29.864402629647678,12.187455739478704,29.535898646757527,5.907179729351506,6.031114512338072,28.76722310443093,9.786941916707491,0.0,0.0,0.0,19.386399651764595,31.628195370733003,19.255604758173796,48.881342473024866,47.43374745719094,0.0,42.53430883205065,27.92707464128441,68.16223263732667,26.303276740850986,11.896994202876282,0.0,0.0,65.4689787406994,4.794537184071822,0.0,0.0,131.5355525281867,28.76722310443093,0.0,25.683286491704038,16.88939893551195,0.0,0.0,0.0,392.85999999999996,109.408698682064,48.881342473024866,0.0,18.801197814595852,25.586354541585045,0.0,0.0,0.0,5.316788604006331,42.209924960679984,22.93466990864874,0.0,0.0,93.95390321690896,47.89791390545181,21.49421749047839,-6.652287631885325,-9.66182316891165,-0.3392204502091951,-2.359370028499647,0.0,0.6,48,19,23,0,2,2,0,0,0,15,15,23,10,0,1,1,2,-8.882800000000016,163.89960000000005,0,3,3,0,0,0,0,0,0,0,7,7,0,0,1,1,8,4,0,0,0,0,0,0,0,0,0,8,0,0,0,0,0,0,0,0,0,0,0,0,0,0,0,1,0,0,0,0,0,0,0,0,0,0,0,0,0,0,0,0,0,0,0,0,0,0,0,0,0,0,0,1,0,0,0,0,0,0,0,0,0,0,0,0,1
Drug_231,Cc1cc(C)nc(NS(=O)(=O)c2ccc(N)cc2)n1,0,test,12.103550642479213,12.103550642479213,0.064189814814815,-3.6941666666666655,0.8285267006028038,11.263157894736842,278.337,264.22499999999997,278.083746688,100,0,0.26372364518031377,-0.39872771712743976,0.39872771712743976,0.26372364518031377,1.0526315789473684,1.5789473684210527,2.1052631578947367,32.23327120388008,10.31915504623714,2.1518565144207775,-2.0760068694502976,2.1488997107494394,-2.1529894216581105,7.923076151284605,0.6005316204203337,2.2671049329375124,2.3305090060525346,675.9193645265303,14.043605595440512,10.583273677529261,11.399770258456988,8.865010527859459,5.57340142362747,7.056564671221863,4.148848371272201,5.831250612681719,2.398336602797666,3.74240749474653,1.5976707738693903,2.541555037600322,-2.15,14228.350559115828,13.285625230484353,4.8483458693548895,3.194614632941851,111.30820628928309,5.733667477162185,0.0,0.0,5.948339280986494,10.023291153407584,0.0,0.0,23.10784889067544,0.0,0.0,0.0,44.179309741689295,17.075242264380485,4.895483475517775,8.417796984328938,21.65901670907764,0.0,9.967957041894415,0.0,18.742957874899023,10.455762341614273,41.71969133200497,0.0,0.0,10.455762341614273,11.635725555670057,0.0,0.0,18.385754026223353,10.023291153407584,13.847474399381248,11.387855989696922,35.227318817825825,0.0,0.0,0.0,97.97,10.023291153407584,8.417796984328938,0.0,10.84382275650427,17.075242264380485,0.0,24.26546827384644,19.913841467842857,0.0,14.690051906346504,5.733667477162185,26.55195200302343,0.0,8.187597946586042,0.0,7.417336997318058,0.064189814814815,7.676075949663612,0.0,3.5470139552607085,-3.6941666666666655,0.16666666666666666,19,3,6,0,0,0,1,1,2,5,2,7,3,0,0,0,2,1.4764399999999998,73.16890000000002,0,0,0,1,0,2,0,0,0,0,0,0,0,0,0,2,1,1,0,0,0,0,0,0,0,0,0,0,0,2,2,0,0,0,1,0,0,0,0,0,0,0,0,0,0,0,0,0,0,0,0,0,0,0,0,0,0,0,0,0,0,0,0,0,0,0,0,0,0,0,0,0,0,0,0,0,1,0,0,0,0,0,0,0,0
Drug_189,CC(=O)OCC1=C(C(=O)O)N2C(=O)[C@@H](N)[C@H]2SC1,0,test,11.576675485008819,11.576675485008819,0.104907407407407,-1.2058314436885869,0.5073170415322874,26.555555555555557,272.28200000000004,260.186,272.046692484,98,0,0.35226036023445684,-0.4765594541149756,0.4765594541149756,0.35226036023445684,1.6111111111111112,2.2777777777777777,2.8333333333333335,32.16663637352241,10.041450795747732,2.5126199185741824,-2.4740911893854536,2.3882379272471495,-2.6813660595768627,7.998331243375298,-0.14782398490306228,2.33227330821304,2.2586237072249618,461.18439211606693,13.4472292782632,9.581933013261207,10.398429594188933,8.430428110326538,5.221016975957994,6.269771765938652,3.9731603421089305,5.078152847690877,2.740635919630548,4.101321701485937,1.87980217286891,3.153920557485526,-1.54,8750.689452415325,12.90506901062681,4.6170693281091735,1.9707207261152901,106.9376443925718,15.577057825802939,23.719634919685454,0.0,5.907179729351506,0.0,11.938610575903697,14.48898409899412,4.794537184071822,0.0,11.761884949391115,0.0,0.0,18.24969533650668,0.0,24.227001900856216,29.607675254646317,0.0,4.899909730850477,5.733667477162185,18.339450841807327,12.359735571259707,11.2701438431251,0.0,0.0,5.733667477162185,0.0,0.0,11.761884949391115,51.6276766443228,19.120474506015512,0.0,6.923737199690624,11.2701438431251,0.0,0.0,0.0,109.92999999999999,23.887631134403165,14.383611552215466,0.0,17.67779409053749,11.325958136816055,0.0,23.58553187993222,0.0,0.0,0.0,15.577057825802939,4.78881920823885,1.3733323885109596,34.6921223335013,8.828698979591836,5.904719046569246,-1.7264105148232125,-0.6531245800789454,0.0,1.1251764718232973,0.0,0.5,18,3,7,0,2,2,0,0,0,6,2,8,3,0,1,1,2,-0.8693999999999988,62.362200000000016,1,0,0,0,0,0,0,0,1,1,3,2,0,0,0,1,0,1,0,0,0,0,0,0,0,0,0,1,0,0,0,0,0,0,0,0,1,0,0,0,1,1,0,0,0,0,0,0,0,0,0,0,0,1,0,0,0,0,0,0,0,0,0,0,0,0,0,0,0,0,0,0,0,0,0,1,0,0,0,0,0,0,0,0,0
Drug_233,COc1cc(C(=O)O[C@@H]2C[C@@H]3CC[C@H](C2)N3C)ccc1O,0,test,12.234604591836733,12.234604591836733,0.008335222978080647,-0.3451360544217683,0.8650405462653606,28.38095238095238,291.347,270.179,291.147058152,114,0,0.3380401919865832,-0.5042542960561137,0.5042542960561137,0.3380401919865832,1.2857142857142858,1.9523809523809523,2.5714285714285716,16.543960215543628,10.00303430760785,2.394425344891389,-2.3531392774361026,2.356165675507977,-2.4293348240826655,5.899375868162877,-0.0004754587340623452,2.697626940449202,1.668112290547539,531.0785558163567,14.982763184195939,12.411700802275453,12.411700802275453,10.07971869811898,7.381064773795198,7.381064773795198,5.935815885477242,5.935815885477242,4.744112373227699,4.744112373227699,3.4818086190476842,3.4818086190476842,-1.7499999999999998,75042.5862294159,14.198373702422145,5.560848,2.6997041420118344,124.0118419378615,19.480163033291284,6.103966387748303,11.49902366656781,0.0,0.0,5.9693052879518484,0.0,4.794537184071822,0.0,0.0,0.0,38.08841643391404,24.925324904147942,12.673249032974528,19.374790486512623,5.9693052879518484,0.0,4.899909730850477,0.0,43.870934537748255,14.157469523954724,23.762552697081826,0.0,11.49902366656781,4.736862953800049,0.0,11.49902366656781,0.0,48.320859983641974,4.736862953800049,0.0,36.04127516747286,18.19910120538483,0.0,0.0,0.0,59.0,0.0,9.901064578912528,0.0,23.57229534226796,17.647133149992918,12.841643245852019,32.084174924052775,6.06636706846161,0.0,11.947581713527667,9.473725907600098,10.662620827077898,0.0,14.645238686511233,9.562402113278736,0.41289351851851896,-0.040244795321453974,5.602275447215923,4.206362940977839,0.0,3.6151179284079715,0.5625,21,1,5,0,2,2,1,0,1,5,1,5,3,0,2,2,3,2.1828000000000007,77.66930000000004,0,0,0,0,0,0,0,1,0,0,1,1,0,0,0,1,0,0,0,0,0,0,0,0,0,0,0,0,0,0,0,0,0,0,1,0,2,0,0,0,1,2,0,0,0,0,0,0,0,0,0,0,0,0,0,1,0,0,0,0,0,0,0,0,0,1,1,0,0,1,0,0,0,0,0,0,0,0,0,0,0,0,0,0,0
Drug_94,COc1ccc(C(=O)OC2C[C@H]3CC[C@H](C2)N3C)cc1OC,0,test,12.36375,12.36375,0.02249682434702227,-0.2824943310657593,0.7999062240011396,25.045454545454547,305.374,282.19,305.162708216,120,0,0.33804019397789103,-0.49286948924490126,0.49286948924490126,0.33804019397789103,1.0909090909090908,1.7272727272727273,2.3181818181818183,16.54450786199296,10.003021098246116,2.3945494377863055,-2.3531971895967407,2.3570358053615568,-2.429346076061184,5.8997285723635695,-0.00047796432325709735,2.755956162840508,1.6734260571252801,545.5899614002738,15.689869965382487,13.372735497239358,13.372735497239358,10.617723500579764,7.7698304117410135,7.7698304117410135,6.118950389774327,6.118950389774327,4.947930321405399,4.947930321405399,3.6404061653431468,3.6404061653431468,-1.7499999999999998,129447.26096861866,15.157461179144047,6.164488312000481,2.773412812410227,130.696095529569,19.110498592250625,6.103966387748303,11.49902366656781,0.0,0.0,5.9693052879518484,0.0,4.794537184071822,0.0,0.0,0.0,38.08841643391404,24.925324904147942,19.78304657425206,19.005126045471968,5.9693052879518484,0.0,4.899909730850477,0.0,43.870934537748255,21.267267065232257,23.762552697081826,0.0,11.49902366656781,9.473725907600098,0.0,11.49902366656781,0.0,50.3241301300788,4.736862953800049,0.0,36.04127516747286,18.19910120538483,0.0,0.0,0.0,48.0,0.0,4.794537184071822,0.0,12.073271675700152,29.146156816560726,12.841643245852019,12.841643245852019,32.418696287939895,0.0,11.947581713527667,14.210588861400147,16.13980455494615,0.0,14.795045251699293,0.0,0.5036342592592595,0.867304335441963,6.231533941247144,4.323301252969813,0.0,5.306043071103046,0.5882352941176471,22,0,5,0,2,2,1,0,1,5,0,5,4,0,2,2,3,2.4858000000000002,82.55650000000006,0,0,0,0,0,0,0,0,0,0,1,1,0,0,0,1,0,0,0,0,0,0,0,0,0,0,0,0,0,0,0,0,0,0,1,0,2,0,0,0,1,3,0,0,0,0,0,0,0,0,0,0,0,0,0,2,0,0,0,0,0,0,0,0,0,0,0,0,0,1,0,0,0,0,0,0,0,0,0,0,0,0,0,0,0
Drug_90,CC[C@@]1([C@@H]2O[C@@H]([C@H]3O[C@@](O)(CO)[C@H](C)C[C@@H]3C)C[C@@H]2C)CC[C@H]([C@]2(C)CC[C@]3(C[C@H](O)[C@@H](C)[C@@H]([C@@H](C)[C@@H](OC)[C@H](C)C(=O)O)O3)O2)O1,0,test,11.827280958403858,11.827280958403858,0.15290077450854178,-1.5635280664949907,0.26360699198358767,50.8936170212766,670.8810000000005,608.3850000000006,670.4292128040001,272,0,0.3083643024285429,-0.4809625115374329,0.4809625115374329,0.3083643024285429,1.0212765957446808,1.7234042553191489,2.3404255319148937,16.731004892103584,9.77851886861691,2.6191006697765626,-2.485053369842516,2.5455276296804734,-2.5661820825800574,5.698288829012503,-0.3360198221488748,3.7337438471768016,1.2864919554651892,1106.8039551987465,34.689505486452965,30.016106945390934,30.016106945390934,21.971564952143076,18.132232663205542,18.132232663205542,16.29585883766488,16.29585883766488,13.044932581065055,13.044932581065055,9.91232677100077,9.91232677100077,-0.8900000000000001,15261518439.928074,37.36732169908699,13.676453058139803,6.670220144847513,280.5027977499337,48.84728730216312,0.0,11.574222305141193,0.0,0.0,5.9693052879518484,4.794537184071822,0.0,0.0,0.0,41.54242319814374,64.20821622926009,37.70515892561373,66.4546543468798,53.64182448623494,5.9693052879518484,0.0,0.0,35.507436276968356,172.2605592222798,13.716679505790452,0.0,0.0,0.0,0.0,0.0,0.0,0.0,105.6161830144518,33.215714906872115,35.507436276968356,106.75647058093307,0.0,0.0,0.0,0.0,153.37,59.58231638897963,25.220646763434644,0.0,54.00539578180017,19.26246486877803,32.10410811463005,7.109797541277533,6.923737199690624,20.771211599071872,27.694948798762496,28.421177722800294,39.424156647014314,0.0,11.827280958403858,41.84381448031301,-1.1462248719684336,-4.522871621843083,0.0,2.992973699952855,15.556930572278599,1.5239401358488724,0.9722222222222222,47,4,11,0,5,5,0,0,0,10,4,11,10,0,5,5,5,4.272900000000003,172.3011999999996,1,3,2,0,0,0,0,0,1,1,1,0,0,0,0,0,0,0,0,0,0,0,0,0,0,0,0,0,0,0,0,0,0,0,0,0,0,0,0,0,0,6,0,0,0,0,0,0,0,0,0,0,0,0,0,1,0,0,0,0,0,0,0,0,0,0,0,0,0,0,0,0,0,0,0,0,0,0,0,0,0,0,0,0,0
Drug_50,CCN(CC)CCCNC(=O)Cn1ncc(-c2ccccc2)c1-c1ccccc1,1,test,12.539973702443941,12.539973702443941,0.009778019232383972,-0.009778019232383972,0.5311530226616731,11.0,390.53100000000006,360.29100000000017,390.24196158,152,0,0.24126108003940563,-0.3544440305320178,0.3544440305320178,0.24126108003940563,0.9655172413793104,1.5862068965517242,2.206896551724138,16.150095746285825,10.015659005219783,2.1603007451151757,-2.1736278645811806,2.313533213824442,-2.317215668815624,5.824898123230177,-0.12134258791086797,3.182134734647547,1.7245113477183192,885.7588330728047,20.47648072687178,17.34338272516891,17.34338272516891,14.223876650462413,10.3822035799968,10.3822035799968,7.026940505012836,7.026940505012836,5.132561230702404,5.132561230702404,3.4969713488360035,3.4969713488360035,-2.9199999999999986,5450054.888569792,20.805034699393676,10.576964492062997,5.546129845389895,172.9085219720105,10.216698334856808,6.544756405912575,0.0,5.907179729351506,0.0,0.0,9.476340119217006,0.0,5.098681808301038,0.0,74.51114508399735,31.61854233236073,17.671659389306566,11.890771566461538,4.794537184071822,5.907179729351506,0.0,19.99718307830303,0.0,26.813052428219834,26.1790256236503,66.86051425622918,0.0,22.384282469939446,5.316788604006331,0.0,0.0,0.0,46.766599827298506,11.339293589984397,0.0,20.268296022307258,66.86051425622918,0.0,22.384282469939446,0.0,50.160000000000004,0.0,4.794537184071822,0.0,12.45193613526408,6.544756405912575,48.43937331060318,0.0,4.681802935145184,42.595045982382736,53.42832281638553,0.0,1.8029664273116652,0.0,14.900392817493287,7.575452694201341,4.149671133191086,-0.009778019232383972,20.305911738310975,2.8042213106291385,8.30449523142823,0.0,0.3333333333333333,29,1,5,0,0,0,2,1,3,4,1,5,10,0,0,0,3,4.065200000000003,118.51370000000003,0,0,0,0,0,2,0,0,0,0,1,1,0,0,0,3,1,0,0,0,0,0,0,0,0,0,0,1,0,0,0,0,0,0,2,0,0,0,0,0,0,0,0,0,0,0,0,0,0,0,0,0,0,0,0,0,0,0,0,0,0,0,0,0,0,0,0,0,0,0,0,0,0,0,0,0,0,0,0,0,0,0,0,1,0
Drug_11,N=C1C=CC(=C(c2ccc(N)cc2)c2ccc(N)cc2)C=C1,1,test,7.655824088129283,7.655824088129283,0.4978817082388516,0.4978817082388516,0.734748547099071,13.454545454545455,287.366,270.22999999999996,287.14224754400004,108,0,0.053977832993808435,-0.3987282564766322,0.3987282564766322,0.053977832993808435,0.6363636363636364,1.0454545454545454,1.4545454545454546,14.540065180585549,9.904605981627707,2.1043853361570832,-2.139418092079365,2.3005158191727464,-1.9740725032953377,6.046061343260166,1.4857163828404674,2.5297581426293427,2.1835591104632144,726.0788697398173,15.526733258565956,12.082903768654765,12.082903768654765,10.631030293135234,7.0414518843273814,7.0414518843273814,5.19636720504592,5.19636720504592,3.572292788290107,3.572292788290107,2.4364670255861696,2.4364670255861696,-3.0699999999999994,126933.1445645699,13.892254679614824,5.73694613302517,2.834782233769518,129.3335842695455,16.876618560115894,0.0,0.0,0.0,0.0,0.0,0.0,0.0,0.0,0.0,36.417508487514205,58.690620531046726,11.374772549367124,5.711685002770702,0.0,22.659562082207092,5.409283605791522,0.0,0.0,0.0,11.46733495432437,89.53502448849167,0.0,0.0,11.46733495432437,11.374772549367124,0.0,0.0,5.711685002770702,0.0,5.409283605791522,11.126902983393991,78.40812150509767,0.0,5.5731045300692665,0.0,75.89,0.0,0.0,0.0,0.0,5.711685002770702,33.64788459289965,0.0,12.152040213667762,60.68297676136064,0.0,16.876618560115894,0.0,0.0,0.0,7.655824088129283,17.87877782671073,0.0,15.615563744016125,7.516501007810531,0.0,0.0,0.0,22,5,3,1,0,1,2,0,2,3,3,3,2,0,0,0,3,3.7986700000000013,93.73750000000003,0,0,0,2,0,0,0,0,0,0,0,0,0,0,0,0,1,2,0,0,0,0,0,0,0,0,5,0,0,2,0,0,0,0,2,0,0,0,0,0,0,0,0,0,0,0,0,0,0,0,0,0,0,0,0,0,0,0,0,0,0,0,0,0,0,0,0,0,0,0,0,0,0,0,0,0,0,0,0,0,0,0,0,0,0
Drug_15,CCC1NC(=O)C2C(Cl)C(Cl)CN2C(=O)C(C(C)O)NC(=O)CC(c2ccccc2)NC(=O)C(CO)NC1=O,1,test,13.521304973218754,13.521304973218754,0.11930568309356193,-1.449884233014194,0.24300076737145024,32.0,586.4730000000002,553.2090000000004,585.175703756,214,0,0.24812301310867996,-0.39367907112483536,0.39367907112483536,0.24812301310867996,0.9487179487179487,1.564102564102564,2.1538461538461537,35.49865489365258,10.01359501317967,2.4883302739991504,-2.3195746964364305,2.289681453422798,-2.60793748964584,6.320480333982458,-0.1442110981283472,3.2102479574662075,2.029310773902061,1076.1510115094723,28.8526421932695,21.47279180904897,22.98464970108588,18.47567196583487,12.6092800326108,13.482151593554768,9.570797884959784,10.635333530902418,6.735435937182603,7.816729576402609,4.556562496685873,5.173186221899689,-2.93,276184373.3015285,30.609195869745975,13.423008959097867,7.183332030647372,235.31553384898373,36.38011893655722,24.167363316591842,0.0,29.535898646757527,0.0,0.0,23.97268592035911,0.0,0.0,23.20187978046503,37.255572541998674,18.90801031431363,6.544756405912575,35.92768654074664,34.18574071004052,52.73777842722256,0.0,26.1670641468758,0.0,73.75646391513283,13.151638370425493,35.89528683400505,0.0,0.0,21.267154416025324,0.0,0.0,23.20187978046503,98.82600697846652,23.97268592035911,0.0,38.29440996607822,30.33183534230805,0.0,0.0,0.0,177.17,83.21012688117001,34.18574071004052,0.0,19.386399651764595,5.563451491696996,4.899909730850477,6.923737199690624,37.255572541998674,0.0,21.267154416025324,23.20187978046503,0.0,12.710611752415481,67.00764553684661,28.521154751141232,0.5540044843057113,-3.7469995786450863,2.3651388343315602,-1.5744608088576046,2.051793917350977,0.0,0.56,39,6,12,0,2,2,1,0,1,7,6,14,4,0,2,2,3,-1.0892999999999964,141.57539999999995,0,2,2,0,0,0,0,0,0,0,5,5,0,0,0,1,4,0,0,0,0,0,0,0,0,2,0,5,0,0,0,0,0,0,1,0,1,0,0,0,0,0,0,0,2,0,0,0,0,0,0,0,0,0,0,0,0,0,0,0,0,0,0,0,0,0,0,0,0,0,0,0,0,0,0,0,0,0,0,0,0,0,0,0,0
Drug_250,COc1ccc2c3c([nH]c2c1)[C@H]1C[C@H]2[C@H](C[C@@H](O)[C@H](OC)[C@H]2C(=O)O)CN1CC3,0,test,12.114717338219391,12.114717338219391,0.005557077769379637,-0.8643832433366156,0.7311862103632338,34.310344827586206,400.47500000000025,372.25100000000015,400.19982199599997,156,0,0.30904077714020545,-0.49668697934988904,0.49668697934988904,0.30904077714020545,1.2758620689655173,2.103448275862069,2.8275862068965516,16.492469821123773,9.636322123438502,2.5225111804421556,-2.5182000813942422,2.493498391020736,-2.5704854023281074,5.860826691345215,-0.1723248675731092,3.0881895318744017,1.5226660356431045,940.6707166412845,20.283728092517162,16.798071986530836,16.798071986530836,14.011570350697118,10.376419558213215,10.376419558213215,8.716502095829972,8.716502095829972,7.435275706519095,7.435275706519095,6.1461916828568945,6.1461916828568945,-2.09,6240449.731966602,18.908214203664308,7.004264314294514,2.8644944669920984,169.15083794686421,24.670759218228717,5.749511833283905,0.0,0.0,0.0,5.9693052879518484,9.694446914922299,0.0,0.0,0.0,0.0,48.794462589721036,42.862530348493806,31.277477192083488,24.481317881353334,16.872230220032904,0.0,9.883888251797686,17.75371813848418,37.5122384734226,27.30910789438022,29.456480691930288,0.0,5.749511833283905,4.736862953800049,0.0,5.749511833283905,0.0,65.58328899930775,15.95222176079788,17.75371813848418,30.140863561545437,18.19910120538483,0.0,10.902924932081056,0.0,95.02000000000001,24.095144109609848,15.007591973753234,0.0,17.877652921470748,6.4208216229260096,37.197368608577335,23.753401242287786,7.109797541277533,12.13273413692322,15.950255320259295,9.473725907600098,10.812216004589118,0.0,18.195634760743957,21.662091366859585,3.622673007474595,-0.5390808305517905,6.309244982594097,0.9808651080006798,1.7838718820861676,3.1724837182035888,0.5909090909090909,29,3,7,1,2,3,1,1,2,5,3,7,3,1,1,2,5,2.1921999999999997,107.01230000000007,1,1,1,0,0,1,1,0,1,1,1,0,0,0,0,1,1,0,0,0,0,1,0,0,0,0,0,0,0,0,0,0,0,0,1,0,6,0,0,0,0,2,0,0,0,0,0,0,0,0,0,0,0,0,0,2,0,0,0,0,0,0,0,0,0,0,0,0,0,1,0,0,0,0,0,0,0,0,0,0,0,0,0,0,0
Drug_163,O=C(O)[C@H]1[C@@H](O)CC[C@H]2CN3CCc4c([nH]c5ccccc45)[C@@H]3C[C@@H]21,0,test,11.784737829577296,11.784737829577296,0.0693168934240358,-0.830250246703619,0.745614363902795,35.0,340.42300000000006,316.2310000000001,340.178692628,132,0,0.30892422962239663,-0.4809472982683744,0.4809472982683744,0.30892422962239663,1.24,2.08,2.92,16.37041395619422,9.646396583829079,2.4870272576858428,-2.5026943224922884,2.4859278042334725,-2.5265715109945357,5.847293729229483,-0.15608742616404372,2.9859217851634714,1.538133715899532,829.4556397056256,17.129027554137913,14.188682186789658,14.188682186789658,12.131030293135238,9.37607963580175,9.37607963580175,7.991901767391013,7.991901767391013,6.83378036689337,6.83378036689337,5.683418262662549,5.683418262662549,-1.8499999999999996,1031170.1729754938,15.408444152769722,5.576982940945529,2.255158763742274,146.19386325905725,15.197033310628619,0.0,0.0,0.0,0.0,5.9693052879518484,9.694446914922299,0.0,0.0,0.0,18.19910120538483,49.14891714418543,29.686365738754667,18.063713263057657,15.007591973753234,16.872230220032908,0.0,9.883888251797686,17.75371813848418,37.8290937086003,13.08951281182515,35.5228477603919,0.0,0.0,0.0,0.0,0.0,0.0,45.259727529004394,11.21535880699783,17.75371813848418,36.56168518447144,24.26546827384644,0.0,10.902924932081056,0.0,76.56,17.991177721861547,15.007591973753234,0.0,11.959746875309353,12.338727669087403,32.351977680603184,22.160304418626517,0.0,0.0,34.14935652564412,0.0,0.0,0.0,17.936362215442752,21.256948981804232,3.850529520450156,-0.9809951866549094,8.683777644079774,2.74974138459077,2.003635440287226,0.0,0.55,25,3,5,1,2,3,1,1,2,3,3,5,1,1,1,2,5,2.558700000000001,94.28030000000005,1,1,1,0,0,1,1,0,1,1,1,0,0,0,0,1,1,0,0,0,0,1,0,0,0,0,0,0,0,0,0,0,0,0,1,0,6,0,0,0,0,0,0,0,0,0,0,0,0,0,0,0,0,0,0,0,0,0,0,0,0,0,0,0,1,0,0,0,0,1,0,0,0,0,0,0,0,0,0,0,0,0,0,0,0
Drug_198,COC(=O)[C@@H]1[C@@H](O)CC[C@H]2CN3CCc4c([nH]c5ccccc45)[C@@H]3C[C@H]12,0,test,12.37501560735507,12.37501560735507,0.19890022675736918,-0.5684953441253044,0.7729574057454922,34.0,354.45000000000005,328.24200000000013,354.194342692,138,0,0.31108605578335624,-0.46871279605772453,0.46871279605772453,0.31108605578335624,1.3076923076923077,2.1538461538461537,3.0,16.525239324596555,9.646026524591392,2.49073200170906,-2.5046044396991887,2.488032028954573,-2.5285631957079686,5.847460947629272,-0.15977834887227643,3.04933738748874,1.5224844729137557,844.8938109892276,17.83613433532446,15.149716881753564,15.149716881753564,12.669035095596023,9.764845273747566,9.764845273747566,8.17682383836293,8.17682383836293,7.021976395412429,7.021976395412429,5.8036630750903955,5.8036630750903955,-1.8499999999999996,1806939.7570294277,16.33286330839924,6.1000986211832116,2.3343481805079356,152.8781168507647,14.827368869587962,0.0,0.0,0.0,0.0,5.9693052879518484,9.694446914922299,0.0,0.0,0.0,18.19910120538483,49.14891714418543,29.686365738754667,25.17351080433519,14.637927532712576,16.872230220032908,0.0,9.883888251797686,17.75371813848418,37.8290937086003,20.199310353102685,35.5228477603919,0.0,0.0,0.0,0.0,0.0,0.0,47.26299767544123,15.95222176079788,17.75371813848418,36.56168518447144,24.26546827384644,0.0,10.902924932081056,0.0,65.56,6.103966387748303,9.901064578912528,0.0,17.805117380274638,18.380568498235363,32.351977680603184,29.270101959904046,0.0,0.0,34.14935652564412,4.736862953800049,5.042281761865546,0.0,18.622895740889966,11.823777083389727,3.9588197331401704,0.05414370223397891,8.830938960396933,3.136651500488983,2.095765463592844,1.4347260540018474,0.5714285714285714,26,2,5,1,2,3,1,1,2,4,2,5,1,1,1,2,5,2.647100000000001,98.66050000000004,0,1,1,0,0,1,1,0,0,0,1,1,0,0,0,1,1,0,0,0,0,1,0,0,0,0,0,0,0,0,0,0,0,0,1,0,6,0,0,0,1,1,0,0,0,0,0,0,0,0,0,0,0,0,0,1,0,0,0,0,0,0,0,0,1,0,0,0,0,1,0,0,0,0,0,0,0,0,0,0,0,0,0,0,0
Drug_183,COC(=O)[C@@H]1[C@@H](O)CC[C@@H]2CN3CCc4c([nH]c5ccccc45)[C@@H]3C[C@@H]21,0,test,12.37501560735507,12.37501560735507,0.19890022675736918,-0.5684953441253044,0.7729574057454922,34.0,354.45000000000005,328.24200000000013,354.194342692,138,0,0.31108605578335624,-0.46871279605772453,0.46871279605772453,0.31108605578335624,1.3076923076923077,2.1538461538461537,3.0,16.525239324596555,9.646026524591392,2.49073200170906,-2.5046044396991887,2.488032028954573,-2.5285631957079686,5.847460947629272,-0.15977834887227643,3.04933738748874,1.5224844729137557,844.8938109892276,17.83613433532446,15.149716881753564,15.149716881753564,12.669035095596023,9.764845273747566,9.764845273747566,8.17682383836293,8.17682383836293,7.021976395412429,7.021976395412429,5.8036630750903955,5.8036630750903955,-1.8499999999999996,1806939.7570294277,16.33286330839924,6.1000986211832116,2.3343481805079356,152.8781168507647,14.827368869587962,0.0,0.0,0.0,0.0,5.9693052879518484,9.694446914922299,0.0,0.0,0.0,18.19910120538483,49.14891714418543,29.686365738754667,25.17351080433519,14.637927532712576,16.872230220032908,0.0,9.883888251797686,17.75371813848418,37.8290937086003,20.199310353102685,35.5228477603919,0.0,0.0,0.0,0.0,0.0,0.0,47.26299767544123,15.95222176079788,17.75371813848418,36.56168518447144,24.26546827384644,0.0,10.902924932081056,0.0,65.56,6.103966387748303,9.901064578912528,0.0,17.805117380274638,18.380568498235363,32.351977680603184,29.270101959904046,0.0,0.0,34.14935652564412,4.736862953800049,5.042281761865546,0.0,18.622895740889966,11.823777083389727,3.9588197331401704,0.05414370223397891,8.830938960396933,3.136651500488983,2.095765463592844,1.4347260540018474,0.5714285714285714,26,2,5,1,2,3,1,1,2,4,2,5,1,1,1,2,5,2.647100000000001,98.66050000000004,0,1,1,0,0,1,1,0,0,0,1,1,0,0,0,1,1,0,0,0,0,1,0,0,0,0,0,0,0,0,0,0,0,0,1,0,6,0,0,0,1,1,0,0,0,0,0,0,0,0,0,0,0,0,0,1,0,0,0,0,0,0,0,0,1,0,0,0,0,1,0,0,0,0,0,0,0,0,0,0,0,0,0,0,0
Drug_223,CCCCCC[C@H]1C(=O)O[C@H](C)C(NC(=O)c2cccc(NC=O)c2O)C(=O)O[C@@H](C)[C@@H]1OC(=O)CC(C)C,0,test,13.357924690932897,13.357924690932897,0.00022079677682684817,-1.4195895948421209,0.11690172594745143,23.487179487179485,548.6330000000003,508.3130000000004,548.2733808599999,216,0,0.3324484880149327,-0.5049264598010224,0.5049264598010224,0.3324484880149327,1.0769230769230769,1.7692307692307692,2.41025641025641,16.601508901852327,9.915540355562342,2.4350046882325964,-2.2905533291776075,2.288199553832692,-2.499177633031218,6.009450839841287,-0.1751041634491684,2.881892510755095,2.334071958447637,1026.2861503355184,29.11215521726335,23.229343298226407,23.229343298226407,18.49250871824048,13.430560159657162,13.430560159657162,10.207346551794597,10.207346551794597,6.482221029913862,6.482221029913862,4.401429429302597,4.401429429302597,-3.6300000000000003,174810126.98852614,31.58693756520846,15.085094798392626,8.968039587505904,228.49650279084472,29.95069346425351,12.207932775496605,17.89531905018017,6.410095306116121,5.907179729351506,17.907915863855546,19.178148736287287,4.794537184071822,0.0,0.0,52.520865159237516,38.318936205391864,6.4208216229260096,17.16874381254195,43.289802176599956,35.912577174006735,0.0,5.316788604006331,11.835812092322787,97.49735572840203,5.316788604006331,23.762552697081826,0.0,5.749511833283905,10.633577208012662,5.687386274683562,5.749511833283905,0.0,59.68545828655674,33.38873759768743,11.835812092322787,83.50160441177799,18.19910120538483,0.0,0.0,0.0,157.32999999999998,59.83625346504522,29.079213315199816,0.0,23.58956543546796,19.25173855196814,19.26246486877803,32.046575604766076,0.0,13.847474399381248,17.557314407703284,14.210588861400147,16.945138393670973,0.0,62.913099762716776,15.127619625566858,-0.21282300380120844,-4.261861626538121,2.711279062964799,1.1744715703658937,8.769742881720692,0.0,0.6071428571428571,39,3,11,0,1,1,1,0,1,9,3,11,12,0,1,1,2,3.480400000000002,141.73969999999989,0,0,0,0,0,0,0,1,0,0,5,5,0,0,0,0,2,0,0,0,0,0,0,0,0,0,0,2,0,1,0,0,0,0,1,0,0,0,0,0,3,3,0,0,0,0,0,0,0,0,0,0,0,0,2,0,0,0,0,0,0,0,0,0,1,1,1,0,0,0,0,0,0,0,0,0,0,0,0,0,0,0,0,2,0
Drug_48,C#C[C@@]1(O)CC[C@]2(C)[C@]1(C)CC[C@]1(C)c3ccc(O)cc3CC[C@]12C,1,test,11.270809082892416,11.270809082892416,0.010222151360544052,-0.9986873530276301,0.680523744714122,48.16,338.4910000000001,308.25100000000003,338.2245802,134,0,0.13061233139196116,-0.507956029224564,0.507956029224564,0.13061233139196116,0.92,1.6,2.28,16.286286645575018,9.35364578686157,2.7360369782831793,-2.6823053432479678,2.766355984875714,-2.650995214425661,5.459006200303294,-0.17887900005998164,2.797170955702085,1.9210292901329415,791.7727959784341,18.303118619434354,15.946468954877707,15.946468954877707,11.569027314183279,9.595242945367,9.595242945367,9.67448876286062,9.67448876286062,9.494511097559988,9.494511097559988,7.116422758426911,7.116422758426911,-1.46,397637.4315497413,16.979013157259605,4.627292520223874,1.6232218290830163,151.20561849990293,10.213054789681411,11.350562644267594,0.0,0.0,0.0,0.0,0.0,0.0,0.0,6.423349895620259,39.68175018607975,78.02953826606361,5.414990469396779,0.0,10.213054789681411,0.0,0.0,0.0,16.244971408190338,77.23591981669902,0.0,29.32600418877882,0.0,18.093296047759807,0.0,0.0,5.749511833283905,0.0,15.8141056006651,11.835812092322788,28.588755622666234,70.92595989678654,18.19910120538483,0.0,0.0,0.0,40.46,5.601050810983688,10.213054789681411,0.0,21.659961877587115,12.170333456209914,32.10410811463005,11.126902983393991,0.0,12.13273413692322,39.68175018607975,6.423349895620259,0.0,0.0,0.0,21.190476585128238,1.5270646730914599,3.141049144883696,5.914223513479466,11.528041252645329,9.449144830771814,0.0,0.6521739130434783,25,2,2,3,0,3,1,0,1,2,2,2,0,2,0,2,4,4.566900000000004,100.35160000000006,0,1,0,0,0,0,0,1,0,0,0,0,0,0,0,0,0,0,0,0,0,0,0,0,0,0,0,0,0,0,1,0,0,0,1,0,5,0,0,0,0,0,0,0,0,0,0,0,0,0,0,0,0,0,0,0,0,0,0,0,0,0,0,0,0,1,1,0,0,0,0,0,0,0,0,0,0,0,1,0,0,0,0,0,0
Drug_208,N[C@@H](Cn1ccc(=O)c(O)c1)C(=O)O,0,test,10.77995953010834,10.77995953010834,0.003148148148148344,-1.1359353741496598,0.575228346064442,12.357142857142858,198.17799999999997,188.09799999999996,198.0640568,76,0,0.3218373622338711,-0.5031110623957739,0.5031110623957739,0.3218373622338711,1.6428571428571428,2.2857142857142856,2.7857142857142856,16.367782463207476,10.284220861752637,2.1098640245471874,-2.0896067261003517,1.989745840662819,-2.3418491956160494,5.724288822617846,-0.13836900503485458,2.10922326203371,2.8295409787335237,398.5729071628122,10.71517847069432,7.251995494562277,7.251995494562277,6.502907755397974,3.8790277923899503,3.8790277923899503,2.835852987485473,2.835852987485473,1.6826577412788732,1.6826577412788732,0.9313183963449013,0.9313183963449013,-1.8199999999999998,1115.7791056158326,10.262101806239736,3.9254643770472475,2.332039674626311,79.20725133172091,20.513821914634953,6.041840829147961,5.749511833283905,5.428790391900541,0.0,5.9693052879518484,9.589074368143644,0.0,0.0,0.0,0.0,0.0,25.004810617600338,0.0,15.007591973753234,5.9693052879518484,0.0,4.567099647791355,5.733667477162185,12.586597235060536,0.0,28.683381787660124,0.0,5.749511833283905,11.162457869062726,0.0,5.749511833283905,0.0,26.791300554572572,11.339293589984397,0.0,0.0,23.254591395759583,0.0,0.0,0.0,105.55,23.189448342284255,9.589074368143644,0.0,6.544756405912575,0.0,12.263210640074686,10.763943219404432,0.0,0.0,0.0,15.946722266843596,1.3427777777777776,0.0,21.17290406903502,17.534659234063994,4.747378117913833,-1.5617791005291002,0.08433767951625049,2.509907407407407,0.003148148148148344,0.0,0.25,14,4,6,0,0,0,0,1,1,5,3,6,3,0,0,0,1,-1.0342000000000002,47.97800000000001,1,0,0,0,0,1,0,1,1,1,1,0,0,0,0,1,0,1,0,0,0,0,0,0,0,0,0,0,0,0,0,0,0,0,0,0,0,0,0,0,0,0,0,0,0,0,0,0,0,0,0,0,0,0,0,0,0,0,0,0,0,0,0,0,0,0,0,0,0,0,0,0,0,1,0,0,0,0,0,0,0,0,0,0,0
Drug_268,CC(=O)O[C@H]1CC[C@@]2(C)C(=CC[C@H]3[C@@H]4CCC(=O)[C@@]4(C)CC[C@@H]32)C1,0,test,12.44915303177801,12.44915303177801,0.04383628434156006,-0.1566758956031138,0.5268094332325616,47.291666666666664,330.46800000000013,300.228,330.21949481999997,132,0,0.3024105458415588,-0.46222359110789946,0.46222359110789946,0.3024105458415588,1.125,1.8333333333333333,2.5833333333333335,16.54206337540278,9.478197943006379,2.581616834346151,-2.5644822050585625,2.635451721332242,-2.502449762011816,5.867364232000032,-0.1482451309247742,2.8274463949277124,1.5973719061421665,606.2051148204893,17.11251969619286,15.268350466832102,15.268350466832102,11.343007698439974,9.74447007169869,9.74447007169869,9.15160654074016,9.15160654074016,8.100332343845448,8.100332343845448,6.733856023448858,6.733856023448858,-1.12,326490.8901150928,16.353929131958463,5.438698204448237,2.226455231290179,144.76175509905497,4.736862953800049,11.887211334113243,0.0,0.0,0.0,5.9693052879518484,9.589074368143644,0.0,0.0,0.0,25.496599036284394,61.69363834543702,25.18037091493942,0.0,14.325937321943691,11.752550234316788,0.0,0.0,28.583699077277736,78.24175097022827,0.0,11.649124636903148,0.0,0.0,0.0,0.0,0.0,0.0,17.85651662206509,14.325937321943691,28.583699077277736,72.13778458247997,11.649124636903148,0.0,0.0,0.0,43.370000000000005,0.0,9.589074368143644,0.0,22.90325261449371,23.53696308484912,44.94575136048208,18.9176633526859,0.0,0.0,19.92349450621513,4.736862953800049,5.496227992536164,0.0,23.746470983203555,0.0,1.7350308736327407,2.332206090833436,0.0,10.829324469029778,6.1940729240976555,0.0,0.8095238095238095,24,0,3,4,0,4,0,0,0,3,0,3,1,3,0,3,4,4.450000000000005,92.26400000000005,0,0,0,0,0,0,0,0,0,0,2,2,0,0,0,0,0,0,0,0,0,0,0,0,0,0,1,0,0,0,0,0,0,0,0,0,5,0,0,0,1,1,0,0,0,0,0,0,0,0,0,1,1,0,0,0,0,0,0,0,0,0,0,0,0,0,0,0,0,0,0,0,0,0,0,0,0,0,0,0,0,0,0,0,0
Drug_55,Cc1ccccc1OCC(O)CNCCn1cc(C)c(=O)[nH]c1=O,1,test,11.621831917427365,11.621831917427365,0.19004610542308953,-0.6540328955656343,0.5991455591436479,12.125,333.3880000000001,310.204,333.168856216,130,0,0.32786531368489963,-0.4905702388358696,0.4905702388358696,0.32786531368489963,1.25,2.0,2.75,16.48966908791986,10.204736463724911,2.0637546831746802,-2.144660258650985,2.155249378292917,-2.363057594666399,5.311613765516429,0.1057586130061207,2.5496931025383516,1.7230483842635733,781.8905018260515,17.526733258565955,13.911700802275453,13.911700802275453,11.469234250586762,7.84690867945046,7.84690867945046,5.699232038130609,5.699232038130609,3.623228989588501,3.623228989588501,2.2160660423952057,2.2160660423952057,-2.38,209434.34113560274,17.965851694978195,8.465961600896945,5.072495569804698,139.47304494022404,15.160178952647087,18.460360185545127,0.0,0.0,5.559266895052007,5.689743398203474,14.345615352810384,4.794537184071822,0.0,0.0,18.19910120538483,25.477292959539852,31.394564281047796,0.0,9.843390348640755,0.0,0.0,14.867866772744893,0.0,26.496197193042125,19.696394776338067,62.42729949025263,0.0,5.749511833283905,21.30266185106186,0.0,5.749511833283905,0.0,40.457966727665635,6.544756405912575,13.847474399381248,11.126902983393991,40.05138621360316,0.0,0.0,0.0,96.35,11.793709785951776,14.69560176298435,0.0,12.166148859564924,25.19772070943472,11.3129633249809,10.763943219404432,6.923737199690624,31.18920547353706,10.300767124953538,4.736862953800049,7.0074812319581445,0.0,25.169657026854466,12.99424141608485,0.7042222892586079,0.7563123725857175,7.626799322462774,0.8743065342145422,5.033646473247567,0.0,0.4117647058823529,24,3,7,0,0,0,1,1,2,6,3,7,8,0,0,0,2,0.18293999999999971,91.61020000000003,0,1,1,0,0,2,1,0,0,0,0,0,0,0,0,1,2,0,0,0,0,1,0,0,0,0,0,0,0,0,2,0,0,0,1,0,0,0,0,0,0,1,0,0,0,0,0,0,0,0,0,0,0,0,0,0,0,0,0,0,0,0,0,0,1,0,0,0,0,0,0,0,0,0,0,0,0,0,0,0,0,0,0,1,0
Drug_67,CC[C@@H](C(=O)[C@@H](C)[C@@H](O)[C@H](C)CCc1ccc(C)c(O)c1C(=O)O)[C@H]1O[C@](CC)([C@H]2CC[C@](O)(CC)[C@H](C)O2)C[C@@H]1C,0,test,13.889152481316984,13.889152481316984,0.01565081408290281,-1.1836057633989292,0.22512395857880776,32.714285714285715,590.7980000000002,536.3660000000003,590.3818686879998,238,0,0.3392658622847327,-0.5067614999885414,0.5067614999885414,0.3392658622847327,1.119047619047619,1.7857142857142858,2.3333333333333335,16.572674892765896,9.757958592819923,2.548031071130663,-2.4684665770298997,2.481439416175772,-2.550772689520606,5.9269306224975695,-0.22922828991453417,3.3057747832874598,1.6937282376797942,1103.2579993980858,31.568185142893327,26.85220448524392,26.85220448524392,19.65575649558386,15.978697509254953,15.978697509254953,13.22764071463499,13.22764071463499,10.655940469545847,10.655940469545847,7.446700145938332,7.446700145938332,-2.0,905560423.5461836,34.48979591836735,13.7490234375,6.71771694214876,251.3651896834289,29.89983548696292,17.09620827134584,0.0,0.0,0.0,5.9693052879518484,4.794537184071822,4.794537184071822,0.0,0.0,53.675157335066956,88.17676245850612,11.835812092322787,35.61796717296058,39.48890985510656,11.752550234316788,0.0,0.0,23.671624184645573,142.3744377538937,0.0,28.823088612014207,0.0,5.749511833283905,0.0,0.0,5.749511833283905,0.0,67.79662698664019,20.68908471459793,30.5953613843362,114.89680341747923,12.13273413692322,0.0,0.0,0.0,133.52,29.19327934382892,30.015183947506465,0.0,53.16182557307492,49.651832720950054,12.841643245852019,0.0,25.980208536304467,27.694948798762496,13.847474399381248,9.473725907600098,13.244752643982636,0.0,25.662449371773974,42.064507420271624,-0.436973510097296,-2.5482534082957073,3.398769418173777,3.3385012874046307,15.442913443453023,0.0,0.7647058823529411,42,4,8,0,2,2,1,0,1,7,4,8,13,0,2,2,3,5.842220000000006,161.7326999999997,0,2,1,0,1,0,0,1,1,1,2,1,0,0,0,0,0,0,0,0,0,0,0,0,0,0,0,0,0,0,2,0,0,0,1,0,0,0,0,0,0,2,0,0,0,0,0,0,0,0,0,1,1,0,0,0,0,0,0,0,0,0,0,0,0,1,0,0,0,0,0,0,0,0,0,0,0,0,0,0,0,0,0,0,0
Drug_92,O=C(/C=C/c1ccc(O)c(O)c1)O[C@@H]1C[C@](O)(C(=O)O)C[C@@H](O)[C@H]1O,0,test,11.826847757621568,11.826847757621568,0.32685340236937876,-2.309469967337256,0.23408527976084326,29.48,354.31100000000004,336.1670000000001,354.09508215599993,136,0,0.3354322158217105,-0.504259631901577,0.504259631901577,0.3354322158217105,1.16,1.84,2.44,16.555403972028554,9.793930492974367,2.498890219209723,-2.3852994865773347,2.3121243743275066,-2.5661400202239344,5.871111612533664,-0.19568935216677594,2.5296094947543297,2.0588836855958705,698.8458476325029,18.77565640300939,12.941042160281443,12.941042160281443,11.619716704747374,7.347887169602035,7.347887169602035,5.859749012350622,5.859749012350622,3.937798744463006,3.937798744463006,2.5342811803898067,2.5342811803898067,-2.62,226564.47439767155,18.714855158313462,7.094150588570635,4.267132720778834,141.58738202052004,35.37602732284428,12.207932775496605,17.100074477551498,0.0,0.0,11.938610575903697,0.0,9.589074368143644,0.0,0.0,6.06636706846161,23.772205735454097,18.9176633526859,6.103966387748303,44.96510169098792,18.01463068273758,0.0,0.0,0.0,36.754593220080615,0.0,29.838572803915707,0.0,11.49902366656781,0.0,0.0,11.49902366656781,0.0,66.49072491917651,14.325937321943691,0.0,18.405094737549014,24.27512131221871,0.0,6.076020106833881,0.0,164.75,48.6932037959843,35.12171134234717,0.0,11.49902366656781,5.563451491696996,6.076020106833881,24.27512131221871,0.0,0.0,0.0,9.843390348640755,4.924362087427563,0.0,22.915341534113388,57.02992436777399,-1.9358418887910225,-3.2426609835368074,3.830635200437689,-3.4384269840914596,0.0,0.0,0.375,25,6,9,1,0,1,1,0,1,8,6,9,4,1,0,1,2,-0.6459000000000001,82.51880000000001,1,3,2,0,0,0,0,2,1,1,2,1,0,0,0,0,0,0,0,0,0,0,0,0,0,0,0,0,0,0,0,0,0,0,1,0,0,0,0,0,1,1,0,0,0,0,0,0,0,0,0,0,0,0,0,0,0,0,0,0,0,0,0,0,0,2,2,0,0,0,0,0,0,0,0,0,0,0,0,0,0,0,0,0,0
Drug_97,C=C(C)[C@@H]1C2C(=O)O[C@H]1[C@H]1OC(=O)[C@@]34OC3C[C@]2(O)[C@@]14C,0,test,12.333073034769463,12.333073034769463,0.26921296296296293,-1.346782407407408,0.4138117025055719,61.95238095238095,292.287,276.159,292.094688232,112,0,0.3419765502776857,-0.4573999882274431,0.4573999882274431,0.3419765502776857,1.380952380952381,2.0952380952380953,2.761904761904762,16.688455014642358,9.53074607476451,2.9487716784945293,-2.5058978576202033,2.7636920626001777,-2.6592075171982548,5.913253573862748,-0.1947293778126368,2.8625382250840654,1.7798121468911563,642.075100427612,14.9472292782632,11.789419956140499,11.789419956140499,9.78736480577415,7.2600650497206605,7.2600650497206605,7.2500915351848985,7.2500915351848985,6.599233744069368,6.599233744069368,5.588483596898523,5.588483596898523,-1.4000000000000001,86067.93681360259,12.174691180695204,2.8964668503287827,0.8735174416622926,120.58759547035585,19.31711625624085,12.207932775496605,6.103966387748303,5.601050810983688,0.0,11.938610575903697,4.794537184071822,4.794537184071822,0.0,0.0,12.152040213667764,13.847474399381248,12.338727669087403,16.933947326541862,28.906190624384493,11.938610575903697,0.0,0.0,17.250802561719567,49.78229680751954,0.0,12.152040213667764,0.0,0.0,0.0,0.0,0.0,0.0,46.55913875595668,23.79966322954379,17.250802561719567,20.268296022307258,12.152040213667764,0.0,0.0,0.0,85.36,46.681541488925845,14.69560176298435,0.0,18.442694056835705,0.0,5.5731045300692665,0.0,6.923737199690624,6.923737199690624,6.578935683598497,14.210588861400147,16.617004913076343,0.0,24.65543603552532,11.38650462962963,-2.600126133786848,-1.8577191987906276,0.0,-1.3359986772486783,7.551565098261526,0.0,0.7333333333333333,21,1,6,2,3,5,0,0,0,6,1,6,1,2,3,5,5,-0.062000000000000444,66.83180000000004,0,1,0,0,0,0,0,0,0,0,2,2,0,0,0,0,0,0,0,0,0,0,0,0,0,0,0,0,0,0,0,0,0,0,0,0,4,0,0,1,2,3,0,0,0,0,0,0,0,0,0,0,0,0,0,0,0,0,0,0,0,0,0,0,0,0,0,0,0,0,0,0,0,0,0,0,0,0,0,0,0,0,0,0,0
Drug_115,CO[C@H]1C=C2CCN(C)[C@H]2C2c3cc4c(cc3C(=O)O[C@@H]21)OCO4,0,test,12.566969009826153,12.566969009826153,0.04597222222222208,-0.3156481481481479,0.5773067693980273,33.416666666666664,329.35200000000015,310.20000000000005,329.126322708,126,0,0.33846671707102655,-0.4549126863275233,0.4549126863275233,0.33846671707102655,1.25,2.0416666666666665,2.8333333333333335,16.697065615100612,9.734200359641735,2.506940542400764,-2.4404884609877224,2.4869558258927764,-2.5090248184366986,5.937159137913673,-0.04676473693238807,3.187209967994028,1.6960427510880502,758.0211695616659,16.421920772951363,13.6512272757063,13.6512272757063,11.669035095596021,8.252752578726502,8.252752578726502,6.805771974285717,6.805771974285717,5.643255422741833,5.643255422741833,4.538985892364624,4.538985892364624,-2.05,718062.4697392145,14.306317358489165,4.9723537146614065,1.8078810798943394,139.47331753422975,18.947451815200196,12.207932775496605,11.49902366656781,6.792942306099827,0.0,5.9693052879518484,4.899909730850477,4.794537184071822,0.0,0.0,11.649124636903148,31.164679234223414,25.614300822499466,5.563451491696996,23.741988999272017,5.9693052879518484,0.0,4.899909730850477,0.0,30.588501273731964,27.495168235967128,34.90876175722036,0.0,11.49902366656781,9.473725907600098,0.0,11.49902366656781,0.0,56.61415685941401,9.473725907600098,0.0,28.260167836553215,23.781858773826368,0.0,0.0,0.0,57.230000000000004,0.0,4.794537184071822,0.0,36.92992724485763,17.062475158264807,18.52902952053558,5.5731045300692665,13.176164609739143,6.06636706846161,18.02360182036155,18.947451815200196,22.396462112622824,0.0,14.903178854875284,0.0,2.9268230347694644,1.0420953273284628,3.941065759637188,2.6375106292517003,1.1949758282942806,3.791221786554128,0.5,24,0,6,1,3,4,1,0,1,6,0,6,1,0,1,1,5,1.6969999999999998,84.42450000000005,0,0,0,0,0,0,0,0,0,0,1,1,0,0,0,1,0,0,0,1,1,0,0,0,0,0,0,0,0,0,0,0,0,0,1,0,6,0,0,0,1,4,0,0,0,0,0,0,0,0,0,0,0,0,0,1,0,0,0,0,0,0,0,0,0,0,0,0,0,0,0,0,0,0,0,0,0,0,0,0,0,0,0,0,0
Drug_108,CN1CCC2=C[C@H](O)[C@H]3OC(=O)c4cc5c(cc4[C@H]3[C@@H]21)OCO5,0,test,12.395483749055177,12.395483749055177,0.08361111111111152,-0.7636361489040062,0.5698954455745158,34.34782608695652,315.32500000000005,298.18899999999996,315.110672644,120,0,0.3384665623903676,-0.45492307009732186,0.45492307009732186,0.3384665623903676,1.2608695652173914,2.0434782608695654,2.869565217391304,16.69699837367397,9.735106824096864,2.501512870661249,-2.431421951480647,2.4824599988544223,-2.5037338806394125,5.937069088771619,-0.033642771861498916,3.127317182640995,1.7047591611544746,742.744429079693,15.714813991764817,12.690192580742394,12.690192580742394,11.131030293135236,7.867000917614285,7.867000917614285,6.596046583914265,6.596046583914265,5.390385496111952,5.390385496111952,4.3558932481528805,4.3558932481528805,-2.0499999999999994,416514.8662872235,13.394568495708853,4.488774218712062,1.7303118655200234,132.7890639425223,19.31711625624085,12.207932775496605,11.49902366656781,6.792942306099827,0.0,5.9693052879518484,4.899909730850477,4.794537184071822,0.0,0.0,11.649124636903148,31.164679234223414,18.50450328122193,5.563451491696996,24.111653440312676,5.9693052879518484,0.0,4.899909730850477,0.0,30.588501273731968,20.38537069468959,34.90876175722036,0.0,11.49902366656781,9.473725907600098,0.0,11.49902366656781,0.0,54.61088671297718,4.736862953800049,0.0,28.260167836553215,23.781858773826368,0.0,0.0,0.0,68.23,18.177238063448453,9.901064578912528,0.0,18.75268918140918,17.062475158264807,18.52902952053558,5.5731045300692665,6.06636706846161,12.142387175295491,11.947581713527667,14.210588861400147,16.444790249433108,0.0,14.662249149659864,10.44641904446964,2.630523904006048,0.7410119047619048,3.7391194255479965,1.4865847033257744,1.1098712679516254,2.072763684177375,0.47058823529411764,23,1,6,1,3,4,1,0,1,6,1,6,0,0,1,1,5,1.0428999999999997,79.63430000000004,0,1,1,0,0,0,0,0,0,0,1,1,0,0,0,1,0,0,0,1,1,0,0,0,0,0,0,0,0,0,0,0,0,0,1,0,6,0,0,0,1,3,0,0,0,0,0,0,0,0,0,0,0,0,0,0,0,0,0,0,0,0,0,0,0,0,0,0,0,0,0,0,0,0,0,0,0,0,0,0,0,0,0,0,0
Drug_10,CC1(C)SC2C(NC(=O)[C@H](N)c3ccccc3)C(=O)N2[C@@H]1C(=O)O,1,test,12.334172965482487,12.334172965482487,0.3745154111027129,-1.033228263272455,0.674878289478739,28.708333333333332,349.4120000000001,330.26000000000005,349.10962708799997,128,0,0.32739938470277585,-0.4796728023655437,0.4796728023655437,0.32739938470277585,1.3333333333333333,1.9583333333333333,2.5416666666666665,32.166906225224395,9.954473240678947,2.637630873526472,-2.433840923239489,2.5029528711176527,-2.706287100924418,8.01314783689116,-0.16071005957047552,2.8039531202147367,1.711293315571299,693.8227554205865,17.64589989101247,13.30092304475163,14.117419625679355,11.2368879901222,7.575211293076027,8.454864104330921,6.472759659838315,8.243644799210875,4.413850051011857,5.98538064585934,3.2002018181598064,4.8255984077691325,-2.0599999999999996,206112.98596074487,16.785786144559395,5.784053910830547,2.5522148388756962,143.1206585849213,21.056893206859698,23.499395300412623,0.0,11.814359458703011,0.0,5.9693052879518484,9.589074368143644,4.794537184071822,0.0,11.761884949391115,30.33183534230805,19.410925891078243,4.747022453217559,0.0,19.490138947056174,29.545549696045974,0.0,10.216698334856808,5.733667477162185,42.09389215301143,0.0,35.89528683400505,0.0,0.0,11.050456081168516,0.0,0.0,11.761884949391115,49.994678796828254,14.383611552215466,0.0,25.452766720226204,30.33183534230805,0.0,0.0,0.0,112.73,34.749029957964794,19.490138947056174,0.0,11.281052542320246,5.563451491696996,0.0,16.66179468024159,38.112942673227685,6.06636706846161,5.316788604006331,5.733667477162185,-0.6178732809698717,1.384119373057865,37.458717839782125,11.668857470784294,6.59329714138742,-1.8568691887784594,6.376417836304613,0.0,3.5766661417653483,0.0,0.4375,24,4,7,0,2,2,1,0,1,5,3,8,4,0,2,2,3,0.3181000000000002,89.02890000000005,1,0,0,0,0,0,0,0,1,1,3,2,0,0,0,1,1,1,0,0,0,0,0,0,0,0,0,2,0,0,0,0,0,0,1,0,1,0,0,0,0,0,0,0,0,0,0,0,0,0,0,0,0,1,0,0,0,0,0,0,0,0,0,0,0,0,0,0,0,0,0,0,0,0,0,1,0,0,0,0,0,0,0,0,0
