Drug_ID,Drug,Y,split,AvgIpc,BCUT2D_CHGHI,BCUT2D_CHGLO,BCUT2D_LOGPHI,BCUT2D_LOGPLOW,BCUT2D_MRHI,BCUT2D_MRLOW,BCUT2D_MWHI,BCUT2D_MWLOW,BalabanJ,BertzCT,Chi0,Chi0n,Chi0v,Chi1,Chi1n,Chi1v,Chi2n,Chi2v,Chi3n,Chi3v,Chi4n,Chi4v,EState_VSA1,EState_VSA10,EState_VSA11,EState_VSA2,EState_VSA3,EState_VSA4,EState_VSA5,EState_VSA6,EState_VSA7,EState_VSA8,EState_VSA9,ExactMolWt,FpDensityMorgan1,FpDensityMorgan2,FpDensityMorgan3,FractionCSP3,HallKierAlpha,HeavyAtomCount,HeavyAtomMolWt,Ipc,Kappa1,Kappa2,Kappa3,LabuteASA,MaxAbsEStateIndex,MaxAbsPartialCharge,MaxEStateIndex,MaxPartialCharge,MinAbsEStateIndex,MinAbsPartialCharge,MinEStateIndex,MinPartialCharge,MolLogP,MolMR,MolWt,NHOHCount,NOCount,NumAliphaticCarbocycles,NumAliphaticHeterocycles,NumAliphaticRings,NumAromaticCarbocycles,NumAromaticHeterocycles,NumAromaticRings,NumHAcceptors,NumHDonors,NumHeteroatoms,NumRadicalElectrons,NumRotatableBonds,NumSaturatedCarbocycles,NumSaturatedHeterocycles,NumSaturatedRings,NumValenceElectrons,PEOE_VSA1,PEOE_VSA10,PEOE_VSA11,PEOE_VSA12,PEOE_VSA13,PEOE_VSA14,PEOE_VSA2,PEOE_VSA3,PEOE_VSA4,PEOE_VSA5,PEOE_VSA6,PEOE_VSA7,PEOE_VSA8,PEOE_VSA9,RingCount,SMR_VSA1,SMR_VSA10,SMR_VSA2,SMR_VSA3,SMR_VSA4,SMR_VSA5,SMR_VSA6,SMR_VSA7,SMR_VSA8,SMR_VSA9,SPS,SlogP_VSA1,SlogP_VSA10,SlogP_VSA11,SlogP_VSA12,SlogP_VSA2,SlogP_VSA3,SlogP_VSA4,SlogP_VSA5,SlogP_VSA6,SlogP_VSA7,SlogP_VSA8,SlogP_VSA9,TPSA,VSA_EState1,VSA_EState10,VSA_EState2,VSA_EState3,VSA_EState4,VSA_EState5,VSA_EState6,VSA_EState7,VSA_EState8,VSA_EState9,fr_Al_COO,fr_Al_OH,fr_Al_OH_noTert,fr_ArN,fr_Ar_COO,fr_Ar_N,fr_Ar_NH,fr_Ar_OH,fr_COO,fr_COO2,fr_C_O,fr_C_O_noCOO,fr_C_S,fr_HOCCN,fr_Imine,fr_NH0,fr_NH1,fr_NH2,fr_N_O,fr_Ndealkylation1,fr_Ndealkylation2,fr_Nhpyrrole,fr_SH,fr_aldehyde,fr_alkyl_carbamate,fr_alkyl_halide,fr_allylic_oxid,fr_amide,fr_amidine,fr_aniline,fr_aryl_methyl,fr_azide,fr_azo,fr_barbitur,fr_benzene,fr_benzodiazepine,fr_bicyclic,fr_diazo,fr_dihydropyridine,fr_epoxide,fr_ester,fr_ether,fr_furan,fr_guanido,fr_halogen,fr_hdrzine,fr_hdrzone,fr_imidazole,fr_imide,fr_isocyan,fr_isothiocyan,fr_ketone,fr_ketone_Topliss,fr_lactam,fr_lactone,fr_methoxy,fr_morpholine,fr_nitrile,fr_nitro,fr_nitro_arom,fr_nitro_arom_nonortho,fr_nitroso,fr_oxazole,fr_oxime,fr_para_hydroxylation,fr_phenol,fr_phenol_noOrthoHbond,fr_phos_acid,fr_phos_ester,fr_piperdine,fr_piperzine,fr_priamide,fr_prisulfonamd,fr_pyridine,fr_quatN,fr_sulfide,fr_sulfonamd,fr_sulfone,fr_term_acetylene,fr_tetrazole,fr_thiazole,fr_thiocyan,fr_thiophene,fr_unbrch_alkane,fr_urea,qed
"[4-(Ethoxymethyl)-2,6-dimethoxyphenyl]boronic acid",CCOCc1cc(OC)c(B(O)O)c(OC)c1,0,train,2.3394930249865658,2.229540905956199,-2.1439213084385886,2.207544324739099,-2.3243187061938513,6.6051080518304,0.13345920769912495,16.48333142894335,9.778771642071604,3.1413398793571052,341.8745774467159,12.836498814253964,10.265436432333479,10.265436432333479,8.133758915185934,5.322528764829423,5.322528764829423,3.424820847715517,3.424820847715517,2.334775126060732,2.334775126060732,1.550855792771663,1.550855792771663,7.118392334224363,10.048045150132006,0.0,5.462803260414833,24.712787595593646,5.563451491696996,14.219595082555067,12.13273413692322,6.923737199690624,0.0,14.210588861400147,240.116904044,1.1176470588235294,1.6470588235294117,2.0,0.45454545454545453,-1.2350649350649352,17,222.92799999999997,2.3394930249865658,13.828366978601759,6.488117712539972,3.358430558849951,101.07782090088622,9.27886219765684,0.4969677740583489,9.27886219765684,0.49561534562937026,0.21782265684051438,0.49561534562937026,-1.6379226767867643,-0.4969677740583489,-0.0799000000000002,64.70160000000004,240.064,2,5,0,0,0,1,0,1,5,2,6,0,6,0,0,0,94,24.258634011532152,11.49902366656781,0.0,0.0,0.0,7.118392334224363,0.0,0.0,0.0,0.0,0.0,24.619922828310838,6.606881964512918,26.28928030748282,1,24.258634011532152,12.581195594639196,0.0,0.0,0.0,13.530619164203543,20.826477047067986,17.696185628620217,0.0,11.49902366656781,10.176470588235293,14.936529168014932,0.0,11.49902366656781,0.0,37.992914531424354,11.343744918312968,0.0,12.487188691387619,12.13273413692322,0.0,0.0,0.0,68.15,15.51119520030234,0.0,0.0,18.55772439531368,1.06962821239607,0.7389871504157224,3.4026851851851854,0.0,2.9308946155622744,1.2888852408247249,0,0,0,0,0,0,0,0,0,0,0,0,0,0,0,0,0,0,0,0,0,0,0,0,0,0,0,0,0,0,0,0,0,0,1,0,0,0,0,0,0,3,0,0,0,0,0,0,0,0,0,0,0,0,0,2,0,0,0,0,0,0,0,0,0,0,0,0,0,0,0,0,0,0,0,0,0,0,0,0,0,0,0,0,0,0.6804820373770006
"1-(3',4',5'-Tetramethoxy-phenyl)-4,4-dimethylpentane-1,3-dione",COc1cc(C(=O)CC(=O)C(C)(C)C)cc(OC)c1OC,0,train,2.4370990236788117,2.25124464577559,-2.1663306532046467,2.3814618412477904,-2.2268091311927933,6.093027017818226,-0.12487332722115284,16.530008213275554,9.867365443143408,3.136189582867215,515.0836969889356,16.20674230225704,13.403048771885114,13.403048771885114,9.738930630708477,6.607172917117047,6.607172917117047,5.687144422722935,5.687144422722935,3.144333427524621,3.144333427524621,1.7551271373142372,1.7551271373142372,5.414990469396779,9.589074368143644,0.0,17.987311515655886,22.81198699154871,0.0,21.3293926238326,32.903945735995094,0.0,0.0,14.210588861400147,294.146723804,0.9523809523809523,1.4285714285714286,1.7619047619047619,0.5,-2.0400000000000005,21,272.171,2.4370990236788117,17.01274261603376,6.608207842390826,3.966767471188304,124.7445041520712,12.26493150037793,0.49269013859386657,12.26493150037793,0.20280278839243407,0.1099521027546817,0.20280278839243407,-0.5453343490173848,-0.49269013859386657,2.900400000000001,79.50750000000005,294.34700000000004,0,5,0,0,0,1,0,1,5,0,5,0,6,0,0,0,116,14.210588861400147,5.783244946364939,17.28226861293275,5.749511833283905,0.0,0.0,9.589074368143644,0.0,0.0,0.0,20.771211599071872,12.13273413692322,10.978441961093775,27.75021424675861,1,23.79966322954379,11.566489892729878,0.0,0.0,5.414990469396779,27.19203322199788,21.3293926238326,17.696185628620217,0.0,17.248535499851716,10.952380952380953,14.210588861400147,0.0,17.248535499851716,0.0,32.89588251656248,4.794537184071822,5.414990469396779,37.5500218977667,12.13273413692322,0.0,0.0,0.0,61.83000000000001,15.59938744016125,0.0,24.23727135298564,0.0,-0.18227879346182885,0.820317604665324,3.1103703703703705,-0.15065736016628883,5.368456790123457,4.4471325953220795,0,0,0,0,0,0,0,0,0,0,2,2,0,0,0,0,0,0,0,0,0,0,0,0,0,0,0,0,0,0,0,0,0,0,1,0,0,0,0,0,0,3,0,0,0,0,0,0,0,0,0,2,2,0,0,3,0,0,0,0,0,0,0,0,0,0,0,0,0,0,0,0,0,0,0,0,0,0,0,0,0,0,0,0,0,0.596079467201722
"1-[3,5-Bis(trifluoromethyl)phenyl]-N-methylethanamine",CNC(C)c1cc(C(F)(F)F)cc(C(F)(F)F)c1,0,train,2.2467004911497384,2.3663983606548413,-2.169890027234565,2.367741775521079,-2.1655579144989985,5.345802903530931,-0.14271128896338836,19.417096710330586,10.003576889911166,3.387330080120578,388.2721061252191,14.137828201504695,9.577187914813866,9.577187914813866,8.052878686146174,5.020644764975811,5.020644764975811,3.849577413582294,3.849577413582294,2.5430081738616765,2.5430081738616765,1.3956405060073516,1.3956405060073516,29.5213408474289,26.34249028604892,0.0,11.629818560158606,0.0,12.13273413692322,13.971409182367815,0.0,0.0,5.316788604006331,0.0,271.079568672,0.8888888888888888,1.2777777777777777,1.5555555555555556,0.45454545454545453,-1.2400000000000002,18,260.11599999999993,2.2467004911497384,14.819665871121716,4.7946477910273675,3.378667559061514,99.79918829264545,12.515666099773242,0.41593602522875833,12.515666099773242,0.41593602522875833,0.055879629629629335,0.31324104106963296,-4.802111678004535,-0.31324104106963296,4.004600000000002,53.92070000000002,271.20399999999995,1,1,0,0,0,1,0,1,1,1,7,0,2,0,0,0,102,5.316788604006331,0.0,0.0,0.0,0.0,12.35259703488695,0.0,0.0,26.34249028604892,0.0,0.0,37.73396187944964,6.041840829147961,11.126902983393991,1,26.34249028604892,0.0,0.0,5.316788604006331,0.0,25.318175063725533,7.04767198267719,34.88945568047582,0.0,0.0,14.666666666666666,5.316788604006331,26.34249028604892,0.0,0.0,7.04767198267719,12.35259703488695,0.0,29.65593250392957,18.19910120538483,0.0,0.0,0.0,12.03,75.09399659863945,0.0,0.0,2.6038454270597127,-2.649537037037037,0.0,0.9509259259259257,-9.60422335600907,1.481787603930461,1.4565381708238851,0,0,0,0,0,0,0,0,0,0,0,0,0,0,0,0,1,0,0,0,0,0,0,0,0,6,0,0,0,0,0,0,0,0,1,0,0,0,0,0,0,0,0,0,6,0,0,0,0,0,0,0,0,0,0,0,0,0,0,0,0,0,0,0,0,0,0,0,0,0,0,0,0,0,0,0,0,0,0,0,0,0,0,0,0,0.8014247396683657
1-Phenylpropylamine,CCC(N)c1ccccc1,0,train,2.0481673906012667,1.9859452716350718,-2.064995630963952,2.1088331216873337,-2.071809144331513,5.173696709717008,0.6985946754268312,14.613755644957916,10.06595855438593,2.746978188530898,181.1795714166762,7.397341225498538,6.248558665513929,6.248558665513929,4.842535255101096,3.648047142101517,3.648047142101517,2.4254249652809374,2.4254249652809374,1.6675512471646874,1.6675512471646874,0.9359350537934289,0.9359350537934289,0.0,0.0,0.0,6.041840829147961,0.0,6.4208216229260096,5.563451491696996,0.0,18.19910120538483,19.056471336613843,5.733667477162185,135.104799416,1.3,1.9,2.4,0.3333333333333333,-0.8200000000000001,10,122.10599999999998,2.0481673906012667,7.288932461873639,3.3737941826863076,1.5785944584266869,61.866120159699506,5.79425925925926,0.3239526242996272,5.79425925925926,0.029167791515291128,0.2094444444444441,0.029167791515291128,0.2094444444444441,-0.3239526242996272,2.0964,43.66140000000002,135.20999999999998,2,1,0,0,0,1,0,1,1,1,1,0,2,0,0,0,54,5.733667477162185,0.0,0.0,0.0,0.0,0.0,0.0,0.0,0.0,0.0,37.255572541998674,11.984273114623004,6.041840829147961,0.0,1,0.0,0.0,0.0,0.0,5.733667477162185,19.386399651764595,0.0,35.89528683400505,0.0,0.0,13.0,5.733667477162185,0.0,0.0,0.0,0.0,0.0,0.0,24.94985114346159,30.33183534230805,0.0,0.0,0.0,26.02,0.0,0.0,0.0,0.0,7.021111111111112,0.0,10.379999999999999,1.0039814814814814,2.0949074074074074,0.0,0,0,0,0,0,0,0,0,0,0,0,0,0,0,0,0,0,1,0,0,0,0,0,0,0,0,0,0,0,0,0,0,0,0,1,0,0,0,0,0,0,0,0,0,0,0,0,0,0,0,0,0,0,0,0,0,0,0,0,0,0,0,0,0,0,0,0,0,0,0,0,0,0,0,0,0,0,0,0,0,0,0,0,0,0,0.6598822421050339
2-[(Benzyloxy)-imino]malonic acid,O=C(O)C(=NOCc1ccccc1)C(=O)O,0,train,2.2444402397311514,2.1876096479455867,-1.9928051081610283,2.0027193649032444,-2.2302560673866294,6.6111262165430285,-0.13438666670602956,16.630278441748768,10.22511931489998,2.5902629118171525,396.4773824982652,11.966255326250886,8.160243785026141,8.160243785026141,7.6090609052806215,4.3145549972599015,4.3145549972599015,2.8092345913089494,2.8092345913089494,1.6350304309437471,1.6350304309437471,0.9151653074092868,0.9151653074092868,17.6502955786744,9.589074368143644,0.0,6.606881964512918,0.0,5.563451491696996,0.0,24.26546827384644,6.06636706846161,9.993301310487173,10.213054789681411,223.048072388,1.125,1.6875,2.1875,0.1,-2.3699999999999997,16,214.11199999999997,2.2444402397311514,11.703367571533382,5.496144665878852,3.4104025516372825,90.76558949640796,10.391698475686571,0.47621948239687767,10.391698475686571,0.3651605665226637,0.018749999999999822,0.3651605665226637,-1.6383688166624675,-0.47621948239687767,0.7284,53.93760000000002,223.18400000000003,2,6,0,0,0,1,0,1,4,2,6,0,5,0,0,0,84,15.050643373418046,6.606881964512918,0.0,0.0,5.711685002770702,11.938610575903697,0.0,9.589074368143644,0.0,0.0,35.48754806905859,5.563451491696996,0.0,0.0,1,24.63971774156169,17.6502955786744,0.0,0.0,5.15571272675054,6.606881964512918,0.0,35.89528683400505,0.0,0.0,9.25,0.0,0.0,0.0,0.0,27.86335036835581,21.033544916393193,0.0,5.563451491696996,35.48754806905859,0.0,0.0,0.0,96.19000000000001,0.0,0.0,25.414137692113883,19.934069035021416,-0.2802697467876034,-3.276737633324935,8.856717319643908,0.0,0.018749999999999822,0.0,2,0,0,0,0,0,0,0,2,2,2,0,0,0,0,1,0,0,0,0,0,0,0,0,0,0,0,0,0,0,0,0,0,0,1,0,0,0,0,0,0,0,0,0,0,0,0,0,0,0,0,0,0,0,0,0,0,0,0,0,0,0,0,1,0,0,0,0,0,0,0,0,0,0,0,0,0,0,0,0,0,0,0,0,0,0.4354244094890332
2-Bromo-5-propoxybenzoic acid,CCCOc1ccc(Br)c(C(=O)O)c1,0,train,2.1595352215885057,2.0853859776092123,-2.056274959134128,2.221143374762488,-2.000942899833607,9.10329924654293,0.06950906323277818,79.91873103550391,10.192207029138313,2.887370373634689,336.13903760611623,10.55204176387779,7.787939019378884,9.373935558493589,6.647065707741406,4.304653112212401,5.0976513817697535,2.795266869893266,3.649603769067787,1.6410866943029707,2.3325879004093486,0.9779758868605449,1.394196655029459,5.9693052879518484,4.794537184071822,0.0,5.563451491696996,16.829113313629236,6.4208216229260096,6.06636706846161,12.13273413692322,6.923737199690624,15.929943897949348,9.843390348640755,257.98915631200003,1.5714285714285714,2.2857142857142856,2.857142857142857,0.3,-1.0300000000000002,14,248.01099999999997,2.1595352215885057,11.04710100231303,5.002000386136719,2.734266329388925,90.82802026447145,10.762225607835726,0.4935840289594944,10.762225607835726,0.33647664765115953,0.22092876039304632,0.33647664765115953,-0.9594227135298563,-0.4935840289594944,2.9361000000000015,56.88730000000002,259.09899999999993,1,3,0,0,0,1,0,1,2,1,4,0,4,0,0,0,76,9.843390348640755,5.749511833283905,0.0,0.0,0.0,5.9693052879518484,0.0,4.794537184071822,0.0,0.0,6.923737199690624,40.549866726260184,4.472719515832414,12.170333456209914,1,14.637927532712576,21.899249185901198,0.0,0.0,0.0,13.344558822616634,6.606881964512918,28.23527221291424,0.0,5.749511833283905,9.857142857142858,4.736862953800049,0.0,5.749511833283905,15.929943897949348,17.682714647305474,0.0,0.0,23.70254749838545,22.671820721217244,0.0,0.0,0.0,46.53,5.880554138321996,3.162796083711262,10.762225607835726,8.829957876669186,0.22092876039304632,-0.36919123204837456,4.93324074074074,0.9012586215041571,2.5948960695389265,0.0,0,0,0,0,1,0,0,0,1,1,1,0,0,0,0,0,0,0,0,0,0,0,0,0,0,0,0,0,0,0,0,0,0,0,1,0,0,0,0,0,0,1,0,0,1,0,0,0,0,0,0,0,0,0,0,0,0,0,0,0,0,0,0,0,0,0,0,0,0,0,0,0,0,0,0,0,0,0,0,0,0,0,0,0,0,0.9036827002663199
3-{4-[(6-Bromohexyl)oxy]butyl}benzenesulfonamide,NS(=O)(=O)c1cccc(CCCCOCCCCCCBr)c1,0,train,2.485022713617715,2.069828363274396,-2.0550588897561752,2.119307002615713,-2.117919383028682,9.088872215138368,0.12612157874607147,79.91872982118976,10.093473121885202,2.101490147744066,519.8771330348502,16.26130225617747,12.968776792678288,15.371269912720718,10.537023368100675,7.7926918457020244,10.460480231369987,5.365089158651656,7.719510485676594,3.4034125690381147,4.875146623032688,2.165452828353727,3.1458390561934166,10.023291153407584,8.417796984328938,0.0,4.895483475517775,0.0,49.79059155948829,25.328831937239638,12.13273413692322,6.06636706846161,15.929943897949348,9.87583669140799,391.081676792,1.0,1.6818181818181819,2.3636363636363638,0.625,-0.43000000000000016,22,366.151,2.485022713617715,19.616360686138155,11.159194165318985,8.878530704117287,142.1625836880391,11.28273218667074,0.3814522493858939,11.28273218667074,0.23755531271060737,0.18493449168527598,0.23755531271060737,-3.6053272409601917,-0.3814522493858939,3.628600000000003,93.83420000000005,392.35900000000004,2,4,0,0,0,1,0,1,3,1,6,0,12,0,0,0,126,4.736862953800049,0.0,0.0,10.023291153407584,0.0,0.0,0.0,13.556770721936878,0.0,0.0,40.90432128072459,49.80029374325027,18.543853576087262,4.895483475517775,1,13.154659938128987,25.953235051356934,0.0,0.0,5.138973737607942,49.84123483599984,18.543853576087262,29.828919765543436,0.0,0.0,11.727272727272727,5.138973737607942,0.0,0.0,15.929943897949348,26.961650560416203,21.180975730133643,0.0,44.08838122925306,29.160951749364212,0.0,0.0,0.0,69.39,28.167644721561015,3.4235363854209027,0.18493449168527598,6.212322371289895,1.0012015907339684,0.0,6.842783803300279,7.665254377590237,1.607649499378621,-3.6053272409601917,0,0,0,0,0,0,0,0,0,0,0,0,0,0,0,0,0,1,0,0,0,0,0,0,0,1,0,0,0,0,1,0,0,0,1,0,0,0,0,0,0,1,0,0,1,0,0,0,0,0,0,0,0,0,0,0,0,0,0,0,0,0,0,0,0,0,0,0,0,0,0,0,0,0,0,0,1,0,0,0,0,0,0,8,0,0.43630539441845884
3-Hydroxy-4-methoxybenzaldehyde,COc1ccc(C=O)cc1O,0,train,2.0414670687945566,1.9958932528929063,-2.010638607592624,2.246666225678068,-1.846381814738589,5.7575948374763195,0.1117927380088423,16.473994185201015,10.196704755622944,3.0854525021372017,268.03972257956417,8.267584713501616,6.073111253186188,6.073111253186188,5.274386907679232,3.098390500148688,3.098390500148688,2.0491373572175364,2.0491373572175364,1.3389914445221238,1.3389914445221238,0.7803185229324876,0.7803185229324876,0.0,4.794537184071822,0.0,5.749511833283905,17.599123848110455,0.0,13.176164609739143,12.13273413692322,0.0,0.0,9.843390348640755,152.047344116,1.5454545454545454,2.272727272727273,2.727272727272727,0.125,-1.51,11,144.08499999999998,2.0414670687945566,7.595374077976819,3.0531381005525,1.490370509139573,64.23058843003683,10.206405423280422,0.5042389139064142,10.206405423280422,0.1600221689522332,0.016574074074073852,0.1600221689522332,-0.016574074074073852,-0.5042389139064142,1.2132999999999998,40.046300000000016,152.14899999999997,1,3,0,0,0,1,0,1,3,1,3,0,2,0,0,0,58,9.843390348640755,6.2861605231295545,11.49902366656781,0.0,0.0,0.0,4.794537184071822,0.0,0.0,0.0,0.0,18.19910120538483,5.563451491696996,7.109797541277533,1,14.637927532712576,6.2861605231295545,0.0,0.0,0.0,0.0,7.109797541277533,23.762552697081826,0.0,11.49902366656781,9.181818181818182,4.736862953800049,0.0,11.49902366656781,0.0,18.502485459247794,0.0,0.0,10.357988675768818,18.19910120538483,0.0,0.0,0.0,46.53,4.778525132275132,0.0,10.206405423280422,9.138564814814814,0.4336111111111114,0.35435185185185225,4.468703703703704,0.6658333333333333,0.0,1.4540046296296296,0,0,0,0,0,0,0,1,0,0,1,1,0,0,0,0,0,0,0,0,0,0,0,1,0,0,0,0,0,0,0,0,0,0,1,0,0,0,0,0,0,1,0,0,0,0,0,0,0,0,0,0,0,0,0,1,0,0,0,0,0,0,0,0,0,1,1,0,0,0,0,0,0,0,0,0,0,0,0,0,0,0,0,0,0,0.6477438574453785
3-Propoxybenzoic acid,CCCOc1cccc(C(=O)O)c1,0,train,2.149896294910819,2.022073078561662,-2.0369182109170576,2.1269381033517116,-1.9860700149365427,5.874842702525589,0.06961000735360333,16.47688743847306,10.194199287593335,2.732556630763141,293.9762618127396,9.681798275874712,7.487324815559283,7.487324815559283,6.236382105218448,4.199004209041122,4.199004209041122,2.6814459956220986,2.6814459956220986,1.5538393695372128,1.5538393695372128,0.9388260996051484,0.9388260996051484,5.9693052879518484,4.794537184071822,0.0,5.563451491696996,12.356393797796823,6.4208216229260096,6.06636706846161,18.19910120538483,6.923737199690624,0.0,9.843390348640755,180.078644244,1.5384615384615385,2.3076923076923075,2.923076923076923,0.3,-1.5100000000000002,13,168.10699999999997,2.149896294910819,9.577032201914708,4.499571342364573,2.7806706786294955,76.96047265883006,10.571392274502394,0.49358542050823917,10.571392274502394,0.33531784299980333,0.2579657974300833,0.33531784299980333,-0.92875141723356,-0.49358542050823917,2.1736000000000004,49.18730000000003,180.20299999999997,1,3,0,0,0,1,0,1,2,1,3,0,4,0,0,0,70,9.843390348640755,5.749511833283905,0.0,0.0,0.0,5.9693052879518484,0.0,4.794537184071822,0.0,0.0,12.990104268152233,24.619922828310838,0.0,12.170333456209914,1,14.637927532712576,5.9693052879518484,0.0,0.0,0.0,13.344558822616634,6.606881964512918,29.828919765543436,0.0,5.749511833283905,9.615384615384615,4.736862953800049,0.0,5.749511833283905,0.0,17.682714647305474,0.0,0.0,23.70254749838545,24.26546827384644,0.0,0.0,0.0,46.53,5.282638888888889,0.0,10.571392274502394,8.679124543335853,0.2579657974300833,-0.3160199357520783,6.495713340891911,0.9139871504157218,2.615197940287226,0.0,0,0,0,0,1,0,0,0,1,1,1,0,0,0,0,0,0,0,0,0,0,0,0,0,0,0,0,0,0,0,0,0,0,0,1,0,0,0,0,0,0,1,0,0,0,0,0,0,0,0,0,0,0,0,0,0,0,0,0,0,0,0,0,0,0,0,0,0,0,0,0,0,0,0,0,0,0,0,0,0,0,0,0,0,0,0.7719359040581191
4-Hydroxybenzoic acid,O=C(O)c1ccc(O)cc1,0,train,1.8845053612018057,1.9882437683342757,-1.9166997627553668,2.0822317313874934,-1.9337508130505296,5.870990382315963,0.06966629916817026,16.365625068635,10.201113101746591,3.003400684579818,237.53306142431703,7.560477932315068,5.112076558222283,5.112076558222283,4.698377302757663,2.7227049457778083,2.7227049457778083,1.8520265887504572,1.8520265887504572,1.1142552863644086,1.1142552863644086,0.6040071144182831,0.6040071144182831,5.9693052879518484,4.794537184071822,0.0,11.3129633249809,0.0,0.0,24.26546827384644,0.0,0.0,0.0,10.213054789681411,138.031694052,1.2,1.7,2.1,0.0,-1.5099999999999998,10,132.07399999999998,1.8845053612018057,6.607785630153122,2.389632707443791,1.2539046385226678,57.54633483832936,10.23059334845049,0.507966178790397,10.23059334845049,0.33518285963636446,0.0740740740740744,0.33518285963636446,-0.9861111111111114,-0.507966178790397,1.0903999999999998,35.066100000000006,138.12199999999999,2,3,0,0,0,1,0,1,2,2,3,0,1,0,0,0,52,10.213054789681411,5.749511833283905,0.0,0.0,0.0,5.9693052879518484,0.0,4.794537184071822,0.0,0.0,0.0,24.26546827384644,0.0,5.563451491696996,1,15.007591973753234,5.9693052879518484,0.0,0.0,0.0,0.0,0.0,29.828919765543436,0.0,5.749511833283905,9.2,0.0,0.0,5.749511833283905,0.0,16.182360077633263,0.0,0.0,10.357988675768818,24.26546827384644,0.0,0.0,0.0,57.53,0.0,0.0,10.23059334845049,17.13959183673469,0.17851851851851896,-0.912037037037037,5.363333333333333,0.0,0.0,0.0,0,0,0,0,1,0,0,1,1,1,1,0,0,0,0,0,0,0,0,0,0,0,0,0,0,0,0,0,0,0,0,0,0,0,1,0,0,0,0,0,0,0,0,0,0,0,0,0,0,0,0,0,0,0,0,0,0,0,0,0,0,0,0,0,0,1,1,0,0,0,0,0,0,0,0,0,0,0,0,0,0,0,0,0,0,0.6102585058580265
4'-Methoxyacetophenone,COc1ccc(C(C)=O)cc1,0,train,2.0456060352867365,1.9666454982459611,-1.9835049273878023,2.105253798426544,-1.9059806929379208,5.935738621480265,0.10129606520635084,16.465266417535965,10.14341727365834,2.9138015626758045,248.77017257091026,8.267584713501616,6.62589765768623,6.62589765768623,5.236382105218448,3.387863785973645,3.387863785973645,2.284687758070158,2.284687758070158,1.4965448014691254,1.4965448014691254,0.8257267278168954,0.8257267278168954,0.0,4.794537184071822,0.0,5.783244946364939,5.563451491696996,5.749511833283905,0.0,38.299003014814595,0.0,0.0,4.736862953800049,150.06807956,1.2727272727272727,1.8181818181818181,2.1818181818181817,0.2222222222222222,-1.31,11,140.09699999999998,2.0456060352867365,7.793199174406604,3.191164645691246,1.802305551397824,65.80129679223744,10.804183201058201,0.49676778972374963,10.804183201058201,0.15930305126923566,0.07653061224489832,0.15930305126923566,0.07653061224489832,-0.49676778972374963,1.8978,42.99850000000002,150.177,0,2,0,0,0,1,0,1,2,0,2,0,2,0,0,0,58,4.736862953800049,5.749511833283905,5.783244946364939,0.0,0.0,0.0,4.794537184071822,0.0,0.0,0.0,0.0,31.189205473537065,5.563451491696996,7.109797541277533,1,9.53140013787187,5.783244946364939,0.0,0.0,0.0,6.923737199690624,7.109797541277533,29.828919765543436,0.0,5.749511833283905,9.272727272727273,4.736862953800049,0.0,5.749511833283905,0.0,12.893042487642472,0.0,0.0,17.28172587545944,24.26546827384644,0.0,0.0,0.0,26.3,4.937609599395314,0.0,10.804183201058201,0.0,0.713703703703704,0.8496787603930467,7.051388888888889,0.0,1.5434618291761149,1.5999740173847317,0,0,0,0,0,0,0,0,0,0,1,1,0,0,0,0,0,0,0,0,0,0,0,0,0,0,0,0,0,0,0,0,0,0,1,0,0,0,0,0,0,1,0,0,0,0,0,0,0,0,0,1,1,0,0,1,0,0,0,0,0,0,0,0,0,0,0,0,0,0,0,0,0,0,0,0,0,0,0,0,0,0,0,0,0,0.6016592633823299
5-Amino-2-methylbenzene-sulfonamide,Cc1ccc(N)cc1S(N)(=O)=O,0,train,1.918740589009928,2.100631815042698,-2.025723917116074,2.156091011827957,-2.1338817541195154,7.888175820963116,0.596996124509192,32.23311585302135,10.209105847777364,3.434493908900649,397.8674448467726,9.35337115112852,6.6114962173397185,7.427992798267445,5.40970216816285,3.2998687452681787,4.84618822318974,2.569943640972367,4.099788583276369,1.5187283018641689,2.5716053575738713,0.9232062710356713,1.7403810663498573,10.023291153407584,8.417796984328938,0.0,4.895483475517775,11.250837766380558,0.0,6.06636706846161,19.056471336613843,0.0,0.0,10.872641214770127,186.04629856,1.3333333333333333,1.9166666666666667,2.3333333333333335,0.14285714285714285,-1.07,12,176.15599999999998,1.918740589009928,9.021491308325707,2.7627287685054576,1.7467761534056498,71.23690252033407,10.928148148148148,0.39869299388597057,10.928148148148148,0.23788682855989757,0.08564814814814836,0.23788682855989757,-3.6359953703703707,-0.39869299388597057,0.22462,46.96460000000001,186.236,4,4,0,0,0,1,0,1,3,2,5,0,1,0,0,0,66,5.733667477162185,0.0,0.0,10.023291153407584,0.0,0.0,0.0,13.556770721936878,0.0,0.0,6.06636706846161,24.619922828310838,5.687386274683562,4.895483475517775,1,8.417796984328938,15.710677428091145,0.0,0.0,5.138973737607942,11.819220675208399,5.733667477162185,23.762552697081826,0.0,0.0,11.5,10.872641214770127,5.687386274683562,0.0,0.0,8.417796984328938,10.023291153407584,6.923737199690624,5.563451491696996,23.094584680902607,0.0,0.0,0.0,86.18,21.856296296296296,0.0,0.08564814814814836,4.943148148148149,6.400763888888889,0.0,4.600949074074074,0.0,1.6658564814814816,-3.6359953703703707,0,0,0,1,0,0,0,0,0,0,0,0,0,0,0,0,0,2,0,0,0,0,0,0,0,0,0,0,0,1,1,0,0,0,1,0,0,0,0,0,0,0,0,0,0,0,0,0,0,0,0,0,0,0,0,0,0,0,0,0,0,0,0,0,0,0,0,0,0,0,0,0,0,0,0,0,1,0,0,0,0,0,0,0,0,0.6151586420303399
5-Methoxy-2-nitro-4-(trifluoromethyl) benzene acetonitrile,COc1cc(CC#N)c([N+](=O)[O-])cc1C(F)(F)F,0,train,2.2651343215703106,2.3664350746913096,-2.1240543936274707,2.3948142307085054,-2.0930452723097073,5.52060866821511,-0.3853161202789694,19.41318623659455,10.051106612571227,3.5227593486807764,520.3247939867734,13.922285251880869,9.114872800984987,9.114872800984987,8.30707897813034,4.603488431945504,4.603488431945504,3.270963435837379,3.270963435837379,2.1723590745684946,2.1723590745684946,1.397614000773965,1.397614000773965,28.099959165925608,23.28556341179003,0.0,11.984273114623004,6.06636706846161,13.176164609739143,0.0,6.069221312792274,0.0,4.736862953800049,5.261891554738487,260.040876744,1.5,2.111111111111111,2.5,0.3,-2.2999999999999994,18,253.11499999999992,2.2651343215703106,13.763694267515925,4.91203866901672,2.6826512401510287,99.5468784193375,12.628727875409423,0.49610642467615695,12.628727875409423,0.41971548551476595,0.11819444444444449,0.41971548551476595,-4.762622472600151,-0.49610642467615695,2.6882800000000007,53.96740000000001,260.171,0,5,0,0,0,1,0,1,4,0,8,0,3,0,0,0,96,4.736862953800049,11.3129633249809,0.0,0.0,5.687386274683562,6.176298517443475,10.114318268765572,0.0,18.433136697762947,0.0,0.0,6.06636706846161,11.629818560158606,24.523151525813486,1,22.83141914564218,5.687386274683562,5.261891554738487,0.0,0.0,12.597120140369483,7.109797541277533,33.37395538908279,0.0,11.818733146076179,10.833333333333334,4.736862953800049,18.858631417708022,5.749511833283905,0.0,12.033108590095203,12.597120140369483,21.44543113629633,11.126902983393991,12.13273413692322,0.0,0.0,0.0,76.16,42.42774589002268,0.0,9.706376133786849,19.14641026549509,-2.1014677815570666,-0.5431944444444443,2.893249007936508,-5.132850174792139,0.0,1.0203977702191989,0,0,0,0,0,0,0,0,0,0,0,0,0,0,0,2,0,0,0,0,0,0,0,0,0,3,0,0,0,0,0,0,0,0,1,0,0,0,0,0,0,1,0,0,3,0,0,0,0,0,0,0,0,0,0,1,0,1,1,1,0,0,0,0,0,0,0,0,0,0,0,0,0,0,0,0,0,0,0,0,0,0,0,0,0,0.6179979313139587
Anthranilic acid,Nc1ccccc1C(=O)O,0,train,1.8787445285930133,2.033061279508488,-1.9590132614162745,2.084679941522546,-2.0031271359781617,5.928652180262697,0.06978327756226153,16.365650416544106,10.170814858091937,3.1529414466808685,257.53794892648057,7.560477932315068,5.2422132319119505,5.2422132319119505,4.71521405516327,2.79375634676635,2.79375634676635,1.89240301305786,1.89240301305786,1.1911985029511443,1.1911985029511443,0.6917722459608008,0.6917722459608008,5.9693052879518484,4.794537184071822,0.0,5.563451491696996,5.687386274683562,0.0,6.06636706846161,18.19910120538483,0.0,0.0,10.84019487200289,137.047678464,1.4,2.0,2.4,0.0,-1.51,10,130.08199999999997,1.8787445285930133,6.607785630153122,2.389632707443791,1.0748936229840518,58.09199178314606,10.341759259259259,0.47758357149944064,10.341759259259259,0.3372896338780637,0.15509259259259278,0.3372896338780637,-0.9878703703703702,-0.47758357149944064,0.9670000000000001,37.81370000000001,137.138,3,3,0,0,0,1,0,1,2,2,3,0,1,0,0,0,52,10.84019487200289,0.0,0.0,0.0,0.0,5.9693052879518484,0.0,4.794537184071822,0.0,0.0,12.13273413692322,12.13273413692322,5.687386274683562,5.563451491696996,1,9.901064578912528,11.65669156263541,0.0,0.0,0.0,0.0,5.733667477162185,29.828919765543436,0.0,0.0,9.2,5.733667477162185,5.687386274683562,0.0,0.0,11.075832682792555,0.0,0.0,10.357988675768818,24.26546827384644,0.0,0.0,0.0,63.32000000000001,0.0,0.0,10.341759259259259,8.485648148148147,5.796666666666667,-0.9878703703703702,6.363796296296297,0.0,0.0,0.0,0,0,0,1,1,0,0,0,1,1,1,0,0,0,0,0,0,1,0,0,0,0,0,0,0,0,0,0,0,1,0,0,0,0,1,0,0,0,0,0,0,0,0,0,0,0,0,0,0,0,0,0,0,0,0,0,0,0,0,0,0,0,0,0,1,0,0,0,0,0,0,0,0,0,0,0,0,0,0,0,0,0,0,0,0,0.5665891872452881
Benzaldehyde,O=Cc1ccccc1,0,train,1.9034911933164034,1.7947307206774132,-1.8148610634109306,1.9099593255102678,-1.7250862341623139,5.737575002628405,0.11183469450156168,16.128918620598053,10.236032132295671,2.9910469146846212,167.00151696675914,5.819990956308912,4.3723499056016175,4.3723499056016175,3.931851652578137,2.4350609975132884,2.4350609975132884,1.5285347327207177,1.5285347327207177,0.9356552548998027,0.9356552548998027,0.5316063389306862,0.5316063389306862,0.0,4.794537184071822,0.0,0.0,0.0,11.849612014826551,0.0,12.13273413692322,18.19910120538483,0.0,0.0,106.041864812,1.125,1.75,2.125,0.0,-1.11,8,100.07599999999998,1.9034911933164034,5.035137880986937,2.262450086021194,0.936277398677246,47.95786733393734,10.006481481481481,0.2978964116504968,10.006481481481481,0.14954802883036308,0.729166666666667,0.14954802883036308,0.729166666666667,-0.2978964116504968,1.4990999999999999,31.829499999999992,106.12399999999997,0,1,0,0,0,1,0,1,1,0,1,0,1,0,0,0,40,0.0,6.2861605231295545,0.0,0.0,0.0,0.0,4.794537184071822,0.0,0.0,0.0,30.33183534230805,0.0,5.563451491696996,0.0,1,4.794537184071822,6.2861605231295545,0.0,0.0,0.0,0.0,0.0,35.89528683400505,0.0,0.0,8.5,0.0,0.0,0.0,0.0,6.2861605231295545,0.0,0.0,10.357988675768818,30.33183534230805,0.0,0.0,0.0,17.07,0.0,0.0,10.006481481481481,0.0,0.729166666666667,0.0,9.097685185185185,0.8333333333333333,0.0,0.0,0,0,0,0,0,0,0,0,0,0,1,1,0,0,0,0,0,0,0,0,0,0,0,1,0,0,0,0,0,0,0,0,0,0,1,0,0,0,0,0,0,0,0,0,0,0,0,0,0,0,0,0,0,0,0,0,0,0,0,0,0,0,0,0,0,0,0,0,0,0,0,0,0,0,0,0,0,0,0,0,0,0,0,0,0,0.4956362681365689
Benzocaine,CCOC(=O)c1ccc(N)cc1,0,train,2.057933877254582,2.032888068859772,-2.0026613670562585,2.058163951922753,-2.03675789883814,5.891964680475887,0.05261870339499454,16.532107809850796,10.188647402840854,2.753742758109602,266.36195376207496,8.974691494688164,6.910354708062404,6.910354708062404,5.736382105218448,3.7640725458859556,3.7640725458859556,2.3424786483856304,2.3424786483856304,1.4218177789634643,1.4218177789634643,0.8336300246081277,0.8336300246081277,0.0,4.794537184071822,0.0,5.9693052879518484,17.857719730893475,0.0,0.0,31.18920547353706,0.0,0.0,10.470530430962235,165.078978592,1.4166666666666667,2.0,2.5,0.2222222222222222,-1.5099999999999998,12,154.10399999999996,2.057933877254582,8.585328884652048,3.7588733548338538,1.985036469518851,71.14118748925014,11.092937452758882,0.4623913115321146,11.092937452758882,0.33760972598085165,0.30787037037037,0.33760972598085165,-0.30787037037037,-0.4623913115321146,1.4455,46.81090000000002,165.19199999999998,2,3,0,0,0,1,0,1,3,1,3,0,2,0,0,0,64,10.470530430962235,0.0,0.0,0.0,0.0,5.9693052879518484,0.0,4.794537184071822,0.0,0.0,0.0,31.18920547353706,5.687386274683562,12.170333456209914,1,9.53140013787187,11.65669156263541,0.0,0.0,0.0,6.923737199690624,12.340549441675103,29.828919765543436,0.0,0.0,9.416666666666666,5.733667477162185,5.687386274683562,0.0,0.0,12.576187252464766,4.736862953800049,0.0,17.28172587545944,24.26546827384644,0.0,0.0,0.0,52.32,4.788036659108088,0.0,11.092937452758882,0.0,6.623750551146386,-0.30787037037037,6.638055555555557,0.0,2.1650901518014614,0.0,0,0,0,1,0,0,0,0,0,0,1,1,0,0,0,0,0,1,0,0,0,0,0,0,0,0,0,0,0,1,0,0,0,0,1,0,0,0,0,0,1,1,0,0,0,0,0,0,0,0,0,0,0,0,0,0,0,0,0,0,0,0,0,0,0,0,0,0,0,0,0,0,0,0,0,0,0,0,0,0,0,0,0,0,0,0.5326180793674542
Chlorobenzene,Clc1ccccc1,0,train,1.6856161633204378,1.7444369823875947,-1.79555296789147,2.0295509827772826,-1.548688011932458,6.300461197614409,1.7134178204920425,35.49569065632963,10.37221472659284,3.0214653097240864,134.10736969541455,5.112884175122364,3.764715818957356,4.520644764975811,3.393846850117352,2.099665839027573,2.477630312036801,1.2955681594256185,1.7320039398976033,0.7331105593517154,0.9850868746912003,0.4146671044330672,0.5601456979237288,0.0,0.0,0.0,0.0,0.0,5.022633313741326,0.0,0.0,30.33183534230805,0.0,11.600939890232516,112.00797784,1.0,1.5714285714285714,1.8571428571428572,0.0,-0.49000000000000005,7,107.51899999999998,1.6856161633204378,4.663609831029186,1.9871232675119368,1.2036104723218575,47.73466934637863,5.53969135802469,0.08434447652490142,5.53969135802469,0.04054844089419866,0.7939814814814818,0.04054844089419866,0.7939814814814818,-0.08434447652490142,2.34,31.451999999999998,112.55899999999997,0,0,0,0,0,1,0,1,0,0,1,0,0,0,0,0,36,0.0,0.0,0.0,0.0,0.0,0.0,0.0,0.0,0.0,0.0,29.800041095617345,12.13273413692322,5.022633313741326,0.0,1,0.0,11.600939890232516,0.0,0.0,0.0,0.0,0.0,35.35446865604938,0.0,0.0,8.714285714285714,0.0,0.0,0.0,11.600939890232516,0.0,0.0,0.0,0.0,30.33183534230805,5.022633313741326,0.0,0.0,0.0,0.0,5.53969135802469,0.0,0.7939814814814818,0.0,0.0,9.444104938271606,0.0,0.0,0.0,0,0,0,0,0,0,0,0,0,0,0,0,0,0,0,0,0,0,0,0,0,0,0,0,0,0,0,0,0,0,0,0,0,0,1,0,0,0,0,0,0,0,0,0,1,0,0,0,0,0,0,0,0,0,0,0,0,0,0,0,0,0,0,0,0,0,0,0,0,0,0,0,0,0,0,0,0,0,0,0,0,0,0,0,0,0.4833833263681997
Diethyl pthalate,CCOC(=O)c1ccccc1C(=O)OCC,0,train,2.2950316558845096,2.1733600745940547,-2.069618874015081,2.113294282618483,-2.1327499284168288,6.025933163046395,0.047867234901056675,16.538490398880867,10.086293547506532,2.9975148158911993,347.3600796599688,11.966255326250886,9.356607800987051,9.356607800987051,7.701907262607798,5.135410681680073,5.135410681680073,2.986524142897679,2.986524142897679,1.9177556725224845,1.9177556725224845,1.256806359818137,1.256806359818137,11.938610575903697,9.589074368143644,0.0,24.340666912419827,0.0,0.0,0.0,38.112942673227685,0.0,0.0,9.473725907600098,222.089208928,0.9375,1.3125,1.625,0.3333333333333333,-1.8399999999999999,16,208.12799999999996,2.2950316558845096,12.230621468926552,5.900534456325564,2.823480898816076,94.17119046497791,11.544212490551775,0.46237242193829203,11.544212490551775,0.33849587273304266,0.23870370370370386,0.33849587273304266,-0.508191609977324,-0.46237242193829203,2.04,58.35500000000003,222.23999999999995,0,4,0,0,0,1,0,1,4,0,4,0,4,0,0,0,86,9.473725907600098,0.0,0.0,0.0,0.0,11.938610575903697,0.0,9.589074368143644,0.0,0.0,12.13273413692322,25.980208536304467,0.0,24.340666912419827,1,19.06280027574374,11.938610575903697,0.0,0.0,0.0,13.847474399381248,13.213763929025836,35.392371257240434,0.0,0.0,9.625,0.0,0.0,0.0,0.0,25.152374504929533,9.473725907600098,0.0,34.56345175091888,24.26546827384644,0.0,0.0,0.0,52.60000000000001,9.700359504913077,0.0,23.08842498110355,0.0,0.4774074074074077,-1.0163832199546476,6.442908163265306,0.0,3.973949829931973,0.0,0,0,0,0,0,0,0,0,0,0,2,2,0,0,0,0,0,0,0,0,0,0,0,0,0,0,0,0,0,0,0,0,0,0,1,0,0,0,0,0,2,2,0,0,0,0,0,0,0,0,0,0,0,0,0,0,0,0,0,0,0,0,0,0,0,0,0,0,0,0,0,0,0,0,0,0,0,0,0,0,0,0,0,0,0,0.7313625096648502
Ethyl benzoylacetate,CCOC(=O)CC(=O)c1ccccc1,0,train,2.1914311309920196,2.1085731514908876,-2.002846833341619,2.0298841571379116,-2.106072159494283,6.053613255181089,-0.1414706272427975,16.532168494655174,10.09718923662668,2.5530399860231014,316.56434575430654,10.38890505706126,8.025709779712814,8.025709779712814,6.736382105218448,4.475944735186663,4.475944735186663,2.7709996041114513,2.7709996041114513,1.7059842473850089,1.7059842473850089,1.0692204598807846,1.0692204598807846,5.9693052879518484,9.589074368143644,0.0,12.204066569290948,12.170333456209914,0.0,0.0,31.18920547353706,6.06636706846161,4.736862953800049,0.0,192.078644244,1.2142857142857142,1.8571428571428572,2.4285714285714284,0.2727272727272727,-1.6399999999999997,14,180.11799999999997,2.1914311309920196,10.440906148867313,5.167915581597221,3.0117020960309198,82.69270312107442,11.429077853363568,0.46563728852362507,11.429077853363568,0.31318287931429495,0.1826851851851854,0.31318287931429495,-0.4709693877551009,-0.46563728852362507,1.8225,52.02250000000003,192.21400000000003,0,3,0,0,0,1,0,1,3,0,3,0,4,0,0,0,74,4.736862953800049,6.4208216229260096,5.783244946364939,0.0,0.0,5.9693052879518484,9.589074368143644,0.0,0.0,0.0,30.33183534230805,6.923737199690624,5.563451491696996,6.606881964512918,1,14.325937321943691,11.752550234316788,0.0,0.0,0.0,13.344558822616634,6.606881964512918,35.89528683400505,0.0,0.0,9.5,0.0,0.0,0.0,0.0,18.359432198829705,9.53140013787187,0.0,23.70254749838545,30.33183534230805,0.0,0.0,0.0,43.370000000000005,4.674245323129252,0.0,22.412812263794407,0.0,0.5421787603930466,-0.6755527210884338,8.709362323633156,-0.1826851851851854,2.0196392353237593,0.0,0,0,0,0,0,0,0,0,0,0,2,2,0,0,0,0,0,0,0,0,0,0,0,0,0,0,0,0,0,0,0,0,0,0,1,0,0,0,0,0,1,1,0,0,0,0,0,0,0,0,0,1,1,0,0,0,0,0,0,0,0,0,0,0,0,0,0,0,0,0,0,0,0,0,0,0,0,0,0,0,0,0,0,0,0,0.4149382941276642
Ethyl vanillin,CCOc1cc(C=O)ccc1O,0,train,2.0916723044719103,2.011291065010168,-2.0439899114812365,2.2535686526236707,-1.9223722155936747,5.7581245531246665,0.11178873132908268,16.484290271162813,10.19514053549895,2.9880700814121135,281.102178757748,8.974691494688164,6.780218034372736,6.780218034372736,5.774386907679232,3.6859241254661854,3.6859241254661854,2.278025913877824,2.278025913877824,1.419787986155948,1.419787986155948,0.8751362023275726,0.8751362023275726,0.0,9.901064578912528,0.0,5.749511833283905,24.206005812623374,0.0,18.19910120538483,0.0,6.923737199690624,0.0,4.736862953800049,166.06299418,1.5833333333333333,2.3333333333333335,2.9166666666666665,0.2222222222222222,-1.51,12,156.09599999999998,2.0916723044719103,8.585328884652048,3.7588733548338538,1.7515801479920028,70.59553054443344,10.337074357520786,0.5042541269718366,10.337074357520786,0.16110036123217036,0.057824074074074305,0.16110036123217036,0.057824074074074305,-0.5042541269718366,1.6034,44.66330000000002,166.176,1,3,0,0,0,1,0,1,3,1,3,0,3,0,0,0,64,9.843390348640755,6.2861605231295545,11.49902366656781,0.0,0.0,0.0,4.794537184071822,0.0,0.0,0.0,0.0,25.122838405075452,5.563451491696996,6.606881964512918,1,14.637927532712576,6.2861605231295545,0.0,0.0,0.0,6.923737199690624,6.606881964512918,23.762552697081826,0.0,11.49902366656781,9.416666666666666,4.736862953800049,0.0,11.49902366656781,0.0,17.99956988248318,0.0,0.0,17.28172587545944,18.19910120538483,0.0,0.0,0.0,46.53,5.070231481481482,0.0,10.337074357520786,9.220656651549508,0.4965277777777781,0.40699074074074115,4.477592592592592,0.7102777777777778,2.280648620559335,0.0,0,0,0,0,0,0,0,1,0,0,1,1,0,0,0,0,0,0,0,0,0,0,0,1,0,0,0,0,0,0,0,0,0,0,1,0,0,0,0,0,0,1,0,0,0,0,0,0,0,0,0,0,0,0,0,0,0,0,0,0,0,0,0,0,0,1,1,0,0,0,0,0,0,0,0,0,0,0,0,0,0,0,0,0,0,0.6935743887715065
Isopropyl eugenol,C=CCc1ccc(O)c(OC(C)C)c1,0,train,2.1031005211410836,2.0441545303547657,-2.115666605160993,2.2743337041922858,-2.0537998991085593,5.4190147194997165,0.23143937905216946,16.49554522040584,10.126382723300333,2.893133850403062,316.0978098482713,10.55204176387779,8.656426794285046,8.656426794285046,6.6302289553358005,4.7262175849902635,4.7262175849902635,3.461482238923536,3.461482238923536,1.7669293979352976,1.7669293979352976,1.2005060807322525,1.2005060807322525,0.0,5.106527394840706,0.0,11.853478221032208,5.749511833283905,11.984273114623004,0.0,6.06636706846161,32.056228643138354,6.578935683598497,4.736862953800049,192.115029752,1.5,2.2142857142857144,2.7857142857142856,0.3333333333333333,-1.44,14,176.12999999999997,2.1031005211410836,10.639617834394905,4.7007267380802364,2.8017137336504168,84.83923175539525,9.501239134542706,0.5042542095537329,9.501239134542706,0.16108345067979432,0.06933437263794362,0.16108345067979432,0.06933437263794362,-0.5042542095537329,2.9079000000000015,57.77180000000004,192.25799999999995,1,2,0,0,0,1,0,1,2,1,2,0,4,0,0,0,76,9.843390348640755,0.0,11.49902366656781,0.0,0.0,0.0,0.0,0.0,0.0,6.578935683598497,12.142387175295491,37.964481650927475,0.0,6.103966387748303,1,9.843390348640755,0.0,0.0,0.0,0.0,26.37226241005556,0.0,36.417508487514205,0.0,11.49902366656781,10.214285714285714,4.736862953800049,0.0,11.49902366656781,0.0,11.210493782589008,6.4208216229260096,0.0,19.410925891078243,30.854056995817206,0.0,0.0,0.0,29.46,5.447657785336357,0.0,0.0,9.501239134542706,1.0911574074074077,0.7276502267573699,5.358888888888889,2.6807138133030985,7.526026077097506,0.0,0,0,0,0,0,0,0,1,0,0,0,0,0,0,0,0,0,0,0,0,0,0,0,0,0,0,1,0,0,0,0,0,0,0,1,0,0,0,0,0,0,1,0,0,0,0,0,0,0,0,0,0,0,0,0,0,0,0,0,0,0,0,0,0,0,1,1,0,0,0,0,0,0,0,0,0,0,0,0,0,0,0,0,0,0,0.7431162685096147
m-Chloropropiophenone,CCC(=O)c1cccc(Cl)c1,0,train,2.030811816681678,2.0082904569630102,-1.9587783165813515,2.1123133029023724,-1.944106369415029,6.304972919154021,0.09879309306994444,35.49569087409347,10.106886786544496,2.957064034225712,268.0201725709103,8.267584713501616,6.302720621418142,7.058649567436596,5.236382105218448,3.5251337585622853,3.9030982315715126,2.2870770743280366,2.7235128548000214,1.4677070525260565,1.702804155313795,0.8660485340699439,1.0563363822091438,0.0,4.794537184071822,0.0,5.783244946364939,17.00690642836433,0.0,0.0,24.26546827384644,6.923737199690624,0.0,11.600939890232516,168.034192588,1.5454545454545454,2.272727272727273,2.8181818181818183,0.2222222222222222,-0.8200000000000002,11,159.551,2.030811816681678,8.278231827111984,3.5360505755490106,2.0537521286069143,70.99101778961223,11.107006172839506,0.29420680577102476,11.107006172839506,0.16215011258973086,0.13194444444444486,0.16215011258973086,0.13194444444444486,-0.29420680577102476,2.9327000000000014,46.073500000000024,168.623,0,1,0,0,0,1,0,1,1,0,2,0,2,0,0,0,58,0.0,0.0,5.783244946364939,0.0,0.0,0.0,4.794537184071822,0.0,0.0,0.0,30.657411226846357,12.13273413692322,17.00690642836433,0.0,1,4.794537184071822,17.384184836597456,0.0,0.0,0.0,13.344558822616634,0.0,34.85155307928476,0.0,0.0,9.636363636363637,0.0,0.0,0.0,11.600939890232516,5.783244946364939,0.0,0.0,23.70254749838545,24.26546827384644,5.022633313741326,0.0,0.0,17.07,0.0,5.693670319979843,11.107006172839506,0.615092592592593,0.6944444444444446,0.13194444444444486,7.004290123456791,0.5281172839506172,1.8365457294028722,0.0,0,0,0,0,0,0,0,0,0,0,1,1,0,0,0,0,0,0,0,0,0,0,0,0,0,0,0,0,0,0,0,0,0,0,1,0,0,0,0,0,0,0,0,0,1,0,0,0,0,0,0,1,1,0,0,0,0,0,0,0,0,0,0,0,0,0,0,0,0,0,0,0,0,0,0,0,0,0,0,0,0,0,0,0,0,0.6209897437850457
Methyl 4-hydroxybenzoate,COC(=O)c1ccc(O)cc1,0,train,2.0456060352867365,2.0212468079660604,-1.9681249097663784,2.092527817343011,-1.9916929333226439,5.888228602772386,0.06005078652766205,16.523291157439665,10.198944383934125,2.8953480359887567,250.5446100817276,8.267584713501616,6.073111253186188,6.073111253186188,5.236382105218448,3.1114705837236243,3.1114705837236243,2.0384556481391707,2.0384556481391707,1.2884023776378852,1.2884023776378852,0.7153640271100253,0.7153640271100253,5.9693052879518484,4.794537184071822,0.0,5.749511833283905,5.563451491696996,0.0,31.37526581512397,0.0,0.0,4.736862953800049,5.106527394840706,152.047344116,1.3636363636363635,1.9090909090909092,2.3636363636363638,0.125,-1.5099999999999998,11,144.08499999999998,2.0456060352867365,7.595374077976819,3.0531381005525,1.7031790754529077,64.23058843003683,10.820871126228269,0.5079661787854562,10.820871126228269,0.3373460519332536,0.13671579743008344,0.3373460519332536,-0.39814814814814814,-0.5079661787854562,1.1788,39.446300000000015,152.149,1,3,0,0,0,1,0,1,3,1,3,0,1,0,0,0,58,9.843390348640755,5.749511833283905,0.0,0.0,0.0,5.9693052879518484,0.0,4.794537184071822,0.0,0.0,0.0,24.26546827384644,0.0,12.673249032974528,1,14.637927532712576,5.9693052879518484,0.0,0.0,0.0,0.0,7.109797541277533,29.828919765543436,0.0,5.749511833283905,9.181818181818182,0.0,0.0,5.749511833283905,0.0,18.18563022407009,4.736862953800049,0.0,10.357988675768818,24.26546827384644,0.0,0.0,0.0,46.53,4.455553665910808,0.0,10.820871126228269,8.859038170823885,0.4354629629629634,-0.2614323507180647,5.8758333333333335,0.0,0.0,1.3146730914588058,0,0,0,0,0,0,0,1,0,0,1,1,0,0,0,0,0,0,0,0,0,0,0,0,0,0,0,0,0,0,0,0,0,0,1,0,0,0,0,0,1,1,0,0,0,0,0,0,0,0,0,0,0,0,0,1,0,0,0,0,0,0,0,0,0,1,1,0,0,0,0,0,0,0,0,0,0,0,0,0,0,0,0,0,0,0.6143884490200855
Methyl salicylate,COC(=O)c1ccccc1O,0,train,2.0414670687945566,2.0790202192888065,-1.9925820122850375,2.1514702339132086,-2.0002209765393397,5.916256384361441,0.05972413946987993,16.5239480261055,10.185302718118923,3.0326621558006566,267.7946100817276,8.267584713501616,6.073111253186188,6.073111253186188,5.253218857624055,3.1174536478673316,3.1174536478673316,2.00873068223107,2.00873068223107,1.309358947710324,1.309358947710324,0.7562084325647941,0.7562084325647941,5.9693052879518484,4.794537184071822,0.0,11.3129633249809,0.0,0.0,19.242531678200752,12.13273413692322,0.0,4.736862953800049,5.106527394840706,152.047344116,1.4545454545454546,2.090909090909091,2.6363636363636362,0.125,-1.51,11,144.08499999999998,2.0414670687945566,7.595374077976819,3.0531381005525,1.490370509139573,64.23058843003683,10.852037037037038,0.5070528008609642,10.852037037037038,0.3411321188257538,0.056157407407407156,0.3411321188257538,-0.5249074074074074,-0.5070528008609642,1.1787999999999998,39.446300000000015,152.14899999999997,1,3,0,0,0,1,0,1,3,1,3,0,1,0,0,0,58,9.843390348640755,11.3129633249809,0.0,0.0,0.0,5.9693052879518484,0.0,4.794537184071822,0.0,0.0,12.13273413692322,12.13273413692322,0.0,7.109797541277533,1,14.637927532712576,5.9693052879518484,0.0,0.0,0.0,0.0,7.109797541277533,29.828919765543436,0.0,5.749511833283905,9.181818181818182,0.0,0.0,5.749511833283905,0.0,18.18563022407009,4.736862953800049,0.0,10.357988675768818,24.26546827384644,0.0,0.0,0.0,46.53,4.4181481481481475,0.0,10.852037037037038,9.111203703703703,0.1898148148148151,-0.5810648148148145,6.237268518518519,0.0,0.0,1.2725925925925925,0,0,0,0,0,0,0,1,0,0,1,1,0,0,0,0,0,0,0,0,0,0,0,0,0,0,0,0,0,0,0,0,0,0,1,0,0,0,0,0,1,1,0,0,0,0,0,0,0,0,0,0,0,0,0,1,0,0,0,0,0,0,0,0,1,1,1,0,0,0,0,0,0,0,0,0,0,0,0,0,0,0,0,0,0,0.6143884490200855
"N-[(1,1-Dimethylethoxy)-carbonyl]-L- tyrosine, ethyl ester",CCOC(=O)C(Cc1ccc(O)cc1)NC(=O)OC(C)(C)C,0,train,2.3831406321314286,2.2515573356328944,-2.225382854039137,2.1262220370043607,-2.4507146376986997,5.8135281059010495,-0.1451583040438857,16.569603443593493,10.060664652905528,2.7724376913092965,504.26260505824996,16.75071237662706,13.381171665676636,13.381171665676636,10.208527217320663,7.15052859498368,7.15052859498368,5.821435032999725,5.821435032999725,2.6382468805283836,2.6382468805283836,1.7536888090157612,1.7536888090157612,23.705436999021913,14.69560176298435,0.0,18.777215420722833,0.0,5.563451491696996,12.13273413692322,39.827682935685715,0.0,5.316788604006331,9.473725907600098,309.15762283600003,1.2272727272727273,1.8181818181818181,2.3181818181818183,0.5,-2.24,22,286.178,2.3831406321314286,17.81060728744939,7.678560904915744,6.473692498069079,129.9750548583684,11.97375110229277,0.5079666451554681,11.97375110229277,0.4078816176185526,0.13568166656776048,0.4078816176185526,-0.8478306878306883,-0.5079666451554681,2.3911000000000007,81.60150000000004,309.3620000000001,2,6,0,0,0,1,0,1,5,2,6,0,5,0,0,0,122,19.897041906447136,17.392403473415555,0.0,0.0,0.0,12.062545358890263,0.0,9.589074368143644,0.0,0.0,12.13273413692322,45.39113442738271,6.4208216229260096,6.606881964512918,1,24.169327670584448,12.062545358890263,0.0,5.316788604006331,0.0,45.75866206182016,6.606881964512918,29.828919765543436,0.0,5.749511833283905,12.363636363636363,5.316788604006331,4.794537184071822,5.749511833283905,0.0,35.41884635837553,20.68908471459793,0.0,33.25840029045949,24.26546827384644,0.0,0.0,0.0,84.86,10.127862943016712,0.0,23.814763846896785,11.798890223266124,0.1332162837012676,-0.3907681633642113,5.547711876417233,-0.42817575795750407,7.146498748023595,0.0,0,0,0,0,0,0,0,1,0,0,2,2,0,0,0,0,1,0,0,0,0,0,0,0,1,0,0,1,0,0,0,0,0,0,1,0,0,0,0,0,1,2,0,0,0,0,0,0,0,0,0,0,0,0,0,0,0,0,0,0,0,0,0,0,0,1,1,0,0,0,0,0,0,0,0,0,0,0,0,0,0,0,0,0,0,0.8158086826343618
Propylparaben,CCCOC(=O)c1ccc(O)cc1,0,train,2.1514907143306727,2.0452295008920167,-2.0166539596305073,2.098698779164889,-2.0466051189536496,5.889597806925802,0.05048834855403809,16.53265624263799,10.196883657840468,2.611171250638134,276.7262618127396,9.681798275874712,7.487324815559284,7.487324815559284,6.236382105218448,4.199004209041122,4.199004209041122,2.6827932154365772,2.6827932154365772,1.5402875382840657,1.5402875382840657,0.8756060058362162,0.8756060058362162,0.0,4.794537184071822,0.0,11.718817121235753,12.170333456209914,6.4208216229260096,24.26546827384644,0.0,6.923737199690624,0.0,9.843390348640755,180.078644244,1.3846153846153846,2.0,2.5384615384615383,0.3,-1.5099999999999998,13,168.10699999999997,2.1514907143306727,9.577032201914708,4.499571342364573,2.780670678629494,76.96047265883006,11.211010015117157,0.5079661787854334,11.211010015117157,0.33762167454214054,0.1454088193919547,0.33762167454214054,-0.345509259259259,-0.5079661787854334,1.9589999999999999,48.68030000000003,180.20299999999997,1,3,0,0,0,1,0,1,3,1,3,0,3,0,0,0,70,9.843390348640755,5.749511833283905,0.0,0.0,0.0,5.9693052879518484,0.0,4.794537184071822,0.0,0.0,6.923737199690624,30.686289896772447,0.0,12.170333456209914,1,14.637927532712576,5.9693052879518484,0.0,0.0,0.0,13.344558822616634,6.606881964512918,29.828919765543436,0.0,5.749511833283905,9.615384615384615,0.0,0.0,5.749511833283905,0.0,17.682714647305474,4.736862953800049,0.0,23.70254749838545,24.26546827384644,0.0,0.0,0.0,46.53,4.896525888133031,0.0,11.211010015117157,8.962406226379441,0.4641203703703707,-0.2001004398673043,5.991797052154195,0.8093487811791383,2.364892106533972,0.0,0,0,0,0,0,0,0,1,0,0,1,1,0,0,0,0,0,0,0,0,0,0,0,0,0,0,0,0,0,0,0,0,0,0,1,0,0,0,0,0,1,1,0,0,0,0,0,0,0,0,0,0,0,0,0,0,0,0,0,0,0,0,0,0,0,1,1,0,0,0,0,0,0,0,0,0,0,0,0,0,0,0,0,0,0,0.723052379328443
Salicylic acid,O=C(O)c1ccccc1O,0,train,1.8787445285930133,2.051199792328337,-1.9456164985020472,2.1381845497726406,-1.945908635229926,5.900328911697507,0.06935242184876104,16.367670134320214,10.187505361182769,3.1529414466808685,254.78306142431708,7.560477932315068,5.112076558222283,5.112076558222283,4.71521405516327,2.728688009921516,2.728688009921516,1.8223016228423563,1.8223016228423563,1.134458362228448,1.134458362228448,0.6544892453505138,0.6544892453505138,5.9693052879518484,4.794537184071822,0.0,11.3129633249809,0.0,0.0,12.13273413692322,12.13273413692322,0.0,0.0,10.213054789681411,138.031694052,1.3,1.9,2.3,0.0,-1.51,10,132.07399999999998,1.8787445285930133,6.607785630153122,2.389632707443791,1.0748936229840518,57.54633483832936,10.26175925925926,0.5070528909451979,10.26175925925926,0.338969087360731,0.0671296296296291,0.338969087360731,-1.1128703703703706,-0.5070528909451979,1.0903999999999998,35.066100000000006,138.12199999999999,2,3,0,0,0,1,0,1,2,2,3,0,1,0,0,0,52,10.213054789681411,11.3129633249809,0.0,0.0,0.0,5.9693052879518484,0.0,4.794537184071822,0.0,0.0,12.13273413692322,12.13273413692322,0.0,0.0,1,15.007591973753234,5.9693052879518484,0.0,0.0,0.0,0.0,0.0,29.828919765543436,0.0,5.749511833283905,9.2,0.0,0.0,5.749511833283905,0.0,16.182360077633263,0.0,0.0,10.357988675768818,24.26546827384644,0.0,0.0,0.0,57.53,0.0,0.0,10.26175925925926,17.30574074074074,-0.0671296296296291,-1.3119444444444444,5.811574074074074,0.0,0.0,0.0,0,0,0,0,1,0,0,1,1,1,1,0,0,0,0,0,0,0,0,0,0,0,0,0,0,0,0,0,0,0,0,0,0,0,1,0,0,0,0,0,0,0,0,0,0,0,0,0,0,0,0,0,0,0,0,0,0,0,0,0,0,0,0,0,1,1,0,0,0,0,0,0,0,0,0,0,0,0,0,0,0,0,0,0,0,0.6102585058580265
Sulfanilamide,Nc1ccc(S(N)(=O)=O)cc1,0,train,1.8607638717481272,2.044419361199016,-1.9615373987791018,2.082599245068217,-2.1127089321607078,7.887590777174507,0.597593697299835,32.23311532036957,10.319194297186128,3.2015159310664942,341.3499619957354,8.483127663125442,5.688846486529345,6.505343067457071,4.999018565639891,2.8832020786015127,4.429521556523073,2.114044862067127,3.6754679195347126,1.2086325525620767,2.137863785973645,0.6575061586928512,1.172945984666705,10.023291153407584,8.417796984328938,0.0,4.895483475517775,5.687386274683562,0.0,24.26546827384644,0.0,0.0,0.0,10.872641214770127,172.030648496,1.0909090909090908,1.5454545454545454,1.9090909090909092,0.0,-1.07,11,164.14499999999998,1.8607638717481272,8.030704934541792,2.5192903206703843,1.9239700742334507,64.87196040593747,10.681131897203326,0.39872772109958265,10.681131897203326,0.23754769925761898,0.07564814814814835,0.23754769925761898,-3.575138888888888,-0.39872772109958265,-0.08380000000000004,42.2276,172.20900000000003,4,4,0,0,0,1,0,1,3,2,5,0,1,0,0,0,60,5.733667477162185,0.0,0.0,10.023291153407584,0.0,0.0,0.0,13.556770721936878,0.0,0.0,0.0,24.26546827384644,5.687386274683562,4.895483475517775,1,8.417796984328938,15.710677428091145,0.0,0.0,5.138973737607942,4.895483475517775,5.733667477162185,24.26546827384644,0.0,0.0,11.363636363636363,10.872641214770127,5.687386274683562,0.0,0.0,8.417796984328938,10.023291153407584,0.0,0.0,29.160951749364216,0.0,0.0,0.0,86.18,21.36226379440665,0.0,0.07564814814814835,4.838240740740741,5.845791761148904,0.0,5.703194444444444,0.0,0.0,-3.575138888888888,0,0,0,1,0,0,0,0,0,0,0,0,0,0,0,0,0,2,0,0,0,0,0,0,0,0,0,0,0,1,0,0,0,0,1,0,0,0,0,0,0,0,0,0,0,0,0,0,0,0,0,0,0,0,0,0,0,0,0,0,0,0,0,0,0,0,0,0,0,0,0,0,0,0,0,0,1,0,0,0,0,0,0,0,0,0.5805509816764027
Sulfanilic acid,Nc1ccc(S(=O)(=O)O)cc1,0,train,1.8607638717481272,2.064126438154841,-1.9513709135478534,2.096754337849553,-1.9710489218413862,7.854203138779675,0.4829758532600815,32.23978250756662,10.319223336787148,3.2015159310664942,340.5950744935719,8.483127663125442,5.558709812839677,6.375206393767403,4.999018565639891,2.830074004041052,4.270137332841692,2.044101933557007,3.465639134004354,1.177959044413068,2.04584326152662,0.6397968005060312,1.1198179101062447,10.118126859033554,8.417796984328938,0.0,4.895483475517775,5.687386274683562,0.0,24.26546827384644,0.0,0.0,0.0,10.286417350852549,173.014664084,1.1818181818181819,1.6363636363636365,2.0,0.0,-1.07,11,166.13699999999997,1.8607638717481272,8.030704934541792,2.5192903206703843,1.9239700742334507,64.39992982655029,10.458909674981104,0.3987277131397739,10.458909674981104,0.29401305934407607,0.14657407407407352,0.29401305934407607,-4.075138888888888,-0.3987277131397739,0.5155000000000001,40.669000000000004,173.193,3,4,0,0,0,1,0,1,3,2,5,0,1,0,0,0,60,5.733667477162185,0.0,0.0,0.0,10.118126859033554,0.0,4.552749873690364,0.0,8.417796984328938,0.0,0.0,24.26546827384644,5.687386274683562,4.895483475517775,1,12.9705468580193,15.805513133717117,0.0,0.0,0.0,4.895483475517775,5.733667477162185,24.26546827384644,0.0,0.0,11.363636363636363,5.733667477162185,5.687386274683562,0.0,0.0,12.9705468580193,10.118126859033554,0.0,0.0,29.160951749364216,0.0,0.0,0.0,80.39,29.429098639455784,0.0,-0.14657407407407352,0.0,5.749419879062737,0.0,5.293194444444444,0.0,0.0,-4.075138888888888,0,0,0,1,0,0,0,0,0,0,0,0,0,0,0,0,0,1,0,0,0,0,0,0,0,0,0,0,0,1,0,0,0,0,1,0,0,0,0,0,0,0,0,0,0,0,0,0,0,0,0,0,0,0,0,0,0,0,0,0,0,0,0,0,0,0,0,0,0,0,0,0,0,0,0,0,0,0,0,0,0,0,0,0,0,0.4787884431122125
tert-Butyl 3-Aminobenzoate,CC(C)(C)OC(=O)c1cccc(N)c1,0,train,2.007297628392552,2.1697486491229623,-2.1895709889833057,2.1320932605737433,-2.2340343409332712,5.901337991124677,0.006959677580601573,16.552653563382176,10.14305106826251,2.8026001817254733,339.38592250333227,10.767584713501618,8.703247926875857,8.703247926875857,6.382828714625175,4.472414775336527,4.472414775336527,4.12735477849912,4.12735477849912,1.521213522524788,1.521213522524788,1.0026607554604972,1.0026607554604972,5.601050810983688,4.794537184071822,0.0,5.9693052879518484,11.250837766380558,0.0,0.0,24.26546827384644,20.771211599071872,0.0,10.470530430962235,193.11027872,1.3571428571428572,2.0,2.5,0.36363636363636365,-1.5100000000000002,14,178.12599999999998,2.007297628392552,10.570064051240992,3.6982578073423995,3.0883626680736627,83.87107171804337,11.53474537037037,0.4563692251599252,11.53474537037037,0.33821880976967333,0.3427777777777774,0.33821880976967333,-0.4705489417989419,-0.4563692251599252,2.2241,56.02290000000003,193.24599999999998,2,3,0,0,0,1,0,1,3,1,3,0,1,0,0,0,76,10.470530430962235,5.601050810983688,0.0,0.0,0.0,5.9693052879518484,0.0,4.794537184071822,0.0,0.0,6.06636706846161,38.970312804456704,5.687386274683562,5.563451491696996,1,9.53140013787187,11.65669156263541,0.0,0.0,0.0,26.37226241005556,5.733667477162185,29.828919765543436,0.0,0.0,11.071428571428571,5.733667477162185,5.687386274683562,0.0,0.0,11.570356098935537,4.736862953800049,0.0,31.129200274840688,24.26546827384644,0.0,0.0,0.0,52.32,5.184259259259259,0.0,11.53474537037037,0.0,6.1311607142857145,-0.3427777777777774,6.750954270597127,0.0,5.491658163265306,0.0,0,0,0,1,0,0,0,0,0,0,1,1,0,0,0,0,0,1,0,0,0,0,0,0,0,0,0,0,0,1,0,0,0,0,1,0,0,0,0,0,1,1,0,0,0,0,0,0,0,0,0,0,0,0,0,0,0,0,0,0,0,0,0,0,0,0,0,0,0,0,0,0,0,0,0,0,0,0,0,0,0,0,0,0,0,0.5492838057852807
Vanillin,COc1cc(C=O)ccc1O,0,train,2.054947782314328,1.997870020303017,-2.0129684634464238,2.247074867510473,-1.853933219780523,5.758009951205343,0.11180065972100516,16.474024866329547,10.196382223920475,3.116164133858052,268.03972257956417,8.267584713501616,6.073111253186188,6.073111253186188,5.274386907679232,3.098390500148688,3.098390500148688,2.049137357217536,2.049137357217536,1.3398615046902285,1.3398615046902285,0.7675205674503293,0.7675205674503293,0.0,4.794537184071822,0.0,5.749511833283905,17.599123848110455,0.0,25.30889874666236,0.0,0.0,0.0,9.843390348640755,152.047344116,1.5454545454545454,2.272727272727273,2.8181818181818183,0.125,-1.51,11,144.08499999999998,2.054947782314328,7.595374077976819,3.0531381005525,1.490370509139573,64.23058843003683,10.248745275888133,0.5042543227773111,10.248745275888133,0.16068932365262117,0.0399074074074075,0.16068932365262117,0.0399074074074075,-0.5042543227773111,1.2132999999999998,40.046300000000016,152.14899999999997,1,3,0,0,0,1,0,1,3,1,3,0,2,0,0,0,58,9.843390348640755,6.2861605231295545,11.49902366656781,0.0,0.0,0.0,4.794537184071822,0.0,0.0,0.0,0.0,18.19910120538483,5.563451491696996,7.109797541277533,1,14.637927532712576,6.2861605231295545,0.0,0.0,0.0,0.0,7.109797541277533,23.762552697081826,0.0,11.49902366656781,9.181818181818182,4.736862953800049,0.0,11.49902366656781,0.0,18.502485459247794,0.0,0.0,10.357988675768818,18.19910120538483,0.0,0.0,0.0,46.53,4.778564814814815,0.0,10.248745275888133,9.089545540438397,0.4857870370370372,0.35435185185185203,4.412453703703704,0.696388888888889,0.0,1.434162887377173,0,0,0,0,0,0,0,1,0,0,1,1,0,0,0,0,0,0,0,0,0,0,0,1,0,0,0,0,0,0,0,0,0,0,1,0,0,0,0,0,0,1,0,0,0,0,0,0,0,0,0,0,0,0,0,1,0,0,0,0,0,0,0,0,0,1,1,0,0,0,0,0,0,0,0,0,0,0,0,0,0,0,0,0,0,0.6477438574453785
(E)-Anethol,CC=Cc1ccc(OC)cc1,1,train,2.066172828612932,1.8745200824634394,-1.9763992653447895,2.112760973445443,-1.8045252525068285,5.495036866032778,0.4145360559008539,16.465249014661026,10.182365683331312,2.8240417350315044,233.55461928814677,8.104448006685086,6.872349905601618,6.872349905601618,5.363703305156274,3.633098377859486,3.633098377859486,2.273159738960781,2.273159738960781,1.474918716136305,1.474918716136305,0.9074715917788424,0.9074715917788424,0.0,0.0,0.0,0.0,0.0,5.749511833283905,5.563451491696996,7.109797541277533,37.265225580370945,6.076020106833881,4.736862953800049,148.088815004,1.1818181818181819,1.8181818181818181,2.272727272727273,0.2,-1.2399999999999998,11,136.10899999999998,2.066172828612932,7.862459016393442,3.814282937664862,2.114270889670092,67.31511377440602,5.023216411564626,0.49676782421707494,5.023216411564626,0.1184005895910664,0.9011602418745279,0.1184005895910664,0.9011602418745279,-0.49676782421707494,2.728300000000001,47.70200000000003,148.20499999999998,0,1,0,0,0,1,0,1,1,0,1,0,2,0,0,0,58,4.736862953800049,5.749511833283905,0.0,0.0,0.0,0.0,0.0,0.0,0.0,0.0,24.284774350590983,24.619922828310838,0.0,7.109797541277533,1,4.736862953800049,6.076020106833881,0.0,0.0,0.0,6.923737199690624,7.109797541277533,35.90493987237732,0.0,5.749511833283905,10.363636363636363,4.736862953800049,0.0,5.749511833283905,0.0,7.109797541277533,0.0,0.0,12.487188691387619,30.34148838068032,0.0,6.076020106833881,0.0,9.23,5.023216411564626,0.0,0.0,0.0,1.2021296296296298,0.9011602418745279,7.960648148148148,4.070684051398337,2.0041985544217686,1.6712962962962963,0,0,0,0,0,0,0,0,0,0,0,0,0,0,0,0,0,0,0,0,0,0,0,0,0,0,1,0,0,0,0,0,0,0,1,0,0,0,0,0,0,1,0,0,0,0,0,0,0,0,0,0,0,0,0,1,0,0,0,0,0,0,0,0,0,0,0,0,0,0,0,0,0,0,0,0,0,0,0,0,0,0,0,0,0,0.6262155548658499
"1 -Phenyloctane-1,3-dione",CCCCCC(=O)CC(=O)c1ccccc1,1,train,2.3026372468587155,2.10112121557007,-2.001381876944023,2.0680439009421945,-2.073478598278836,6.073726379697303,-0.11786431851992321,16.148393020008108,10.027761229516361,2.371619406388416,341.0127910225911,11.803118619434356,9.738781832808595,9.738781832808595,7.736382105218447,5.83669884595319,5.83669884595319,3.9617603500724456,3.9617603500724456,2.5126591125265665,2.5126591125265665,1.5657427790891703,1.5657427790891703,0.0,9.589074368143644,0.0,17.987311515655886,11.984273114623004,19.26246486877803,0.0,12.13273413692322,18.19910120538483,6.923737199690624,0.0,218.130679816,1.0625,1.75,2.375,0.42857142857142855,-1.44,16,200.15199999999996,2.3026372468587155,12.62868131868132,6.937291525054354,4.386999719807128,96.67398423475738,11.66694783005795,0.29920914226675516,11.66694783005795,0.16972417063373182,0.04933295540438376,0.16972417063373182,-0.06750141723355974,-0.29920914226675516,3.408800000000002,64.53850000000004,218.29600000000002,0,2,0,0,0,1,0,1,2,0,2,0,7,0,0,0,86,0.0,5.783244946364939,5.783244946364939,0.0,0.0,0.0,9.589074368143644,0.0,0.0,0.0,50.09721578785069,6.4208216229260096,11.984273114623004,6.4208216229260096,1,9.589074368143644,11.566489892729878,0.0,0.0,0.0,39.02784531432067,0.0,35.89528683400505,0.0,0.0,10.0625,0.0,0.0,0.0,0.0,11.566489892729878,4.794537184071822,0.0,49.38583399008949,30.33183534230805,0.0,0.0,0.0,34.14,0.0,0.0,23.14772305681532,0.0,0.6308717823549175,-0.009813397581254213,8.992804677235142,3.6415906364458848,2.0968232447299906,0.0,0,0,0,0,0,0,0,0,0,0,2,2,0,0,0,0,0,0,0,0,0,0,0,0,0,0,0,0,0,0,0,0,0,0,1,0,0,0,0,0,0,0,0,0,0,0,0,0,0,0,0,2,2,0,0,0,0,0,0,0,0,0,0,0,0,0,0,0,0,0,0,0,0,0,0,0,0,0,0,0,0,0,0,1,0,0.3990526345628312
"1-(2',5'-diethylphenyl)butane-1,3-dione",CCc1ccc(CC)c(C(=O)CC(C)=O)c1,1,train,2.2679728240641337,2.1232710702656616,-2.0774103604965237,2.1539525532619788,-2.0805615453207706,6.0771345406888875,-0.11569866888536497,16.148049968504058,9.956106710568934,3.0759327786082595,405.1964103837156,12.129392033067417,10.169867732056247,10.169867732056247,7.578917360319545,5.724709286922638,5.724709286922638,4.000574314997864,4.000574314997864,2.6733382453260863,2.6733382453260863,1.7327314383703636,1.7327314383703636,0.0,9.589074368143644,0.0,17.987311515655886,0.0,29.531997720943004,6.923737199690624,0.0,25.122838405075456,6.923737199690624,0.0,218.130679816,1.125,1.8125,2.3125,0.42857142857142855,-1.44,16,200.15199999999996,2.2679728240641337,12.62868131868132,5.591151592708296,3.0238116458790336,96.67398423475737,11.882133408919122,0.2995226614076927,11.882133408919122,0.16999962839833335,0.014055177626606019,0.16999962839833335,-0.07504204459561592,-0.2995226614076927,2.973200000000001,64.82650000000004,218.29599999999996,0,2,0,0,0,1,0,1,2,0,2,0,5,0,0,0,86,0.0,5.783244946364939,5.783244946364939,0.0,0.0,0.0,9.589074368143644,0.0,0.0,0.0,25.980208536304467,36.958650497398246,5.563451491696996,6.4208216229260096,1,9.589074368143644,11.566489892729878,0.0,0.0,0.0,40.0336764678499,0.0,34.88945568047582,0.0,0.0,10.1875,0.0,0.0,0.0,0.0,11.566489892729878,17.63618042992384,0.0,48.67692488116069,18.19910120538483,0.0,0.0,0.0,34.14,0.0,0.0,22.842882259385235,0.0,2.8931500377928954,-0.13092167422524503,5.958025793650794,1.7435374149659861,5.526659501763669,0.0,0,0,0,0,0,0,0,0,0,0,2,2,0,0,0,0,0,0,0,0,0,0,0,0,0,0,0,0,0,0,2,0,0,0,1,0,0,0,0,0,0,0,0,0,0,0,0,0,0,0,0,2,2,0,0,0,0,0,0,0,0,0,0,0,0,0,0,0,0,0,0,0,0,0,0,0,0,0,0,0,0,0,0,0,0,0.562141052046392
"1-(2,5-Dimethylphenyl)-1,3-butanedione",CC(=O)CC(=O)c1cc(C)ccc1C,1,train,2.076051880775483,2.1038809676961794,-2.039220509672198,2.123922210444443,-2.063975734224988,6.076352904130839,-0.11569782769366738,16.14804239682959,9.99227681806665,2.9961913835204426,377.9081610666118,10.71517847069432,8.755654169683153,8.755654169683153,6.502907755397975,4.603388943362996,4.603388943362996,3.620343806603323,3.620343806603323,2.102982828986035,2.102982828986035,1.3575804557176172,1.3575804557176172,0.0,9.589074368143644,0.0,17.987311515655886,5.563451491696996,11.126902983393991,6.923737199690624,0.0,32.046575604766076,0.0,0.0,190.099379688,1.2142857142857142,1.8571428571428572,2.4285714285714284,0.3333333333333333,-1.44,14,176.12999999999997,2.076051880775483,10.639617834394905,4.18058104721333,2.522562886572071,83.94410000596415,11.607314814814814,0.2995226614142216,11.607314814814814,0.16998897880538283,0.004259259259259185,0.16998897880538283,-0.08712396069538908,-0.2995226614142216,2.4652400000000005,55.54450000000003,190.242,0,2,0,0,0,1,0,1,2,0,2,0,3,0,0,0,74,0.0,5.783244946364939,5.783244946364939,0.0,0.0,0.0,9.589074368143644,0.0,0.0,0.0,17.696185628620217,32.40103015923047,5.563451491696996,6.4208216229260096,1,9.589074368143644,11.566489892729878,0.0,0.0,0.0,27.19203322199788,0.0,34.88945568047582,0.0,0.0,9.928571428571429,0.0,0.0,0.0,0.0,11.566489892729878,4.794537184071822,13.847474399381248,34.82945048177944,18.19910120538483,0.0,0.0,0.0,34.14,0.0,0.0,22.410193688586546,0.0,2.643103741496599,-0.17166099773242594,5.697609126984126,0.004259259259259185,5.249828514739229,0.0,0,0,0,0,0,0,0,0,0,0,2,2,0,0,0,0,0,0,0,0,0,0,0,0,0,0,0,0,0,0,2,0,0,0,1,0,0,0,0,0,0,0,0,0,0,0,0,0,0,0,0,2,2,0,0,0,0,0,0,0,0,0,0,0,0,0,0,0,0,0,0,0,0,0,0,0,0,0,0,0,0,0,0,0,0,0.541661413874155
"1-Chloro-2,4- dinitrobenzene",O=[N+]([O-])c1ccc(Cl)c([N+](=O)[O-])c1,1,train,2.035589482137545,2.168925082291263,-1.936549676201999,2.275035470807389,-1.9224065678653848,6.322345923746069,-0.3936418102727861,35.49569127860002,10.267027969517144,3.267052212361692,378.8970430243959,10.008071689507773,6.137435633433474,6.893364579451928,6.019744507803582,3.104526447057379,3.4824909200666063,2.149934068928351,2.5571341956689575,1.337233051471999,1.6568455797325894,0.7545328394677625,0.9410879467958672,15.534008372318905,20.228636537531145,0.0,10.710019588424888,0.0,18.19910120538483,0.0,0.0,0.0,0.0,11.600939890232516,201.978134256,1.1538461538461537,1.7692307692307692,2.230769230769231,0.0,-1.69,13,199.529,2.035589482137545,9.39841732979664,3.359310173331615,1.9093966896778856,77.04062079137823,10.295092592592592,0.2942478961038836,10.295092592592592,0.2942478961038836,0.11518518518518461,0.2583059663135596,-0.7685185185185186,-0.2583059663135596,2.1564000000000005,44.76080000000001,202.55299999999997,0,6,0,0,0,1,0,1,4,0,7,0,2,0,0,0,68,0.0,5.022633313741326,0.0,0.0,11.374772549367124,0.0,20.228636537531145,0.0,0.0,0.0,11.600939890232516,6.06636706846161,6.06636706846161,15.912989166096953,1,9.846622097635342,22.97571243959964,0.0,0.0,0.0,0.0,0.0,43.450371056657296,0.0,0.0,9.615384615384615,0.0,11.374772549367124,0.0,11.600939890232516,9.846622097635342,0.0,20.228636537531145,0.0,18.19910120538483,5.022633313741326,0.0,0.0,86.28,0.0,5.431623204837489,19.03457420005039,20.406827286470143,-0.8129938271604931,0.0,3.05108024691358,0.0,0.0,0.0,0,0,0,0,0,0,0,0,0,0,0,0,0,0,0,2,0,0,0,0,0,0,0,0,0,0,0,0,0,0,0,0,0,0,1,0,0,0,0,0,0,0,0,0,1,0,0,0,0,0,0,0,0,0,0,0,0,0,2,2,1,0,0,0,0,0,0,0,0,0,0,0,0,0,0,0,0,0,0,0,0,0,0,0,0,0.5431080805091585
2-(4-Amino-2nitro-phenylamino)-ethanol,Nc1ccc(NCCO)c([N+](=O)[O-])c1,1,train,2.154792794102924,2.1230411164109566,-2.0482957124820285,2.2553510725211856,-2.0718405356086906,5.662059073967516,-0.38344363672455434,16.628462742728633,10.217300122376988,2.9603825880309405,340.60343105282635,10.55204176387779,7.434538411059242,7.434538411059242,6.647065707741406,4.0352453323376,4.0352453323376,2.6840797244031944,2.6840797244031944,1.6457389687341046,1.6457389687341046,1.0397795708054243,1.0397795708054243,4.923311048817671,10.114318268765572,0.0,18.839024645109056,11.374772549367124,0.0,12.13273413692322,6.06636706846161,0.0,5.316788604006331,10.84019487200289,197.080041212,1.5714285714285714,2.2857142857142856,2.857142857142857,0.25,-1.8200000000000003,14,186.10599999999997,2.154792794102924,10.262101806239736,4.425683220750488,2.332039674626311,80.49824970360675,10.584629157218444,0.3985225922918186,10.584629157218444,0.29387138082131437,0.08181476757369599,0.29387138082131437,-0.5177900604686316,-0.3985225922918186,0.5811999999999999,53.08430000000001,197.19400000000002,4,6,0,0,0,1,0,1,5,3,6,0,4,0,0,0,76,16.156983476009223,5.687386274683562,0.0,0.0,5.687386274683562,0.0,10.114318268765572,0.0,0.0,0.0,0.0,12.13273413692322,18.298509749057747,11.530193013330589,1,10.029838443658377,17.062158824050687,0.0,0.0,0.0,0.0,24.20209445159401,28.313419474150404,0.0,0.0,9.785714285714286,11.050456081168516,17.062158824050687,0.0,0.0,23.18147681408387,0.0,10.114318268765572,0.0,18.19910120538483,0.0,0.0,0.0,101.42,0.0,0.0,10.066839096749813,21.863500881834216,6.026177169942051,0.0,4.356688397581254,0.0,0.18679445389266847,0.0,0,1,1,1,0,0,0,0,0,0,0,0,0,0,0,1,1,1,0,0,0,0,0,0,0,0,0,0,0,2,0,0,0,0,1,0,0,0,0,0,0,0,0,0,0,0,0,0,0,0,0,0,0,0,0,0,0,0,1,1,0,0,0,0,0,0,0,0,0,0,0,0,0,0,0,0,0,0,0,0,0,0,0,0,0,0.37205385145765424
"2-(2,4-Diaminophenoxy)ethanol",Nc1ccc(OCCO)c(N)c1,1,train,2.0301784272547065,1.9833088554951195,-2.066488333183243,2.2252418012061486,-2.0353850951811605,5.599169691279295,0.20183346810058989,16.48738136895207,10.247785645776737,2.722334696822482,263.23481493850056,8.974691494688164,6.656426794285046,6.656426794285046,5.736382105218448,3.6244111867457938,3.6244111867457938,2.3693319822826666,2.3693319822826666,1.3826960011691773,1.3826960011691773,0.8539838007468046,0.8539838007468046,0.0,0.0,0.0,13.213763929025836,17.12428438265103,0.0,0.0,18.19910120538483,0.0,0.0,21.310725302965125,168.089877624,1.3333333333333333,2.0833333333333335,2.6666666666666665,0.25,-1.4200000000000004,12,156.09999999999997,2.0301784272547065,8.674517958412098,3.824199539737246,2.0309105350495433,70.7488477240185,8.482546138825901,0.48903672912945784,8.482546138825901,0.1419516347271517,0.023991638321995357,0.1419516347271517,-0.023991638321995357,-0.48903672912945784,0.2220999999999999,47.84760000000001,168.196,5,4,0,0,0,1,0,1,4,3,4,0,3,0,0,0,66,21.310725302965125,12.356393797796823,0.0,0.0,0.0,0.0,0.0,0.0,0.0,0.0,0.0,18.19910120538483,5.687386274683562,12.29426823919648,1,9.843390348640755,11.374772549367124,0.0,0.0,0.0,0.0,24.681098883350206,18.19910120538483,0.0,5.749511833283905,9.75,16.20419790812442,11.374772549367124,5.749511833283905,0.0,18.32029132386654,0.0,0.0,0.0,18.19910120538483,0.0,0.0,0.0,81.5,5.1103703703703705,0.0,0.0,8.482546138825901,12.136842324892921,0.5539351851851853,4.996132842025699,0.0,0.2201731386999244,0.0,0,1,1,2,0,0,0,0,0,0,0,0,0,0,0,0,0,2,0,0,0,0,0,0,0,0,0,0,0,2,0,0,0,0,1,0,0,0,0,0,0,1,0,0,0,0,0,0,0,0,0,0,0,0,0,0,0,0,0,0,0,0,0,0,0,0,0,0,0,0,0,0,0,0,0,0,0,0,0,0,0,0,0,0,0,0.563841177400717
2-Aminophenol,Nc1ccccc1O,1,train,1.7681772153059907,1.8726283482707522,-1.9204872165525195,2.156096397771861,-1.816197268186091,5.499510724962294,0.4777767495500599,16.25592842100586,10.292727477806125,3.134861511345448,164.63833891467198,5.983127663125442,4.3339649414480865,4.3339649414480865,3.804530452640311,2.339632201534418,2.339632201534418,1.5588157251005401,1.5588157251005401,0.9367546231628311,0.9367546231628311,0.48753022674520097,0.48753022674520097,0.0,0.0,0.0,5.749511833283905,5.687386274683562,0.0,0.0,24.26546827384644,0.0,0.0,10.84019487200289,109.052763844,1.25,1.875,2.25,0.0,-1.1800000000000002,8,102.07199999999997,1.7681772153059907,4.966627565982405,1.7381205361963379,0.7293748574130688,47.56552756870569,8.79425925925926,0.5057961642180998,8.79425925925926,0.13795820172316434,0.14583333333333348,0.13795820172316434,0.14583333333333348,-0.5057961642180998,0.9743999999999999,32.5192,109.12799999999999,3,2,0,0,0,1,0,1,2,2,2,0,0,0,0,0,42,10.84019487200289,5.749511833283905,0.0,0.0,0.0,0.0,0.0,0.0,0.0,0.0,12.13273413692322,12.13273413692322,0.0,5.687386274683562,1,5.106527394840706,5.687386274683562,0.0,0.0,0.0,0.0,5.733667477162185,24.26546827384644,0.0,5.749511833283905,9.0,5.733667477162185,5.687386274683562,5.749511833283905,0.0,5.106527394840706,0.0,0.0,0.0,24.26546827384644,0.0,0.0,0.0,46.25,0.0,0.0,0.0,8.79425925925926,5.693425925925927,0.14583333333333348,6.699814814814815,0.0,0.0,0.0,0,0,0,1,0,0,0,1,0,0,0,0,0,0,0,0,0,1,0,0,0,0,0,0,0,0,0,0,0,1,0,0,0,0,1,0,0,0,0,0,0,0,0,0,0,0,0,0,0,0,0,0,0,0,0,0,0,0,0,0,0,0,0,0,2,1,1,0,0,0,0,0,0,0,0,0,0,0,0,0,0,0,0,0,0,0.3849667558355937
2-Bromo-5-hydroxy-benzaldehyde,O=Cc1cc(O)ccc1Br,1,train,1.9417167173945034,1.9687634491679944,-1.9448833515950312,2.1892191846063516,-1.793213449943532,9.103289491839865,0.11173721293168244,79.91873097187013,10.214620020673257,3.211310929132046,257.78306142431705,7.560477932315068,5.042827435731551,6.628823974846256,4.736382105218447,2.6750003009575063,3.4679985705148586,1.8236670191715147,2.678003918346035,1.1065491209961482,1.82871964191111,0.621460500231013,0.961542061901733,0.0,4.794537184071822,0.0,5.749511833283905,16.322331530658964,0.0,12.13273413692322,6.06636706846161,0.0,15.929943897949348,5.106527394840706,199.9472915,1.5,2.2,2.7,0.0,-0.8300000000000001,10,195.97899999999998,1.9417167173945034,7.279051254089422,2.8358235933154585,1.3594078806149144,66.61964869177471,10.238425925925926,0.507940856097953,10.238425925925926,0.1508225112553934,0.10212962962963013,0.1508225112553934,0.10212962962963013,-0.507940856097953,1.9672,41.19430000000001,201.01899999999995,1,2,0,0,0,1,0,1,2,1,3,0,1,0,0,0,52,5.106527394840706,5.749511833283905,6.2861605231295545,0.0,0.0,0.0,4.794537184071822,0.0,0.0,0.0,15.929943897949348,18.19910120538483,10.03617100752941,0.0,1,9.901064578912528,22.216104421078903,0.0,0.0,0.0,0.0,0.0,28.23527221291424,0.0,5.749511833283905,9.3,0.0,0.0,5.749511833283905,15.929943897949348,11.39268791797026,0.0,0.0,10.357988675768818,22.671820721217244,0.0,0.0,0.0,37.3,0.6947222222222225,3.1482175925925926,10.238425925925926,8.88888888888889,0.4583333333333337,0.10212962962963013,4.534953703703703,0.6843287037037036,0.0,0.0,0,0,0,0,0,0,0,1,0,0,1,1,0,0,0,0,0,0,0,0,0,0,0,1,0,0,0,0,0,0,0,0,0,0,1,0,0,0,0,0,0,0,0,0,1,0,0,0,0,0,0,0,0,0,0,0,0,0,0,0,0,0,0,0,0,1,1,0,0,0,0,0,0,0,0,0,0,0,0,0,0,0,0,0,0,0.7048091102553438
2-Methoxy-4-methylphenol,COc1cc(C)ccc1O,1,train,1.9417167173945034,1.9734479445028787,-2.0175528571897288,2.248714434819076,-1.8295156526122598,5.405657689140641,0.3729221006181146,16.473988644002482,10.20330250906378,3.090683646458197,230.69924244622516,7.560477932315068,6.087512693532699,6.087512693532699,4.736382105218447,3.074013105158359,3.074013105158359,2.175303162876071,2.175303162876071,1.3352245969680763,1.3352245969680763,0.7848439686222127,0.7848439686222127,0.0,0.0,0.0,5.749511833283905,5.749511833283905,5.563451491696996,7.109797541277533,12.13273413692322,12.990104268152233,0.0,9.843390348640755,138.06807956,1.4,2.1,2.6,0.25,-1.1800000000000002,10,128.08599999999998,1.9417167173945034,6.933378684807257,2.60339789453191,1.2095233527616807,60.06906632999306,9.109953703703702,0.5042546064276908,9.109953703703702,0.16023830796396954,0.18805555555555586,0.16023830796396954,0.18805555555555586,-0.5042546064276908,1.70922,39.395800000000015,138.166,1,2,0,0,0,1,0,1,2,1,2,0,1,0,0,0,54,9.843390348640755,0.0,11.49902366656781,0.0,0.0,0.0,0.0,0.0,0.0,0.0,6.06636706846161,24.61992282831084,0.0,7.109797541277533,1,9.843390348640755,0.0,0.0,0.0,0.0,6.923737199690624,7.109797541277533,23.762552697081826,0.0,11.49902366656781,9.4,4.736862953800049,0.0,11.49902366656781,0.0,12.216324936118239,0.0,6.923737199690624,5.563451491696996,18.19910120538483,0.0,0.0,0.0,29.46,4.875787037037037,0.0,0.0,9.109953703703702,1.0783796296296297,0.7158333333333338,5.237453703703704,0.0,1.946388888888889,1.5362037037037037,0,0,0,0,0,0,0,1,0,0,0,0,0,0,0,0,0,0,0,0,0,0,0,0,0,0,0,0,0,0,1,0,0,0,1,0,0,0,0,0,0,1,0,0,0,0,0,0,0,0,0,0,0,0,0,1,0,0,0,0,0,0,0,0,0,1,1,0,0,0,0,0,0,0,0,0,0,0,0,0,0,0,0,0,0,0.6397107129957217
2-Nitro-p- phenylenediamine,Nc1ccc(N)c([N+](=O)[O-])c1,1,train,1.9361507976020194,2.0925625579153753,-1.9609490694139735,2.2229893655600854,-1.961413899844156,5.634385745273902,-0.3834023626424079,16.628409308669934,10.232567632586823,3.232208870305491,297.8789117242989,8.430721420318147,5.650461522375814,5.650461522375814,5.109060905280622,2.904139310322301,2.904139310322301,2.0753628980232453,2.0753628980232453,1.2511894338103609,1.2511894338103609,0.718813227379086,0.718813227379086,4.923311048817671,10.114318268765572,0.0,11.374772549367124,5.687386274683562,0.0,18.19910120538483,0.0,0.0,0.0,11.46733495432437,153.053826464,1.3636363636363635,2.0,2.4545454545454546,0.0,-1.7800000000000002,11,146.08499999999998,1.9361507976020194,7.328459869848155,2.4517901863265896,1.3728506132569875,62.76416023602219,10.243981481481482,0.39852259385579625,10.243981481481482,0.2936608826797371,0.12888888888888927,0.2936608826797371,-0.5637962962962964,-0.39852259385579625,0.7592000000000001,41.9212,153.14100000000002,4,5,0,0,0,1,0,1,4,2,5,0,1,0,0,0,58,11.46733495432437,5.687386274683562,0.0,0.0,5.687386274683562,0.0,10.114318268765572,0.0,0.0,0.0,0.0,12.13273413692322,11.753753343145172,4.923311048817671,1,4.923311048817671,17.062158824050687,0.0,0.0,0.0,0.0,11.46733495432437,28.313419474150404,0.0,0.0,9.454545454545455,11.46733495432437,17.062158824050687,0.0,0.0,4.923311048817671,0.0,10.114318268765572,0.0,18.19910120538483,0.0,0.0,0.0,95.18,0.0,0.0,9.680185185185186,10.243981481481482,10.917962962962964,0.0,4.15787037037037,0.0,0.0,0.0,0,0,0,2,0,0,0,0,0,0,0,0,0,0,0,1,0,2,0,0,0,0,0,0,0,0,0,0,0,2,0,0,0,0,1,0,0,0,0,0,0,0,0,0,0,0,0,0,0,0,0,0,0,0,0,0,0,0,1,1,0,0,0,0,0,0,0,0,0,0,0,0,0,0,0,0,0,0,0,0,0,0,0,0,0,0.3533702087308726
4-Sulfophenyl-6-((1-oxononyl)amino)hexanoate (Nonanoylamidocaproylacidoxybenzenesulfonate),CCCCCCCCC(=O)NCCC(CCC(=O)O)c1ccccc1S(=O)(=O)O,1,train,2.660827118199901,2.22061442687198,-2.1905202871133183,2.2982180149674005,-2.254060227250784,7.854800591567818,-0.13683604409819297,32.23978444834561,9.907553634369506,2.6072004985453923,747.2931430251025,21.70045984493289,17.100594582319385,17.91709116324711,13.752237423263947,10.302175690292696,11.742239019093338,7.29862464493852,8.688583730222282,4.915770022233971,5.843368150770457,3.345857699615183,4.128961686282617,22.005338193146798,22.559621226162943,0.0,23.6443064507213,24.94985114346159,19.26246486877803,31.395199005701247,12.13273413692322,0.0,12.240525803696954,5.106527394840706,427.2028587759999,1.0,1.6551724137931034,2.310344827586207,0.6190476190476191,-1.9299999999999993,29,394.2990000000001,2.660827118199901,25.10694126339121,13.32226804121197,10.42143341565442,173.20131098137836,12.001100823045267,0.48123012277732735,12.001100823045267,0.3028622993236614,0.055054655349793924,0.3028622993236614,-4.414981695141556,-0.48123012277732735,4.138600000000003,111.48710000000008,427.5630000000001,3,7,0,0,0,1,0,1,4,3,8,0,15,0,0,0,164,10.423315998847038,0.0,0.0,5.907179729351506,10.118126859033554,5.9693052879518484,14.141824241834009,0.0,8.417796984328938,0.0,57.2269465197055,36.81018947509803,19.386399651764595,4.895483475517775,1,27.66614862100365,21.994611876336908,0.0,5.316788604006331,0.0,81.94534295062991,6.544756405912575,29.828919765543436,0.0,0.0,12.482758620689655,5.316788604006331,0.0,0.0,0.0,36.49831567607594,19.707201227177197,0.0,82.61331096680912,29.160951749364216,0.0,0.0,0.0,120.77,32.790952433979,0.0,22.761065838537515,11.821668227193975,0.37631771163992456,-1.439300805043326,6.029117285574362,7.515329220585318,2.4764984493414524,-4.414981695141556,1,0,0,0,0,0,0,0,1,1,2,1,0,0,0,0,1,0,0,0,0,0,0,0,0,0,0,1,0,0,0,0,0,0,1,0,0,0,0,0,0,0,0,0,0,0,0,0,0,0,0,0,0,0,0,0,0,0,0,0,0,0,0,0,0,0,0,0,0,0,0,0,0,0,0,0,0,0,0,0,0,0,0,4,0,0.2856921106366844
"3,4-Dichloroaniline hydrochloride",Nc1ccc(Cl)c(Cl)c1,1,train,1.7965675742516065,1.9359132524083498,-1.939482199643307,2.2250510191527826,-1.8172222761026735,6.416546675145621,1.6818739898436634,35.49826044001391,10.31437984485952,3.1716780304409156,222.29788705001033,6.8533711511285205,4.5653300227769575,6.077187914813867,4.198377302757663,2.4046734793166253,3.16060242533508,1.6735461619661591,2.487946415447371,0.9436573222713966,1.682686601009413,0.5123821503457836,0.8189129382442667,0.0,0.0,0.0,0.0,15.732652902166215,0.0,0.0,18.19910120538483,0.0,0.0,28.935547257627213,160.97990452,1.1111111111111112,1.7777777777777777,2.2222222222222223,0.0,-0.4000000000000001,9,156.97899999999998,1.7965675742516065,6.716279069767443,2.4602853745541022,1.5012345679012344,63.377826270273026,5.602006172839506,0.39868489280238684,5.602006172839506,0.06122662950118548,0.496913580246914,0.06122662950118548,0.496913580246914,-0.39868489280238684,2.5756000000000006,40.87440000000001,162.019,2,1,0,0,0,1,0,1,1,1,3,0,0,0,0,0,48,5.733667477162185,0.0,0.0,0.0,0.0,0.0,0.0,0.0,0.0,0.0,23.20187978046503,18.19910120538483,5.687386274683562,10.045266627482652,1,0.0,28.889266055148596,0.0,0.0,0.0,0.0,5.733667477162185,28.244367832867482,0.0,0.0,9.555555555555555,5.733667477162185,5.687386274683562,0.0,23.20187978046503,0.0,0.0,0.0,0.0,18.19910120538483,10.045266627482652,0.0,0.0,26.02,0.0,11.195154320987653,0.0,1.0301234567901243,6.013487654320988,0.0,4.983456790123457,0.0,0.0,0.0,0,0,0,1,0,0,0,0,0,0,0,0,0,0,0,0,0,1,0,0,0,0,0,0,0,0,0,0,0,1,0,0,0,0,1,0,0,0,0,0,0,0,0,0,2,0,0,0,0,0,0,0,0,0,0,0,0,0,0,0,0,0,0,0,0,0,0,0,0,0,0,0,0,0,0,0,0,0,0,0,0,0,0,0,0,0.5825188519698148
3-Methyleugenol,C=CCc1cc(C)c(OC)c(O)c1,1,train,2.0383713955115104,2.0556947455759826,-2.081447669856307,2.3042729968233298,-1.9009813786088592,5.477501478638184,0.37028846181167413,16.47447905909897,10.074011294094872,3.115894537036695,292.8614719767792,9.844934982691242,8.001726255905794,8.001726255905794,6.185070510202191,4.1607297433460255,4.1607297433460255,2.9578907749541465,2.9578907749541465,1.8989756578624442,1.8989756578624442,1.3785497305047794,1.3785497305047794,0.0,5.106527394840706,0.0,5.749511833283905,5.749511833283905,17.54772460632,0.0,19.252184716573023,12.990104268152233,6.578935683598497,4.736862953800049,178.099379688,1.5384615384615385,2.230769230769231,2.6923076923076925,0.2727272727272727,-1.44,13,164.11899999999997,2.0383713955115104,9.64650519031142,3.986213149529808,2.022431154101899,78.47428964099865,9.539511526832955,0.5042407541375855,9.539511526832955,0.1628914700852685,0.19384259259259284,0.1628914700852685,0.19384259259259284,-0.5042407541375855,2.4377200000000006,53.29680000000003,178.23099999999997,1,2,0,0,0,1,0,1,2,1,2,0,3,0,0,0,70,9.843390348640755,0.0,11.49902366656781,0.0,0.0,0.0,0.0,0.0,0.0,6.578935683598497,12.142387175295491,30.537828874472233,0.0,7.109797541277533,1,9.843390348640755,0.0,0.0,0.0,0.0,13.344558822616634,7.109797541277533,35.91459291074959,0.0,11.49902366656781,9.692307692307692,4.736862953800049,0.0,11.49902366656781,0.0,12.216324936118239,6.4208216229260096,6.923737199690624,11.126902983393991,24.787689927355597,0.0,0.0,0.0,29.46,5.033054374527589,0.0,0.0,9.539511526832955,1.9908796296296298,0.7427428193499628,3.6882407407407407,2.5685355253212396,5.55288068468128,1.5508213655832703,0,0,0,0,0,0,0,1,0,0,0,0,0,0,0,0,0,0,0,0,0,0,0,0,0,0,1,0,0,0,1,0,0,0,1,0,0,0,0,0,0,1,0,0,0,0,0,0,0,0,0,0,0,0,0,1,0,0,0,0,0,0,0,0,0,1,1,0,0,0,0,0,0,0,0,0,0,0,0,0,0,0,0,0,0,0.7201936754983598
"4,4,4-Trifluoro-1- phenylbutane-1,3- dione",O=C(CC(=O)C(F)(F)F)c1ccccc1,1,train,2.172908815183731,2.3861425614649496,-2.034539571104875,2.1860155763356786,-2.2480227137155735,6.08897985380979,-0.1695047246363978,19.41329480108883,10.063859186930243,2.6972630824993016,368.00393264954994,11.474691494688164,7.5442481270900865,7.5442481270900865,6.90970216816285,4.092985383687211,4.092985383687211,2.8869138385437285,2.8869138385437285,1.73305205027826,1.73305205027826,0.972156142849836,0.972156142849836,24.16361003309936,22.760319511168106,0.0,5.563451491696996,0.0,0.0,24.26546827384644,6.06636706846161,0.0,0.0,0.0,216.039814124,1.0666666666666667,1.6,2.066666666666667,0.2,-1.6499999999999995,15,209.10199999999998,2.172908815183731,11.424906367041201,4.249097944167352,3.194617232823622,83.71082198594965,11.82346277399849,0.4499618105122266,11.82346277399849,0.4499618105122266,0.1065740740740746,0.29369037930861847,-4.940039328231292,-0.29369037930861847,2.3908000000000005,46.45150000000002,216.15800000000002,0,2,0,0,0,1,0,1,2,0,5,0,3,0,0,0,80,0.0,0.0,5.783244946364939,5.783244946364939,0.0,6.176298517443475,9.589074368143644,0.0,13.171245143024459,0.0,30.33183534230805,0.0,5.563451491696996,6.4208216229260096,1,22.760319511168106,11.566489892729878,0.0,0.0,0.0,12.597120140369483,0.0,35.89528683400505,0.0,0.0,11.133333333333333,0.0,13.171245143024459,0.0,0.0,17.742788410173354,4.794537184071822,0.0,16.778810298694825,30.33183534230805,0.0,0.0,0.0,34.14,35.47038832199547,0.0,21.683410336356765,0.0,0.1065740740740746,-2.8386314247921387,7.399733205782313,-6.071474513416478,0.0,0.0,0,0,0,0,0,0,0,0,0,0,2,2,0,0,0,0,0,0,0,0,0,0,0,0,0,3,0,0,0,0,0,0,0,0,1,0,0,0,0,0,0,0,0,0,3,0,0,0,0,0,0,2,2,0,0,0,0,0,0,0,0,0,0,0,0,0,0,0,0,0,0,0,0,0,0,0,0,0,0,0,0,0,0,0,0,0.5738468280165534
4-Allylanisole,C=CCc1ccc(OC)cc1,1,train,2.066172828612932,1.8959777335891945,-1.9919379112354159,2.108308211475124,-1.8325703198673353,5.274902247100741,0.41442853260101503,16.465249374123022,10.142678833150324,2.7366739543410024,223.13302247817728,8.104448006685086,6.709213198785088,6.709213198785088,5.363703305156274,3.6037896122627133,3.6037896122627133,2.3408739759180546,2.3408739759180546,1.5390939580983258,1.5390939580983258,0.9282859064252973,0.9282859064252973,0.0,0.0,0.0,0.0,0.0,12.170333456209914,5.563451491696996,7.109797541277533,30.34148838068032,6.578935683598497,4.736862953800049,148.088815004,1.3636363636363635,2.0,2.4545454545454546,0.2,-1.2399999999999998,11,136.10899999999998,2.066172828612932,7.862459016393442,3.814282937664862,2.114270889670092,67.31511377440602,5.021480300453515,0.4967682157477287,5.021480300453515,0.1183781129118103,0.9007520786092218,0.1183781129118103,0.9007520786092218,-0.4967682157477287,2.4237,46.89500000000003,148.20499999999998,0,1,0,0,0,1,0,1,1,0,1,0,3,0,0,0,58,4.736862953800049,5.749511833283905,0.0,0.0,0.0,0.0,0.0,0.0,0.0,6.578935683598497,18.208754243757102,24.117007251546223,0.0,7.109797541277533,1,4.736862953800049,0.0,0.0,0.0,0.0,6.4208216229260096,7.109797541277533,42.483875555975814,0.0,5.749511833283905,9.181818181818182,4.736862953800049,0.0,5.749511833283905,0.0,7.109797541277533,6.4208216229260096,0.0,5.563451491696996,36.92042406427882,0.0,0.0,0.0,9.23,5.021480300453515,0.0,0.0,0.0,1.2646296296296298,0.9007520786092218,7.998703703703704,2.8113133030990176,3.6672996189216427,1.6691546989166037,0,0,0,0,0,0,0,0,0,0,0,0,0,0,0,0,0,0,0,0,0,0,0,0,0,0,1,0,0,0,0,0,0,0,1,0,0,0,0,0,0,1,0,0,0,0,0,0,0,0,0,0,0,0,0,1,0,0,0,0,0,0,0,0,0,0,0,0,0,0,0,0,0,0,0,0,0,0,0,0,0,0,0,0,0,0.5980208715479165
4-Methylamino- phenol sulfate,CNc1ccc(O)cc1,1,train,1.9003726279897948,1.8514131657545698,-1.9633505180149005,2.116401107204197,-1.8436575465870295,5.44544214695812,0.475190936561793,16.25464170501929,10.289093922123346,2.881555877646136,180.61256853719752,6.69023444431199,5.256614672258462,5.256614672258462,4.325698502695489,2.7949740027958976,2.7949740027958976,1.7968740243419743,1.7968740243419743,1.155979845887883,1.155979845887883,0.6280968000909796,0.6280968000909796,0.0,0.0,0.0,0.0,5.749511833283905,5.687386274683562,0.0,12.13273413692322,19.18040611960041,5.316788604006331,5.106527394840706,123.068413908,1.2222222222222223,1.7777777777777777,2.2222222222222223,0.14285714285714285,-1.1800000000000002,9,114.08299999999997,1.9003726279897948,5.947877237851663,2.3955617406597787,1.3533930115039927,54.14044116969762,8.824410430839002,0.5079643191599673,8.824410430839002,0.11522699181642894,0.30000000000000027,0.11522699181642894,0.30000000000000027,-0.5079643191599673,1.4339,37.65350000000001,123.15499999999997,2,2,0,0,0,1,0,1,2,2,2,0,1,0,0,0,48,10.423315998847038,5.749511833283905,0.0,0.0,0.0,0.0,0.0,0.0,0.0,0.0,0.0,24.26546827384644,12.735058257360752,0.0,1,5.106527394840706,5.687386274683562,0.0,0.0,0.0,0.0,12.36446058668352,24.26546827384644,0.0,5.749511833283905,9.0,5.316788604006331,5.687386274683562,5.749511833283905,0.0,12.154199377517894,0.0,0.0,0.0,24.26546827384644,0.0,0.0,0.0,32.26,0.0,0.0,0.0,11.767465986394559,1.0072222222222225,0.30000000000000027,6.918981481481482,0.0,0.0,1.8396636432350717,0,0,0,0,0,0,0,1,0,0,0,0,0,0,0,0,1,0,0,0,0,0,0,0,0,0,0,0,0,1,0,0,0,0,1,0,0,0,0,0,0,0,0,0,0,0,0,0,0,0,0,0,0,0,0,0,0,0,0,0,0,0,0,0,0,1,1,0,0,0,0,0,0,0,0,0,0,0,0,0,0,0,0,0,0,0.5535554805775342
4-Phenylene-diamine,Nc1ccc(N)cc1,1,train,1.769973094021975,1.8014052366987263,-1.9021973821832907,2.0437744066389127,-1.8557116819830985,5.47317319017263,1.6678324532135702,14.569907777205108,10.282899890880444,3.0324555320336755,145.38833891467198,5.983127663125442,4.464101615137754,4.464101615137754,3.787693700234704,2.398717474235544,2.398717474235544,1.6666666666666672,1.6666666666666672,0.936467025586168,0.936467025586168,0.49601129057086185,0.49601129057086185,0.0,0.0,0.0,0.0,0.0,11.374772549367124,0.0,24.26546827384644,0.0,0.0,11.46733495432437,108.06874825599999,0.75,1.0,1.25,0.0,-1.1800000000000002,8,100.07999999999998,1.769973094021975,4.966627565982405,1.7381205361963379,0.9041418956093399,48.11118451352239,5.3711111111111105,0.39872678655286503,5.3711111111111105,0.03149942761044836,0.7492592592592595,0.03149942761044836,0.7492592592592595,-0.39872678655286503,0.8510000000000002,35.2668,108.144,4,2,0,0,0,1,0,1,2,2,2,0,0,0,0,0,42,11.46733495432437,0.0,0.0,0.0,0.0,0.0,0.0,0.0,0.0,0.0,0.0,24.26546827384644,11.374772549367124,0.0,1,0.0,11.374772549367124,0.0,0.0,0.0,0.0,11.46733495432437,24.26546827384644,0.0,0.0,9.0,11.46733495432437,11.374772549367124,0.0,0.0,0.0,0.0,0.0,0.0,24.26546827384644,0.0,0.0,0.0,52.04,0.0,0.0,0.0,0.0,12.24074074074074,0.0,7.092592592592593,0.0,0.0,0.0,0,0,0,2,0,0,0,0,0,0,0,0,0,0,0,0,0,2,0,0,0,0,0,0,0,0,0,0,0,2,0,0,0,0,1,0,0,0,0,0,0,0,0,0,0,0,0,0,0,0,0,0,0,0,0,0,0,0,0,0,0,0,0,0,0,0,0,0,0,0,0,0,0,0,0,0,0,0,0,0,0,0,0,0,0,0.4839273658917496
5-Amino-O-Cresol,Cc1ccc(N)cc1O,1,train,1.7965675742516065,1.9186212303035868,-1.9660761654804868,2.172995740178581,-1.830505800374258,5.465007768947705,0.47125851944353636,16.255348276529137,10.18835848385492,3.171678030440915,220.15617759993404,6.8533711511285205,5.256614672258461,5.256614672258461,4.198377302757663,2.750315804057377,2.750315804057377,2.045924013568936,2.045924013568936,1.2331926177578885,1.2331926177578885,0.6264222722535681,0.6264222722535681,0.0,0.0,0.0,5.749511833283905,5.687386274683562,5.563451491696996,6.06636706846161,12.13273413692322,6.923737199690624,0.0,10.84019487200289,123.068413908,1.4444444444444444,2.111111111111111,2.5555555555555554,0.14285714285714285,-1.18,9,114.08299999999998,1.7965675742516065,5.947877237851663,1.973221425374384,1.1340794947334671,53.93046968310229,9.020092592592592,0.5076067030479906,9.020092592592592,0.12003387500947285,0.2592592592592595,0.12003387500947285,0.2592592592592595,-0.5076067030479906,1.2828199999999998,37.2562,123.155,3,2,0,0,0,1,0,1,2,2,2,0,0,0,0,0,48,10.84019487200289,5.749511833283905,0.0,0.0,0.0,0.0,0.0,0.0,0.0,0.0,6.06636706846161,18.55355575984923,11.753753343145172,0.0,1,5.106527394840706,5.687386274683562,0.0,0.0,0.0,6.923737199690624,5.733667477162185,23.762552697081826,0.0,5.749511833283905,9.444444444444445,5.733667477162185,5.687386274683562,5.749511833283905,0.0,5.106527394840706,0.0,6.923737199690624,5.563451491696996,18.19910120538483,0.0,0.0,0.0,46.25,0.0,0.0,0.0,9.020092592592592,6.814074074074075,0.2592592592592595,5.078425925925926,0.0,1.828148148148148,0.0,0,0,0,1,0,0,0,1,0,0,0,0,0,0,0,0,0,1,0,0,0,0,0,0,0,0,0,0,0,1,1,0,0,0,1,0,0,0,0,0,0,0,0,0,0,0,0,0,0,0,0,0,0,0,0,0,0,0,0,0,0,0,0,0,0,1,1,0,0,0,0,0,0,0,0,0,0,0,0,0,0,0,0,0,0,0.5103360477769769
5-Methyleugenol,C=CCc1cc(OC)c(O)cc1C,1,train,2.097690001304296,2.045355548085521,-2.0788077994640823,2.287332267789606,-1.9039696384600049,5.460081388854692,0.3725068407428286,16.474006690102996,10.049141684302905,3.132855185816144,316.11147197677917,9.844934982691242,8.001726255905794,8.001726255905794,6.185070510202192,4.1607297433460255,4.1607297433460255,2.9433408505287906,2.9433408505287906,2.0016758708398172,2.0016758708398172,1.2538367633201506,1.2538367633201506,0.0,5.106527394840706,0.0,5.749511833283905,5.749511833283905,17.54772460632,0.0,13.176164609739143,19.066124374986117,6.578935683598497,4.736862953800049,178.099379688,1.5384615384615385,2.230769230769231,2.769230769230769,0.2727272727272727,-1.44,13,164.11899999999997,2.097690001304296,9.64650519031142,3.986213149529808,2.022431154101899,78.47428964099863,9.433183578987151,0.5042478931477891,9.433183578987151,0.1602807637061928,0.18778911564625878,0.1602807637061928,0.18778911564625878,-0.5042478931477891,2.4377200000000006,53.29680000000003,178.23099999999997,1,2,0,0,0,1,0,1,2,1,2,0,3,0,0,0,70,9.843390348640755,0.0,11.49902366656781,0.0,0.0,0.0,0.0,0.0,0.0,6.578935683598497,6.076020106833881,36.60419594293384,0.0,7.109797541277533,1,9.843390348640755,0.0,0.0,0.0,0.0,13.344558822616634,7.109797541277533,35.91459291074959,0.0,11.49902366656781,9.692307692307692,4.736862953800049,0.0,11.49902366656781,0.0,12.216324936118239,6.4208216229260096,6.923737199690624,11.126902983393991,24.787689927355597,0.0,0.0,0.0,29.46,5.002657785336357,0.0,0.0,9.433183578987151,2.183194444444445,0.7039465230536663,3.545648148148148,2.626284013605442,5.6280253212396065,1.5437268518518519,0,0,0,0,0,0,0,1,0,0,0,0,0,0,0,0,0,0,0,0,0,0,0,0,0,0,1,0,0,0,1,0,0,0,1,0,0,0,0,0,0,1,0,0,0,0,0,0,0,0,0,0,0,0,0,1,0,0,0,0,0,0,0,0,0,1,1,0,0,0,0,0,0,0,0,0,0,0,0,0,0,0,0,0,0,0.7201936754983598
6-Methyleugenol,C=CCc1cc(C)c(O)c(OC)c1,1,train,2.112163344146992,2.0529827523635564,-2.076845056955072,2.3030335443119805,-1.8939683690489284,5.476126065385604,0.37102495976840427,16.474081929818713,10.074195956179844,3.131974939837885,316.11147197677917,9.844934982691242,8.001726255905794,8.001726255905794,6.185070510202192,4.1607297433460255,4.1607297433460255,2.9563837865373475,2.9563837865373475,1.9252595359116595,1.9252595359116595,1.2593105560922564,1.2593105560922564,0.0,5.106527394840706,0.0,5.749511833283905,5.749511833283905,17.54772460632,0.0,7.109797541277533,25.132491443447726,6.578935683598497,4.736862953800049,178.099379688,1.5384615384615385,2.230769230769231,2.769230769230769,0.2727272727272727,-1.44,13,164.11899999999997,2.112163344146992,9.64650519031142,3.986213149529808,2.022431154101899,78.47428964099863,9.539387282690853,0.504071532388893,9.539387282690853,0.1605437570594893,0.21788170823885133,0.1605437570594893,0.21788170823885133,-0.504071532388893,2.4377200000000006,53.29680000000003,178.23099999999997,1,2,0,0,0,1,0,1,2,1,2,0,3,0,0,0,70,9.843390348640755,0.0,11.49902366656781,0.0,0.0,0.0,0.0,0.0,0.0,6.578935683598497,12.142387175295491,30.537828874472233,0.0,7.109797541277533,1,9.843390348640755,0.0,0.0,0.0,0.0,13.344558822616634,7.109797541277533,35.91459291074959,0.0,11.49902366656781,9.692307692307692,4.736862953800049,0.0,11.49902366656781,0.0,12.216324936118239,6.4208216229260096,6.923737199690624,11.126902983393991,24.787689927355597,0.0,0.0,0.0,29.46,5.02849111866969,0.0,0.0,9.539387282690853,1.9290277777777782,0.7427428193499628,3.7535185185185185,2.6138303099017386,5.5118679138322,1.5478009259259258,0,0,0,0,0,0,0,1,0,0,0,0,0,0,0,0,0,0,0,0,0,0,0,0,0,0,1,0,0,0,1,0,0,0,1,0,0,0,0,0,0,1,0,0,0,0,0,0,0,0,0,0,0,0,0,1,0,0,0,0,0,0,0,0,0,1,1,0,0,0,0,0,0,0,0,0,0,0,0,0,0,0,0,0,0,0.7201936754983598
6-Methylisoeugenol,CC=Cc1cc(C)c(O)c(OC)c1,1,train,2.112163344146992,2.044891824630187,-2.0661402175777446,2.305165534328528,-1.8685287707230533,5.578184026527232,0.3713900303675789,16.474080521919383,10.098675054627506,3.214443407812092,327.10731817700736,9.844934982691242,8.164862962722324,8.164862962722324,6.185070510202192,4.190038508942798,4.190038508942798,2.8886695495800736,2.8886695495800736,1.8668789860500148,1.8668789860500148,1.218364439462702,1.218364439462702,0.0,5.106527394840706,0.0,5.749511833283905,5.749511833283905,11.126902983393991,0.0,7.109797541277533,38.13224874997223,0.0,4.736862953800049,178.099379688,1.3846153846153846,2.076923076923077,2.6153846153846154,0.2727272727272727,-1.44,13,164.11899999999997,2.112163344146992,9.64650519031142,3.986213149529808,2.022431154101899,78.47428964099863,9.541123393801964,0.5040712727282652,9.541123393801964,0.1608549963760857,0.21828987150415746,0.1608549963760857,0.21828987150415746,-0.5040712727282652,2.742320000000001,54.103800000000035,178.23099999999997,1,2,0,0,0,1,0,1,2,1,2,0,2,0,0,0,70,9.843390348640755,0.0,11.49902366656781,0.0,0.0,0.0,0.0,0.0,0.0,0.0,12.152040213667762,37.10711151969846,0.0,7.109797541277533,1,9.843390348640755,6.076020106833881,0.0,0.0,0.0,13.847474399381248,7.109797541277533,29.335657227151092,0.0,11.49902366656781,10.692307692307692,4.736862953800049,0.0,11.49902366656781,0.0,12.216324936118239,0.0,6.923737199690624,18.050640183084614,18.208754243757102,0.0,6.076020106833881,0.0,29.46,5.028899281934996,0.0,0.0,9.541123393801964,1.863055555555556,0.7396787603930466,3.722407407407407,3.916885865457294,3.805079365079365,1.549537037037037,0,0,0,0,0,0,0,1,0,0,0,0,0,0,0,0,0,0,0,0,0,0,0,0,0,0,1,0,0,0,1,0,0,0,1,0,0,0,0,0,0,1,0,0,0,0,0,0,0,0,0,0,0,0,0,1,0,0,0,0,0,0,0,0,0,1,1,0,0,0,0,0,0,0,0,0,0,0,0,0,0,0,0,0,0,0.7540979628174106
a-Amyl cinnamic aldehyde,CCCCCC(C=O)=Cc1ccccc1,1,train,2.292200308313999,1.954855900137238,-1.991501165522329,2.1118267239401933,-1.8572018010114648,5.809915869104876,-0.10451543800264795,16.12905282164122,10.056338997548668,2.5762090172546523,311.3704021779951,10.932875131431278,9.278127299537436,9.278127299537436,7.363703305156274,5.573071438482735,5.573071438482735,3.7048940383352007,3.7048940383352007,2.372014499589848,2.372014499589848,1.507579323577983,1.507579323577983,0.0,4.794537184071822,0.0,0.0,0.0,30.264359790747832,12.841643245852019,0.0,36.407855449141934,6.923737199690624,0.0,202.135765196,1.2,1.9333333333333333,2.533333333333333,0.35714285714285715,-1.37,15,184.15299999999996,2.292200308313999,11.703367571533382,6.992698830807922,4.59161276944722,91.82285910252936,10.835308012093726,0.29825637550624956,10.835308012093726,0.14554215422443673,0.8950736961451248,0.14554215422443673,0.8950736961451248,-0.29825637550624956,3.8492000000000033,64.62500000000004,202.297,0,1,0,0,0,1,0,1,1,0,1,0,6,0,0,0,80,0.0,6.2861605231295545,0.0,0.0,0.0,0.0,4.794537184071822,0.0,0.0,0.0,50.09721578785069,30.05421937445216,0.0,0.0,1,4.794537184071822,12.362180629963436,0.0,0.0,0.0,32.60702369139466,0.0,41.468391364074314,0.0,0.0,11.4,0.0,0.0,0.0,0.0,6.2861605231295545,4.794537184071822,0.0,38.17047518309165,35.90493987237732,0.0,6.076020106833881,0.0,17.07,0.0,0.0,10.835308012093726,0.0,2.005322656840514,0.0,9.988339238473166,7.336215277777778,2.168148148148148,0.0,0,0,0,0,0,0,0,0,0,0,1,1,0,0,0,0,0,0,0,0,0,0,0,1,0,0,1,0,0,0,0,0,0,0,1,0,0,0,0,0,0,0,0,0,0,0,0,0,0,0,0,0,0,0,0,0,0,0,0,0,0,0,0,0,0,0,0,0,0,0,0,0,0,0,0,0,0,0,0,0,0,0,0,1,0,0.38882065899504836
a-Butyl cinnamic aldehyde,CCCCC(C=O)=Cc1ccccc1,1,train,2.2536879778597165,1.9450397591552118,-1.9788453674079207,2.1005446072175054,-1.8485747720378591,5.80988677700967,-0.10451279486866225,16.129051902026163,10.068259730180532,2.6835786672144684,298.27141852541797,10.22576835024473,8.571020518350888,8.571020518350888,6.863703305156274,5.073071438482735,5.073071438482735,3.351340647741927,3.351340647741927,2.1220144995898482,2.1220144995898482,1.30935601887462,1.30935601887462,0.0,4.794537184071822,0.0,0.0,0.0,36.685181413673845,0.0,0.0,36.407855449141934,6.923737199690624,0.0,188.120115132,1.2857142857142858,2.0,2.5714285714285716,0.3076923076923077,-1.37,14,172.14199999999997,2.2536879778597165,10.709176563737133,6.139847601044491,3.5645223351867186,85.45791698813275,10.746978930461072,0.2982563755119203,10.746978930461072,0.14554215282016386,0.8838236961451248,0.14554215282016386,0.8838236961451248,-0.2982563755119203,3.459100000000002,60.00800000000004,188.27,0,1,0,0,0,1,0,1,1,0,1,0,5,0,0,0,74,0.0,6.2861605231295545,0.0,0.0,0.0,0.0,4.794537184071822,0.0,0.0,0.0,43.67639416492468,30.05421937445216,0.0,0.0,1,4.794537184071822,12.362180629963436,0.0,0.0,0.0,26.186202068468653,0.0,41.468391364074314,0.0,0.0,11.357142857142858,0.0,0.0,0.0,0.0,6.2861605231295545,4.794537184071822,0.0,31.749653560165648,35.90493987237732,0.0,6.076020106833881,0.0,17.07,0.0,0.0,10.746978930461072,0.0,1.9895861678004538,0.0,9.95536855946082,6.011498881960191,2.1299007936507937,0.0,0,0,0,0,0,0,0,0,0,0,1,1,0,0,0,0,0,0,0,0,0,0,0,1,0,0,1,0,0,0,0,0,0,0,1,0,0,0,0,0,0,0,0,0,0,0,0,0,0,0,0,0,0,0,0,0,0,0,0,0,0,0,0,0,0,0,0,0,0,0,0,0,0,0,0,0,0,0,0,0,0,0,0,0,0,0.5105766335388109
a-Hexyl cinnamic aldehyde,CCCCCCC(C=O)=Cc1ccccc1,1,train,2.341489455767968,1.9612588213748487,-2.0010737056922308,2.1201936084156467,-1.862580892735757,5.8099263794455105,-0.10451546596210058,16.129053601807126,10.047818096580285,2.4733412797916827,324.54800497189876,11.639981912617825,9.985234080723984,9.985234080723984,7.863703305156274,6.073071438482734,6.073071438482734,4.058447428928474,4.058447428928474,2.622014499589847,2.622014499589847,1.6843560188746196,1.6843560188746196,0.0,4.794537184071822,0.0,0.0,0.0,30.264359790747832,19.26246486877803,0.0,36.407855449141934,6.923737199690624,0.0,216.15141526,1.125,1.875,2.5,0.4,-1.37,16,196.16399999999996,2.341489455767968,12.698352699931647,7.861728805175354,4.921948556645515,98.18780121692596,10.904848907155454,0.2982563755062391,10.904848907155454,0.14554215422979203,0.9011848072562358,0.14554215422979203,0.9011848072562358,-0.2982563755062391,4.239300000000004,69.24200000000005,216.324,0,1,0,0,0,1,0,1,1,0,1,0,7,0,0,0,86,0.0,6.2861605231295545,0.0,0.0,0.0,0.0,4.794537184071822,0.0,0.0,0.0,56.5180374107767,30.05421937445216,0.0,0.0,1,4.794537184071822,12.362180629963436,0.0,0.0,0.0,39.02784531432067,0.0,41.468391364074314,0.0,0.0,11.4375,0.0,0.0,0.0,0.0,6.2861605231295545,4.794537184071822,0.0,44.59129680601767,35.90493987237732,0.0,6.076020106833881,0.0,17.07,0.0,0.0,10.904848907155454,0.0,2.0161060983035193,0.0,10.01481714889047,8.702677182175288,2.1948839968086,0.0,0,0,0,0,0,0,0,0,0,0,1,1,0,0,0,0,0,0,0,0,0,0,0,1,0,0,1,0,0,0,0,0,0,0,1,0,0,0,0,0,0,0,0,0,0,0,0,0,0,0,0,0,0,0,0,0,0,0,0,0,0,0,0,0,0,0,0,0,0,0,0,0,0,0,0,0,0,0,0,0,0,0,0,2,0,0.37831492048469173
alpha-Methyl cinnamic aldehyde,CC(C=O)=Cc1ccccc1,1,train,2.0607532263263386,1.8545672448718493,-1.9046572049009884,2.0298264580171916,-1.7575343523164546,5.801017940855257,-0.1043332278813861,16.1289986609,10.148075002008262,2.8717118913324144,259.461083124702,8.104448006685086,6.4497001747912455,6.4497001747912455,5.325698502695489,3.512411266702914,3.512411266702914,2.416889235874417,2.416889235874417,1.3798025706509902,1.3798025706509902,0.8461763660673782,0.8461763660673782,0.0,4.794537184071822,0.0,0.0,0.0,17.422716544895817,0.0,6.923737199690624,36.407855449141934,0.0,0.0,146.07316494,1.2727272727272727,1.9090909090909092,2.4545454545454546,0.1,-1.37,11,136.10899999999998,2.0607532263263386,7.733842159916925,3.7145006798174434,2.3781056866075,66.3630906449429,10.240910336356764,0.29826785811191964,10.240910336356764,0.1452602711848682,0.7464814814814815,0.1452602711848682,0.7464814814814815,-0.29826785811191964,2.2888,46.157000000000025,146.189,0,1,0,0,0,1,0,1,1,0,1,0,2,0,0,0,56,0.0,6.2861605231295545,0.0,0.0,0.0,0.0,4.794537184071822,0.0,0.0,0.0,30.33183534230805,24.136313328290765,0.0,0.0,1,4.794537184071822,12.362180629963436,0.0,0.0,0.0,6.923737199690624,0.0,41.468391364074314,0.0,0.0,11.181818181818182,0.0,0.0,0.0,0.0,6.2861605231295545,4.794537184071822,0.0,12.487188691387619,35.90493987237732,0.0,6.076020106833881,0.0,17.07,0.0,0.0,10.240910336356764,0.0,1.813240740740741,0.0,9.779182256235828,2.708333333333333,1.7916666666666665,0.0,0,0,0,0,0,0,0,0,0,0,1,1,0,0,0,0,0,0,0,0,0,0,0,1,0,0,1,0,0,0,0,0,0,0,1,0,0,0,0,0,0,0,0,0,0,0,0,0,0,0,0,0,0,0,0,0,0,0,0,0,0,0,0,0,0,0,0,0,0,0,0,0,0,0,0,0,0,0,0,0,0,0,0,0,0,0.46183318380073934
a-Methyl phenylacetaldehyde,CC(C=O)c1ccccc1,1,train,2.0481673906012667,1.9916544478626697,-2.000860911315237,2.0980191677664353,-1.9169297891033608,5.605960102140836,-0.10828209387836293,16.129346608085086,10.036942579812655,2.8420150159808886,203.22806798157626,7.397341225498538,5.949700174791245,5.949700174791245,4.842535255101096,3.3457446000362476,3.3457446000362476,2.3354415006057274,2.3354415006057274,1.529480059706989,1.529480059706989,0.8351675397716727,0.8351675397716727,0.0,4.794537184071822,0.0,5.917906046161393,0.0,11.849612014826551,0.0,0.0,37.255572541998674,0.0,0.0,134.07316494,1.3,1.9,2.4,0.2222222222222222,-1.11,10,124.09799999999998,2.0481673906012667,7.0024859392575936,3.158345867895079,1.4386129877383433,60.68775156273055,10.305281557067271,0.302724023616101,10.305281557067271,0.12666594644274684,0.02888888888888852,0.12666594644274684,0.02888888888888852,-0.302724023616101,1.9889999999999999,40.92100000000002,134.17799999999997,0,1,0,0,0,1,0,1,1,0,1,0,2,0,0,0,52,4.794537184071822,6.2861605231295545,0.0,0.0,0.0,0.0,0.0,0.0,0.0,0.0,37.255572541998674,5.563451491696996,5.917906046161393,0.0,1,4.794537184071822,6.2861605231295545,0.0,0.0,0.0,12.841643245852017,0.0,35.89528683400505,0.0,0.0,12.5,0.0,0.0,0.0,0.0,6.2861605231295545,4.794537184071822,0.0,18.405094737549014,30.33183534230805,0.0,0.0,0.0,17.07,0.0,0.0,10.305281557067271,0.0,1.0810185185185188,0.02888888888888852,9.739903628117913,0.9537037037037037,1.8912037037037037,0.0,0,0,0,0,0,0,0,0,0,0,1,1,0,0,0,0,0,0,0,0,0,0,0,1,0,0,0,0,0,0,0,0,0,0,1,0,0,0,0,0,0,0,0,0,0,0,0,0,0,0,0,0,0,0,0,0,0,0,0,0,0,0,0,0,0,0,0,0,0,0,0,0,0,0,0,0,0,0,0,0,0,0,0,0,0,0.5651412770367776
Aniline,Nc1ccccc1,1,train,1.6856161633204378,1.7177485503746481,-1.832534423054876,1.9538296161006725,-1.7883441894356618,5.35384440237622,1.6886545936299087,14.53191100585711,10.325605444309435,3.0214653097240864,134.10736969541455,5.112884175122364,3.9641016151377544,3.9641016151377544,3.393846850117352,2.1993587371177727,2.1993587371177727,1.4106836025229597,1.4106836025229597,0.7995724914118484,0.7995724914118484,0.4530389187988476,0.4530389187988476,0.0,0.0,0.0,0.0,0.0,5.687386274683562,0.0,0.0,30.33183534230805,0.0,5.733667477162185,93.057849224,1.0,1.5714285714285714,1.8571428571428572,0.0,-0.9800000000000001,7,86.07299999999998,1.6856161633204378,4.18611295681063,1.6461962159398054,0.9290591797144502,42.771293816509676,5.357777777777778,0.3987288294865909,5.357777777777778,0.03134759259121862,0.8217592592592595,0.03134759259121862,0.8217592592592595,-0.3987288294865909,1.2688000000000001,30.8544,93.12899999999999,2,1,0,0,0,1,0,1,1,1,1,0,0,0,0,0,36,5.733667477162185,0.0,0.0,0.0,0.0,0.0,0.0,0.0,0.0,0.0,18.19910120538483,12.13273413692322,5.687386274683562,0.0,1,0.0,5.687386274683562,0.0,0.0,0.0,0.0,5.733667477162185,30.33183534230805,0.0,0.0,8.571428571428571,5.733667477162185,5.687386274683562,0.0,0.0,0.0,0.0,0.0,0.0,30.33183534230805,0.0,0.0,0.0,26.02,0.0,0.0,0.0,0.0,6.179537037037037,0.0,9.48712962962963,0.0,0.0,0.0,0,0,0,1,0,0,0,0,0,0,0,0,0,0,0,0,0,1,0,0,0,0,0,0,0,0,0,0,0,1,0,0,0,0,1,0,0,0,0,0,0,0,0,0,0,0,0,0,0,0,0,0,0,0,0,0,0,0,0,0,0,0,0,0,1,0,0,0,0,0,0,0,0,0,0,0,0,0,0,0,0,0,0,0,0,0.48007546344555985
Benzyl Bromide,BrCc1ccccc1,1,train,1.9034911933164034,1.807939421792934,-1.8796457461290357,2.0179622592566764,-1.7012431685522855,9.083144430269272,1.4395522151786502,79.91872959651431,10.243266504283767,2.8320858350070908,145.73281445033504,5.819990956308912,4.471822600143904,6.0578191392586085,3.931851652578137,2.531498235028658,3.6529671427750605,1.6192291806097014,2.179963634482903,0.9971280120395808,1.6446083878147624,0.5670976518131655,0.9409206210619665,0.0,0.0,0.0,0.0,0.0,5.330089647061427,5.563451491696996,0.0,18.19910120538483,28.06267803487257,0.0,169.973112324,1.125,1.75,2.125,0.14285714285714285,-0.30000000000000004,8,163.98099999999997,1.9034911933164034,5.829870129870129,2.8759809750297274,1.3382187267509833,57.66389283953493,3.3574537037037038,0.0876283382912765,3.3574537037037038,0.028255282196368497,0.9522222222222222,0.028255282196368497,0.9522222222222222,-0.0876283382912765,2.5815,39.07300000000002,171.037,0,0,0,0,0,1,0,1,0,0,1,0,1,0,0,0,42,0.0,0.0,0.0,0.0,0.0,0.0,0.0,0.0,0.0,0.0,46.2617792402574,5.563451491696996,5.330089647061427,0.0,1,0.0,15.929943897949348,0.0,0.0,0.0,5.330089647061427,0.0,35.89528683400505,0.0,0.0,9.125,0.0,0.0,0.0,15.929943897949348,0.0,5.330089647061427,0.0,5.563451491696996,30.33183534230805,0.0,0.0,0.0,0.0,0.0,3.3574537037037038,0.0,0.9522222222222222,1.326388888888889,0.0,10.280601851851852,0.0,0.0,0.0,0,0,0,0,0,0,0,0,0,0,0,0,0,0,0,0,0,0,0,0,0,0,0,0,0,1,0,0,0,0,0,0,0,0,1,0,0,0,0,0,0,0,0,0,1,0,0,0,0,0,0,0,0,0,0,0,0,0,0,0,0,0,0,0,0,0,0,0,0,0,0,0,0,0,0,0,0,0,0,0,0,0,0,0,0,0.5693246285400515
Benzylidene acetone,CC(=O)C=Cc1ccccc1,1,train,2.029238942059196,1.8335790743961984,-1.8775246318667105,1.9965220230052527,-1.7864125186616906,5.9093580321875,-0.11212255922945,16.13685128041294,10.17888237887481,2.7217735540687813,259.461083124702,8.104448006685086,6.4497001747912455,6.4497001747912455,5.287693700234704,3.5254913502778504,3.5254913502778504,2.3546673458807956,2.3546673458807956,1.310063962885701,1.310063962885701,0.7777290989802184,0.7777290989802184,0.0,4.794537184071822,0.0,5.783244946364939,0.0,5.563451491696996,0.0,12.999757306524504,36.407855449141934,0.0,0.0,146.07316494,1.2727272727272727,1.9090909090909092,2.4545454545454546,0.1,-1.37,11,136.10899999999998,2.029238942059196,7.733842159916925,3.7145006798174434,2.8046483913205162,66.3630906449429,10.530262188208617,0.29518056792006914,10.530262188208617,0.1521343710218303,0.07764172335600916,0.1521343710218303,0.07764172335600916,-0.29518056792006914,2.2888,46.157000000000025,146.189,0,1,0,0,0,1,0,1,1,0,1,0,2,0,0,0,56,0.0,0.0,5.783244946364939,0.0,0.0,0.0,4.794537184071822,0.0,0.0,0.0,36.407855449141934,18.5632087982215,0.0,0.0,1,4.794537184071822,11.85926505319882,0.0,0.0,0.0,6.923737199690624,0.0,41.97130694083893,0.0,0.0,10.272727272727273,0.0,0.0,0.0,0.0,5.783244946364939,4.794537184071822,0.0,12.487188691387619,36.407855449141934,0.0,6.076020106833881,0.0,17.07,0.0,0.0,10.530262188208617,0.0,1.0580555555555557,0.07764172335600916,9.753577569916857,3.372685185185185,1.541111111111111,0.0,0,0,0,0,0,0,0,0,0,0,1,1,0,0,0,0,0,0,0,0,0,0,0,0,0,0,1,0,0,0,0,0,0,0,1,0,0,0,0,0,0,0,0,0,0,0,0,0,0,0,0,1,0,0,0,0,0,0,0,0,0,0,0,0,0,0,0,0,0,0,0,0,0,0,0,0,0,0,0,0,0,0,0,0,0,0.5848748858475283
Cinnamic alcohol,OCC=Cc1ccccc1,1,train,2.029573889867405,1.7876124443801384,-1.8772209465145089,1.990175388904065,-1.7164524380724138,5.47975380974919,0.34326503277215026,16.249457663650873,10.193631922459836,2.6706454809601627,201.22806798157623,7.234204518682008,5.695772261013887,5.695772261013887,4.931851652578137,3.257168126931807,3.257168126931807,1.9956267154201976,1.9956267154201976,1.2152829666784277,1.2152829666784277,0.752937421067386,0.752937421067386,0.0,0.0,0.0,6.606881964512918,0.0,5.563451491696996,0.0,6.076020106833881,36.407855449141934,0.0,5.106527394840706,134.07316494,1.2,1.9,2.5,0.1111111111111111,-1.08,10,124.09799999999997,2.029573889867405,7.032107623318386,3.854020551508844,2.0337812126823116,60.63086018269854,8.440765306122449,0.3922954491931638,8.440765306122449,0.06151738150453169,0.106045918367347,0.06151738150453169,0.106045918367347,-0.3922954491931638,1.6921,42.56180000000003,134.178,1,1,0,0,0,1,0,1,1,1,1,0,2,0,0,0,52,5.106527394840706,0.0,0.0,0.0,0.0,0.0,0.0,0.0,0.0,0.0,42.483875555975814,5.563451491696996,0.0,6.606881964512918,1,5.106527394840706,6.076020106833881,0.0,0.0,0.0,0.0,6.606881964512918,41.97130694083893,0.0,0.0,10.5,0.0,0.0,0.0,0.0,11.713409359353623,0.0,0.0,5.563451491696996,36.407855449141934,0.0,6.076020106833881,0.0,20.23,0.0,0.0,0.0,8.440765306122449,1.1218055555555557,0.0,9.891568405139834,3.6064814814814814,0.106045918367347,0.0,0,1,1,0,0,0,0,0,0,0,0,0,0,0,0,0,0,0,0,0,0,0,0,0,0,0,0,0,0,0,0,0,0,0,1,0,0,0,0,0,0,0,0,0,0,0,0,0,0,0,0,0,0,0,0,0,0,0,0,0,0,0,0,0,0,0,0,0,0,0,0,0,0,0,0,0,0,0,0,0,0,0,0,0,0,0.6522100515394804
Cinnamic aldehyde,O=CC=Cc1ccccc1,1,train,2.029573889867405,1.785387588673833,-1.8623354882854475,1.986022883916613,-1.6732345770539634,5.731506930534551,-0.10356707923991662,16.128435387968327,10.195128696125796,2.7587670006154434,223.74339906009686,7.234204518682008,5.52705044398087,5.52705044398087,4.931851652578137,3.1017276641799554,3.1017276641799554,1.9058831224074562,1.9058831224074562,1.1668150461385,1.1668150461385,0.7145448510869892,0.7145448510869892,0.0,4.794537184071822,0.0,0.0,0.0,11.849612014826551,6.076020106833881,6.076020106833881,30.33183534230805,0.0,0.0,132.057514876,1.1,1.8,2.4,0.0,-1.37,10,124.09799999999997,2.029573889867405,6.745874855156431,3.6165878630836263,1.8597894898001621,59.998148530546295,9.891373299319728,0.29856366004105594,9.891373299319728,0.14235723136772485,0.7708333333333333,0.14235723136772485,0.7708333333333333,-0.29856366004105594,1.8987,41.54000000000002,132.16199999999998,0,1,0,0,0,1,0,1,1,0,1,0,2,0,0,0,50,0.0,6.2861605231295545,0.0,0.0,0.0,0.0,4.794537184071822,0.0,0.0,0.0,36.407855449141934,11.639471598530877,0.0,0.0,1,4.794537184071822,12.362180629963436,0.0,0.0,0.0,0.0,0.0,41.97130694083893,0.0,0.0,10.0,0.0,0.0,0.0,0.0,6.2861605231295545,4.794537184071822,0.0,5.563451491696996,36.407855449141934,0.0,6.076020106833881,0.0,17.07,0.0,0.0,9.891373299319728,0.0,1.0505555555555557,0.0,9.701589663643235,4.023148148148148,0.0,0.0,0,0,0,0,0,0,0,0,0,0,1,1,0,0,0,0,0,0,0,0,0,0,0,1,0,0,1,0,0,0,0,0,0,0,1,0,0,0,0,0,0,0,0,0,0,0,0,0,0,0,0,0,0,0,0,0,0,0,0,0,0,0,0,0,0,0,0,0,0,0,0,0,0,0,0,0,0,0,0,0,0,0,0,0,0,0.4433687822838736
Cyclamen aldehyde,CC(C=O)Cc1ccc(C(C)C)cc1,1,train,2.1814612782591993,2.02394736148134,-2.0734861214387705,2.155168532653285,-2.001714357868878,5.531395150342184,-0.1101400020144259,16.129332234145128,9.97627015223905,2.6822463796413687,284.6088020325841,10.55204176387779,9.156806955977792,9.156806955977792,6.6302289553358005,5.172930421995596,5.172930421995596,4.213772955089046,4.213772955089046,2.4363712070965726,2.4363712070965726,1.4585178651673267,1.4585178651673267,0.0,4.794537184071822,0.0,5.917906046161393,5.917906046161393,12.706982146055564,11.126902983393991,0.0,6.923737199690624,38.11294267322769,0.0,190.135765196,1.1428571428571428,1.7142857142857142,2.142857142857143,0.46153846153846156,-1.11,14,172.14199999999997,2.1814612782591993,10.967579519006982,4.94286005887011,2.985083934433029,86.14752002031699,10.48436455446376,0.30308781509936833,10.48436455446376,0.1226238377980797,0.12490740740740702,0.1226238377980797,0.12490740740740702,-0.30308781509936833,3.1875000000000018,59.463000000000044,190.286,0,1,0,0,0,1,0,1,1,0,1,0,4,0,0,0,76,4.794537184071822,6.2861605231295545,0.0,0.0,0.0,0.0,0.0,0.0,0.0,0.0,45.03667987291831,23.465630652481394,5.917906046161393,0.0,1,4.794537184071822,6.2861605231295545,0.0,0.0,5.917906046161393,33.10993926815927,0.0,35.392371257240434,0.0,0.0,12.857142857142858,0.0,0.0,0.0,0.0,6.2861605231295545,11.21535880699783,5.917906046161393,37.81602062862726,24.26546827384644,0.0,0.0,0.0,17.07,0.0,0.0,10.48436455446376,0.0,2.5986167800453517,0.7013374485596703,8.541381330309902,1.8593575207860922,6.314942365835224,0.0,0,0,0,0,0,0,0,0,0,0,1,1,0,0,0,0,0,0,0,0,0,0,0,1,0,0,0,0,0,0,0,0,0,0,1,0,0,0,0,0,0,0,0,0,0,0,0,0,0,0,0,0,0,0,0,0,0,0,0,0,0,0,0,0,0,0,0,0,0,0,0,0,0,0,0,0,0,0,0,0,0,0,0,0,0,0.666307923151777
Dihydroeugenol,CCCc1ccc(O)c(OC)c1,1,train,2.0865919829346073,2.0036277785727976,-2.0453540548089113,2.259860805526672,-1.8702802460435692,5.4117041329224245,0.37267553999006486,16.473994960058583,10.107623422746315,2.8886510104905314,256.01553398962693,8.974691494688164,7.501726255905794,7.501726255905794,5.774386907679233,4.13467327693818,4.13467327693818,2.756201184150308,2.756201184150308,1.7828087004125397,1.7828087004125397,1.166216806191675,1.166216806191675,0.0,5.106527394840706,0.0,5.749511833283905,5.749511833283905,12.841643245852019,5.563451491696996,13.176164609739143,12.13273413692322,6.923737199690624,4.736862953800049,166.099379688,1.4166666666666667,2.1666666666666665,2.75,0.4,-1.1800000000000002,12,152.10799999999998,2.0865919829346073,8.912421441774493,3.9997474663913337,1.9064705824134964,72.79895055878629,9.27817932728647,0.5042546045118025,9.27817932728647,0.16024884024188707,0.20588246409675004,0.16024884024188707,0.20588246409675004,-0.5042546045118025,2.3533,48.65380000000003,166.21999999999997,1,2,0,0,0,1,0,1,2,1,2,0,3,0,0,0,66,9.843390348640755,0.0,11.49902366656781,0.0,0.0,0.0,0.0,0.0,0.0,0.0,19.410925891078243,24.117007251546223,0.0,7.109797541277533,1,9.843390348640755,0.0,0.0,0.0,0.0,19.765380445542643,7.109797541277533,23.762552697081826,0.0,11.49902366656781,9.833333333333334,4.736862953800049,0.0,11.49902366656781,0.0,12.216324936118239,6.4208216229260096,0.0,18.90801031431363,18.19910120538483,0.0,0.0,0.0,29.46,4.981954837490552,0.0,0.0,9.27817932728647,1.201064814814815,0.7623176492819355,5.462314814814815,2.129533257747543,2.124338624338624,1.5602966742252455,0,0,0,0,0,0,0,1,0,0,0,0,0,0,0,0,0,0,0,0,0,0,0,0,0,0,0,0,0,0,1,0,0,0,1,0,0,0,0,0,0,1,0,0,0,0,0,0,0,0,0,0,0,0,0,1,0,0,0,0,0,0,0,0,0,1,1,0,0,0,0,0,0,0,0,0,0,0,0,0,0,0,0,0,0,0.7464613931512205
Dinocap,CC=CC(=O)Oc1c(C(C)CCCCCC)cc([N+](=O)[O-])cc1[N+](=O)[O-],1,train,2.578595796356395,2.286899371554297,-2.155834586478851,2.405406368904767,-2.101234812489642,5.849280992132163,-0.3943113698710165,16.636635418764786,9.92652152102164,3.334895114766989,699.1668880403315,19.689869965382485,15.266202185663964,15.266202185663964,12.310968167888426,8.625322525467848,8.625322525467848,6.068947161728181,6.068947161728181,4.017341294712503,4.017341294712503,2.6418273457702286,2.6418273457702286,27.190699934954313,25.023173721602966,0.0,11.6674178794453,11.984273114623004,37.82567366699953,12.142387175295491,6.923737199690624,6.923737199690624,6.923737199690624,4.736862953800049,364.16343648799995,1.1923076923076923,1.8846153846153846,2.423076923076923,0.5,-2.7700000000000005,26,340.2060000000001,2.578595796356395,21.273047783039175,10.272957290937095,5.944744088210401,151.70212423462226,11.814621605797202,0.4156641232831539,11.814621605797202,0.33556705205282217,0.21602636579323042,0.33556705205282217,-0.7653013196019147,-0.4156641232831539,5.058400000000006,97.37380000000007,364.398,0,8,0,0,0,1,0,1,6,0,8,0,10,0,0,0,142,4.736862953800049,0.0,0.0,5.749511833283905,5.687386274683562,11.65669156263541,20.228636537531145,4.794537184071822,0.0,0.0,45.60678099791916,19.262464868778025,17.705838666992488,15.912989166096953,1,19.37802223550721,17.344077837318974,0.0,0.0,0.0,58.79322575986332,0.0,50.07686237981912,0.0,5.749511833283905,12.115384615384615,4.736862953800049,11.374772549367124,5.749511833283905,0.0,15.815927385587191,4.794537184071822,20.228636537531145,64.35667725156031,24.284774350590983,0.0,0.0,0.0,112.58000000000001,5.171724615772234,0.0,32.90007076081886,22.533438887951874,-0.6614318783068778,-1.1995927629035488,2.0846597064751826,7.313341724101278,5.524455612757658,0.0,0,0,0,0,0,0,0,0,0,0,1,1,0,0,0,2,0,0,0,0,0,0,0,0,0,0,1,0,0,0,0,0,0,0,1,0,0,0,0,0,1,1,0,0,0,0,0,0,0,0,0,0,0,0,0,0,0,0,2,2,1,0,0,0,0,0,0,0,0,0,0,0,0,0,0,0,0,0,0,0,0,0,0,2,0,0.14316426010138986
Eugenol,C=CCc1ccc(O)c(OC)c1,1,train,2.0865919829346073,1.9985271362385941,-2.0380169561354218,2.2575747100918577,-1.860752741337818,5.416095017071876,0.37281480333412687,16.473994547864102,10.12891397233721,2.959559547224779,279.16711032401867,8.974691494688164,7.07907652509542,7.07907652509542,5.774386907679233,3.744063076679359,3.744063076679359,2.4990004639770524,2.4990004639770524,1.6241733935106493,1.6241733935106493,1.0156731681243485,1.0156731681243485,0.0,5.106527394840706,0.0,5.749511833283905,5.749511833283905,11.984273114623004,7.109797541277533,12.13273413692322,12.142387175295491,6.578935683598497,4.736862953800049,164.083729624,1.5833333333333333,2.3333333333333335,2.9166666666666665,0.2,-1.44,12,152.10799999999998,2.0865919829346073,8.654696969696971,3.809658461029751,1.7840075614366737,72.10934752660204,9.252350245653817,0.5042546024667084,9.252350245653817,0.1602603057731768,0.17158541194255506,0.1602603057731768,0.17158541194255506,-0.5042546024667084,2.1292999999999997,48.55980000000003,164.20399999999995,1,2,0,0,0,1,0,1,2,1,2,0,3,0,0,0,64,9.843390348640755,0.0,11.49902366656781,0.0,0.0,0.0,0.0,0.0,0.0,6.578935683598497,12.142387175295491,24.117007251546223,0.0,7.109797541277533,1,9.843390348640755,0.0,0.0,0.0,0.0,6.4208216229260096,7.109797541277533,36.417508487514205,0.0,11.49902366656781,9.416666666666666,4.736862953800049,0.0,11.49902366656781,0.0,12.216324936118239,6.4208216229260096,0.0,5.563451491696996,30.854056995817206,0.0,0.0,0.0,29.46,4.947657785336357,0.0,0.0,9.252350245653817,1.0830092592592595,0.6802428193499628,5.272037037037037,2.599663643235072,3.630571617535903,1.5344675925925926,0,0,0,0,0,0,0,1,0,0,0,0,0,0,0,0,0,0,0,0,0,0,0,0,0,0,1,0,0,0,0,0,0,0,1,0,0,0,0,0,0,1,0,0,0,0,0,0,0,0,0,0,0,0,0,1,0,0,0,0,0,0,0,0,0,1,1,0,0,0,0,0,0,0,0,0,0,0,0,0,0,0,0,0,0,0.6932796632293876
Isoeugenol,CC=Cc1ccc(O)c(OC)c1,1,train,2.0865919829346073,1.9874162773864001,-2.025606383002272,2.2600250479317774,-1.8332809752127632,5.546354675912114,0.37316316005880934,16.4739931521378,10.165231318509845,3.0458289647057475,289.8900954855593,8.974691494688164,7.2422132319119505,7.2422132319119505,5.774386907679233,3.7733718422761315,3.7733718422761315,2.4312862270197786,2.4312862270197786,1.5628954975988165,1.5628954975988165,0.9903343342303211,0.9903343342303211,0.0,5.106527394840706,0.0,5.749511833283905,5.749511833283905,5.563451491696996,7.109797541277533,12.13273413692322,25.142144481819994,0.0,4.736862953800049,164.083729624,1.4166666666666667,2.1666666666666665,2.75,0.2,-1.44,12,152.10799999999998,2.0865919829346073,8.654696969696971,3.809658461029751,1.7840075614366737,72.10934752660204,9.254086356764928,0.504254343573977,9.254086356764928,0.16057154455054334,0.17199357520786118,0.16057154455054334,0.17199357520786118,-0.504254343573977,2.4339000000000004,49.366800000000026,164.20399999999998,1,2,0,0,0,1,0,1,2,1,2,0,2,0,0,0,64,9.843390348640755,0.0,11.49902366656781,0.0,0.0,0.0,0.0,0.0,0.0,0.0,18.218407282129373,24.619922828310838,0.0,7.109797541277533,1,9.843390348640755,6.076020106833881,0.0,0.0,0.0,6.923737199690624,7.109797541277533,29.838572803915707,0.0,11.49902366656781,10.5,4.736862953800049,0.0,11.49902366656781,0.0,12.216324936118239,0.0,0.0,12.487188691387619,24.27512131221871,0.0,6.076020106833881,0.0,29.46,4.948065948601663,0.0,0.0,9.254086356764928,1.0205092592592595,0.6771787603930466,5.237453703703704,3.8827191987906273,1.9437830687830688,1.5362037037037037,0,0,0,0,0,0,0,1,0,0,0,0,0,0,0,0,0,0,0,0,0,0,0,0,0,0,1,0,0,0,0,0,0,0,1,0,0,0,0,0,0,1,0,0,0,0,0,0,0,0,0,0,0,0,0,1,0,0,0,0,0,0,0,0,0,1,1,0,0,0,0,0,0,0,0,0,0,0,0,0,0,0,0,0,0,0.7269926580745424
Isopropyl isoeugenol,CC=Cc1ccc(O)c(OC(C)C)c1,1,train,2.1031005211410836,2.0374660061153214,-2.1105418534823914,2.276526774960971,-2.0512165323155034,5.547481148459589,0.2315985273784254,16.49554384565676,10.16161985702369,2.9551526020765158,327.0936560484994,10.55204176387779,8.819563501101577,8.819563501101577,6.6302289553358005,4.755526350587036,4.755526350587036,3.393768001966262,3.393768001966262,1.7056515020234644,1.7056515020234644,1.175167246838225,1.175167246838225,0.0,5.106527394840706,0.0,11.853478221032208,5.749511833283905,5.563451491696996,0.0,6.06636706846161,45.05598594966285,0.0,4.736862953800049,192.115029752,1.3571428571428572,2.0714285714285716,2.642857142857143,0.3333333333333333,-1.44,14,176.12999999999997,2.1031005211410836,10.639617834394905,4.7007267380802364,2.8017137336504168,84.83923175539525,9.502975245653817,0.5042539506378998,9.502975245653817,0.16139468349565417,0.07107048374905478,0.16139468349565417,0.07107048374905478,-0.5042539506378998,3.2125000000000012,58.57880000000004,192.25799999999998,1,2,0,0,0,1,0,1,2,1,2,0,3,0,0,0,76,9.843390348640755,0.0,11.49902366656781,0.0,0.0,0.0,0.0,0.0,0.0,0.0,18.218407282129373,38.46739722769208,0.0,6.103966387748303,1,9.843390348640755,6.076020106833881,0.0,0.0,0.0,26.875177986820173,0.0,29.838572803915707,0.0,11.49902366656781,11.142857142857142,4.736862953800049,0.0,11.49902366656781,0.0,11.210493782589008,0.0,0.0,26.334663090768867,24.27512131221871,0.0,6.076020106833881,0.0,29.46,5.448065948601663,0.0,0.0,9.502975245653817,1.0286574074074075,0.7245861678004537,5.324305555555556,3.9859136432350715,5.818829365079365,0.0,0,0,0,0,0,0,0,1,0,0,0,0,0,0,0,0,0,0,0,0,0,0,0,0,0,0,1,0,0,0,0,0,0,0,1,0,0,0,0,0,0,1,0,0,0,0,0,0,0,0,0,0,0,0,0,0,0,0,0,0,0,0,0,0,0,1,1,0,0,0,0,0,0,0,0,0,0,0,0,0,0,0,0,0,0,0.7963770087828032
Lauryl gallate,CCCCCCCCCCCCOC(=O)c1cc(O)c(O)c(O)c1,1,train,2.5646079615018462,2.1383820306777332,-2.069587086718534,2.3499785674281504,-2.059736117927601,5.905803483007835,0.04963706006816705,16.532911758311027,10.067727860647306,2.079040864560343,475.52566883568494,17.786246282559798,14.591012498858879,14.591012498858879,11.557749310264368,8.979551137874411,8.979551137874411,6.181004262132289,6.181004262132289,4.036431296830782,4.036431296830782,2.5597388903713023,2.5597388903713023,23.217840787803564,20.11411936859394,0.0,5.563451491696996,6.606881964512918,31.395199005701247,44.94575136048208,0.0,0.0,6.923737199690624,4.736862953800049,338.20932406,0.8333333333333334,1.2916666666666667,1.7916666666666667,0.631578947368421,-1.9100000000000001,24,308.204,2.5646079615018462,20.13526935264826,11.598943773411053,7.574436855781692,143.83341919279158,11.794681574064585,0.5041437396005058,11.794681574064585,0.3379012933542618,0.023036343537127912,0.3379012933542618,-0.6377369423340473,-0.5041437396005058,4.881100000000007,93.56290000000004,338.444,3,5,0,0,0,1,0,1,5,3,5,0,12,0,0,0,136,20.056445138322168,0.0,17.248535499851716,0.0,0.0,5.9693052879518484,0.0,4.794537184071822,0.0,0.0,64.71113180602472,18.55355575984923,0.0,12.170333456209914,1,24.85098232239399,5.9693052879518484,0.0,0.0,0.0,71.13195342895074,6.606881964512918,17.696185628620217,0.0,17.248535499851716,10.708333333333334,0.0,0.0,17.248535499851716,0.0,27.895769436986882,4.736862953800049,0.0,81.48994210471956,12.13273413692322,0.0,0.0,0.0,86.99000000000001,5.107160460175361,0.0,11.794681574064585,27.981928945654975,0.023036343537127912,-2.33375772794654,2.158588431593135,12.062362862531806,2.5393324437228797,0.0,0,0,0,0,0,0,0,3,0,0,1,1,0,0,0,0,0,0,0,0,0,0,0,0,0,0,0,0,0,0,0,0,0,0,1,0,0,0,0,0,1,1,0,0,0,0,0,0,0,0,0,0,0,0,0,0,0,0,0,0,0,0,0,0,0,3,3,0,0,0,0,0,0,0,0,0,0,0,0,0,0,0,0,9,0,0.2870866488560445
m-Phenylenebis-(methylamine),CNc1cccc(NC)c1,1,train,2.0460013283612883,1.8761349925310422,-2.0190470450908844,2.1223533487313087,-1.9045862674094927,5.553324700127943,1.468069250796981,14.845925038705621,10.261543968855904,2.8711457287957725,188.91749419417292,7.397341225498538,6.309401076758503,6.309401076758503,4.863703305156274,3.321367205045919,3.321367205045919,2.0808045928835743,2.0808045928835743,1.4399213492801166,1.4399213492801166,0.8302082048276824,0.8302082048276824,0.0,0.0,0.0,0.0,0.0,11.374772549367124,0.0,0.0,32.29444517073921,16.699944276474273,0.0,136.100048384,1.0,1.5,1.9,0.25,-1.1800000000000002,10,124.10199999999998,2.0460013283612883,6.933378684807257,3.1068549717952316,1.4055758723328653,61.26101171550626,3.0616666666666665,0.38806041589831114,3.0616666666666665,0.03577788544342573,1.1313425925925928,0.03577788544342573,1.1313425925925928,-0.38806041589831114,1.7699999999999998,45.53540000000002,136.198,2,2,0,0,0,1,0,1,2,2,2,0,2,0,0,0,54,10.633577208012662,0.0,0.0,0.0,0.0,0.0,0.0,0.0,0.0,0.0,6.06636706846161,18.19910120538483,25.470116514721504,0.0,1,0.0,11.374772549367124,0.0,0.0,0.0,0.0,24.72892117336704,24.26546827384644,0.0,0.0,9.0,10.633577208012662,11.374772549367124,0.0,0.0,14.09534396535438,0.0,0.0,0.0,24.26546827384644,0.0,0.0,0.0,24.06,0.0,0.0,0.0,6.123333333333333,2.2626851851851857,0.0,8.124351851851852,0.0,0.0,3.822962962962963,0,0,0,0,0,0,0,0,0,0,0,0,0,0,0,0,2,0,0,0,0,0,0,0,0,0,0,0,0,2,0,0,0,0,1,0,0,0,0,0,0,0,0,0,0,0,0,0,0,0,0,0,0,0,0,0,0,0,0,0,0,0,0,0,0,0,0,0,0,0,0,0,0,0,0,0,0,0,0,0,0,0,0,0,0,0.647098340712707
N-(4-Methoxyphenyl)-3-oxobutanamide,COc1ccc(NC(=O)CC(C)=O)cc1,1,train,2.1726810210939607,2.0444845629417356,-2.042738521949656,2.1443538632540613,-2.140057903802746,6.029888256950393,-0.12370329924873913,16.465287168153008,10.23899992565853,2.5685736527852465,356.60071282200613,11.259148545064338,8.74125272933664,8.74125272933664,7.113392202930193,4.549094712392124,4.549094712392124,3.1554696738515187,3.1554696738515187,1.7832780981726244,1.7832780981726244,1.1056381299494018,1.1056381299494018,0.0,9.589074368143644,0.0,18.111246298642453,5.687386274683562,5.749511833283905,6.923737199690624,31.37526581512397,0.0,5.316788604006331,4.736862953800049,207.089543276,1.2666666666666666,1.8666666666666667,2.3333333333333335,0.2727272727272727,-1.8400000000000003,15,194.12499999999997,2.1726810210939607,11.235987841945288,5.143128759352535,3.80617982107163,88.24256530468249,11.214148321365585,0.49676588839176244,11.214148321365585,0.23130702667078867,0.09124086671705745,0.23130702667078867,-0.2984566326530609,-0.49676588839176244,1.6127999999999998,56.92170000000002,207.22899999999998,1,4,0,0,0,1,0,1,3,1,4,0,4,0,0,0,80,10.05365155780638,11.532756779648844,0.0,5.907179729351506,0.0,0.0,9.589074368143644,0.0,0.0,0.0,0.0,31.189205473537065,5.687386274683562,13.530619164203543,1,14.325937321943691,17.377810950400008,0.0,0.0,0.0,13.344558822616634,12.426586145283864,24.26546827384644,0.0,5.749511833283905,9.466666666666667,10.05365155780638,5.687386274683562,5.749511833283905,0.0,18.800222216993976,9.589074368143644,0.0,13.344558822616634,24.26546827384644,0.0,0.0,0.0,55.4,4.971888988620139,0.0,21.87812737094889,2.6092318594104307,0.654675925925926,0.27152352607709807,6.917162698412699,-0.09124086671705745,1.3825411522633744,1.5727560117251675,0,0,0,0,0,0,0,0,0,0,2,2,0,0,0,0,1,0,0,0,0,0,0,0,0,0,0,1,0,1,0,0,0,0,1,0,0,0,0,0,0,1,0,0,0,0,0,0,0,0,0,1,1,0,0,1,0,0,0,0,0,0,0,0,0,0,0,0,0,0,0,0,0,0,0,0,0,0,0,0,0,0,0,0,0,0.7629861558613206
Resorcinol,Oc1cccc(O)c1,1,train,1.6423714487439025,1.850588451644512,-1.8868184841231277,2.14274904313638,-1.6137659198996115,5.296800129579209,0.45038648533236264,16.266187967037105,10.316552974053337,3.077660437970554,166.38833891467198,5.983127663125442,4.203828267758419,4.203828267758419,3.787693700234704,2.2685808005458763,2.2685808005458763,1.5198521031882708,1.5198521031882708,0.8297374894999839,0.8297374894999839,0.4930306101328478,0.4930306101328478,0.0,0.0,0.0,11.49902366656781,0.0,0.0,18.19910120538483,6.06636706846161,0.0,0.0,10.213054789681411,110.036779432,1.0,1.5,1.75,0.0,-1.1800000000000002,8,104.06399999999998,1.6423714487439025,4.966627565982405,1.7381205361963379,0.9041418956093399,47.01987062388899,8.653055555555556,0.5078233297968214,8.653055555555556,0.11876367378629811,0.08796296296296324,0.11876367378629811,0.08796296296296324,-0.5078233297968214,1.0977999999999999,29.771599999999992,110.11199999999998,2,2,0,0,0,1,0,1,2,2,2,0,0,0,0,0,42,10.213054789681411,11.49902366656781,0.0,0.0,0.0,0.0,0.0,0.0,0.0,0.0,6.06636706846161,12.13273413692322,6.06636706846161,0.0,1,10.213054789681411,0.0,0.0,0.0,0.0,0.0,0.0,24.26546827384644,0.0,11.49902366656781,9.0,0.0,0.0,11.49902366656781,0.0,10.213054789681411,0.0,0.0,0.0,24.26546827384644,0.0,0.0,0.0,40.46,0.0,0.0,0.0,17.30611111111111,0.0,0.1759259259259267,5.851296296296296,0.0,0.0,0.0,0,0,0,0,0,0,0,2,0,0,0,0,0,0,0,0,0,0,0,0,0,0,0,0,0,0,0,0,0,0,0,0,0,0,1,0,0,0,0,0,0,0,0,0,0,0,0,0,0,0,0,0,0,0,0,0,0,0,0,0,0,0,0,0,0,2,2,0,0,0,0,0,0,0,0,0,0,0,0,0,0,0,0,0,0,0.5245841402909771
Veratraldehyde,COc1ccc(C=O)cc1OC,1,train,2.163299516536892,2.0209310667604283,-2.0592230913587812,2.26100439085465,-1.9093955438484742,5.758877430533454,0.11179711125754369,16.5077694570185,10.194244022148851,3.097737020758659,281.102178757748,8.974691494688164,7.034145948150093,7.034145948150093,5.812391710140018,3.4871561380945035,3.4871561380945035,2.2322718615146218,2.2322718615146218,1.5436794528679276,1.5436794528679276,0.9261181137457912,0.9261181137457912,0.0,4.794537184071822,0.0,0.0,17.062475158264807,6.2861605231295545,7.109797541277533,25.30889874666236,0.0,0.0,9.473725907600098,166.06299418,1.1666666666666667,1.8333333333333333,2.3333333333333335,0.2222222222222222,-1.51,12,156.09599999999998,2.163299516536892,8.585328884652048,3.7588733548338538,1.5570110928371719,70.9148420217443,10.377890684051398,0.4928695317941849,10.377890684051398,0.1609270486525451,0.5713888888888892,0.1609270486525451,0.5713888888888892,-0.4928695317941849,1.5162999999999998,44.93350000000002,166.17599999999996,0,3,0,0,0,1,0,1,3,0,3,0,3,0,0,0,64,9.473725907600098,6.2861605231295545,11.49902366656781,0.0,0.0,0.0,4.794537184071822,0.0,0.0,0.0,0.0,18.19910120538483,5.563451491696996,14.219595082555067,1,14.268263091671919,6.2861605231295545,0.0,0.0,0.0,0.0,14.219595082555067,23.762552697081826,0.0,11.49902366656781,9.166666666666666,9.473725907600098,0.0,11.49902366656781,0.0,20.50575560568462,0.0,0.0,10.357988675768818,18.19910120538483,0.0,0.0,0.0,35.53,9.989589947089947,0.0,10.377890684051398,0.0,0.576527777777778,1.19925925925926,5.002731481481481,0.7658333333333331,0.0,3.088167517006803,0,0,0,0,0,0,0,0,0,0,1,1,0,0,0,0,0,0,0,0,0,0,0,1,0,0,0,0,0,0,0,0,0,0,1,0,0,0,0,0,0,2,0,0,0,0,0,0,0,0,0,0,0,0,0,2,0,0,0,0,0,0,0,0,0,0,0,0,0,0,0,0,0,0,0,0,0,0,0,0,0,0,0,0,0,0.6383852121799833
(2E)-2-[(2-Formyl- 4-hydroxyphenyl)- methylidene]-butanedioic acid,O=Cc1cc(O)ccc1C=C(CC(=O)O)C(=O)O,1,train,2.290675158110608,2.1265898465559667,-2.0254043059894915,2.185606217822126,-2.064193425164812,5.977347186581141,-0.1391475227145874,16.373168389216755,10.03274181702736,3.2268432427240303,529.3692149509836,13.706742302257043,9.160243785026141,9.160243785026141,8.434759407976111,4.875937000792888,4.875937000792888,3.4763149678171397,3.4763149678171397,2.1434479399273694,2.1434479399273694,1.3346724683636766,1.3346724683636766,18.359432198829705,14.383611552215466,0.0,22.449519346747163,6.2861605231295545,6.076020106833881,18.19910120538483,0.0,0.0,0.0,15.319582184522117,250.04773804,1.1666666666666667,1.8333333333333333,2.3333333333333335,0.08333333333333333,-2.63,18,240.12599999999995,2.290675158110608,13.435061808718284,5.6248447272021,3.444766175745319,101.79872033041171,10.83656997984379,0.5079414857160528,10.83656997984379,0.33167648462976335,0.08253590325018956,0.33167648462976335,-1.3728481670445956,-0.5079414857160528,1.1473999999999998,61.35990000000001,250.20599999999996,3,6,0,0,0,1,0,1,4,3,6,0,5,0,0,0,94,15.319582184522117,5.749511833283905,6.2861605231295545,0.0,0.0,11.938610575903697,9.589074368143644,4.794537184071822,0.0,0.0,6.06636706846161,23.772205735454097,11.136556021766262,6.4208216229260096,1,29.703193736737582,24.30079120586713,0.0,0.0,0.0,6.4208216229260096,0.0,34.89910871884809,0.0,5.749511833283905,11.0,0.0,0.0,5.749511833283905,0.0,33.54435328355537,9.589074368143644,0.0,22.342261790391824,23.772205735454097,0.0,6.076020106833881,0.0,111.89999999999999,0.0,0.0,32.08478762492651,26.567337831737632,-0.030667989417988428,-2.790032438901486,3.779760959939531,0.8888140117157968,0.0,0.0,2,0,0,0,0,0,0,1,2,2,3,1,0,0,0,0,0,0,0,0,0,0,0,1,0,0,0,0,0,0,0,0,0,0,1,0,0,0,0,0,0,0,0,0,0,0,0,0,0,0,0,0,0,0,0,0,0,0,0,0,0,0,0,0,0,1,1,0,0,0,0,0,0,0,0,0,0,0,0,0,0,0,0,0,0,0.5334106589783286
"1-(2',3',4',5'-Tetramethylphenyl)butane-1,3-dione",CC(=O)CC(=O)c1cc(C)c(C)c(C)c1C,1,train,2.188754706985432,2.1435784916057745,-2.1248791788499726,2.21764242879665,-2.0871999222493027,6.079128860326535,-0.11569854659302052,16.148050435479576,9.912992226443203,3.250084111119763,456.29341271961107,12.455665446700477,10.6009536313039,10.6009536313039,7.341111712849497,5.442705340840037,5.442705340840037,4.417993537413697,4.417993537413697,3.1912662520492434,3.1912662520492434,1.8229714634331589,1.8229714634331589,0.0,9.589074368143644,0.0,17.987311515655886,5.563451491696996,16.690354475090988,12.487188691387619,0.0,26.83757866753348,6.923737199690624,0.0,218.130679816,1.0,1.5625,2.0625,0.42857142857142855,-1.44,16,200.15199999999996,2.188754706985432,12.62868131868132,4.6019453326954,2.379299789519524,96.67398423475734,11.870837112622826,0.29952266140808426,11.870837112622826,0.16999930758288573,0.0027588813303101034,0.16999930758288573,-0.08307303476946304,-0.29952266140808426,3.0820800000000013,65.01850000000003,218.29599999999996,0,2,0,0,0,1,0,1,2,0,2,0,3,0,0,0,86,0.0,5.783244946364939,5.783244946364939,0.0,0.0,0.0,9.589074368143644,0.0,0.0,0.0,0.0,62.9388590337027,5.563451491696996,6.4208216229260096,1,9.589074368143644,11.566489892729878,0.0,0.0,0.0,41.03950762137913,0.0,33.88362452694659,0.0,0.0,10.3125,0.0,0.0,0.0,0.0,11.566489892729878,4.794537184071822,27.694948798762496,45.95635346517343,6.06636706846161,0.0,0.0,0.0,34.14,0.0,0.0,22.825580435878056,0.0,5.156415816326531,-0.15603599773242594,1.8918055555555555,0.0027588813303101034,9.446141975308642,0.0,0,0,0,0,0,0,0,0,0,0,2,2,0,0,0,0,0,0,0,0,0,0,0,0,0,0,0,0,0,0,1,0,0,0,1,0,0,0,0,0,0,0,0,0,0,0,0,0,0,0,0,2,2,0,0,0,0,0,0,0,0,0,0,0,0,0,0,0,0,0,0,0,0,0,0,0,0,0,0,0,0,0,0,0,0,0.576826097841067
1-(p-methoxyphenyl)-1- penten-3-one,CCC(=O)C=Cc1ccc(OC)cc1,1,train,2.2617846596333173,1.91763490122275,-1.9807817927620597,2.116902890281504,-1.8652823261006568,5.927679432738418,-0.11376778879306365,16.465261951519853,10.152932320484299,2.6828640777999415,322.67989530401564,10.38890505706126,8.48770497725203,8.48770497725203,6.757550155273626,4.609207560276426,4.609207560276426,2.9263593056144837,2.9263593056144837,1.925939607274045,1.925939607274045,1.0220439330825302,1.0220439330825302,0.0,4.794537184071822,0.0,5.783244946364939,6.4208216229260096,11.3129633249809,0.0,13.185817648111414,37.265225580370945,0.0,4.736862953800049,190.099379688,1.3571428571428572,2.0,2.5,0.25,-1.5699999999999998,14,176.12999999999997,2.2617846596333173,10.510450522928398,5.22255467272389,3.0529023955834815,84.20652010324301,10.996735953640716,0.4967678242054503,10.996735953640716,0.15493417644331395,0.13964634773662565,0.15493417644331395,0.13964634773662565,-0.4967678242054503,2.687500000000001,57.326000000000036,190.24199999999996,0,2,0,0,0,1,0,1,2,0,2,0,4,0,0,0,74,4.736862953800049,5.749511833283905,5.783244946364939,0.0,0.0,0.0,4.794537184071822,0.0,0.0,0.0,25.132491443447723,23.772205735454097,6.4208216229260096,7.109797541277533,1,9.53140013787187,11.85926505319882,0.0,0.0,0.0,13.344558822616634,7.109797541277533,35.90493987237732,0.0,5.749511833283905,10.428571428571429,4.736862953800049,0.0,5.749511833283905,0.0,12.893042487642472,4.794537184071822,0.0,18.90801031431363,30.34148838068032,0.0,6.076020106833881,0.0,26.3,5.024906226379441,0.0,10.996735953640716,0.0,1.0070370370370372,0.9627649176954736,7.572159863945578,3.9580729560342656,1.8479115226337448,1.6304115226337448,0,0,0,0,0,0,0,0,0,0,1,1,0,0,0,0,0,0,0,0,0,0,0,0,0,0,1,0,0,0,0,0,0,0,1,0,0,0,0,0,0,1,0,0,0,0,0,0,0,0,0,1,0,0,0,1,0,0,0,0,0,0,0,0,0,0,0,0,0,0,0,0,0,0,0,0,0,0,0,0,0,0,0,0,0,0.682174179546728
"1,4-Dihydroquinone",Oc1ccc(O)cc1,1,train,1.769973094021975,1.837352493649281,-1.881458229905228,2.1255228734881975,-1.6104101110378033,5.2812880457439135,0.4599674292781228,16.26017863127808,10.317573999379492,3.0324555320336755,145.38833891467198,5.983127663125442,4.203828267758419,4.203828267758419,3.787693700234704,2.2685808005458763,2.2685808005458763,1.5163977794943226,1.5163977794943226,0.8497092431263894,0.8497092431263894,0.4526323993409725,0.4526323993409725,0.0,0.0,0.0,11.49902366656781,0.0,0.0,24.26546827384644,0.0,0.0,0.0,10.213054789681411,110.036779432,0.75,1.0,1.25,0.0,-1.1800000000000002,8,104.06399999999998,1.769973094021975,4.966627565982405,1.7381205361963379,0.9041418956093399,47.01987062388899,8.645555555555555,0.5079622369103997,8.645555555555555,0.11534595127525567,0.16925925925925944,0.11534595127525567,0.16925925925925944,-0.5079622369103997,1.0977999999999999,29.771599999999996,110.11199999999998,2,2,0,0,0,1,0,1,2,2,2,0,0,0,0,0,42,10.213054789681411,11.49902366656781,0.0,0.0,0.0,0.0,0.0,0.0,0.0,0.0,0.0,24.26546827384644,0.0,0.0,1,10.213054789681411,0.0,0.0,0.0,0.0,0.0,0.0,24.26546827384644,0.0,11.49902366656781,9.0,0.0,0.0,11.49902366656781,0.0,10.213054789681411,0.0,0.0,0.0,24.26546827384644,0.0,0.0,0.0,40.46,0.0,0.0,0.0,17.29111111111111,0.0,0.3385185185185191,5.703703703703704,0.0,0.0,0.0,0,0,0,0,0,0,0,2,0,0,0,0,0,0,0,0,0,0,0,0,0,0,0,0,0,0,0,0,0,0,0,0,0,0,1,0,0,0,0,0,0,0,0,0,0,0,0,0,0,0,0,0,0,0,0,0,0,0,0,0,0,0,0,0,0,2,2,0,0,0,0,0,0,0,0,0,0,0,0,0,0,0,0,0,0,0.49072766890152064
"1-Phenyl-1,2-propanedione",CC(=O)C(=O)c1ccccc1,1,train,2.0456060352867365,2.0817065668715093,-1.9255764503986361,1.991092482463408,-2.083468569409485,6.423673315243072,-0.11270443245742212,16.172631113828995,10.097746114607661,2.9479803431399967,274.87402422213546,8.267584713501616,6.203247926875856,6.203247926875856,5.215214055163271,3.318931892986823,3.318931892986823,2.251335766864268,2.251335766864268,1.3557375414344195,1.3557375414344195,0.7927907000262701,0.7927907000262701,11.566489892729878,9.589074368143644,0.0,0.0,5.563451491696996,0.0,6.923737199690624,30.33183534230805,0.0,0.0,0.0,148.052429496,1.0909090909090908,1.6363636363636365,2.090909090909091,0.1111111111111111,-1.44,11,140.09699999999998,2.0456060352867365,7.664602510460251,3.1012592802953476,1.737635551261925,64.84927366277431,10.994907407407407,0.2908059553250485,10.994907407407407,0.2277620918151489,0.4201851851851848,0.2277620918151489,-0.4253703703703702,-0.2908059553250485,1.4583000000000002,41.45350000000002,148.16099999999997,0,2,0,0,0,1,0,1,2,0,2,0,2,0,0,0,56,0.0,0.0,5.783244946364939,5.783244946364939,0.0,0.0,9.589074368143644,0.0,0.0,0.0,30.33183534230805,0.0,12.487188691387619,0.0,1,9.589074368143644,11.566489892729878,0.0,0.0,0.0,6.923737199690624,0.0,35.89528683400505,0.0,0.0,9.181818181818182,0.0,0.0,0.0,0.0,11.566489892729878,4.794537184071822,0.0,17.28172587545944,30.33183534230805,0.0,0.0,0.0,34.14,0.0,0.0,21.58954081632653,0.0,0.4583333333333337,-0.845555555555555,8.524533257747542,0.0,1.2731481481481481,0.0,0,0,0,0,0,0,0,0,0,0,2,2,0,0,0,0,0,0,0,0,0,0,0,0,0,0,0,0,0,0,0,0,0,0,1,0,0,0,0,0,0,0,0,0,0,0,0,0,0,0,0,2,2,0,0,0,0,0,0,0,0,0,0,0,0,0,0,0,0,0,0,0,0,0,0,0,0,0,0,0,0,0,0,0,0,0.4696543696018401
"1-Phenyl-2-methylbutane-1,3-dione",CC(=O)C(C)C(=O)c1ccccc1,1,train,2.1658695354533575,2.17813332764063,-2.0483308173919803,2.08317883565326,-2.1785632473551164,6.091421794982192,-0.11845697046081637,16.14933712418008,9.963817450373211,2.8621929269274013,314.1219806834978,9.844934982691242,7.780598196065482,7.780598196065482,6.125897657686229,4.223632431366075,4.223632431366075,3.062614420407104,3.062614420407104,2.0613793086446677,2.0613793086446677,1.037032671674845,1.037032671674845,5.917906046161393,9.589074368143644,0.0,11.566489892729878,5.563451491696996,0.0,6.923737199690624,31.18920547353706,6.06636706846161,0.0,0.0,176.083729624,1.1538461538461537,1.6923076923076923,2.1538461538461537,0.2727272727272727,-1.44,13,164.11899999999997,2.1658695354533575,9.64650519031142,3.986213149529808,2.246236623067777,77.57915789156755,11.565277777777778,0.2992172572919523,11.565277777777778,0.17251237572113812,0.08902494331065736,0.17251237572113812,-0.525555555555556,-0.2992172572919523,2.0944000000000003,50.61750000000003,176.215,0,2,0,0,0,1,0,1,2,0,2,0,3,0,0,0,68,0.0,5.783244946364939,5.783244946364939,0.0,0.0,0.0,9.589074368143644,0.0,0.0,0.0,30.33183534230805,13.847474399381248,5.563451491696996,5.917906046161393,1,9.589074368143644,11.566489892729878,0.0,0.0,5.917906046161393,13.847474399381248,0.0,35.89528683400505,0.0,0.0,12.153846153846153,0.0,0.0,0.0,0.0,11.566489892729878,4.794537184071822,5.917906046161393,24.205463075150064,30.33183534230805,0.0,0.0,0.0,34.14,0.0,0.0,22.502947373393802,0.0,0.6020370370370374,-0.718191609977324,8.873947940287227,0.0,3.0725925925925925,0.0,0,0,0,0,0,0,0,0,0,0,2,2,0,0,0,0,0,0,0,0,0,0,0,0,0,0,0,0,0,0,0,0,0,0,1,0,0,0,0,0,0,0,0,0,0,0,0,0,0,0,0,2,2,0,0,0,0,0,0,0,0,0,0,0,0,0,0,0,0,0,0,0,0,0,0,0,0,0,0,0,0,0,0,0,0,0.5217064981327928
"2,4-Dinitrobenzene sulfonic acid",O=[N+]([O-])c1ccc(S(=O)(=O)O)c([N+](=O)[O-])c1,1,train,2.14776574747775,2.2629084241056923,-1.9834020658629432,2.2727189390549993,-2.0355977589579237,7.855734509336258,-0.39560048833756245,32.23978350925173,10.266022686397747,3.551357292442046,564.2398249898658,12.508071689507773,7.431429627315794,8.24792620824352,7.2310693732087685,3.635575874953086,5.075639203753726,2.64131354819993,4.031272633483692,1.6279438329698317,2.528977924226088,0.9801361957935947,1.6178980157733631,36.23500498155379,28.646433521860082,0.0,0.0,12.13273413692322,6.06636706846161,0.0,0.0,0.0,0.0,4.552749873690364,247.97392146800001,1.125,1.6875,2.0625,0.0,-2.0700000000000003,16,244.13999999999996,2.14776574747775,12.001787508973438,3.826503799241836,2.2931697835367024,88.36599057453718,10.72055933484505,0.3009025564308521,10.72055933484505,0.3009025564308521,0.4614120370370369,0.28159720100183583,-4.785220616024185,-0.28159720100183583,0.7497,49.565400000000004,248.17199999999997,1,9,0,0,0,1,0,1,6,1,10,0,3,0,0,0,86,0.0,0.0,4.895483475517775,0.0,11.374772549367124,10.118126859033554,24.781386411221508,0.0,8.417796984328938,0.0,0.0,6.06636706846161,6.06636706846161,15.912989166096953,1,22.81716895565464,21.492899408400678,0.0,0.0,0.0,4.895483475517775,0.0,38.42773774291597,0.0,0.0,11.0625,0.0,11.374772549367124,0.0,0.0,22.81716895565464,10.118126859033554,20.228636537531145,0.0,23.094584680902607,0.0,0.0,0.0,140.65,30.087242063492063,0.0,17.730379818594106,20.758385770975057,-1.684444444444444,0.0,1.810324074074074,0.0,0.0,-4.785220616024185,0,0,0,0,0,0,0,0,0,0,0,0,0,0,0,2,0,0,0,0,0,0,0,0,0,0,0,0,0,0,0,0,0,0,1,0,0,0,0,0,0,0,0,0,0,0,0,0,0,0,0,0,0,0,0,0,0,0,2,2,1,0,0,0,0,0,0,0,0,0,0,0,0,0,0,0,0,0,0,0,0,0,0,0,0,0.47206901221814923
"2,5-Diaminotoluene",Cc1cc(N)ccc1N,1,train,1.7965675742516065,1.8969122038778614,-1.9794238278764502,2.1235919517027346,-1.9066671695357345,5.537756301009016,1.472131509813521,14.581858640866582,10.169922600710647,3.1716780304409156,218.15617759993404,6.8533711511285205,5.386751345948129,5.386751345948129,4.198377302757662,2.815384140902211,2.815384140902211,2.116025403784439,2.116025403784439,1.293856620135736,1.293856620135736,0.6988959454956776,0.6988959454956776,0.0,0.0,0.0,0.0,0.0,16.93822404106412,0.0,6.06636706846161,19.056471336613843,0.0,11.46733495432437,122.08439831999999,1.2222222222222223,1.8888888888888888,2.3333333333333335,0.14285714285714285,-1.1800000000000002,9,112.091,1.7965675742516065,5.947877237851663,1.973221425374384,1.1340794947334671,54.476126627919,5.533148148148149,0.39871880932561343,5.533148148148149,0.03447299072209191,0.7654629629629632,0.03447299072209191,0.7654629629629632,-0.39871880932561343,1.1594200000000001,40.0038,122.171,4,2,0,0,0,1,0,1,2,2,2,0,0,0,0,0,48,11.46733495432437,0.0,0.0,0.0,0.0,0.0,0.0,0.0,0.0,0.0,0.0,30.686289896772447,11.374772549367124,0.0,1,0.0,11.374772549367124,0.0,0.0,0.0,6.923737199690624,11.46733495432437,23.762552697081826,0.0,0.0,9.444444444444445,11.46733495432437,11.374772549367124,0.0,0.0,0.0,0.0,6.923737199690624,5.563451491696996,18.19910120538483,0.0,0.0,0.0,52.04,0.0,0.0,0.0,0.0,13.603148148148149,0.0,5.460648148148148,0.0,1.9362037037037036,0.0,0,0,0,2,0,0,0,0,0,0,0,0,0,0,0,0,0,2,0,0,0,0,0,0,0,0,0,0,0,2,1,0,0,0,1,0,0,0,0,0,0,0,0,0,0,0,0,0,0,0,0,0,0,0,0,0,0,0,0,0,0,0,0,0,0,0,0,0,0,0,0,0,0,0,0,0,0,0,0,0,0,0,0,0,0,0.5071584204162337
2-Amino-6-chloro- 4-nitrophenol,Nc1cc([N+](=O)[O-])cc(Cl)c1O,1,train,1.9867269983816982,2.1177380328891475,-1.993378318783812,2.330604521463854,-1.9153945100005207,6.322502233461422,-0.38438007615173353,35.495691241133436,10.244612205558969,3.306535412749064,316.56023714834686,9.300964908321225,5.8209390525057465,6.576867998524201,5.519744507803581,2.944719876648747,3.3226843496579743,2.1225367057728572,2.5297368325134637,1.2884687855269372,1.576584274370092,0.7108401530521756,0.9317381806524697,4.923311048817671,10.114318268765572,0.0,22.146917696392354,0.0,12.13273413692322,0.0,0.0,0.0,0.0,22.441134762235407,187.9988697,1.5833333333333333,2.1666666666666665,2.5833333333333335,0.0,-1.4899999999999995,12,183.52999999999997,1.9867269983816982,8.605147478591816,2.8629650178895,1.4008660058181057,72.52176951808717,10.226395817586294,0.5043497341577285,10.226395817586294,0.27275946066676343,0.10259259259259212,0.27275946066676343,-0.6372222222222219,-0.5043497341577285,1.536,44.183600000000006,188.57,3,5,0,0,0,1,0,1,4,2,6,0,1,0,0,0,64,10.84019487200289,0.0,5.749511833283905,0.0,5.687386274683562,0.0,10.114318268765572,0.0,0.0,0.0,11.600939890232516,0.0,12.13273413692322,15.633330637242558,1,10.029838443658377,22.97571243959964,0.0,0.0,0.0,0.0,5.733667477162185,27.269685719430118,0.0,5.749511833283905,9.75,5.733667477162185,11.374772549367124,5.749511833283905,11.600939890232516,10.029838443658377,0.0,10.114318268765572,0.0,12.13273413692322,5.022633313741326,0.0,0.0,89.39,0.0,5.428734567901234,9.589173595364072,19.135949861426052,4.877314814814815,-0.3312345679012343,2.0778395061728396,0.0,0.0,0.0,0,0,0,1,0,0,0,1,0,0,0,0,0,0,0,1,0,1,0,0,0,0,0,0,0,0,0,0,0,1,0,0,0,0,1,0,0,0,0,0,0,0,0,0,1,0,0,0,0,0,0,0,0,0,0,0,0,0,1,1,1,0,0,0,0,1,1,0,0,0,0,0,0,0,0,0,0,0,0,0,0,0,0,0,0,0.302763200523224
2-Methyl-5-hydroxy-ethylaminophenol,Cc1ccc(NCCO)cc1O,1,train,2.07136492906211,1.95828192211923,-2.0506430198824948,2.1972394709454472,-2.044651626393122,5.502798645142165,0.31079398295989036,16.25623818151741,10.179414479674637,2.686708199076686,260.70548992551977,8.974691494688164,7.040691560941889,7.040691560941889,5.736382105218447,3.8814218260726765,3.8814218260726765,2.6516493078770313,2.6516493078770313,1.650063900648575,1.650063900648575,0.9195970713806125,0.9195970713806125,0.0,5.106527394840706,0.0,12.356393797796823,6.544756405912575,11.250837766380558,0.0,6.06636706846161,19.056471336613843,5.316788604006331,5.106527394840706,167.094628656,1.4166666666666667,2.1666666666666665,2.75,0.3333333333333333,-1.22,12,154.10399999999998,2.07136492906211,8.872764378478664,3.97035601964101,2.134222588474927,71.66455915068684,9.29692932728647,0.5076065804137463,9.29692932728647,0.12004110208008435,0.09190310846560856,0.12004110208008435,0.09190310846560856,-0.5076065804137463,1.1048199999999997,48.41930000000003,167.20800000000003,3,3,0,0,0,1,0,1,3,3,3,0,3,0,0,0,66,15.529843393687743,5.749511833283905,0.0,0.0,0.0,0.0,0.0,0.0,0.0,0.0,6.06636706846161,18.55355575984923,18.298509749057747,6.606881964512918,1,10.213054789681411,5.687386274683562,0.0,0.0,0.0,6.923737199690624,18.468426974431825,23.762552697081826,0.0,5.749511833283905,9.833333333333334,5.316788604006331,5.687386274683562,5.749511833283905,0.0,23.364693160106903,0.0,6.923737199690624,5.563451491696996,18.19910120538483,0.0,0.0,0.0,52.489999999999995,0.0,0.0,0.0,20.775755070546737,1.6774985827664404,0.2758701814058959,5.338043272864701,0.0,2.4328328924162257,0.0,0,1,1,0,0,0,0,1,0,0,0,0,0,0,0,0,1,0,0,0,0,0,0,0,0,0,0,0,0,1,1,0,0,0,1,0,0,0,0,0,0,0,0,0,0,0,0,0,0,0,0,0,0,0,0,0,0,0,0,0,0,0,0,0,0,1,1,0,0,0,0,0,0,0,0,0,0,0,0,0,0,0,0,0,0,0.6316172775540568
3-Aminophenol,Nc1cccc(O)c1,1,train,1.6423714487439025,1.831389252044527,-1.89799870647074,2.1034066941230876,-1.8007987503083653,5.421894175408078,0.4754503607007564,16.254693242001775,10.297929365898064,3.077660437970554,168.38833891467198,5.983127663125442,4.3339649414480865,4.3339649414480865,3.787693700234704,2.3336491373907107,2.3336491373907107,1.594986546774443,1.594986546774443,0.8702105460114716,0.8702105460114716,0.5247980263701975,0.5247980263701975,0.0,0.0,0.0,5.749511833283905,5.687386274683562,0.0,6.06636706846161,18.19910120538483,0.0,0.0,10.84019487200289,109.052763844,1.375,2.125,2.5,0.0,-1.1800000000000002,8,102.07199999999997,1.6423714487439025,4.966627565982405,1.7381205361963379,0.9041418956093399,47.56552756870569,8.733055555555556,0.5078864810892437,8.733055555555556,0.11712920006779604,0.21296296296296324,0.11712920006779604,0.21296296296296324,-0.5078864810892437,0.9743999999999999,32.5192,109.12799999999999,3,2,0,0,0,1,0,1,2,2,2,0,0,0,0,0,42,10.84019487200289,5.749511833283905,0.0,0.0,0.0,0.0,0.0,0.0,0.0,0.0,6.06636706846161,12.13273413692322,11.753753343145172,0.0,1,5.106527394840706,5.687386274683562,0.0,0.0,0.0,0.0,5.733667477162185,24.26546827384644,0.0,5.749511833283905,9.0,5.733667477162185,5.687386274683562,5.749511833283905,0.0,5.106527394840706,0.0,0.0,0.0,24.26546827384644,0.0,0.0,0.0,46.25,0.0,0.0,0.0,8.733055555555556,5.886574074074074,0.21296296296296324,6.50074074074074,0.0,0.0,0.0,0,0,0,1,0,0,0,1,0,0,0,0,0,0,0,0,0,1,0,0,0,0,0,0,0,0,0,0,0,1,0,0,0,0,1,0,0,0,0,0,0,0,0,0,0,0,0,0,0,0,0,0,0,0,0,0,0,0,0,0,0,0,0,0,0,1,1,0,0,0,0,0,0,0,0,0,0,0,0,0,0,0,0,0,0,0.4875296866315732
3-Chloro-4-fluorobenzoylchloride,O=C(Cl)c1ccc(F)c(Cl)c1,1,train,1.9415183650407188,2.042527520163113,-1.944598968183525,2.1631518480556133,-1.8840716126351593,6.6738533507910125,0.10765533902699864,35.4967966864271,10.217461310088677,3.1515496683060507,298.4920897763861,8.430721420318147,5.274192517060422,6.786050409097331,5.1090609052806215,2.7591047264583577,3.515033672476812,1.9025928290769571,2.653078542284269,1.1465611363709165,1.6544254882714726,0.6183919657180926,0.9164831473407025,11.059647609455165,9.184952231746642,0.0,10.586084805438322,0.0,6.06636706846161,12.13273413692322,0.0,0.0,0.0,23.20187978046503,191.954498296,1.4545454545454546,2.090909090909091,2.5454545454545454,0.0,-0.6000000000000001,11,189.98,1.9415183650407188,8.496153846153845,3.1986111111111115,1.913831052944676,72.72993519062692,12.475791761148905,0.27561402250179684,12.475791761148905,0.2519421111007191,0.10046296296296253,0.2519421111007191,-0.6463888888888889,-0.27561402250179684,2.858100000000001,41.59350000000001,193.004,0,1,0,0,0,1,0,1,1,0,4,0,1,0,0,0,58,0.0,5.817220841045894,0.0,0.0,5.242426768409271,0.0,4.794537184071822,4.39041504767482,0.0,0.0,11.600939890232516,29.800041095617345,5.563451491696996,5.022633313741326,1,9.184952231746642,28.4443065488743,0.0,0.0,0.0,0.0,0.0,34.60240685186905,0.0,0.0,9.727272727272727,0.0,4.39041504767482,0.0,23.20187978046503,5.242426768409271,0.0,5.817220841045894,10.357988675768818,18.19910120538483,5.022633313741326,0.0,0.0,17.07,12.475791761148905,10.479523809523808,10.493233812043336,-0.7468518518518514,0.19265432098765478,-0.5617283950617284,3.5562654320987654,0.0,0.0,0.0,0,0,0,0,0,0,0,0,0,0,1,1,0,0,0,0,0,0,0,0,0,0,0,0,0,0,0,0,0,0,0,0,0,0,1,0,0,0,0,0,0,0,0,0,3,0,0,0,0,0,0,0,0,0,0,0,0,0,0,0,0,0,0,0,0,0,0,0,0,0,0,0,0,0,0,0,0,0,0,0,0,0,0,0,0,0.6262949115814591
"3-Ethoxy-1-(2',3',4',5'-tetramethylphenyl)propane-1,3-dione",CCOC(=O)CC(=O)c1cc(C)c(C)c(C)c1C,1,train,2.308241060981985,2.1682978581064405,-2.1280464056168533,2.2188372816680437,-2.131141992643037,6.066679429402894,-0.14147184918384978,16.532176163189508,9.917111525223417,3.0358987123456016,487.0023481357491,13.869879009073573,11.716308702954311,11.716308702954311,8.379116515310283,6.142611401853329,6.142611401853329,4.52099960411145,4.52099960411145,3.391983545413561,3.391983545413561,1.9399801805327557,1.9399801805327557,5.9693052879518484,9.589074368143644,0.0,12.204066569290948,12.170333456209914,16.690354475090988,5.563451491696996,6.923737199690624,33.761315867224106,0.0,4.736862953800049,248.1412445,1.0555555555555556,1.6666666666666667,2.2222222222222223,0.4666666666666667,-1.6399999999999997,18,228.16199999999995,2.308241060981985,14.421124694376527,5.80436104334772,2.9734131220812388,108.15247157866082,12.065655706727135,0.46563728743242316,12.065655706727135,0.31318307830813785,0.16930555555555538,0.31318307830813785,-0.46038784958427725,-0.46563728743242316,3.0561800000000012,70.97050000000003,248.32199999999997,0,3,0,0,0,1,0,1,3,0,3,0,4,0,0,0,98,4.736862953800049,6.4208216229260096,5.783244946364939,0.0,0.0,5.9693052879518484,9.589074368143644,0.0,0.0,0.0,0.0,62.9388590337027,5.563451491696996,6.606881964512918,1,14.325937321943691,11.752550234316788,0.0,0.0,0.0,41.03950762137913,6.606881964512918,33.88362452694659,0.0,0.0,10.277777777777779,0.0,0.0,0.0,0.0,18.359432198829705,9.53140013787187,27.694948798762496,45.95635346517343,6.06636706846161,0.0,0.0,0.0,43.370000000000005,4.798324121315193,0.0,23.397482363315696,0.0,4.961809256109852,-0.6296934051398326,1.860342970521542,-0.18390778533635666,9.962309145880575,0.0,0,0,0,0,0,0,0,0,0,0,2,2,0,0,0,0,0,0,0,0,0,0,0,0,0,0,0,0,0,0,1,0,0,0,1,0,0,0,0,0,1,1,0,0,0,0,0,0,0,0,0,1,1,0,0,0,0,0,0,0,0,0,0,0,0,0,0,0,0,0,0,0,0,0,0,0,0,0,0,0,0,0,0,0,0,0.4670399606745647
3-Methylisoeugenol,CC=Cc1ccc(O)c(OC)c1C,1,train,2.111870525990619,2.0643805511828615,-2.0858179550821574,2.3157458546418237,-1.8971793289557526,5.606338060778663,0.37053367871970017,16.474500141728733,10.069392532958371,3.2670290505278996,327.10731817700736,9.844934982691242,8.164862962722324,8.164862962722324,6.201907262607798,4.196021573086505,4.196021573086505,2.832163836104653,2.832163836104653,1.9773552396718088,1.9773552396718088,1.3103772405417513,1.3103772405417513,0.0,5.106527394840706,0.0,5.749511833283905,5.749511833283905,11.126902983393991,0.0,13.176164609739143,32.06588168151062,0.0,4.736862953800049,178.099379688,1.3846153846153846,2.076923076923077,2.6153846153846154,0.2727272727272727,-1.44,13,164.11899999999997,2.111870525990619,9.64650519031142,3.986213149529808,1.830481006525459,78.47428964099863,9.434919690098262,0.5042472162286084,9.434919690098262,0.16346941916548127,0.1881972789115649,0.16346941916548127,0.1881972789115649,-0.5042472162286084,2.742320000000001,54.10380000000003,178.23099999999997,1,2,0,0,0,1,0,1,2,1,2,0,2,0,0,0,70,9.843390348640755,0.0,11.49902366656781,0.0,0.0,0.0,0.0,0.0,0.0,0.0,18.218407282129373,25.477292959539852,5.563451491696996,7.109797541277533,1,9.843390348640755,6.076020106833881,0.0,0.0,0.0,13.847474399381248,7.109797541277533,29.335657227151092,0.0,11.49902366656781,10.692307692307692,4.736862953800049,0.0,11.49902366656781,0.0,12.216324936118239,0.0,6.923737199690624,18.050640183084614,18.208754243757102,0.0,6.076020106833881,0.0,29.46,5.0788529856387,0.0,0.0,9.434919690098262,2.0256944444444445,0.7396787603930466,3.5082870370370367,3.9405895691609976,3.881607142857143,1.557037037037037,0,0,0,0,0,0,0,1,0,0,0,0,0,0,0,0,0,0,0,0,0,0,0,0,0,0,1,0,0,0,0,0,0,0,1,0,0,0,0,0,0,1,0,0,0,0,0,0,0,0,0,0,0,0,0,1,0,0,0,0,0,0,0,0,0,1,1,0,0,0,0,0,0,0,0,0,0,0,0,0,0,0,0,0,0,0.7540979628174106
3-Phenylene-diamine,Nc1cccc(N)c1,1,train,1.6423714487439025,1.8114699776204846,-1.909271284706819,2.055433595292456,-1.8680702834648073,5.502167011841676,1.667663675060524,14.588141569574908,10.280585931509082,3.077660437970554,166.38833891467198,5.983127663125442,4.464101615137754,4.464101615137754,3.787693700234704,2.3987174742355446,2.3987174742355446,1.6701209903606156,1.6701209903606156,0.9106836025229594,0.9106836025229594,0.5590098792495042,0.5590098792495042,0.0,0.0,0.0,0.0,11.374772549367124,0.0,0.0,18.19910120538483,6.06636706846161,0.0,11.46733495432437,108.06874825599999,1.0,1.5,1.75,0.0,-1.1800000000000002,8,100.07999999999998,1.6423714487439025,4.966627565982405,1.7381205361963379,0.9041418956093399,48.11118451352239,5.378611111111111,0.3986672494363506,5.378611111111111,0.03341424969957049,0.7129629629629632,0.03341424969957049,0.7129629629629632,-0.3986672494363506,0.851,35.2668,108.144,4,2,0,0,0,1,0,1,2,2,2,0,0,0,0,0,42,11.46733495432437,0.0,0.0,0.0,0.0,0.0,0.0,0.0,0.0,0.0,6.06636706846161,18.19910120538483,11.374772549367124,0.0,1,0.0,11.374772549367124,0.0,0.0,0.0,0.0,11.46733495432437,24.26546827384644,0.0,0.0,9.0,11.46733495432437,11.374772549367124,0.0,0.0,0.0,0.0,0.0,0.0,24.26546827384644,0.0,0.0,0.0,52.04,0.0,0.0,0.0,0.0,12.183148148148149,0.0,7.150185185185185,0.0,0.0,0.0,0,0,0,2,0,0,0,0,0,0,0,0,0,0,0,0,0,2,0,0,0,0,0,0,0,0,0,0,0,2,0,0,0,0,1,0,0,0,0,0,0,0,0,0,0,0,0,0,0,0,0,0,0,0,0,0,0,0,0,0,0,0,0,0,0,0,0,0,0,0,0,0,0,0,0,0,0,0,0,0,0,0,0,0,0,0.4839273658917496
4-(Bromomethyl)- benzoic acid ethyl ester,CCOC(=O)c1ccc(CBr)cc1,1,train,2.183374722771596,2.039302005911338,-2.0117740775280657,2.081744441522193,-2.0358752931534405,9.083146397442299,0.052614276145643776,79.9187296765082,10.149034121331756,2.73546934370172,279.48114931490306,9.681798275874712,7.418075693068552,9.004072232183256,6.274386907679233,4.09621204379684,5.217680951543243,2.551024226472373,3.111758680345574,1.6193732995911965,2.2668536753663777,0.9443431905784228,1.3181661598272236,0.0,4.794537184071822,0.0,5.9693052879518484,12.170333456209914,10.893541138758422,0.0,19.056471336613843,12.13273413692322,15.929943897949348,4.736862953800049,241.994241692,1.3846153846153846,2.0,2.4615384615384617,0.3,-0.8300000000000001,13,232.01199999999997,2.183374722771596,10.252169268693507,5.0202334995735,2.8449981599211744,86.03378651227541,11.210364110922146,0.462391324021205,11.210364110922146,0.33760747455735246,0.26053476946334064,0.33760747455735246,-0.26053476946334064,-0.462391324021205,2.7582000000000013,55.02950000000003,243.09999999999997,0,2,0,0,0,1,0,1,2,0,3,0,3,0,0,0,70,4.736862953800049,0.0,0.0,0.0,0.0,5.9693052879518484,0.0,4.794537184071822,0.0,0.0,28.06267803487257,24.619922828310838,5.330089647061427,12.170333456209914,1,9.53140013787187,21.899249185901198,0.0,0.0,0.0,12.253826846752052,6.606881964512918,35.392371257240434,0.0,0.0,9.692307692307692,0.0,0.0,0.0,15.929943897949348,12.576187252464766,10.066952600861477,0.0,22.845177367156435,24.26546827384644,0.0,0.0,0.0,26.3,4.850775817271353,3.33362890526581,11.210364110922146,0.8016918619299571,1.74962821239607,-0.26053476946334064,7.352361111111112,0.0,2.212084750566894,0.0,0,0,0,0,0,0,0,0,0,0,1,1,0,0,0,0,0,0,0,0,0,0,0,0,0,1,0,0,0,0,0,0,0,0,1,0,0,0,0,0,1,1,0,0,1,0,0,0,0,0,0,0,0,0,0,0,0,0,0,0,0,0,0,0,0,0,0,0,0,0,0,0,0,0,0,0,0,0,0,0,0,0,0,0,0,0.6022776318573186
"4-(N-Ethyl-N-2- methan-sulfamido- ethyl)-2-methyl- 1,4,-phenylene-diamine",CCN(CCNS(C)(=O)=O)c1ccc(N)c(C)c1,1,train,2.2698352611022066,2.0668329250697512,-2.2341370846457407,2.195720392424654,-2.3399609546134608,7.882671419484482,0.5867520053038495,32.23310059113502,10.145518529721503,2.6811957880391026,500.0440288620541,13.759148545064338,11.102679887209694,11.91917646813742,8.331517119608916,5.889137276900002,7.780548814958259,4.287063182005215,6.120069370551847,2.746224066922285,3.474725607144545,1.6923572616666862,2.1544351664828127,10.023291153407584,8.417796984328938,0.0,0.0,13.08951281182515,29.738749630488098,0.0,0.0,32.046575604766076,9.622004595302565,5.733667477162185,271.135447912,1.3888888888888888,2.0555555555555554,2.5555555555555554,0.5,-1.27,18,250.21799999999996,2.2698352611022066,14.789772863120147,6.060922626705942,4.540415405914815,109.03141824911583,10.990189951375918,0.3985120459209316,10.990189951375918,0.20825709523396077,0.3989061318972038,0.20825709523396077,-3.1217496273200642,-0.3985120459209316,0.9527200000000001,76.32490000000004,271.38599999999997,3,5,0,0,0,1,0,1,4,2,6,0,6,0,0,0,102,10.633577208012662,0.0,0.0,10.023291153407584,0.0,0.0,0.0,13.139891848781026,0.0,0.0,0.0,37.61002709646307,31.009041767104847,6.255769183511404,1,8.417796984328938,21.398063702774706,0.0,4.722094864452088,0.0,13.847474399381248,36.52361560926179,23.762552697081826,0.0,0.0,11.5,15.355672072464749,11.374772549367124,0.0,0.0,34.307835385578066,10.023291153407584,6.923737199690624,12.487188691387619,18.19910120538483,0.0,0.0,0.0,75.43,24.46865560192039,0.0,2.1018055555555555,0.0,8.629746657137757,0.0,5.836187602355757,1.1633431034387023,5.838677773578568,-3.1217496273200642,0,0,0,1,0,0,0,0,0,0,0,0,0,0,0,1,1,1,0,1,0,0,0,0,0,0,0,0,0,2,1,0,0,0,1,0,0,0,0,0,0,0,0,0,0,0,0,0,0,0,0,0,0,0,0,0,0,0,0,0,0,0,0,0,0,0,0,0,0,0,0,0,0,0,0,0,1,0,0,0,0,0,0,0,0,0.7554809835512851
4-Amino-3- nitrophenyl thiocyanate,N#CSc1ccc(N)c([N+](=O)[O-])c1,1,train,2.0806369536237694,2.1103416448560885,-1.9709975326600964,2.2677700431984857,-1.9449721225854208,8.033209106913413,-0.3836280051561064,32.166455432228226,10.262627995277391,3.126859651077672,385.8143115413998,9.844934982691242,6.428573139150009,7.245069720077735,6.147065707741408,3.2473192639413306,4.0638158448690564,2.1710809906189215,3.02918384247694,1.3620926791114678,1.9430159261102236,0.7977901270020198,1.2098379036961509,4.923311048817671,10.114318268765572,0.0,11.374772549367124,4.895483475517775,11.761884949391115,12.13273413692322,6.06636706846161,5.401253296613055,0.0,10.995559031900672,195.0102474,1.6153846153846154,2.3076923076923075,2.8461538461538463,0.0,-1.7400000000000002,13,190.16299999999998,2.0806369536237694,9.34880994671403,3.777985327284689,2.099451803030103,78.30490136024005,10.411628401360545,0.39316652359567816,10.411628401360545,0.2927586370513763,0.10397203325774806,0.2927586370513763,-0.5726511715797429,-0.39316652359567816,1.7501799999999998,48.9788,195.203,2,5,0,0,0,1,0,1,5,1,6,0,2,0,0,0,66,5.733667477162185,11.088639571296618,0.0,0.0,5.687386274683562,0.0,10.114318268765572,0.0,5.261891554738487,0.0,0.0,23.894619086314336,10.961850543979384,4.923311048817671,1,4.923311048817671,23.13665749875824,5.261891554738487,0.0,0.0,4.895483475517775,5.733667477162185,28.313419474150404,0.0,5.401253296613055,9.153846153846153,5.733667477162185,11.374772549367124,0.0,11.761884949391115,4.923311048817671,0.0,20.777463120117115,0.0,23.094584680902603,0.0,0.0,0.0,92.95,0.0,0.8611111111111109,10.356014266817839,20.564818121693122,5.290232426303856,0.0,4.261157407407407,0.0,0.0,0.0,0,0,0,1,0,0,0,0,0,0,0,0,0,0,0,2,0,1,0,0,0,0,0,0,0,0,0,0,0,1,0,0,0,0,1,0,0,0,0,0,0,0,0,0,0,0,0,0,0,0,0,0,0,0,0,0,0,1,1,1,0,0,0,0,0,0,0,0,0,0,0,0,0,0,0,1,0,0,0,0,0,1,0,0,0,0.2549064129502705
4-Nitrobenzyl bromide,O=[N+]([O-])c1ccc(CBr)cc1,1,train,2.0456060352867365,2.0153168508961827,-1.9243675452061912,2.127398300128279,-1.86646947005165,9.083145610494764,-0.38444566417615356,79.91872964571695,10.212479460661942,2.9138015626758036,257.6480131294879,8.267584713501616,5.658182507381962,7.244179046496667,5.236382105218447,3.030937006971707,4.152405914718109,2.0571875862522853,2.6179220401254866,1.3014621656619032,1.9489425414370842,0.7067511348162493,1.0805741040650503,4.923311048817671,10.114318268765572,0.0,5.687386274683562,0.0,10.893541138758422,12.13273413692322,12.13273413692322,0.0,15.929943897949348,0.0,214.958190532,1.3636363636363635,1.9090909090909092,2.272727272727273,0.14285714285714285,-0.9000000000000001,11,209.986,2.0456060352867365,8.199009900990099,3.4791154361633936,2.0118898293934477,72.31686856203474,10.194391888699924,0.2689428128523101,10.194391888699924,0.2689428128523101,0.13398148148148192,0.2583096361821328,-0.40475056689342415,-0.2583096361821328,2.4897,45.72740000000002,216.034,0,3,0,0,0,1,0,1,2,0,4,0,2,0,0,0,58,0.0,0.0,0.0,0.0,5.687386274683562,0.0,10.114318268765572,0.0,0.0,0.0,28.06267803487257,5.563451491696996,17.462823783984646,4.923311048817671,1,4.923311048817671,21.61733017263291,0.0,0.0,0.0,5.330089647061427,0.0,39.943238034309005,0.0,0.0,9.545454545454545,0.0,5.687386274683562,0.0,15.929943897949348,4.923311048817671,5.330089647061427,10.114318268765572,5.563451491696996,24.26546827384644,0.0,0.0,0.0,43.14,0.0,3.2492065854119425,9.7896413218065,10.921568759448224,1.1715740740740748,0.0,6.451342592592592,0.0,0.0,0.0,0,0,0,0,0,0,0,0,0,0,0,0,0,0,0,1,0,0,0,0,0,0,0,0,0,1,0,0,0,0,0,0,0,0,1,0,0,0,0,0,0,0,0,0,1,0,0,0,0,0,0,0,0,0,0,0,0,0,1,1,1,0,0,0,0,0,0,0,0,0,0,0,0,0,0,0,0,0,0,0,0,0,0,0,0,0.4325861423804816
5-Methyl-2-phenyl-2-hexenal,CC(C)CC=C(C=O)c1ccccc1,1,train,2.197974345255364,1.9856598912716819,-2.0161650756671596,2.1353103307910817,-1.8823601808064452,6.06228051894288,-0.10291663093773899,16.12907029266137,10.02845827051755,2.8214151450087113,309.26726472564604,10.38890505706126,8.734157225167419,8.734157225167419,6.736382105218448,4.94493325141508,4.94493325141508,3.772891590988476,3.772891590988476,2.0432582023273427,2.0432582023273427,1.2272771838951255,1.2272771838951255,0.0,4.794537184071822,0.0,0.0,5.917906046161393,23.843538167821826,0.0,0.0,36.407855449141934,13.847474399381248,0.0,188.120115132,1.2857142857142858,1.9285714285714286,2.4285714285714284,0.3076923076923077,-1.37,14,172.14199999999997,2.197974345255364,10.709176563737133,5.379331244072273,3.1716204846004183,85.45791698813275,10.849733560090703,0.29788518134348585,10.849733560090703,0.14983017248283054,0.5913539304610733,0.14983017248283054,0.5913539304610733,-0.29788518134348585,3.315000000000002,59.93800000000004,188.27,0,1,0,0,0,1,0,1,1,0,1,0,4,0,0,0,74,0.0,6.2861605231295545,0.0,0.0,0.0,0.0,4.794537184071822,0.0,0.0,0.0,50.255329848523175,17.9021791607844,5.5731045300692665,0.0,1,4.794537184071822,11.859265053198822,0.0,0.0,5.917906046161393,20.268296022307258,0.0,41.97130694083893,0.0,0.0,11.785714285714286,0.0,0.0,0.0,0.0,6.2861605231295545,4.794537184071822,5.917906046161393,25.831747514004253,36.407855449141934,0.0,5.5731045300692665,0.0,17.07,0.0,0.0,10.849733560090703,0.0,1.7939351851851857,0.5913539304610733,9.763476001511716,3.8826199924414206,4.285547996976568,0.0,0,0,0,0,0,0,0,0,0,0,1,1,0,0,0,0,0,0,0,0,0,0,0,1,0,0,2,0,0,0,0,0,0,0,1,0,0,0,0,0,0,0,0,0,0,0,0,0,0,0,0,0,0,0,0,0,0,0,0,0,0,0,0,0,0,0,0,0,0,0,0,0,0,0,0,0,0,0,0,0,0,0,0,0,0,0.5230162714844346
Benzalkonium chloride,CCCCCCCCCCCCCC[N+](C)(C)Cc1ccccc1,1,train,2.561168034507845,2.1428861237156474,-2.295949379986962,2.1400623526561446,-2.3899632951896534,5.12823328090349,-0.9034129739539202,15.298191296909568,10.05028321212323,1.921136968208596,382.2817757884926,17.51237911173403,16.733459878059758,16.733459878059758,11.638958433764685,10.498226497336374,10.498226497336374,8.192137994255187,8.192137994255187,5.070424764914443,5.070424764914443,3.5375494059990875,3.5375494059990875,0.0,0.0,0.0,0.0,0.0,11.027787263607198,89.15806737272172,0.0,0.0,51.350916507353055,0.0,332.33117676409,0.625,1.0833333333333333,1.5833333333333333,0.7391304347826086,-0.8200000000000001,24,290.26,2.561168034507845,21.223140638481446,13.468354799253444,11.675335649670986,151.60522422103801,2.3666090306113823,0.3247298227303808,2.3666090306113823,0.10394723022893079,1.1128703703703704,0.10394723022893079,1.1128703703703704,-0.3247298227303808,6.964100000000008,108.1994000000001,332.59599999999995,0,1,0,0,0,1,0,1,0,0,1,0,15,0,0,0,138,4.483030857694624,6.544756405912575,0.0,0.0,0.0,0.0,0.0,0.0,0.0,0.0,101.46378877125882,12.841643245852019,5.563451491696996,20.640100371266954,1,4.483030857694624,0.0,0.0,0.0,0.0,90.51835308071534,20.640100371266954,35.89528683400505,0.0,0.0,11.791666666666666,0.0,0.0,0.0,0.0,25.12313122896158,6.544756405912575,0.0,89.53704816649976,30.33183534230805,0.0,0.0,0.0,0.0,1.1128703703703704,0.0,0.0,0.0,1.4596636122959383,0.0,10.914188931231893,17.20380169377098,4.742923997774718,4.733218061222765,0,0,0,0,0,0,0,0,0,0,0,0,0,0,0,1,0,0,0,0,0,0,0,0,0,0,0,0,0,0,0,0,0,0,1,0,0,0,0,0,0,0,0,0,0,0,0,0,0,0,0,0,0,0,0,0,0,0,0,0,0,0,0,0,0,0,0,0,0,0,0,0,0,0,1,0,0,0,0,0,0,0,0,10,0,0.2403160049724577
Chlorothalonil,N#Cc1c(Cl)c(Cl)c(Cl)c(C#N)c1Cl,1,train,2.1641757289633556,2.1917384017738124,-2.053695676144461,2.3977344786455737,-1.8875487969415863,6.503035179724951,1.4460403234362813,35.50069559863486,10.132631376421891,3.7817196239994977,440.5804759440678,10.878315177510851,6.406285083036825,9.430000867110643,6.540111220059324,3.2031425415184125,4.715000433555321,2.229535743768433,3.741393635805343,1.486982078692391,3.192304069148645,0.8298680485500368,1.8999259193287028,0.0,0.0,0.0,31.217436238359298,0.0,0.0,0.0,12.138442625584547,0.0,0.0,56.92754267040704,263.88155872,0.6428571428571429,1.0,1.2857142857142858,0.0,-0.6400000000000001,14,265.914,2.1641757289633556,11.434850299401196,4.255635544020216,1.6287921069730855,100.1595116187543,8.704536407155455,0.1923229001143206,8.704536407155455,0.10237867887400381,0.03626543209876476,0.10237867887400381,-0.07462962962962916,-0.1923229001143206,4.04356,55.912000000000006,265.914,0,2,0,0,0,1,0,1,2,0,6,0,0,0,0,0,70,0.0,12.138442625584547,0.0,0.0,0.0,0.0,0.0,0.0,10.523783109476973,0.0,46.40375956093006,0.0,0.0,31.217436238359298,1,0.0,46.40375956093006,10.523783109476973,0.0,0.0,0.0,0.0,31.217436238359298,0.0,12.138442625584547,9.285714285714286,0.0,0.0,0.0,46.40375956093006,0.0,0.0,22.66222573506152,11.126902983393991,0.0,20.090533254965305,0.0,0.0,47.58,0.0,22.811976568405136,0.0,17.220708616780048,-0.08466049382715957,0.0,3.49641975308642,0.0,0.0,0.0,0,0,0,0,0,0,0,0,0,0,0,0,0,0,0,2,0,0,0,0,0,0,0,0,0,0,0,0,0,0,0,0,0,0,1,0,0,0,0,0,0,0,0,0,4,0,0,0,0,0,0,0,0,0,0,0,0,2,0,0,0,0,0,0,0,0,0,0,0,0,0,0,0,0,0,0,0,0,0,0,0,0,0,0,0,0.5249703621195863
2-methoxy-5-propylphenol,CCCc1ccc(OC)c(O)c1,1,train,2.05311741097013,2.001681441232008,-2.0413941058882865,2.2592806690307996,-1.862269980778264,5.411130006968816,0.37280300719435916,16.47397488094768,10.107897700295219,2.8586202694005634,256.01553398962693,8.974691494688164,7.501726255905794,7.501726255905794,5.774386907679233,4.13467327693818,4.13467327693818,2.7562011841503082,2.7562011841503082,1.7819386402444353,1.7819386402444353,1.1797445327129226,1.1797445327129226,0.0,5.106527394840706,0.0,5.749511833283905,5.749511833283905,18.405094737549014,0.0,19.242531678200752,6.06636706846161,6.923737199690624,4.736862953800049,166.099379688,1.4166666666666667,2.1666666666666665,2.6666666666666665,0.4,-1.1800000000000002,12,152.10799999999998,2.05311741097013,8.912421441774493,3.9997474663913337,1.9064705824134964,72.7989505587863,9.392975245653817,0.5042480082357091,9.392975245653817,0.1599944807732808,0.22541666666666682,0.1599944807732808,0.22541666666666682,-0.5042480082357091,2.353300000000001,48.65380000000003,166.21999999999997,1,2,0,0,0,1,0,1,2,1,2,0,3,0,0,0,66,9.843390348640755,0.0,11.49902366656781,0.0,0.0,0.0,0.0,0.0,0.0,0.0,19.410925891078243,24.117007251546223,0.0,7.109797541277533,1,9.843390348640755,0.0,0.0,0.0,0.0,19.765380445542643,7.109797541277533,23.762552697081826,0.0,11.49902366656781,9.833333333333334,4.736862953800049,0.0,11.49902366656781,0.0,12.216324936118239,6.4208216229260096,0.0,18.90801031431363,18.19910120538483,0.0,0.0,0.0,29.46,4.928096419123205,0.0,0.0,9.392975245653817,1.148888888888889,0.7623176492819355,5.518564814814814,2.0866300547996977,2.112380716175359,1.5501462112622826,0,0,0,0,0,0,0,1,0,0,0,0,0,0,0,0,0,0,0,0,0,0,0,0,0,0,0,0,0,0,1,0,0,0,1,0,0,0,0,0,0,1,0,0,0,0,0,0,0,0,0,0,0,0,0,1,0,0,0,0,0,0,0,0,0,1,1,0,0,0,0,0,0,0,0,0,0,0,0,0,0,0,0,0,0,0.7464613931512205
Ethyl 4-iodobenzoate,CCOC(=O)c1ccc(I)cc1,1,train,2.057933877254582,2.034106395122039,-1.9988509089215147,2.0703195367964935,-2.0340686504737135,14.111915906836936,0.05261235054382593,126.9127043095552,10.211560248725517,2.753742758109602,266.36195376207496,8.974691494688164,6.710968911882005,8.868467203058326,5.736382105218448,3.664379647795756,4.743128793383916,2.22736320528829,3.472995424475097,1.3553558469033313,2.0745219439621057,0.8003990585780613,1.159982107107448,0.0,4.794537184071822,0.0,5.9693052879518484,12.170333456209914,3.5701822710653963,0.0,19.056471336613843,12.13273413692322,22.590870627068057,4.736862953800049,275.964727528,1.4166666666666667,2.0,2.5,0.2222222222222222,-0.5800000000000001,12,267.001,2.057933877254582,9.50756567425569,4.4467120138657785,2.4770158195124625,85.06313491328108,11.131304799697658,0.4623913190999394,11.131304799697658,0.3376083710571857,0.2556481481481476,0.3376083710571857,-0.2556481481481476,-0.4623913190999394,2.4679,55.115500000000026,276.073,0,2,0,0,0,1,0,1,2,0,3,0,2,0,0,0,64,4.736862953800049,0.0,0.0,0.0,0.0,5.9693052879518484,0.0,4.794537184071822,0.0,0.0,0.0,53.780076100605115,3.5701822710653963,12.170333456209914,1,9.53140013787187,28.560175915019904,0.0,0.0,0.0,6.923737199690624,6.606881964512918,33.39910203660883,0.0,0.0,9.5,0.0,0.0,0.0,22.590870627068057,12.576187252464766,4.736862953800049,3.5701822710653963,17.28172587545944,24.26546827384644,0.0,0.0,0.0,26.3,5.938115551776265,2.189139805366591,11.131304799697658,0.0,0.60857962962963,-0.2556481481481476,7.2908333333333335,0.0,2.2176750283446713,0.0,0,0,0,0,0,0,0,0,0,0,1,1,0,0,0,0,0,0,0,0,0,0,0,0,0,0,0,0,0,0,0,0,0,0,1,0,0,0,0,0,1,1,0,0,1,0,0,0,0,0,0,0,0,0,0,0,0,0,0,0,0,0,0,0,0,0,0,0,0,0,0,0,0,0,0,0,0,0,0,0,0,0,0,0,0,0.6123803429770096
5-(prop-1-en-1-yl)-2-(propan-2-yloxy)phenol,CC=Cc1ccc(OC(C)C)c(OC)c1,1,train,2.196873890977696,2.0542243595576597,-2.132150587999171,2.2878283459158597,-2.061302491645608,5.551572746961147,0.22987999935085426,16.52012069581108,10.160471465896485,2.976851997314428,340.3892314999931,11.259148545064338,9.780598196065482,9.780598196065482,7.1682337577965844,5.144291988532851,5.144291988532851,3.5769025062633473,3.5769025062633473,1.909469450201164,1.909469450201164,1.331592822856115,1.331592822856115,0.0,0.0,0.0,6.103966387748303,0.0,17.062475158264807,0.0,7.109797541277533,51.122353018124464,0.0,9.473725907600098,206.130679816,1.2,1.9333333333333333,2.466666666666667,0.38461538461538464,-1.44,15,188.14099999999996,2.196873890977696,11.633746312684366,5.443224972888269,3.3133800663144037,91.5234853471027,5.620253448601662,0.49284673920620947,5.620253448601662,0.16107892309585806,0.15876595700008367,0.16107892309585806,0.15876595700008367,-0.49284673920620947,3.515500000000002,63.466000000000044,206.28499999999997,0,2,0,0,0,1,0,1,2,0,2,0,4,0,0,0,82,9.473725907600098,0.0,11.49902366656781,0.0,0.0,0.0,0.0,0.0,0.0,0.0,18.218407282129373,38.46739722769208,0.0,13.213763929025836,1,9.473725907600098,6.076020106833881,0.0,0.0,0.0,26.875177986820173,7.109797541277533,29.838572803915707,0.0,11.49902366656781,11.0,9.473725907600098,0.0,11.49902366656781,0.0,13.213763929025836,0.0,0.0,26.334663090768867,24.27512131221871,0.0,6.076020106833881,0.0,18.46,10.894569397203325,0.0,0.0,0.0,1.116163076341648,1.5694935752078614,5.922731481481481,4.185972117241958,5.989681463634836,1.6547222222222222,0,0,0,0,0,0,0,0,0,0,0,0,0,0,0,0,0,0,0,0,0,0,0,0,0,0,1,0,0,0,0,0,0,0,1,0,0,0,0,0,0,2,0,0,0,0,0,0,0,0,0,0,0,0,0,1,0,0,0,0,0,0,0,0,0,0,0,0,0,0,0,0,0,0,0,0,0,0,0,0,0,0,0,0,0,0.7500885028830142
Methyl 4-(bromomethyl)benzoate,COC(=O)c1ccc(CBr)cc1,1,train,2.167053352545513,2.0242033478148835,-1.9871023201148064,2.0779457350589325,-1.998694583680445,9.083146088496756,0.060051235998245765,79.91872966087709,10.149722367433187,2.8435240620306375,266.3619537620749,8.974691494688164,6.710968911882004,8.296965450996709,5.774386907679233,3.5086784184793434,4.630147326225745,2.3221356698120847,2.882870123685286,1.529336789495507,2.176817165270688,0.8477666386952651,1.221589607944066,0.0,4.794537184071822,0.0,5.9693052879518484,5.563451491696996,10.893541138758422,7.109797541277533,12.13273413692322,12.13273413692322,20.6668068517494,0.0,227.978591628,1.4166666666666667,2.0,2.4166666666666665,0.2222222222222222,-0.8300000000000001,12,220.00099999999998,2.167053352545513,9.25952551477171,4.259120464328456,2.076217553133572,79.6688443978788,10.979114110922147,0.46541752130125646,10.979114110922147,0.3373417745844622,0.29525699168556296,0.3373417745844622,-0.29525699168556296,-0.46541752130125646,2.3681,50.41250000000002,229.07299999999998,0,2,0,0,0,1,0,1,2,0,3,0,2,0,0,0,64,4.736862953800049,0.0,0.0,0.0,0.0,5.9693052879518484,0.0,4.794537184071822,0.0,0.0,28.06267803487257,17.696185628620217,5.330089647061427,12.673249032974528,1,9.53140013787187,21.899249185901198,0.0,0.0,0.0,5.330089647061427,7.109797541277533,35.392371257240434,0.0,0.0,9.5,0.0,0.0,0.0,15.929943897949348,13.079102829229381,10.066952600861477,0.0,15.921440167465814,24.26546827384644,0.0,0.0,0.0,26.3,4.559109150604686,3.319956065759637,10.979114110922147,0.80005220143613,1.7267157974300837,-0.29525699168556296,7.284583333333334,0.0,0.0,1.3757263321995463,0,0,0,0,0,0,0,0,0,0,1,1,0,0,0,0,0,0,0,0,0,0,0,0,0,1,0,0,0,0,0,0,0,0,1,0,0,0,0,0,1,1,0,0,1,0,0,0,0,0,0,0,0,0,0,1,0,0,0,0,0,0,0,0,0,0,0,0,0,0,0,0,0,0,0,0,0,0,0,0,0,0,0,0,0,0.5743701533341178
"1,3-benzenedimethanamine",NCc1cccc(CN)c1,1,train,2.0460013283612883,1.8929906120491458,-1.9815034816004362,2.0203390021517755,-1.9968553563723224,5.223020627655325,1.0261768104792308,14.533694399622235,10.126065051972528,2.8711457287957725,188.91749419417292,7.397341225498538,5.878315177510851,5.878315177510851,4.863703305156274,3.3449705671601926,3.3449705671601926,2.2281991950855375,2.2281991950855375,1.4627977725448964,1.4627977725448964,0.8835977718611144,0.8835977718611144,0.0,0.0,0.0,0.0,13.08951281182515,11.126902983393991,0.0,0.0,24.26546827384644,0.0,11.46733495432437,136.100048384,1.0,1.5,1.9,0.25,-0.8600000000000001,10,124.10199999999998,2.0460013283612883,7.249409190371992,3.3438781752721205,1.5589932097607084,60.841068742315606,5.432592592592592,0.32649733577126844,5.432592592592592,0.01777174235510589,0.591111111111111,0.01777174235510589,0.591111111111111,-0.32649733577126844,0.604,42.224800000000016,136.198,4,2,0,0,0,1,0,1,2,2,2,0,2,0,0,0,54,11.46733495432437,0.0,0.0,0.0,0.0,0.0,0.0,0.0,0.0,0.0,24.26546827384644,11.126902983393991,13.08951281182515,0.0,1,0.0,0.0,0.0,0.0,11.46733495432437,13.08951281182515,0.0,35.392371257240434,0.0,0.0,9.8,11.46733495432437,0.0,0.0,0.0,0.0,13.08951281182515,0.0,11.126902983393991,24.26546827384644,0.0,0.0,0.0,52.04,0.0,0.0,0.0,0.0,13.148425925925926,0.0,8.002685185185186,0.0,1.182222222222222,0.0,0,0,0,0,0,0,0,0,0,0,0,0,0,0,0,0,0,2,0,0,0,0,0,0,0,0,0,0,0,0,0,0,0,0,1,0,0,0,0,0,0,0,0,0,0,0,0,0,0,0,0,0,0,0,0,0,0,0,0,0,0,0,0,0,0,0,0,0,0,0,0,0,0,0,0,0,0,0,0,0,0,0,0,0,0,0.6253132172200818
"N-(3,4-Dichlorophenyl)-n'- (1-methylethyl)- imidodicarbon-imidic diamide monohydrochloride",CC(C)N(C(=N)N)C(=N)Nc1ccc(Cl)c(Cl)c1,1,train,2.218144494154362,2.1622329149944606,-2.269580591958779,2.246358751669098,-2.4766363338695254,6.417458908481989,0.48843257070496066,35.498261391685375,10.281496701776005,2.8578039854921484,472.50141837925906,13.869879009073573,10.089893887466541,11.601751779503452,8.32427496044389,5.2647865029429965,6.020715448961452,3.951485509329693,4.765885762810905,2.1991776945940242,2.9382069733320417,1.427650447108397,1.7257416287310072,0.0,0.0,0.0,17.96094996663563,15.732652902166215,0.0,4.899909730850477,18.19910120538483,13.847474399381248,5.316788604006331,39.754114469210265,287.07045084,1.2777777777777777,1.8888888888888888,2.3333333333333335,0.2727272727272727,-1.4599999999999995,18,273.062,2.218144494154362,14.600459492140264,5.928801504913273,3.5145834803433726,115.88293469459707,7.886260393046108,0.3696145803305527,7.886260393046108,0.20223144593306547,0.010082514487276706,0.20223144593306547,-0.1920736401556502,-0.3696145803305527,2.9439399999999996,76.70050000000002,288.182,5,5,0,0,0,1,0,1,2,4,7,0,2,0,0,0,98,11.050456081168516,0.0,5.959554568743835,5.959554568743835,0.0,0.0,15.718476942433522,0.0,0.0,0.0,23.20187978046503,32.046575604766076,11.729227103831523,10.045266627482652,1,0.0,40.80837519263626,10.818567211583044,4.899909730850477,5.733667477162185,19.88931522852921,5.316788604006331,28.244367832867482,0.0,0.0,10.277777777777779,11.050456081168516,5.687386274683562,0.0,23.20187978046503,22.860859697486106,0.0,10.818567211583044,13.847474399381248,18.19910120538483,10.045266627482652,0.0,0.0,88.99000000000001,0.0,11.68168692785756,1.3497141912320485,18.97663295050531,6.039738791607179,-0.1819911256683735,4.84362327132499,0.0,3.6794838820301785,0.0,0,0,0,0,0,0,0,0,0,0,0,0,0,0,0,1,3,1,0,0,0,0,0,0,0,0,0,0,0,1,0,0,0,0,1,0,0,0,0,0,0,0,0,2,2,0,0,0,0,0,0,0,0,0,0,0,0,0,0,0,0,0,0,0,0,0,0,0,0,0,0,0,0,0,0,0,0,0,0,0,0,0,0,0,0,0.4980152453874913
Pentachlorophenol,Oc1c(Cl)c(Cl)c(Cl)c(Cl)c1Cl,1,train,2.0815718239857546,2.1749591614333226,-2.058271901767335,2.4675927772086585,-1.7848574746363586,6.552083476347663,0.4757325841893694,35.50256811306978,10.314709771715217,3.6035674514745475,230.20322477240757,9.464101615137755,5.3370359605460935,9.116680690638367,5.464101615137754,2.668517980273047,4.558340345319183,1.9185179802730463,3.808340345319184,1.186631558466518,3.4434307347924333,0.593315779233259,1.7217153673962164,0.0,5.106527394840706,0.0,30.86267840199054,0.0,0.0,0.0,0.0,0.0,0.0,58.00469945116258,263.847003052,0.5833333333333334,0.8333333333333334,1.1666666666666667,0.0,0.46999999999999986,12,265.33000000000004,2.0815718239857546,10.550192461908578,3.68572552572852,1.5681178591367897,93.74196800610133,9.200987654320986,0.5047430525360218,9.200987654320986,0.1554578230276599,0.009043209876542502,0.1554578230276599,-0.36320987654320924,-0.5047430525360218,4.6592,53.15680000000001,266.33799999999997,1,1,0,0,0,1,0,1,1,1,6,0,0,0,0,0,66,5.106527394840706,10.045266627482652,5.749511833283905,0.0,0.0,0.0,0.0,0.0,0.0,0.0,58.00469945116258,0.0,0.0,15.067899941223978,1,5.106527394840706,58.00469945116258,0.0,0.0,0.0,0.0,0.0,25.11316656870663,0.0,5.749511833283905,10.416666666666666,0.0,0.0,5.749511833283905,58.00469945116258,5.106527394840706,0.0,0.0,0.0,0.0,25.11316656870663,0.0,0.0,20.23,0.0,27.90413580246913,0.0,9.01462962962963,0.0,-0.36320987654320924,0.0,0.0,0.0,0.0,0,0,0,0,0,0,0,1,0,0,0,0,0,0,0,0,0,0,0,0,0,0,0,0,0,0,0,0,0,0,0,0,0,0,1,0,0,0,0,0,0,0,0,0,5,0,0,0,0,0,0,0,0,0,0,0,0,0,0,0,0,0,0,0,0,1,1,0,0,0,0,0,0,0,0,0,0,0,0,0,0,0,0,0,0,0.5346401235008617
Phenylacetaldehyde,O=CCc1ccccc1,1,train,1.9100860088599134,1.8417822678904627,-1.8864532367369014,1.9565196986780182,-1.8166837189153737,5.5406773235881595,-0.1068232198017239,16.12873913196466,10.16585745299715,2.719528532842932,179.01894049376423,6.52709773749546,5.079456686788165,5.079456686788165,4.431851652578137,2.9081875439756124,2.9081875439756124,1.8563893715520874,1.8563893715520874,1.161860255806338,1.161860255806338,0.7103183795285827,0.7103183795285827,0.0,4.794537184071822,0.0,0.0,6.4208216229260096,11.849612014826551,0.0,0.0,30.33183534230805,0.0,0.0,120.057514876,1.2222222222222223,1.8888888888888888,2.4444444444444446,0.125,-1.11,9,112.08699999999997,1.9100860088599134,6.016742712294044,3.0244491668575164,1.6843966032832334,54.32280944833394,9.974263038548752,0.303028377438838,9.974263038548752,0.12386049372780998,0.5286111111111109,0.12386049372780998,0.5286111111111109,-0.303028377438838,1.428,36.21000000000001,120.15099999999995,0,1,0,0,0,1,0,1,1,0,1,0,2,0,0,0,46,4.794537184071822,6.2861605231295545,0.0,0.0,0.0,0.0,0.0,0.0,0.0,0.0,30.33183534230805,5.563451491696996,6.4208216229260096,0.0,1,4.794537184071822,6.2861605231295545,0.0,0.0,0.0,6.4208216229260096,0.0,35.89528683400505,0.0,0.0,8.88888888888889,0.0,0.0,0.0,0.0,6.2861605231295545,11.21535880699783,0.0,5.563451491696996,30.33183534230805,0.0,0.0,0.0,17.07,0.0,0.0,9.974263038548752,0.0,1.076388888888889,0.0,9.675366591080877,1.440648148148148,0.0,0.0,0,0,0,0,0,0,0,0,0,0,1,1,0,0,0,0,0,0,0,0,0,0,0,1,0,0,0,0,0,0,0,0,0,0,1,0,0,0,0,0,0,0,0,0,0,0,0,0,0,0,0,0,0,0,0,0,0,0,0,0,0,0,0,0,0,0,0,0,0,0,0,0,0,0,0,0,0,0,0,0,0,0,0,0,0,0.5393954805413781
p-Methylhydrocinnamic aldehyde,Cc1ccc(CCC=O)cc1,1,train,2.0381744191227664,1.89731375025886,-1.9636384397240358,2.038368062375215,-1.8473767819906517,5.495586912071075,-0.10733695552888789,16.128725142968484,10.091736010240137,2.582460599078523,223.13302247817728,8.104448006685086,6.709213198785088,6.709213198785088,5.325698502695489,3.8188711464985716,3.8188711464985716,2.690940360914969,2.690940360914969,1.6714662719452438,1.6714662719452438,0.9803378961376236,0.9803378961376236,0.0,4.794537184071822,0.0,0.0,6.4208216229260096,12.706982146055564,11.126902983393991,0.0,0.0,31.18920547353706,0.0,148.088815004,1.2727272727272727,1.9090909090909092,2.4545454545454546,0.3,-1.11,11,136.10899999999998,2.0381744191227664,7.991112234580385,3.9146420616231925,2.5400038217994236,67.05269367712717,10.045115583270345,0.30339019224716424,10.045115583270345,0.11982142673174839,0.6280366591080876,0.11982142673174839,0.6280366591080876,-0.30339019224716424,2.12652,45.56400000000003,148.205,0,1,0,0,0,1,0,1,1,0,1,0,3,0,0,0,58,4.794537184071822,6.2861605231295545,0.0,0.0,0.0,0.0,0.0,0.0,0.0,0.0,29.828919765543436,18.90801031431363,6.4208216229260096,0.0,1,4.794537184071822,6.2861605231295545,0.0,0.0,0.0,19.765380445542643,0.0,35.392371257240434,0.0,0.0,9.545454545454545,0.0,0.0,0.0,0.0,6.2861605231295545,11.21535880699783,6.923737199690624,17.547724606320003,24.26546827384644,0.0,0.0,0.0,17.07,0.0,0.0,10.045115583270345,0.0,2.5023639455782316,0.0,8.275733182161755,2.451089380196523,2.0590312421264803,0.0,0,0,0,0,0,0,0,0,0,0,1,1,0,0,0,0,0,0,0,0,0,0,0,1,0,0,0,0,0,0,2,0,0,0,1,0,0,0,0,0,0,0,0,0,0,0,0,0,0,0,0,0,0,0,0,0,0,0,0,0,0,0,0,0,0,0,0,0,0,0,0,0,0,0,0,0,0,0,0,0,0,0,0,0,0,0.5999626187688002
p-tert-Butyl-a-ethyl-hydrocinnamal,CC(C=O)Cc1ccc(C(C)(C)C)cc1,1,train,2.168152973350823,2.1249638589440965,-2.188244274018656,2.22149153433122,-2.1058978353529496,5.531669864168733,-0.11014055582611444,16.129333247103965,9.859821260614163,2.768132115506002,316.1870914248574,11.474691494688164,10.079456686788166,10.079456686788166,6.930870218218028,5.47955474902153,5.47955474902153,5.264414217971273,5.264414217971273,2.609946521151137,2.609946521151137,1.560725974175971,1.560725974175971,0.0,4.794537184071822,0.0,11.332896515558172,0.0,12.706982146055564,11.126902983393991,0.0,6.923737199690624,45.03667987291831,0.0,204.15141526,1.2,1.7333333333333334,2.1333333333333333,0.5,-1.11,15,184.15299999999996,2.168152973350823,11.961994240460763,4.606245281678695,3.502932727242313,92.5124621347136,10.535393361048122,0.30308781509936833,10.535393361048122,0.1226238377981003,0.11619142101284918,0.1226238377981003,0.11619142101284918,-0.30308781509936833,3.361600000000002,64.07400000000004,204.313,0,1,0,0,0,1,0,1,1,0,1,0,3,0,0,0,82,4.794537184071822,6.2861605231295545,0.0,0.0,0.0,0.0,0.0,0.0,0.0,0.0,51.960417072608934,22.96271507571678,5.917906046161393,0.0,1,4.794537184071822,6.2861605231295545,0.0,0.0,5.917906046161393,39.53076089108528,0.0,35.392371257240434,0.0,0.0,13.6,0.0,0.0,0.0,0.0,6.2861605231295545,16.63034927639461,5.917906046161393,38.821851782156486,24.26546827384644,0.0,0.0,0.0,17.07,0.0,0.0,10.535393361048122,0.0,2.7796668713781814,0.11619142101284918,8.570316515495087,1.8527703373015871,8.562328160430837,0.0,0,0,0,0,0,0,0,0,0,0,1,1,0,0,0,0,0,0,0,0,0,0,0,1,0,0,0,0,0,0,0,0,0,0,1,0,0,0,0,0,0,0,0,0,0,0,0,0,0,0,0,0,0,0,0,0,0,0,0,0,0,0,0,0,0,0,0,0,0,0,0,0,0,0,0,0,0,0,0,0,0,0,0,0,0,0.689906388143381
"Sodium-3,3,5-trimethyl-benzenesulfonate",CC(CC(=O)Oc1ccc(S(=O)(=O)O)cc1)CC(C)(C)C,1,train,2.245265095269541,2.1857926588029213,-2.2201441419924257,2.261088640341421,-2.1690209689638893,7.854207970463883,-0.13502506333515657,32.23978332514164,9.84096602170329,2.5948593815178125,581.4851463413702,16.25914854506434,12.789419956140499,13.605916537068225,9.471163677742105,6.754724936445934,8.194788265246572,6.494621578929525,7.916158779376873,2.8292408261054134,3.6971250432189637,2.2548387596626593,2.734859869262874,10.118126859033554,13.212334168400758,0.0,27.9471971123117,6.4208216229260096,6.4208216229260096,24.26546827384644,0.0,6.923737199690624,20.771211599071872,9.289612827490412,314.118794804,1.2380952380952381,1.7619047619047619,2.1904761904761907,0.5333333333333333,-1.4,21,292.22700000000003,2.245265095269541,17.651020408163266,6.575894813732653,6.728386893509767,125.61958548865769,11.800697082073569,0.42652182382736137,11.800697082073569,0.3109497368459393,0.1496333640205394,0.3109497368459393,-4.227857754085205,-0.42652182382736137,3.3011000000000017,79.74460000000006,314.4030000000001,1,5,0,0,0,1,0,1,4,1,6,0,5,0,0,0,118,4.736862953800049,5.749511833283905,0.0,0.0,10.118126859033554,5.9693052879518484,9.347287057762186,0.0,8.417796984328938,0.0,27.694948798762496,42.01918641233062,6.4208216229260096,4.895483475517775,1,22.50194699589117,16.087432146985403,0.0,0.0,11.332896515558172,45.43207552013229,0.0,24.26546827384644,0.0,5.749511833283905,13.761904761904763,4.736862953800049,0.0,5.749511833283905,0.0,18.939852145971148,14.912664043105377,11.332896515558172,40.53659204461451,29.160951749364216,0.0,0.0,0.0,80.67,35.79006959147277,0.0,11.567733755150105,0.0,0.1496333640205394,0.10769174645166824,5.067375992063492,1.2094383962581563,8.335914908668475,-4.227857754085205,0,0,0,0,0,0,0,0,0,0,1,1,0,0,0,0,0,0,0,0,0,0,0,0,0,0,0,0,0,0,0,0,0,0,1,0,0,0,0,0,1,1,0,0,0,0,0,0,0,0,0,0,0,0,0,0,0,0,0,0,0,0,0,0,0,0,0,0,0,0,0,0,0,0,0,0,0,0,0,0,0,0,0,0,0,0.5121581488887794
Trifluralin,CCCN(CCC)c1c([N+](=O)[O-])cc(C(F)(F)F)cc1[N+](=O)[O-],1,train,2.4402512812373476,2.38460295158141,-2.2326056736201183,2.427012074655199,-2.266414185763965,5.76023818832513,-0.3925979096432902,19.413182079957522,10.090056498341923,3.699377936225601,563.6129198986837,17.78409257144667,12.59165503050845,12.59165503050845,10.628446183176258,6.919433478890023,6.919433478890023,4.86213135417773,4.86213135417773,3.093677114331587,3.093677114331587,2.2454387270148275,2.2454387270148275,32.961144656142935,33.3998816805556,0.0,18.776899086508713,24.974377382775238,0.0,4.899909730850477,13.847474399381248,0.0,0.0,0.0,335.10929065199997,1.0,1.391304347826087,1.6521739130434783,0.5384615384615384,-2.39,23,319.15400000000005,2.4402512812373476,18.65852013585638,7.2484255198207075,4.299219696317904,129.54838924425488,12.844830089443185,0.41641444365577207,12.844830089443185,0.41641444365577207,0.26476639266817825,0.3603649404227578,-4.908340655706728,-0.3603649404227578,4.148200000000004,77.54780000000002,335.28200000000004,0,7,0,0,0,1,0,1,5,0,10,0,7,0,0,0,128,4.899909730850477,0.0,5.687386274683562,0.0,11.374772549367124,6.176298517443475,20.228636537531145,0.0,13.171245143024459,0.0,13.847474399381248,12.841643245852019,25.22224694874837,15.410073589332338,1,23.0178672406598,17.062158824050687,0.0,0.0,0.0,32.865416162676745,17.989422542675626,37.92482216615136,0.0,0.0,11.347826086956522,4.899909730850477,30.233403967075148,0.0,0.0,22.936134909460492,6.176298517443475,20.228636537531145,32.25256913693026,12.13273413692322,0.0,0.0,0.0,89.52,38.534490268329556,0.0,21.704739229024945,22.355326908541194,-3.6054195011337864,0.0,0.6957407407407405,-3.8342715419501143,4.066060563114134,0.0,0,0,0,0,0,0,0,0,0,0,0,0,0,0,0,3,0,0,0,0,0,0,0,0,0,3,0,0,0,1,0,0,0,0,1,0,0,0,0,0,0,0,0,0,3,0,0,0,0,0,0,0,0,0,0,0,0,0,2,2,0,0,0,0,0,0,0,0,0,0,0,0,0,0,0,0,0,0,0,0,0,0,0,0,0,0.5514127435955851
Ethyl (2-(4-chlorophenoxy)-2-methylpropanoate,CCOC(=O)C(C)(C)Oc1ccc(Cl)cc1,0,train,2.214308296074174,2.309289817195462,-2.234889944284977,2.2110047812167637,-2.392323801572008,6.301086744598014,-0.15824046615266985,35.495691146984655,10.122239536617045,2.715496102823987,357.0315516842347,12.181798275874712,9.619217202345869,10.375146148364324,7.453525587537065,5.072627938259619,5.450592411268846,3.7867627667847863,4.223198547256771,1.9536576188639718,2.2056339342034565,1.1438272339193019,1.269815391589044,5.601050810983688,4.794537184071822,0.0,5.9693052879518484,17.37902711153815,0.0,0.0,45.03667987291831,0.0,0.0,21.074665797832616,242.07097202,1.3125,1.875,2.375,0.4166666666666667,-1.2199999999999998,16,227.58199999999997,2.214308296074174,12.847658998646821,5.212185200658441,3.417543059890344,100.3129345918158,11.56280248313317,0.476165107514394,11.56280248313317,0.3493755771983238,0.33952496430671064,0.3493755771983238,-0.9961909486016625,-0.476165107514394,3.060500000000001,62.79200000000004,242.702,0,3,0,0,0,1,0,1,3,0,4,0,4,0,0,0,88,9.473725907600098,5.749511833283905,5.601050810983688,0.0,0.0,5.9693052879518484,0.0,4.794537184071822,0.0,0.0,11.600939890232516,45.03667987291831,5.022633313741326,6.606881964512918,1,14.268263091671919,17.570245178184365,0.0,0.0,0.0,26.37226241005556,6.606881964512918,29.288101587587764,0.0,5.749511833283905,11.0,4.736862953800049,0.0,5.749511833283905,11.600939890232516,18.177238063448456,9.53140013787187,0.0,20.771211599071872,24.26546827384644,5.022633313741326,0.0,0.0,35.53,10.450581914350103,5.747994286412997,11.56280248313317,0.6261952265474096,-0.9961909486016625,0.20129913076341732,6.836174571680524,0.0,5.432254446825154,0.0,0,0,0,0,0,0,0,0,0,0,1,1,0,0,0,0,0,0,0,0,0,0,0,0,0,0,0,0,0,0,0,0,0,0,1,0,0,0,0,0,1,2,0,0,1,0,0,0,0,0,0,0,0,0,0,0,0,0,0,0,0,0,0,0,0,0,0,0,0,0,0,0,0,0,0,0,0,0,0,0,0,0,0,0,0,0.761604620096077
3-Methyl catechol,Cc1cccc(O)c1O,1,train,1.8289585849367003,1.9751772106736258,-1.9735878265864035,2.260953849154241,-1.7207047385163357,5.426149566581738,0.4009010161619746,16.303288401864865,10.19394156963613,3.2478347337367026,197.9061775999341,6.8533711511285205,5.126477998568793,5.126477998568793,4.21521405516327,2.6912305313562506,2.6912305313562506,1.9426433337513838,1.9426433337513838,1.2164611327966732,1.2164611327966732,0.6434767040081238,0.6434767040081238,0.0,0.0,0.0,11.49902366656781,5.563451491696996,0.0,6.06636706846161,19.056471336613843,0.0,0.0,10.213054789681411,124.052429496,1.2222222222222223,1.8888888888888888,2.3333333333333335,0.14285714285714285,-1.1800000000000002,9,116.07499999999997,1.8289585849367003,5.947877237851663,1.973221425374384,0.964056308274172,53.38481273828559,8.956296296296296,0.5042529562998885,8.956296296296296,0.15987698328228683,0.030092592592592338,0.15987698328228683,-0.0601851851851849,-0.5042529562998885,1.4062199999999998,34.508599999999994,124.13899999999998,2,2,0,0,0,1,0,1,2,2,2,0,0,0,0,0,48,10.213054789681411,0.0,11.49902366656781,0.0,0.0,0.0,0.0,0.0,0.0,0.0,12.13273413692322,18.55355575984923,0.0,0.0,1,10.213054789681411,0.0,0.0,0.0,0.0,6.923737199690624,0.0,23.762552697081826,0.0,11.49902366656781,9.444444444444445,0.0,0.0,11.49902366656781,0.0,10.213054789681411,0.0,6.923737199690624,5.563451491696996,18.19910120538483,0.0,0.0,0.0,40.46,0.0,0.0,0.0,17.80638888888889,0.689814814814815,-0.09027777777777724,4.86287037037037,0.0,1.7312037037037036,0.0,0,0,0,0,0,0,0,2,0,0,0,0,0,0,0,0,0,0,0,0,0,0,0,0,0,0,0,0,0,0,1,0,0,0,1,0,0,0,0,0,0,0,0,0,0,0,0,0,0,0,0,0,0,0,0,0,0,0,0,0,0,0,0,0,1,2,2,0,0,0,0,0,0,0,0,0,0,0,0,0,0,0,0,0,0,0.5131220403965512
4-Aminocresol; 3-methyl-4-aminophenol (SCCP/0898/05) ,Cc1cc(O)ccc1N,1,train,1.7965675742516065,1.910904072554243,-1.9705079148154212,2.1567203059836904,-1.862951555603581,5.484804113612935,0.4747691169406354,16.25467435679198,10.180202263735852,3.1716780304409156,220.15617759993404,6.8533711511285205,5.256614672258461,5.256614672258461,4.198377302757662,2.750315804057377,2.750315804057377,2.0408909601982663,2.0408909601982663,1.253383563624248,1.253383563624248,0.6598758063433907,0.6598758063433907,0.0,0.0,0.0,5.749511833283905,5.687386274683562,5.563451491696996,0.0,18.19910120538483,6.923737199690624,0.0,10.84019487200289,123.068413908,1.4444444444444444,2.111111111111111,2.5555555555555554,0.14285714285714285,-1.1800000000000002,9,114.08299999999998,1.7965675742516065,5.947877237851663,1.973221425374384,1.1340794947334671,53.930469683102295,8.881944444444445,0.5079538909123406,8.881944444444445,0.11549194077282054,0.26546296296296323,0.11549194077282054,0.26546296296296323,-0.5079538909123406,1.2828199999999998,37.2562,123.15499999999999,3,2,0,0,0,1,0,1,2,2,2,0,0,0,0,0,48,10.84019487200289,5.749511833283905,0.0,0.0,0.0,0.0,0.0,0.0,0.0,0.0,0.0,30.686289896772447,5.687386274683562,0.0,1,5.106527394840706,5.687386274683562,0.0,0.0,0.0,6.923737199690624,5.733667477162185,23.762552697081826,0.0,5.749511833283905,9.444444444444445,5.733667477162185,5.687386274683562,5.749511833283905,0.0,5.106527394840706,0.0,6.923737199690624,5.563451491696996,18.19910120538483,0.0,0.0,0.0,46.25,0.0,0.0,0.0,8.881944444444445,7.105185185185185,0.26546296296296323,4.891203703703704,0.0,1.8562037037037036,0.0,0,0,0,1,0,0,0,1,0,0,0,0,0,0,0,0,0,1,0,0,0,0,0,0,0,0,0,0,0,1,1,0,0,0,1,0,0,0,0,0,0,0,0,0,0,0,0,0,0,0,0,0,0,0,0,0,0,0,0,0,0,0,0,0,0,1,1,0,0,0,0,0,0,0,0,0,0,0,0,0,0,0,0,0,0,0.40297528147681455
4-Carboxyphenylacetate,O=C(O)Cc1ccc(C(=O)O)cc1,1,train,2.036433739694235,2.0305899171858615,-1.9682457853416468,2.0438918416407756,-2.0088882792796143,5.872007623525391,-0.13573018759717798,16.368376197667047,10.101112906811878,2.809454194164694,325.9728677267164,9.844934982691242,6.727431629872694,6.727431629872694,6.092224152875016,3.6339358721962878,3.6339358721962878,2.5725912279871492,2.5725912279871492,1.556236218644783,1.556236218644783,0.939794201814667,0.939794201814667,11.938610575903697,9.589074368143644,0.0,11.984273114623004,5.563451491696996,0.0,24.26546827384644,0.0,0.0,0.0,10.213054789681411,180.042258736,1.0769230769230769,1.6153846153846154,2.0,0.1111111111111111,-1.8399999999999999,13,172.09499999999997,2.036433739694235,9.249605734767023,3.7092512583454584,2.59054602489952,74.43774116716635,10.418109095490047,0.4809861733077395,10.418109095490047,0.33517857779927723,0.08343348450491317,0.33517857779927723,-1.012152777777778,-0.4809861733077395,1.0119000000000002,44.74110000000001,180.159,2,4,0,0,0,1,0,1,2,2,4,0,3,0,0,0,68,10.213054789681411,0.0,0.0,0.0,0.0,11.938610575903697,4.794537184071822,4.794537184071822,0.0,0.0,12.13273413692322,17.696185628620217,0.0,11.984273114623004,1,19.802129157825057,11.938610575903697,0.0,0.0,0.0,6.4208216229260096,0.0,35.392371257240434,0.0,0.0,9.538461538461538,0.0,0.0,0.0,0.0,22.15166536558511,11.21535880699783,0.0,15.921440167465814,24.26546827384644,0.0,0.0,0.0,74.6,0.0,0.0,20.689298311917362,16.970349269337365,0.7561470143613007,-1.9398611111111115,5.774166666666666,-0.08343348450491317,0.0,0.0,1,0,0,0,1,0,0,0,2,2,2,0,0,0,0,0,0,0,0,0,0,0,0,0,0,0,0,0,0,0,0,0,0,0,1,0,0,0,0,0,0,0,0,0,0,0,0,0,0,0,0,0,0,0,0,0,0,0,0,0,0,0,0,0,0,0,0,0,0,0,0,0,0,0,0,0,0,0,0,0,0,0,0,0,0,0.7274826957582978
HC Red 13,Nc1ccc(N(CO)CCO)cc1[N+](=O)[O-],1,train,2.2622611681469733,2.1410710080932676,-2.2021268972461057,2.2645904177409615,-2.27029987869022,5.656581065979404,-0.3834166093315343,16.628462550090095,10.204031678514166,3.050703956958741,383.01688917774436,12.129392033067417,8.536072383245704,8.536072383245704,7.59575411272515,4.603982037544819,4.603982037544819,3.1286979699411566,3.1286979699411566,2.1164927089710472,2.1164927089710472,1.2890432204179632,1.2890432204179632,4.923311048817671,10.114318268765572,0.0,31.257227667292103,5.687386274683562,0.0,17.032643867773697,6.06636706846161,0.0,0.0,15.946722266843596,227.090605896,1.4375,2.125,2.625,0.3333333333333333,-1.86,16,214.11599999999996,2.2622611681469733,12.21072135785007,5.286264285924863,2.585321375104764,91.86739705679467,10.63793501196775,0.39453471315657657,10.63793501196775,0.2936766098875895,0.06540580120937323,0.2936766098875895,-0.5899470899470902,-0.39453471315657657,-0.07450000000000012,59.02640000000001,227.22,4,7,0,0,0,1,0,1,6,3,7,0,5,0,0,0,88,20.846631997694075,12.418203022183047,0.0,0.0,5.687386274683562,0.0,10.114318268765572,0.0,0.0,0.0,0.0,12.13273413692322,18.298509749057747,11.530193013330589,1,15.136365838499081,17.062158824050687,0.0,0.0,0.0,0.0,30.51603232593764,28.313419474150404,0.0,0.0,10.125,10.633577208012662,17.062158824050687,0.0,0.0,35.018820956424065,0.0,10.114318268765572,0.0,18.19910120538483,0.0,0.0,0.0,112.86000000000001,0.0,0.0,11.443265699798438,28.411844214537666,5.727363866843034,0.0,4.211237717309146,0.0,-0.2937114984882836,0.0,0,2,2,1,0,0,0,0,0,0,0,0,0,0,0,2,0,1,0,0,0,0,0,0,0,0,0,0,0,2,0,0,0,0,1,0,0,0,0,0,0,0,0,0,0,0,0,0,0,0,0,0,0,0,0,0,0,0,1,1,0,0,0,0,0,0,0,0,0,0,0,0,0,0,0,0,0,0,0,0,0,0,0,0,0,0.2805882279020955
"N,N-dimethyl-4-nitrosoaniline",CN(C)c1ccc(N=O)cc1,1,train,2.0456060352867365,1.934891319448485,-2.10482742483819,2.165116350945079,-2.071464052709049,5.510488720216356,1.1312789555427654,16.250809144025503,10.25833053515398,2.90982279990154,240.77390023702043,8.267584713501616,6.612076558222284,6.612076558222284,5.236382105218447,3.3455821773808485,3.3455821773808485,2.5021120634117664,2.5021120634117664,1.471516277959658,1.471516277959658,0.8116328582859631,0.8116328582859631,0.0,4.907065243988282,0.0,0.0,5.687386274683562,5.687386274683562,0.0,12.13273413692322,31.127987833128074,5.176881927858655,0.0,150.07931294,1.1818181818181819,1.7272727272727273,2.090909090909091,0.25,-1.38,11,140.10099999999997,2.0456060352867365,7.723950103950105,3.142667965973564,1.7673741534281135,65.61585300272402,10.024031557067271,0.37765938814346495,10.024031557067271,0.10765116058979968,0.4681481481481484,0.10765116058979968,0.4681481481481484,-0.37765938814346495,2.1505,46.224000000000025,150.18099999999998,0,3,0,0,0,1,0,1,3,0,3,0,2,0,0,0,58,4.899909730850477,5.687386274683562,0.0,0.0,0.0,0.0,0.0,0.0,0.0,4.907065243988282,0.0,29.442350201705093,19.782730240037942,0.0,1,0.0,11.374772549367124,0.0,0.0,5.176881927858655,0.0,18.995253696204855,29.172533517834722,0.0,0.0,9.272727272727273,4.899909730850477,11.374772549367124,0.0,0.0,14.09534396535438,0.0,4.907065243988282,0.0,29.442350201705093,0.0,0.0,0.0,32.67,0.0,0.0,11.99087962962963,2.802482993197279,1.5351851851851857,0.0,7.109259259259259,0.0,0.0,3.8955262660619803,0,0,0,0,0,0,0,0,0,0,0,0,0,0,0,2,0,0,0,0,0,0,0,0,0,0,0,0,0,1,0,0,0,0,1,0,0,0,0,0,0,0,0,0,0,0,0,0,0,0,0,0,0,0,0,0,0,0,0,0,0,1,0,0,0,0,0,0,0,0,0,0,0,0,0,0,0,0,0,0,0,0,0,0,0,0.6049107079638116
Propyl gallate,CCCOC(=O)c1cc(O)c(O)c(O)c1,1,train,2.2130805471408217,2.1347953560705815,-2.053354270768251,2.3492592106659003,-2.050400697998898,5.905731059199206,0.050384527254220955,16.53285620110169,10.160548593897316,2.908546519248324,349.07065170154243,11.422285251880869,8.227051468179948,8.227051468179948,7.057749310264365,4.479551137874413,4.479551137874413,2.9990237467928282,2.9990237467928282,1.7426644841720322,1.7426644841720322,1.0001332396461435,1.0001332396461435,23.217840787803564,4.794537184071822,0.0,12.170333456209914,6.4208216229260096,12.13273413692322,0.0,0.0,6.923737199690624,0.0,20.056445138322168,212.068473484,1.2666666666666666,1.8,2.2666666666666666,0.3,-1.9100000000000001,15,200.10499999999996,2.2130805471408217,11.166394194041253,4.543727309646717,2.5224188404938763,86.54894016322208,11.29323223733938,0.5041437396005058,11.29323223733938,0.33790112273203604,0.003472222222221877,0.33790112273203604,-0.650887476904342,-0.5041437396005058,1.3701999999999999,52.00990000000003,212.201,3,5,0,0,0,1,0,1,5,3,5,0,3,0,0,0,82,20.056445138322168,0.0,17.248535499851716,0.0,0.0,5.9693052879518484,0.0,4.794537184071822,0.0,0.0,6.923737199690624,18.55355575984923,0.0,12.170333456209914,1,24.85098232239399,5.9693052879518484,0.0,0.0,0.0,13.344558822616634,6.606881964512918,17.696185628620217,0.0,17.248535499851716,9.933333333333334,0.0,0.0,17.248535499851716,0.0,27.895769436986882,4.736862953800049,0.0,23.70254749838545,12.13273413692322,0.0,0.0,0.0,86.99000000000001,4.784303665910809,0.0,11.29323223733938,27.31139605379189,-0.003472222222221877,-2.4153810521122026,2.069537037037037,0.6823292233560091,2.1113883902326362,0.0,0,0,0,0,0,0,0,3,0,0,1,1,0,0,0,0,0,0,0,0,0,0,0,0,0,0,0,0,0,0,0,0,0,0,1,0,0,0,0,0,1,1,0,0,0,0,0,0,0,0,0,0,0,0,0,0,0,0,0,0,0,0,0,0,0,3,3,0,0,0,0,0,0,0,0,0,0,0,0,0,0,0,0,0,0,0.519957062705858
(2E)-2-Methyl-2-butenal,CC=C(C)C=O,0,train,1.650022421648354,1.7187524324800456,-1.731356787623856,1.7970934616185852,-1.690995805435602,5.71224038610485,-0.10440373926538966,16.128989812817792,10.330052450094174,3.5040318284625833,72.00763013991067,4.99156383156272,4.062948828843115,4.062948828843115,2.808060412490447,1.8904027987747676,1.8904027987747676,1.1505432006488634,1.1505432006488634,0.6412343132032148,0.6412343132032148,0.0680413817439772,0.0680413817439772,0.0,4.794537184071822,0.0,0.0,0.0,11.859265053198822,0.0,12.999757306524504,6.923737199690624,0.0,0.0,84.057514876,1.6666666666666667,2.1666666666666665,2.1666666666666665,0.4,-0.5900000000000001,6,76.05399999999999,1.650022421648354,5.41,2.636757369614513,1.7032551319648097,37.670938553275484,9.667592592592593,0.2982807522595077,9.667592592592593,0.144909866672734,0.7870370370370372,0.144909866672734,0.7870370370370372,-0.2982807522595077,1.1515,25.49499999999999,84.11799999999998,0,1,0,0,0,0,0,0,1,0,1,0,1,0,0,0,34,0.0,6.2861605231295545,0.0,0.0,0.0,0.0,4.794537184071822,0.0,0.0,0.0,6.076020106833881,19.420578929450514,0.0,0.0,0,4.794537184071822,6.2861605231295545,0.0,0.0,0.0,13.847474399381248,0.0,11.649124636903148,0.0,0.0,11.333333333333334,0.0,0.0,0.0,0.0,6.2861605231295545,4.794537184071822,0.0,13.847474399381248,11.649124636903148,0.0,0.0,0.0,17.07,0.0,0.0,9.667592592592593,0.0,0.7870370370370372,0.0,0.0,2.6041666666666665,3.60787037037037,0.0,0,0,0,0,0,0,0,0,0,0,1,1,0,0,0,0,0,0,0,0,0,0,0,1,0,0,2,0,0,0,0,0,0,0,0,0,0,0,0,0,0,0,0,0,0,0,0,0,0,0,0,0,0,0,0,0,0,0,0,0,0,0,0,0,0,0,0,0,0,0,0,0,0,0,0,0,0,0,0,0,0,0,0,0,0,0.34382743300733615
(4Z)-2-Methyl-6-methylene-4-octene,C=C(C=CCC(C)C)CC,0,train,1.8678914885068527,1.8662551595683117,-1.963841844704832,2.034000503480175,-1.809840340671429,5.127258696556709,0.6632245026794721,13.929218644747968,10.099430618583042,3.4578097854893537,118.0,7.983127663125442,7.3533711511285205,7.3533711511285205,4.663902460147014,4.00741914960822,4.00741914960822,3.043719718632187,3.043719718632187,1.4151648201041913,1.4151648201041913,0.6247247055843107,0.6247247055843107,0.0,0.0,0.0,0.0,0.0,12.338727669087403,11.993926152995275,0.0,0.0,39.502187496338124,0.0,138.140850576,1.5,2.1,2.5,0.6,-0.52,10,120.10999999999997,1.8678914885068527,9.48,5.279373319802739,5.613689839572192,64.64452399303049,3.88322373393802,0.09585361103032326,3.88322373393802,-0.03134235410385945,0.7647278911564624,0.03134235410385945,0.7647278911564624,-0.09585361103032326,3.5549000000000026,48.02600000000003,138.254,0,0,0,0,0,0,0,0,0,0,0,0,4,0,0,0,58,0.0,0.0,0.0,0.0,0.0,0.0,0.0,0.0,0.0,0.0,45.075292026407396,18.75954929201341,0.0,0.0,0,0.0,0.0,0.0,0.0,5.917906046161393,33.61285484492389,0.0,24.304080427335524,0.0,0.0,11.2,0.0,0.0,0.0,0.0,0.0,0.0,5.917906046161393,33.61285484492389,24.304080427335524,0.0,0.0,0.0,0.0,0.0,0.0,0.0,0.0,1.2228240740740743,0.7647278911564624,0.0,6.559638133030989,10.452809901738474,0.0,0,0,0,0,0,0,0,0,0,0,0,0,0,0,0,0,0,0,0,0,0,0,0,0,0,0,3,0,0,0,0,0,0,0,0,0,0,0,0,0,0,0,0,0,0,0,0,0,0,0,0,0,0,0,0,0,0,0,0,0,0,0,0,0,0,0,0,0,0,0,0,0,0,0,0,0,0,0,0,0,0,0,0,0,0,0.5210071387539394
2-Aminoethyl methyl sulfone,CS(=O)(=O)CCN,0,train,1.2958363892911637,1.951730175216904,-1.8718071013421775,1.7498424801096384,-2.1283984434219168,7.902065227500292,0.6014450697249404,32.227701016952295,10.820982341767088,3.6021968224150824,125.87033355475131,5.914213562373096,4.2163087029543105,5.032805283882036,3.0606601717798214,1.9385050488558726,3.9990185656398904,1.418551389894384,3.6783039004935247,0.48864194209635614,1.465925826289068,0.21407617506269558,0.6422285251880866,9.837253136417502,8.417796984328938,0.0,12.297610012659364,0.0,0.0,6.255769183511404,0.0,0.0,0.0,5.733667477162185,123.035399528,1.5714285714285714,2.0,2.0,1.0,-0.09000000000000005,7,114.105,1.2958363892911637,6.910000000000001,2.2771807198876104,5.909999999999999,43.43442433542207,10.151250000000001,0.32946251801987075,10.151250000000001,0.1481962902787583,0.09027777777777768,0.1481962902787583,-2.7991898148148153,-0.32946251801987075,-1.0102999999999993,28.765199999999997,123.17700000000002,2,3,0,0,0,0,0,0,3,1,4,0,2,0,0,0,44,5.733667477162185,9.837253136417502,0.0,0.0,0.0,0.0,0.0,8.417796984328938,0.0,0.0,0.0,0.0,12.80052558942398,5.752853606746789,0,8.417796984328938,9.837253136417502,0.0,0.0,5.733667477162185,0.0,18.55337919617077,0.0,0.0,0.0,11.714285714285714,5.733667477162185,0.0,0.0,0.0,26.971176180499707,9.837253136417502,0.0,0.0,0.0,0.0,0.0,0.0,60.16,20.302500000000002,0.0,0.0,0.0,4.9354861111111115,0.09027777777777768,0.0,1.1665277777777778,0.22106481481481488,-2.7991898148148153,0,0,0,0,0,0,0,0,0,0,0,0,0,0,0,0,0,1,0,0,0,0,0,0,0,0,0,0,0,0,0,0,0,0,0,0,0,0,0,0,0,0,0,0,0,0,0,0,0,0,0,0,0,0,0,0,0,0,0,0,0,0,0,0,0,0,0,0,0,0,0,0,0,0,0,0,0,1,0,0,0,0,0,0,0,0.5115033732044333
2-Hydroxypropyl methacrylate,C=C(C)C(=O)OCC(C)O,0,train,1.820356593835518,2.0335142030912152,-2.0440394147436662,1.922520065655509,-2.1476106552861984,5.8640232703500015,-0.14103917710569003,16.5409454689125,10.348078857258825,3.502986511184309,137.78664559481848,8.146264369941973,6.255274007990406,6.255274007990406,4.536581260209188,3.0442742650525996,3.0442742650525996,2.2278131644653283,2.2278131644653283,0.8040916605269133,0.8040916605269133,0.31948831045367126,0.31948831045367126,12.073271675700152,4.794537184071822,0.0,6.606881964512918,5.5731045300692665,0.0,0.0,13.847474399381248,0.0,11.315798637398547,5.106527394840706,144.078644244,1.8,2.3,2.6,0.5714285714285714,-0.8300000000000001,10,132.07399999999998,1.820356593835518,9.17,4.060864158856954,4.0892660852838025,60.30860176377159,10.614398148148148,0.4596120393951895,10.614398148148148,0.33269773765548244,0.03342592592592597,0.33269773765548244,-0.6080555555555558,-0.4596120393951895,0.4865,37.453799999999994,144.17,1,3,0,0,0,0,0,0,3,1,3,0,3,0,0,0,58,9.843390348640755,6.606881964512918,0.0,0.0,0.0,5.9693052879518484,0.0,4.794537184071822,0.0,0.0,6.578935683598497,13.847474399381248,5.5731045300692665,6.103966387748303,0,14.637927532712576,5.9693052879518484,0.0,0.0,0.0,19.95144078712955,6.606881964512918,12.152040213667764,0.0,0.0,12.3,0.0,0.0,0.0,0.0,23.786681035053775,9.53140013787187,0.0,13.847474399381248,12.152040213667764,0.0,0.0,0.0,46.53,4.576388888888889,0.0,10.614398148148148,8.67614417989418,0.34782407407407434,-0.4574999999999998,0.0,-0.6080555555555558,6.517466931216932,0.0,0,1,1,0,0,0,0,0,0,0,1,1,0,0,0,0,0,0,0,0,0,0,0,0,0,0,0,0,0,0,0,0,0,0,0,0,0,0,0,0,1,1,0,0,0,0,0,0,0,0,0,0,0,0,0,0,0,0,0,0,0,0,0,0,0,0,0,0,0,0,0,0,0,0,0,0,0,0,0,0,0,0,0,0,0,0.46279007494264723
6-Chloro-1-hexanol,OCCCCCCCl,0,train,1.8088121254443208,1.8439475435514,-1.9224788903011787,1.9865777868129821,-1.8249589431489175,6.173403322614885,0.28274651268527023,35.49566258382075,10.197316794721345,2.53006045688352,33.50977500432694,6.242640687119286,5.067818755628469,5.823747701646924,3.914213562373095,3.083489007929262,3.618011491754111,1.826802596627687,2.2047670696369144,1.041744503964631,1.3090057458770552,0.5598479077205698,0.7488301442251833,0.0,0.0,0.0,0.0,6.606881964512918,31.563289936674376,0.0,0.0,0.0,0.0,16.70746728507322,136.065492716,1.0,1.625,2.125,1.0,0.24999999999999997,8,123.51799999999999,1.8088121254443208,8.25,7.25,6.25,55.661461578890275,8.332600623582767,0.39637656931999365,8.332600623582767,0.04305241284751021,0.3217120181405895,0.04305241284751021,0.3217120181405895,-0.39637656931999365,1.7779,36.2738,136.622,1,1,0,0,0,0,0,0,1,1,2,0,5,0,0,0,50,5.106527394840706,0.0,0.0,0.0,0.0,0.0,0.0,0.0,0.0,11.600939890232516,12.841643245852019,12.841643245852019,12.486885409483257,0.0,0,5.106527394840706,11.600939890232516,0.0,0.0,0.0,25.683286491704038,12.486885409483257,0.0,0.0,0.0,9.75,0.0,0.0,0.0,11.600939890232516,17.59341280432396,0.0,0.0,25.683286491704038,0.0,0.0,0.0,0.0,20.23,0.0,5.4179561917359536,0.0,8.332600623582767,0.0,0.7553854875283448,0.0,4.2834567901234575,0.3217120181405895,0.0,0,1,1,0,0,0,0,0,0,0,0,0,0,0,0,0,0,0,0,0,0,0,0,0,0,1,0,0,0,0,0,0,0,0,0,0,0,0,0,0,0,0,0,0,1,0,0,0,0,0,0,0,0,0,0,0,0,0,0,0,0,0,0,0,0,0,0,0,0,0,0,0,0,0,0,0,0,0,0,0,0,0,0,3,0,0.451395866210923
Adipic acid,O=C(O)CCCCC(=O)O,0,train,1.7941037756589573,1.9850888590073603,-1.9155969275208165,1.9818468222751915,-1.9691874058509655,5.674388687360018,-0.13887551333382417,16.368303746958908,10.178073298009092,3.0550899395377584,113.70950594454669,7.983127663125442,5.539350896673833,5.539350896673833,4.625897657686229,3.0625686671503685,3.0625686671503685,1.994583867633254,1.994583867633254,1.031284333575184,1.031284333575184,0.5524514503058252,0.5524514503058252,11.938610575903697,9.589074368143644,0.0,12.841643245852019,12.841643245852019,0.0,0.0,0.0,0.0,0.0,10.213054789681411,146.0579088,0.9,1.2,1.4,0.6666666666666666,-1.06,10,136.06199999999998,1.7941037756589573,8.94,4.784806790484913,6.9399999999999995,58.475473304292144,9.896551870748299,0.4812303886150306,9.896551870748299,0.302839787989633,0.0627777777777776,0.302839787989633,-0.8700103930461072,-0.4812303886150306,0.716,33.73959999999999,146.14200000000002,2,4,0,0,0,0,0,0,2,2,4,0,5,0,0,0,58,10.213054789681411,0.0,0.0,0.0,0.0,11.938610575903697,9.589074368143644,0.0,0.0,0.0,0.0,12.841643245852019,12.841643245852019,0.0,0,19.802129157825057,11.938610575903697,0.0,0.0,0.0,25.683286491704038,0.0,0.0,0.0,0.0,9.2,0.0,0.0,0.0,0.0,22.15166536558511,9.589074368143644,0.0,25.683286491704038,0.0,0.0,0.0,0.0,74.6,0.0,0.0,19.793103741496598,16.262565192743764,0.0,-1.7400207860922143,0.0,1.017685185185185,0.0,0.0,2,0,0,0,0,0,0,0,2,2,2,0,0,0,0,0,0,0,0,0,0,0,0,0,0,0,0,0,0,0,0,0,0,0,0,0,0,0,0,0,0,0,0,0,0,0,0,0,0,0,0,0,0,0,0,0,0,0,0,0,0,0,0,0,0,0,0,0,0,0,0,0,0,0,0,0,0,0,0,0,0,0,0,1,0,0.560076647689367
Bromobutane,CCCCBr,0,train,1.4056390622295665,1.6935312694167741,-1.7725496879091804,1.8883062740281158,-1.6393262408582687,9.088864571375176,0.9017812657271781,79.91872954529414,10.391583657732802,2.19060968716425,11.119415478763749,4.121320343559642,3.4992848165688697,5.085281355683573,2.414213562373095,1.9743680230989717,3.0958369308453744,1.042535627097887,1.8355338966552388,0.4871840115494858,1.047918465422687,0.13363062095621214,0.6943650748294133,0.0,0.0,0.0,0.0,0.0,5.330089647061427,12.841643245852019,0.0,0.0,22.85368109763997,0.0,135.988762388,1.6,2.2,2.2,1.0,0.48,5,127.948,1.4056390622295665,5.48,4.480000000000002,4.480000000000002,41.70162497666073,3.3095138888888886,0.09280798507522109,3.3095138888888886,0.0031152227076761407,1.15625,0.0031152227076761407,1.15625,-0.09280798507522109,2.1814,28.701999999999988,137.01999999999998,0,0,0,0,0,0,0,0,0,0,1,0,2,0,0,0,32,0.0,0.0,0.0,0.0,0.0,0.0,0.0,0.0,0.0,0.0,29.274502720565984,6.4208216229260096,5.330089647061427,0.0,0,0.0,15.929943897949348,0.0,0.0,0.0,19.765380445542643,5.330089647061427,0.0,0.0,0.0,8.4,0.0,0.0,0.0,15.929943897949348,5.330089647061427,0.0,0.0,19.765380445542643,0.0,0.0,0.0,0.0,0.0,0.0,3.3095138888888886,0.0,1.15625,0.0,0.0,0.0,2.6024305555555554,2.1818055555555556,0.0,0,0,0,0,0,0,0,0,0,0,0,0,0,0,0,0,0,0,0,0,0,0,0,0,0,1,0,0,0,0,0,0,0,0,0,0,0,0,0,0,0,0,0,0,1,0,0,0,0,0,0,0,0,0,0,0,0,0,0,0,0,0,0,0,0,0,0,0,0,0,0,0,0,0,0,0,0,0,0,0,0,0,0,0,0,0.5113821197020362
Bromononane,CCCCCCCCCBr,0,train,1.9671544718900458,1.8750505617205173,-1.96837871655602,2.0668283083585135,-1.7886467627276845,9.088866434130457,0.6040383265786071,79.91872962343693,10.10951763470743,2.6476048489438337,44.68995593589281,7.6568542494923815,7.034818722501608,8.620815261616313,4.914213562373096,4.474368023098972,5.595836930845374,2.8103025800642554,3.6033008496216072,1.7371840115494857,2.2979184654226867,1.0515978994388537,1.4480970342175297,0.0,0.0,0.0,0.0,0.0,0.0,50.275841007543505,0.0,0.0,22.85368109763997,0.0,206.067012708,0.8,1.3,1.8,1.0,0.48,10,188.003,1.9671544718900458,10.480000000000002,9.48,8.48,73.52633554864377,3.432209663958176,0.09280780398758343,3.432209663958176,0.0031253024055246984,1.1813271604938271,0.0031253024055246984,1.1813271604938271,-0.09280780398758343,4.1319000000000035,51.78700000000004,207.155,0,0,0,0,0,0,0,0,0,0,1,0,7,0,0,0,62,0.0,0.0,0.0,0.0,0.0,0.0,0.0,0.0,0.0,0.0,61.378610835196035,6.4208216229260096,5.330089647061427,0.0,0,0.0,15.929943897949348,0.0,0.0,0.0,51.8694885601727,5.330089647061427,0.0,0.0,0.0,10.2,0.0,0.0,0.0,15.929943897949348,5.330089647061427,0.0,0.0,51.8694885601727,0.0,0.0,0.0,0.0,0.0,0.0,3.432209663958176,0.0,1.1813271604938271,0.0,0.0,0.0,9.874079309964726,2.26238386558327,0.0,0,0,0,0,0,0,0,0,0,0,0,0,0,0,0,0,0,0,0,0,0,0,0,0,0,1,0,0,0,0,0,0,0,0,0,0,0,0,0,0,0,0,0,0,1,0,0,0,0,0,0,0,0,0,0,0,0,0,0,0,0,0,0,0,0,0,0,0,0,0,0,0,0,0,0,0,0,0,0,0,0,0,0,5,0,0.4345446342514123
Butanol,CCCCO,0,train,1.4056390622295665,1.687587037465619,-1.7897007308892992,1.7840580049254637,-1.7487729920784472,4.227732581407003,0.2867838384817638,16.249913992725098,10.36642343059446,2.19060968716425,11.119415478763749,4.121320343559642,3.5685339390596003,3.5685339390596003,2.414213562373095,2.0233345472033855,2.0233345472033855,1.0771601883432524,1.0771601883432524,0.5116672736016926,0.5116672736016926,0.15811388300841892,0.15811388300841892,0.0,0.0,0.0,0.0,6.606881964512918,12.841643245852019,0.0,0.0,0.0,6.923737199690624,5.106527394840706,74.07316494,1.6,2.2,2.2,1.0,-0.04,5,64.04299999999999,1.4056390622295665,4.960000000000001,3.9600000000000004,3.9600000000000004,32.62831112321538,8.06625,0.396376752069211,8.06625,0.043042283485206945,0.34375,0.043042283485206945,0.34375,-0.396376752069211,0.7787999999999999,21.993799999999997,74.12299999999999,1,1,0,0,0,0,0,0,1,1,1,0,2,0,0,0,32,5.106527394840706,0.0,0.0,0.0,0.0,0.0,0.0,0.0,0.0,0.0,13.344558822616634,6.4208216229260096,6.606881964512918,0.0,0,5.106527394840706,0.0,0.0,0.0,0.0,19.765380445542643,6.606881964512918,0.0,0.0,0.0,8.4,0.0,0.0,0.0,0.0,11.713409359353623,0.0,0.0,19.765380445542643,0.0,0.0,0.0,0.0,20.23,0.0,0.0,0.0,8.06625,0.0,0.0,0.0,2.0381944444444446,2.3955555555555557,0.0,0,1,1,0,0,0,0,0,0,0,0,0,0,0,0,0,0,0,0,0,0,0,0,0,0,0,0,0,0,0,0,0,0,0,0,0,0,0,0,0,0,0,0,0,0,0,0,0,0,0,0,0,0,0,0,0,0,0,0,0,0,0,0,0,0,0,0,0,0,0,0,0,0,0,0,0,0,0,0,0,0,0,0,0,0,0.5128217987135145
Chlorononane,CCCCCCCCCCl,0,train,1.9671544718900458,1.8762008759345357,-1.9675259768920395,2.0626841410618155,-1.7909134582353619,6.173406062351821,0.6028814086380143,35.49566267486177,10.10901682771901,2.6476048489438337,44.68995593589281,7.6568542494923815,7.034818722501608,7.790747668520063,4.914213562373096,4.474368023098972,5.00889050692382,2.8103025800642554,3.1882670530734827,1.7371840115494857,2.00444525346191,1.0515978994388537,1.2405801359434674,0.0,0.0,0.0,0.0,0.0,5.880003444970339,44.94575136048208,0.0,0.0,6.923737199690624,11.600939890232516,162.117528288,0.8,1.3,1.8,1.0,0.29,10,143.55199999999996,1.9671544718900458,10.289999999999997,9.29,8.289999999999997,69.96205416988408,5.541615742490411,0.12671696964452742,5.541615742490411,0.022295574346744933,0.8410493827160495,0.022295574346744933,0.8410493827160495,-0.12671696964452742,3.975800000000003,48.71300000000003,162.704,0,0,0,0,0,0,0,0,0,0,1,0,7,0,0,0,62,0.0,0.0,0.0,0.0,0.0,0.0,0.0,0.0,0.0,11.600939890232516,45.448666937246685,6.4208216229260096,5.880003444970339,0.0,0,0.0,11.600939890232516,0.0,0.0,0.0,51.8694885601727,5.880003444970339,0.0,0.0,0.0,10.2,0.0,0.0,0.0,11.600939890232516,5.880003444970339,0.0,0.0,51.8694885601727,0.0,0.0,0.0,0.0,0.0,0.0,5.541615742490411,0.0,0.0,0.0,0.8410493827160495,0.0,9.47967323143249,2.248772754472159,0.0,0,0,0,0,0,0,0,0,0,0,0,0,0,0,0,0,0,0,0,0,0,0,0,0,0,1,0,0,0,0,0,0,0,0,0,0,0,0,0,0,0,0,0,0,1,0,0,0,0,0,0,0,0,0,0,0,0,0,0,0,0,0,0,0,0,0,0,0,0,0,0,0,0,0,0,0,0,0,0,0,0,0,0,5,0,0.39263062423824757
Dimethyl carbonate,COC(=O)OC,0,train,1.650022421648354,1.8836358650609497,-1.8925549360509395,1.7165600139270976,-1.9728889479900655,5.586087118375037,0.09240749040840952,16.71404282514738,11.299247075569989,2.9881608821342693,44.0,4.99156383156272,3.7247448713915894,3.7247448713915894,2.808060412490447,1.4288690166235207,1.4288690166235207,0.6582482904638631,0.6582482904638631,0.3333333333333334,0.3333333333333334,0.08333333333333336,0.08333333333333336,6.155365629538759,4.794537184071822,0.0,0.0,0.0,0.0,14.219595082555067,0.0,0.0,9.473725907600098,0.0,90.031694052,1.3333333333333333,1.6666666666666667,1.6666666666666667,0.6666666666666666,-0.73,6,84.03,1.650022421648354,5.27,2.504192037470726,1.575810397553516,35.8577478156803,9.73611111111111,0.5071977938803105,9.73611111111111,0.5071977938803105,0.6574074074074077,0.43762132337787935,-0.6574074074074077,-0.43762132337787935,0.3992,19.413999999999994,90.078,0,3,0,0,0,0,0,0,3,0,3,0,0,0,0,0,36,9.473725907600098,0.0,0.0,0.0,0.0,6.155365629538759,0.0,4.794537184071822,0.0,0.0,0.0,0.0,0.0,14.219595082555067,0,14.268263091671919,6.155365629538759,0.0,0.0,0.0,0.0,14.219595082555067,0.0,0.0,0.0,7.0,0.0,4.794537184071822,0.0,0.0,20.374960712093824,9.473725907600098,0.0,0.0,0.0,0.0,0.0,0.0,35.53,8.07638888888889,0.0,9.73611111111111,0.0,0.0,0.0,0.0,-0.6574074074074077,0.0,2.511574074074074,0,0,0,0,0,0,0,0,0,0,1,1,0,0,0,0,0,0,0,0,0,0,0,0,0,0,0,0,0,0,0,0,0,0,0,0,0,0,0,0,0,2,0,0,0,0,0,0,0,0,0,0,0,0,0,2,0,0,0,0,0,0,0,0,0,0,0,0,0,0,0,0,0,0,0,0,0,0,0,0,0,0,0,0,0,0.40368692642150095
Fumaric acid,O=C(O)C=CC(=O)O,0,train,1.6135681581652277,1.875238117236631,-1.7390241529981318,1.699460216399465,-1.9120374202167716,5.891317778487381,-0.1337143957697095,16.37046114258237,10.498585341861373,3.668626461933803,118.97373660251155,6.568914100752346,3.8656243103068935,3.8656243103068935,3.625897657686229,1.7661454884867802,1.7661454884867802,1.009808669311066,1.009808669311066,0.3684872953212738,0.3684872953212738,0.1425769809939702,0.1425769809939702,11.938610575903697,9.589074368143644,0.0,0.0,12.152040213667762,0.0,0.0,0.0,0.0,0.0,10.213054789681411,116.01095860800001,1.0,1.25,1.375,0.0,-1.32,8,112.03999999999998,1.6135681581652277,6.68,2.7879637132919783,4.68,45.05598604331467,9.553611111111111,0.4780707501605797,9.553611111111111,0.3280658637591418,0.5578703703703702,0.3280658637591418,-1.2570370370370372,-0.4780707501605797,-0.28819999999999985,24.411599999999993,116.07199999999999,2,4,0,0,0,0,0,0,2,2,4,0,2,0,0,0,44,10.213054789681411,0.0,0.0,0.0,0.0,11.938610575903697,0.0,9.589074368143644,0.0,0.0,0.0,0.0,12.152040213667762,0.0,0,19.802129157825057,11.938610575903697,0.0,0.0,0.0,0.0,0.0,12.152040213667762,0.0,0.0,9.5,0.0,0.0,0.0,0.0,22.15166536558511,9.589074368143644,0.0,0.0,12.152040213667762,0.0,0.0,0.0,74.6,0.0,0.0,19.107222222222223,15.624444444444444,0.0,-2.514074074074074,0.0,1.1157407407407405,0.0,0.0,2,0,0,0,0,0,0,0,2,2,2,0,0,0,0,0,0,0,0,0,0,0,0,0,0,0,0,0,0,0,0,0,0,0,0,0,0,0,0,0,0,0,0,0,0,0,0,0,0,0,0,0,0,0,0,0,0,0,0,0,0,0,0,0,0,0,0,0,0,0,0,0,0,0,0,0,0,0,0,0,0,0,0,0,0,0.4859839100851221
Glycerol,OCC(O)CO,0,train,1.650022421648354,1.9328105574467456,-1.9633086591105833,1.7123879794103927,-2.153670382242679,4.434895881394917,0.04502149254246278,16.344803208507106,10.418392587147732,2.7541847860376616,25.219280948873624,4.99156383156272,3.3332046180625943,3.3332046180625943,2.808060412490447,1.7071510027085632,1.7071510027085632,1.0189718779350343,1.0189718779350343,0.42149820593270626,0.42149820593270626,0.05773502691896257,0.05773502691896257,6.103966387748303,0.0,0.0,13.213763929025836,0.0,0.0,0.0,0.0,0.0,0.0,15.319582184522117,92.047344116,1.1666666666666667,1.5,1.5,1.0,-0.12,6,84.03,1.650022421648354,5.88,3.0849180327868857,2.1377319587628865,35.851836513210806,8.166666666666668,0.39359331612066945,8.166666666666668,0.10004702601723477,0.36458333333333326,0.10004702601723477,-0.9537037037037039,-0.39359331612066945,-1.6681000000000001,20.1784,92.09400000000001,3,3,0,0,0,0,0,0,3,3,3,0,2,0,0,0,38,15.319582184522117,6.103966387748303,0.0,0.0,0.0,0.0,0.0,0.0,0.0,0.0,0.0,0.0,0.0,13.213763929025836,0,15.319582184522117,0.0,0.0,0.0,0.0,6.103966387748303,13.213763929025836,0.0,0.0,0.0,10.0,0.0,0.0,0.0,0.0,34.63731250129626,0.0,0.0,0.0,0.0,0.0,0.0,0.0,60.69,0.0,0.0,0.0,24.016203703703706,0.0,0.0,0.0,-0.9537037037037039,-0.7291666666666665,0.0,0,3,3,0,0,0,0,0,0,0,0,0,0,0,0,0,0,0,0,0,0,0,0,0,0,0,0,0,0,0,0,0,0,0,0,0,0,0,0,0,0,0,0,0,0,0,0,0,0,0,0,0,0,0,0,0,0,0,0,0,0,0,0,0,0,0,0,0,0,0,0,0,0,0,0,0,0,0,0,0,0,0,0,0,0,0.3814944322102413
Hexane,CCCCCC,0,train,1.6143308351592656,1.7488684742051077,-1.8568988201678078,1.94872220517977,-1.657035798069035,4.307622205179769,0.7018642019309682,13.815622205179768,10.20986420193096,2.3390923149762908,12.0,4.82842712474619,4.82842712474619,4.82842712474619,2.914213562373095,2.914213562373095,2.914213562373095,1.707106781186547,1.707106781186547,0.9571067811865472,0.9571067811865472,0.49999999999999983,0.49999999999999983,0.0,0.0,0.0,0.0,0.0,0.0,25.683286491704038,0.0,0.0,13.847474399381248,0.0,86.109550448,0.8333333333333334,1.1666666666666667,1.3333333333333333,1.0,0.0,6,72.06599999999999,1.6143308351592656,6.0,5.0,4.0,40.563961599812586,2.2318055555555554,0.06538238459812357,2.2318055555555554,-0.05357870225236843,1.355,0.05357870225236843,1.355,-0.06538238459812357,2.5866000000000007,29.81599999999998,86.178,0,0,0,0,0,0,0,0,0,0,0,0,3,0,0,0,38,0.0,0.0,0.0,0.0,0.0,0.0,0.0,0.0,0.0,0.0,39.53076089108528,0.0,0.0,0.0,0,0.0,0.0,0.0,0.0,0.0,39.53076089108528,0.0,0.0,0.0,0.0,9.0,0.0,0.0,0.0,0.0,0.0,0.0,0.0,39.53076089108528,0.0,0.0,0.0,0.0,0.0,0.0,0.0,0.0,0.0,0.0,0.0,0.0,5.536388888888888,4.463611111111111,0.0,0,0,0,0,0,0,0,0,0,0,0,0,0,0,0,0,0,0,0,0,0,0,0,0,0,0,0,0,0,0,0,0,0,0,0,0,0,0,0,0,0,0,0,0,0,0,0,0,0,0,0,0,0,0,0,0,0,0,0,0,0,0,0,0,0,0,0,0,0,0,0,0,0,0,0,0,0,0,0,0,0,0,0,1,0,0.4629542813199688
Iodohexane,CCCCCCI,0,train,1.690933805959686,1.8049040696285599,-1.8938704051618949,1.9974040257201713,-1.7320719759440055,14.108757048628084,0.7102313683717956,126.91270394803809,10.209401394528198,2.447472887876344,23.360990398949916,5.535533905932738,4.913498378941965,7.070996670118287,3.414213562373095,2.9743680230989717,4.499949695188137,1.7496424082844344,2.8283915538725957,0.9871840115494857,1.7499748475940684,0.5212678135489435,1.0606423863430239,0.0,0.0,0.0,0.0,0.0,0.0,30.110838893998448,0.0,0.0,29.51460782675868,0.0,212.006198416,1.1428571428571428,1.8571428571428572,2.2857142857142856,1.0,0.73,7,198.96999999999997,1.690933805959686,7.730000000000001,6.730000000000001,6.73,59.825799720856224,2.427110090702948,0.08637591717628197,2.427110090702948,-0.00047281290875759264,1.3311111111111111,0.00047281290875759264,1.3311111111111111,-0.08637591717628197,3.0017000000000014,43.02900000000002,212.074,0,0,0,0,0,0,0,0,0,0,1,0,4,0,0,0,44,0.0,0.0,0.0,0.0,0.0,0.0,0.0,0.0,0.0,0.0,48.77707269553671,10.84837402522042,0.0,0.0,0,0.0,22.590870627068057,0.0,0.0,0.0,32.60702369139466,4.42755240229441,0.0,0.0,0.0,9.428571428571429,0.0,0.0,0.0,22.590870627068057,4.42755240229441,0.0,0.0,32.60702369139466,0.0,0.0,0.0,0.0,0.0,1.3311111111111111,2.427110090702948,0.0,0.0,0.0,0.0,0.0,5.618533333333334,2.243245464852608,0.0,0,0,0,0,0,0,0,0,0,0,0,0,0,0,0,0,0,0,0,0,0,0,0,0,0,1,0,0,0,0,0,0,0,0,0,0,0,0,0,0,0,0,0,0,1,0,0,0,0,0,0,0,0,0,0,0,0,0,0,0,0,0,0,0,0,0,0,0,0,0,0,0,0,0,0,0,0,0,0,0,0,0,0,2,0,0.38141852373214413
Iodooctadecane,CCCCCCCCCCCCCCCCCCI,0,train,2.4301518008973955,1.9361175765850447,-2.027184116093639,2.1325299993775815,-1.833292340270674,14.108758543618135,0.5316827524987593,126.91270405620978,10.039225571914546,2.8766966445353965,128.62570933197804,14.020815280171313,13.39877975318054,15.556278044356862,9.414213562373096,8.97436802309897,10.499949695188135,5.992283095403719,7.07103224099188,3.987184011549486,4.749974847594069,2.642588157108585,3.181962729902666,0.0,0.0,0.0,0.0,0.0,0.0,107.1606983691106,0.0,0.0,29.51460782675868,0.0,380.193999184,0.42105263157894735,0.6842105263157895,0.9473684210526315,1.0,0.73,19,343.102,2.4301518008973955,19.73,18.729999999999997,18.73,136.20510509361554,2.486686169674828,0.08637591717086197,2.486686169674828,-0.00047281152711487503,1.3434567901234566,0.00047281152711487503,1.3434567901234566,-0.08637591717086197,7.682900000000007,98.43300000000008,380.3979999999999,0,0,0,0,0,0,0,0,0,0,1,0,16,0,0,0,116,0.0,0.0,0.0,0.0,0.0,0.0,0.0,0.0,0.0,0.0,125.82693217064886,10.84837402522042,0.0,0.0,0,0.0,22.590870627068057,0.0,0.0,0.0,109.65688316650682,4.42755240229441,0.0,0.0,0.0,11.052631578947368,0.0,0.0,0.0,22.590870627068057,4.42755240229441,0.0,0.0,109.65688316650682,0.0,0.0,0.0,0.0,0.0,1.3434567901234566,2.486686169674828,0.0,0.0,0.0,0.0,0.0,23.49474286976875,2.295114170432966,0.0,0,0,0,0,0,0,0,0,0,0,0,0,0,0,0,0,0,0,0,0,0,0,0,0,0,1,0,0,0,0,0,0,0,0,0,0,0,0,0,0,0,0,0,0,1,0,0,0,0,0,0,0,0,0,0,0,0,0,0,0,0,0,0,0,0,0,0,0,0,0,0,0,0,0,0,0,0,0,0,0,0,0,0,14,0,0.14628233944757874
Isopropanol,CC(C)O,0,train,0.8112781244591328,1.6882269952162392,-1.7983014802258805,1.6457811028958507,-1.8484367753744553,4.204004313602449,0.2156248273880762,16.26364309024246,10.50360186531773,2.3237900077244498,8.0,3.5773502691896257,3.0245638646895836,3.0245638646895836,1.7320508075688772,1.412899428126413,1.412899428126413,1.0937480486839481,1.0937480486839481,0.0,0.0,0.0,0.0,0.0,0.0,0.0,6.103966387748303,0.0,0.0,0.0,13.847474399381248,0.0,0.0,5.106527394840706,60.057514876,1.5,1.5,1.5,1.0,-0.04,4,52.032000000000004,0.8112781244591328,3.9600000000000004,1.297837837837838,1128.9599999999998,26.263369008818774,8.055555555555555,0.3937069016405105,8.055555555555555,0.04834761180869219,0.16666666666666674,0.04834761180869219,-0.16666666666666674,-0.3937069016405105,0.38710000000000006,17.354800000000004,60.096000000000004,1,1,0,0,0,0,0,0,1,1,1,0,0,0,0,0,26,5.106527394840706,0.0,0.0,0.0,0.0,0.0,0.0,0.0,0.0,0.0,0.0,13.847474399381248,6.103966387748303,0.0,0,5.106527394840706,0.0,0.0,0.0,0.0,19.95144078712955,0.0,0.0,0.0,0.0,9.0,0.0,0.0,0.0,0.0,11.210493782589008,0.0,0.0,13.847474399381248,0.0,0.0,0.0,0.0,20.23,0.0,0.0,0.0,8.055555555555555,0.0,0.0,0.0,-0.16666666666666674,3.4444444444444446,0.0,0,1,1,0,0,0,0,0,0,0,0,0,0,0,0,0,0,0,0,0,0,0,0,0,0,0,0,0,0,0,0,0,0,0,0,0,0,0,0,0,0,0,0,0,0,0,0,0,0,0,0,0,0,0,0,0,0,0,0,0,0,0,0,0,0,0,0,0,0,0,0,0,0,0,0,0,0,0,0,0,0,0,0,0,0,0.42840479403162834
Isopropyl dicyandiamide,CC(C)N(C#N)C#N,0,train,1.6856161633204378,2.010996274452992,-2.0627999290919057,1.8971590213742373,-2.1871282555209604,4.878584344135492,0.44836785400805124,15.12510218634065,10.368920209254894,3.809119335140701,122.73322206666909,6.568914100752346,4.918991055689499,4.918991055689499,3.7187440150134057,2.307326619126329,2.307326619126329,1.6637503373060991,1.6637503373060991,0.7318678333322476,0.7318678333322476,0.2533007874508482,0.2533007874508482,0.0,0.0,0.0,6.041840829147961,0.0,4.899909730850477,0.0,26.233786590938927,0.0,0.0,10.523783109476973,109.06399722399999,1.25,1.625,1.625,0.6,-1.22,8,102.07600000000001,1.6856161633204378,6.78,2.872924704797209,1.4857717910564647,48.74401251855678,8.149861111111111,0.2129525874594373,8.149861111111111,0.19347700367135953,0.009259259259259522,0.19347700367135953,-0.009259259259259522,-0.2129525874594373,0.65896,28.20099999999999,109.132,0,3,0,0,0,0,0,0,3,0,3,0,1,0,0,0,42,0.0,0.0,12.38631219155768,0.0,0.0,0.0,0.0,4.899909730850477,10.523783109476973,0.0,0.0,13.847474399381248,6.041840829147961,0.0,0,0.0,0.0,10.523783109476973,4.899909730850477,0.0,19.88931522852921,0.0,0.0,0.0,12.38631219155768,7.625,0.0,0.0,0.0,0.0,10.941750559998438,0.0,22.91009530103465,13.847474399381248,0.0,0.0,0.0,0.0,50.82,0.0,0.0,1.027777777777778,16.299722222222222,0.0,0.0,-0.009259259259259522,3.4467592592592595,3.5683333333333334,0.0,0,0,0,0,0,0,0,0,0,0,0,0,0,0,0,3,0,0,0,0,0,0,0,0,0,0,0,0,0,0,0,0,0,0,0,0,0,0,0,0,0,0,0,0,0,0,0,0,0,0,0,0,0,0,0,0,0,2,0,0,0,0,0,0,0,0,0,0,0,0,0,0,0,0,0,0,0,0,0,0,0,0,0,0,0,0.36682777396662597
Lactic acid,CC(O)C(=O)O,0,train,1.3609640474436813,2.009807513536468,-1.8854873463348738,1.729192320444929,-2.1309948007137143,5.706957285736957,-0.1450575584222452,16.398735260096657,10.433967204080318,3.2575861612334887,57.058650025961626,5.1547005383792515,3.3800257506534046,3.3800257506534046,2.6427344100918364,1.5519552365135105,1.5519552365135105,1.014211137204421,1.014211137204421,0.35739022965977413,0.35739022965977413,0.0,0.0,12.073271675700152,4.794537184071822,0.0,0.0,0.0,0.0,6.923737199690624,0.0,0.0,0.0,10.213054789681411,90.031694052,1.8333333333333333,2.0,2.0,0.6666666666666666,-0.5700000000000001,6,84.02999999999999,1.3609640474436813,5.43,1.7676338396942162,1.7215451895043727,35.21912486105855,9.449074074074074,0.4793355989963274,9.449074074074074,0.3317230795714236,1.185185185185185,0.3317230795714236,-1.231481481481482,-0.4793355989963274,-0.5482,19.3166,90.07799999999999,2,3,0,0,0,0,0,0,2,2,3,0,1,0,0,0,36,10.213054789681411,6.103966387748303,0.0,0.0,0.0,5.9693052879518484,0.0,4.794537184071822,0.0,0.0,0.0,6.923737199690624,0.0,0.0,0,15.007591973753234,5.9693052879518484,0.0,0.0,0.0,13.027703587438927,0.0,0.0,0.0,0.0,13.666666666666666,0.0,0.0,0.0,0.0,22.286326465381563,4.794537184071822,0.0,6.923737199690624,0.0,0.0,0.0,0.0,57.53,0.0,0.0,9.449074074074074,15.770833333333332,0.0,-1.185185185185185,0.0,-1.231481481481482,1.1967592592592593,0.0,1,1,1,0,0,0,0,0,1,1,1,0,0,0,0,0,0,0,0,0,0,0,0,0,0,0,0,0,0,0,0,0,0,0,0,0,0,0,0,0,0,0,0,0,0,0,0,0,0,0,0,0,0,0,0,0,0,0,0,0,0,0,0,0,0,0,0,0,0,0,0,0,0,0,0,0,0,0,0,0,0,0,0,0,0,0.45393595064720316
Octanoic acid,CCCCCCCC(=O)O,0,train,1.8709889548563379,1.9420985020235597,-1.9472884190314368,2.036136763183896,-1.9268932152010254,5.6601358912413575,-0.13665045255081823,16.36511996668072,10.124243287305514,2.838589121813916,89.25838096618135,7.819990956308912,6.598102573083107,6.598102573083107,4.770055610029662,3.9883911147617317,3.9883911147617317,2.557952105596448,2.557952105596448,1.4941955573808654,1.4941955573808654,0.8797791157461863,0.8797791157461863,5.9693052879518484,4.794537184071822,0.0,0.0,6.4208216229260096,12.841643245852019,19.26246486877803,0.0,0.0,6.923737199690624,5.106527394840706,144.115029752,1.2,1.8,2.3,0.875,-0.53,10,128.08599999999998,1.8709889548563379,9.47,6.588063754427392,7.470000000000003,62.24960168084558,10.031994126354245,0.481230389785217,10.031994126354245,0.30283955653217365,0.33701814058956914,0.30283955653217365,-0.6699088246409672,-0.481230389785217,2.4314999999999998,41.0118,144.214,1,2,0,0,0,0,0,0,1,1,2,0,6,0,0,0,60,5.106527394840706,0.0,0.0,0.0,0.0,5.9693052879518484,4.794537184071822,0.0,0.0,0.0,32.60702369139466,6.4208216229260096,6.4208216229260096,0.0,0,9.901064578912528,5.9693052879518484,0.0,0.0,0.0,45.448666937246685,0.0,0.0,0.0,0.0,9.7,0.0,0.0,0.0,0.0,11.075832682792555,4.794537184071822,0.0,45.448666937246685,0.0,0.0,0.0,0.0,37.3,0.0,0.0,10.031994126354245,8.270004172965482,0.0,-0.6699088246409672,0.0,5.884581443688586,2.14999574829932,0.0,1,0,0,0,0,0,0,0,1,1,1,0,0,0,0,0,0,0,0,0,0,0,0,0,0,0,0,0,0,0,0,0,0,0,0,0,0,0,0,0,0,0,0,0,0,0,0,0,0,0,0,0,0,0,0,0,0,0,0,0,0,0,0,0,0,0,0,0,0,0,0,0,0,0,0,0,0,0,0,0,0,0,0,3,0,0.5811557038471341
Pentaerythritol triacrylate,C=CC(=O)OCC(CO)(COC(=O)C=C)COC(=O)C=C,0,train,2.527829216440315,2.3455498453323385,-2.29082637938701,2.192695803578458,-2.4188359512497146,5.817848682958548,-0.15850725200940025,16.561641801393108,9.920419378755279,4.872529374632145,365.2249225780082,16.303118619434358,11.57850161415785,11.57850161415785,9.924181237471343,5.91198187874199,5.91198187874199,4.0936185036752,4.0936185036752,2.3972518964114076,2.3972518964114076,1.1113750090930927,1.1113750090930927,29.929788297765242,19.49013894705617,0.0,19.820645893538753,0.0,18.228060320501644,0.0,0.0,0.0,19.73680705079549,14.210588861400147,298.105252916,0.8095238095238095,1.0952380952380953,1.2857142857142858,0.35714285714285715,-2.41,21,280.147,2.527829216440315,18.59,9.486939907479425,7.070351617689109,122.03412515928063,11.093249874023684,0.46157835556478166,11.093249874023684,0.3296641038134155,0.3301596749811033,0.3296641038134155,-1.281736111111111,-0.46157835556478166,0.15269999999999984,72.98680000000003,298.291,1,7,0,0,0,0,0,0,7,1,7,0,10,0,0,0,116,19.31711625624085,19.820645893538753,0.0,0.0,0.0,17.907915863855546,0.0,14.383611552215466,0.0,0.0,19.73680705079549,0.0,18.228060320501644,12.021872433909696,0,33.700727808456314,17.907915863855546,0.0,0.0,5.414990469396779,0.0,26.427527858051672,37.96486737129713,0.0,0.0,10.142857142857142,0.0,0.0,0.0,0.0,49.44197111674792,28.59420041361561,5.414990469396779,0.0,37.96486737129713,0.0,0.0,0.0,99.13000000000002,14.484615929705216,0.0,33.27974962207105,9.481937358276644,-1.281736111111111,-2.1724459876543207,0.0,2.814391534391534,8.143487654320987,0.0,0,1,1,0,0,0,0,0,0,0,3,3,0,0,0,0,0,0,0,0,0,0,0,0,0,0,0,0,0,0,0,0,0,0,0,0,0,0,0,0,3,3,0,0,0,0,0,0,0,0,0,0,0,0,0,0,0,0,0,0,0,0,0,0,0,0,0,0,0,0,0,0,0,0,0,0,0,0,0,0,0,0,0,0,0,0.34803978582299167
Propylene glycol,CC(O)CO,0,train,1.3787834934861756,1.8281882984618438,-1.8957837277830538,1.6819689129998363,-2.032560487103577,4.334973681772572,0.1098596093378507,16.315138153458417,10.458756100052476,2.5395388613593903,18.854752972273342,4.284457050376173,3.178884241376089,3.178884241376089,2.270055610029662,1.560025215417488,1.560025215417488,1.0315955518811348,1.0315955518811348,0.26422384392782794,0.26422384392782794,0.0,0.0,6.103966387748303,0.0,0.0,6.606881964512918,0.0,0.0,6.923737199690624,0.0,0.0,0.0,10.213054789681411,76.052429496,1.8,2.0,2.0,1.0,-0.08,5,68.03099999999999,1.3787834934861756,4.920000000000001,2.1751020408163266,3.92,31.057602761014792,8.11111111111111,0.39370004219776616,8.11111111111111,0.0742386440636602,0.13888888888888884,0.0742386440636602,-0.5601851851851856,-0.39370004219776616,-0.6405000000000001,18.7666,76.095,2,2,0,0,0,0,0,0,2,2,2,0,1,0,0,0,32,10.213054789681411,0.0,0.0,0.0,0.0,0.0,0.0,0.0,0.0,0.0,0.0,6.923737199690624,0.0,12.71084835226122,0,10.213054789681411,0.0,0.0,0.0,0.0,13.027703587438927,6.606881964512918,0.0,0.0,0.0,15.0,0.0,0.0,0.0,0.0,22.92390314194263,0.0,0.0,6.923737199690624,0.0,0.0,0.0,0.0,40.46,0.0,0.0,0.0,16.00462962962963,0.0,0.0,0.0,-0.5601851851851856,1.3888888888888888,0.0,0,2,2,0,0,0,0,0,0,0,0,0,0,0,0,0,0,0,0,0,0,0,0,0,0,0,0,0,0,0,0,0,0,0,0,0,0,0,0,0,0,0,0,0,0,0,0,0,0,0,0,0,0,0,0,0,0,0,0,0,0,0,0,0,0,0,0,0,0,0,0,0,0,0,0,0,0,0,0,0,0,0,0,0,0,0.43583499661104974
Succinic Acid,O=C(O)CCC(=O)O,0,train,1.6135681581652277,1.9982838589936354,-1.8470595348710508,1.85495895626911,-2.0023857464433044,5.7462351402127245,-0.14306757181065843,16.372472656228624,10.314273883220366,3.1818458670936187,92.60593781761291,6.568914100752346,4.125137334300737,4.125137334300737,3.625897657686229,2.0625686671503685,2.0625686671503685,1.2874770864467064,1.2874770864467064,0.5527309429819104,0.5527309429819104,0.21386547149095522,0.21386547149095522,11.938610575903697,9.589074368143644,0.0,12.841643245852019,0.0,0.0,0.0,0.0,0.0,0.0,10.213054789681411,118.02660867200001,1.0,1.25,1.375,0.5,-1.06,8,112.03999999999998,1.6135681581652277,6.9399999999999995,3.009687481832753,4.939999999999998,45.74558907549893,9.640416666666667,0.48121892931530574,9.640416666666667,0.30343248908825177,0.2962962962962965,0.30343248908825177,-1.0764814814814814,-0.48121892931530574,-0.06420000000000009,24.505599999999994,118.088,2,4,0,0,0,0,0,0,2,2,4,0,3,0,0,0,46,10.213054789681411,0.0,0.0,0.0,0.0,11.938610575903697,9.589074368143644,0.0,0.0,0.0,0.0,0.0,0.0,12.841643245852019,0,19.802129157825057,11.938610575903697,0.0,0.0,0.0,12.841643245852019,0.0,0.0,0.0,0.0,8.5,0.0,0.0,0.0,0.0,22.15166536558511,9.589074368143644,0.0,12.841643245852019,0.0,0.0,0.0,0.0,74.6,0.0,0.0,19.280833333333334,15.798055555555555,0.0,-2.1529629629629623,0.0,-0.592592592592593,0.0,0.0,2,0,0,0,0,0,0,0,2,2,2,0,0,0,0,0,0,0,0,0,0,0,0,0,0,0,0,0,0,0,0,0,0,0,0,0,0,0,0,0,0,0,0,0,0,0,0,0,0,0,0,0,0,0,0,0,0,0,0,0,0,0,0,0,0,0,0,0,0,0,0,0,0,0,0,0,0,0,0,0,0,0,0,0,0,0.5437714031598524
Tartaric acid,O=C(O)C(O)C(O)C(=O)O,0,train,1.840619151540748,2.287815774795149,-2.068339084155469,1.9203101075203513,-2.388402943037346,5.824982415297693,-0.16527350305511757,16.43489091691258,10.197112429125484,4.069511908932012,133.82680599646994,8.309401076758503,4.760051501306809,4.760051501306809,4.464101615137755,2.2825432679811026,2.2825432679811026,1.566149956058199,1.566149956058199,0.8051044696647977,0.8051044696647977,0.2701017096056553,0.2701017096056553,24.146543351400304,9.589074368143644,0.0,0.0,0.0,0.0,0.0,0.0,0.0,0.0,20.426109579362823,150.016437912,0.9,1.1,1.2,0.5,-1.1400000000000001,10,144.03799999999998,1.840619151540748,8.86,3.1362532686222435,1.9973754023245793,55.33405657989094,9.771851851851851,0.47923964976298583,9.771851851851851,0.33542658750566945,1.7686111111111107,0.33542658750566945,-2.266203703703704,-0.47923964976298583,-2.1226,27.285199999999996,150.08599999999998,4,6,0,0,0,0,0,0,4,4,6,0,3,0,0,0,58,20.426109579362823,0.0,12.207932775496605,0.0,0.0,11.938610575903697,0.0,9.589074368143644,0.0,0.0,0.0,0.0,0.0,0.0,0,30.015183947506465,11.938610575903697,0.0,0.0,0.0,12.207932775496605,0.0,0.0,0.0,0.0,15.8,0.0,0.0,0.0,0.0,44.57265293076312,9.589074368143644,0.0,0.0,0.0,0.0,0.0,0.0,115.06000000000002,0.0,0.0,19.543703703703702,32.52592592592593,0.0,-3.5372222222222214,0.0,-4.532407407407408,0.0,0.0,2,2,2,0,0,0,0,0,2,2,2,0,0,0,0,0,0,0,0,0,0,0,0,0,0,0,0,0,0,0,0,0,0,0,0,0,0,0,0,0,0,0,0,0,0,0,0,0,0,0,0,0,0,0,0,0,0,0,0,0,0,0,0,0,0,0,0,0,0,0,0,0,0,0,0,0,0,0,0,0,0,0,0,0,0,0.3652291848585975
"Ethyl-2-(Hydroxymethyl)-1,3-Propanediol Triacrylate",C=CC(=O)OCC(CC)(COC(=O)C=C)COC(=O)C=C,0,train,2.527829216440315,2.3316360893601953,-2.3003106701233884,2.24149458730543,-2.3827405932960883,5.817794477487404,-0.15550054784406886,16.560034338920833,9.87658514461844,4.872529374632145,364.06624200276315,16.303118619434358,12.13128801865789,12.13128801865789,9.924181237471343,6.302860893911699,6.302860893911699,4.289058011260055,4.289058011260055,2.8118416997864397,2.8118416997864397,1.2806305875646986,1.2806305875646986,23.322906333252323,14.383611552215466,0.0,19.820645893538753,6.4208216229260096,18.228060320501644,0.0,6.923737199690624,0.0,19.73680705079549,14.210588861400147,296.12598836,0.8095238095238095,1.0952380952380953,1.2857142857142858,0.4,-2.37,21,276.159,2.527829216440315,18.63,9.520674180055373,7.099723651825334,123.60483352148125,11.174882527084907,0.4616743059623329,11.174882527084907,0.329662617990188,0.08015967498110332,0.329662617990188,-0.8372916666666668,-0.4616743059623329,1.5703999999999998,76.19200000000004,296.319,0,6,0,0,0,0,0,0,6,0,6,0,10,0,0,0,116,14.210588861400147,19.820645893538753,0.0,0.0,0.0,17.907915863855546,0.0,14.383611552215466,0.0,0.0,26.66054425048612,6.4208216229260096,18.228060320501644,5.414990469396779,0,28.59420041361561,17.907915863855546,0.0,0.0,5.414990469396779,13.344558822616634,19.820645893538753,37.96486737129713,0.0,0.0,10.142857142857142,0.0,0.0,0.0,0.0,37.7285617573943,28.59420041361561,5.414990469396779,13.344558822616634,37.96486737129713,0.0,0.0,0.0,78.9,14.964615929705216,0.0,33.524647581254726,0.0,-0.8372916666666668,-1.839112654320988,0.0,3.50995275888133,11.427188051146384,0.0,0,0,0,0,0,0,0,0,0,0,3,3,0,0,0,0,0,0,0,0,0,0,0,0,0,0,0,0,0,0,0,0,0,0,0,0,0,0,0,0,3,3,0,0,0,0,0,0,0,0,0,0,0,0,0,0,0,0,0,0,0,0,0,0,0,0,0,0,0,0,0,0,0,0,0,0,0,0,0,0,0,0,0,0,0,0.3457550445606473
Vinylidene dichloride,C=C(Cl)Cl,0,train,0.8112781244591328,1.5984486866318228,-1.568301842302062,1.9805437078503079,-1.2390233308251917,6.550490193907242,2.45363289283545,35.53908683371098,11.261433577606125,2.8030394876740514,27.019550008653873,3.5773502691896257,1.963035727205002,3.474893619241911,1.7320508075688772,0.731517863602501,1.4874468096209554,0.33868981334099574,1.444640868594416,0.0,0.0,0.0,0.0,0.0,0.0,0.0,4.491468174157928,0.0,0.0,0.0,0.0,0.0,6.578935683598497,23.20187978046503,95.953355424,1.5,1.5,1.5,0.0,0.31999999999999995,4,94.928,0.8112781244591328,4.320000000000001,1.621204819277109,39.476250000000036,35.02112256380526,4.845679012345679,0.09918403887268368,4.845679012345679,0.09918403887268368,0.1111111111111116,0.07155530834151903,0.1111111111111116,-0.07155530834151903,1.9352,20.845999999999997,96.944,0,0,0,0,0,0,0,0,0,0,2,0,0,0,0,0,24,0.0,0.0,0.0,0.0,0.0,0.0,0.0,0.0,0.0,0.0,29.78081546406353,0.0,0.0,4.491468174157928,0,0.0,23.20187978046503,0.0,0.0,0.0,0.0,0.0,11.070403857756425,0.0,0.0,6.5,0.0,0.0,0.0,23.20187978046503,0.0,0.0,0.0,0.0,11.070403857756425,0.0,0.0,0.0,0.0,0.1111111111111116,9.691358024691358,0.0,0.0,0.0,0.0,0.0,0.0,3.0864197530864197,0.0,0,0,0,0,0,0,0,0,0,0,0,0,0,0,0,0,0,0,0,0,0,0,0,0,0,0,0,0,0,0,0,0,0,0,0,0,0,0,0,0,0,0,0,0,2,0,0,0,0,0,0,0,0,0,0,0,0,0,0,0,0,0,0,0,0,0,0,0,0,0,0,0,0,0,0,0,0,0,0,0,0,0,0,0,0,0.4327983643519247
(2E)-2-Decenal,CCCCCCCC=CC=O,1,train,2.0339309928768716,1.8488340080645886,-1.9442456562164965,2.042121033394418,-1.7531159295167247,5.639285067296609,-0.10363116154044057,16.128434690656142,10.118926493731728,2.8980535255104583,105.44040467374954,8.36396103067893,7.382939785152027,7.382939785152027,5.414213562373096,4.517723998712593,4.517723998712593,2.767123810581253,2.767123810581253,1.688994386111665,1.688994386111665,1.017522688508931,1.017522688508931,0.0,4.794537184071822,0.0,0.0,0.0,12.706982146055564,32.10410811463005,6.076020106833881,6.076020106833881,6.923737199690624,0.0,154.135765196,1.0909090909090908,1.8181818181818181,2.4545454545454546,0.7,-0.5900000000000001,11,136.10899999999998,2.0339309928768716,10.41,9.410000000000002,9.409999999999998,69.49564912525854,9.853239279910005,0.2985763108186907,9.853239279910005,0.1420180387135551,0.8393283100277147,0.1420180387135551,0.8393283100277147,-0.2985763108186907,3.102000000000002,48.58000000000003,154.253,0,1,0,0,0,0,0,0,1,0,1,0,7,0,0,0,64,0.0,6.2861605231295545,0.0,0.0,0.0,0.0,4.794537184071822,0.0,0.0,0.0,38.68304379822854,18.9176633526859,0.0,0.0,0,4.794537184071822,6.2861605231295545,0.0,0.0,0.0,45.448666937246685,0.0,12.152040213667762,0.0,0.0,10.636363636363637,0.0,0.0,0.0,0.0,6.2861605231295545,4.794537184071822,0.0,45.448666937246685,12.152040213667762,0.0,0.0,0.0,17.07,0.0,0.0,9.853239279910005,0.0,0.0,0.0,0.0,11.932184508062484,2.2145762120275108,0.0,0,0,0,0,0,0,0,0,0,0,1,1,0,0,0,0,0,0,0,0,0,0,0,1,0,0,2,0,0,0,0,0,0,0,0,0,0,0,0,0,0,0,0,0,0,0,0,0,0,0,0,0,0,0,0,0,0,0,0,0,0,0,0,0,0,0,0,0,0,0,0,0,0,0,0,0,0,0,0,0,0,0,0,4,0,0.31266119986484187
"1,2-Dibromo-2,4-dicyanobutane",N#CCCC(Br)(C#N)CBr,1,train,2.002474398971605,2.232080120324621,-2.1202635567760892,2.2466288354960557,-2.1869836190010594,9.121146194842018,0.752486853631291,79.9199799712776,10.091147914180686,3.870586194391708,179.16728769260075,8.035533905932738,5.271676480578012,8.443669558807422,4.681980515339465,2.714117245696817,4.628584423000572,1.868853653597625,3.9475561499959055,1.0452568641268012,3.6091404722156213,0.40663333136092716,1.0106341613055356,4.324258493532197,0.0,0.0,0.0,18.171732892913447,0.0,0.0,0.0,6.069221312792274,37.92910910869097,10.523783109476973,263.889772392,1.4,2.0,2.3,0.6666666666666666,-0.06000000000000005,10,259.888,2.002474398971605,9.94,4.709164697585968,3.195249674976354,77.08421617403272,8.575625,0.1983458683186599,8.575625,0.12254402578281533,0.4071527777777777,0.12254402578281533,-0.5528472222222225,-0.1983458683186599,2.34236,45.91200000000001,265.936,0,2,0,0,0,0,0,0,2,0,4,0,3,0,0,0,54,0.0,4.324258493532197,0.0,0.0,0.0,0.0,0.0,0.0,10.523783109476973,0.0,31.859887795898697,6.4208216229260096,11.750911269987437,12.138442625584547,0,0.0,31.859887795898697,10.523783109476973,0.0,0.0,17.165901739384218,5.330089647061427,0.0,0.0,12.138442625584547,14.8,0.0,0.0,0.0,31.859887795898697,9.654348140593623,0.0,22.66222573506152,12.841643245852019,0.0,0.0,0.0,0.0,47.58,-0.5528472222222225,6.408812358276644,0.0,17.354451530612245,0.0,0.0,4.071666666666667,0.9679166666666665,0.0,0.0,0,0,0,0,0,0,0,0,0,0,0,0,0,0,0,2,0,0,0,0,0,0,0,0,0,2,0,0,0,0,0,0,0,0,0,0,0,0,0,0,0,0,0,0,2,0,0,0,0,0,0,0,0,0,0,0,0,2,0,0,0,0,0,0,0,0,0,0,0,0,0,0,0,0,0,0,0,0,0,0,0,0,0,0,0,0.7357722239015582
12-Bromo-1-dodecanol,OCCCCCCCCCCCCBr,1,train,2.209692218593626,1.9155966189429396,-2.006244863616408,2.1018177603738493,-1.8427777632364823,9.088867597319316,0.2819899489837877,79.91872968693393,10.068203669025035,2.7847655305545773,84.32251891746033,10.485281374238573,9.310459442747756,10.896455981862461,6.914213562373096,6.083489007929262,7.2049579156756645,3.9481229401873286,4.741121209744681,2.5417445039646305,3.102478957837832,1.6205080795003903,2.017007214279066,0.0,0.0,0.0,0.0,6.606881964512918,11.750911269987437,57.787394606334104,0.0,0.0,15.929943897949348,5.106527394840706,264.10887752,0.5714285714285714,0.9285714285714286,1.2857142857142858,1.0,0.44,14,240.03499999999997,2.209692218593626,14.440000000000001,13.439999999999998,12.44,97.41539564402962,8.585603724482034,0.3963765693422825,8.585603724482034,0.04305240722888907,0.3676035502958579,0.04305240722888907,0.3676035502958579,-0.3963765693422825,4.274600000000004,67.04980000000005,265.23499999999996,1,1,0,0,0,0,0,0,1,1,2,0,11,0,0,0,86,5.106527394840706,0.0,0.0,0.0,0.0,0.0,0.0,0.0,0.0,0.0,67.29651688135743,12.841643245852019,11.936971611574345,0.0,0,5.106527394840706,15.929943897949348,0.0,0.0,0.0,64.20821622926012,11.936971611574345,0.0,0.0,0.0,10.714285714285714,0.0,0.0,0.0,15.929943897949348,17.04349900641505,0.0,0.0,64.20821622926012,0.0,0.0,0.0,0.0,20.23,0.0,3.447035615077209,0.0,9.746476505547124,0.0,0.0,0.0,13.18888432907981,0.3676035502958579,0.0,0,1,1,0,0,0,0,0,0,0,0,0,0,0,0,0,0,0,0,0,0,0,0,0,0,1,0,0,0,0,0,0,0,0,0,0,0,0,0,0,0,0,0,0,1,0,0,0,0,0,0,0,0,0,0,0,0,0,0,0,0,0,0,0,0,0,0,0,0,0,0,0,0,0,0,0,0,0,0,0,0,0,0,9,0,0.4365584387586573
1-Chlorooctadecane,CCCCCCCCCCCCCCCCCCCl,1,train,2.4301518008973955,1.9364305996369306,-2.02699521342277,2.131492553834972,-1.8339375781284566,6.173416465293342,0.5314186919244192,35.49566313156083,10.039133979408923,2.8766966445353965,128.62570933197804,14.020815280171313,13.39877975318054,14.154708699198995,9.414213562373096,8.97436802309897,9.50889050692382,5.992283095403719,6.370247568412946,3.987184011549486,4.25444525346191,2.642588157108585,2.8315703936131986,0.0,0.0,0.0,0.0,0.0,5.880003444970339,102.7331459668162,0.0,0.0,6.923737199690624,11.600939890232516,288.258378864,0.42105263157894735,0.6842105263157895,0.9473684210526315,1.0,0.29,19,251.65099999999995,2.4301518008973955,19.290000000000003,18.29,18.290000000000003,127.2465331994536,5.659846761999425,0.12671696964452742,5.659846761999425,0.022295574346744947,0.8456790123456791,0.022295574346744947,0.8456790123456791,-0.12671696964452742,7.486700000000007,90.26600000000008,288.9469999999999,0,0,0,0,0,0,0,0,0,0,1,0,16,0,0,0,116,0.0,0.0,0.0,0.0,0.0,0.0,0.0,0.0,0.0,11.600939890232516,103.2360615435808,6.4208216229260096,5.880003444970339,0.0,0,0.0,11.600939890232516,0.0,0.0,0.0,109.65688316650682,5.880003444970339,0.0,0.0,0.0,11.052631578947368,0.0,0.0,0.0,11.600939890232516,5.880003444970339,0.0,0.0,109.65688316650682,0.0,0.0,0.0,0.0,0.0,0.0,5.659846761999425,0.0,0.0,0.0,0.8456790123456791,0.0,22.81598670957712,2.289598627188891,0.0,0,0,0,0,0,0,0,0,0,0,0,0,0,0,0,0,0,0,0,0,0,0,0,0,0,1,0,0,0,0,0,0,0,0,0,0,0,0,0,0,0,0,0,0,1,0,0,0,0,0,0,0,0,0,0,0,0,0,0,0,0,0,0,0,0,0,0,0,0,0,0,0,0,0,0,0,0,0,0,0,0,0,0,14,0,0.20380878243072
1-Iododecane,CCCCCCCCCCI,1,train,2.0339309928768716,1.88787169033615,-1.9819879845793378,2.0818755923168135,-1.7982584996796447,14.108757546608006,0.5871452640058247,126.9127039840927,10.09280885954486,2.6909155266923976,53.89311688209828,8.36396103067893,7.741925503688156,9.899423794864479,5.414213562373096,4.974368023098972,6.499949695188137,3.163855970657529,4.24260511624569,1.9871840115494857,2.7499748475940686,1.2283745947354905,1.767749167529571,0.0,0.0,0.0,0.0,0.0,0.0,55.7941253857025,0.0,0.0,29.51460782675868,0.0,268.068798672,0.7272727272727273,1.1818181818181819,1.6363636363636365,1.0,0.73,11,247.01399999999995,2.0339309928768716,11.73,10.729999999999999,10.730000000000002,85.28556817844267,2.4618477288604455,0.08637591717086197,2.4618477288604455,-0.00047281152711487503,1.3399999999999999,0.00047281152711487503,1.3399999999999999,-0.08637591717086197,4.5621000000000045,61.49700000000004,268.182,0,0,0,0,0,0,0,0,0,0,1,0,8,0,0,0,68,0.0,0.0,0.0,0.0,0.0,0.0,0.0,0.0,0.0,0.0,74.46035918724075,10.84837402522042,0.0,0.0,0,0.0,22.590870627068057,0.0,0.0,0.0,58.29031018309871,4.42755240229441,0.0,0.0,0.0,10.363636363636363,0.0,0.0,0.0,22.590870627068057,4.42755240229441,0.0,0.0,58.29031018309871,0.0,0.0,0.0,0.0,0.0,1.3399999999999999,2.4618477288604455,0.0,0.0,0.0,0.0,0.0,11.544260141093474,2.27389213004608,0.0,0,0,0,0,0,0,0,0,0,0,0,0,0,0,0,0,0,0,0,0,0,0,0,0,0,1,0,0,0,0,0,0,0,0,0,0,0,0,0,0,0,0,0,0,1,0,0,0,0,0,0,0,0,0,0,0,0,0,0,0,0,0,0,0,0,0,0,0,0,0,0,0,0,0,0,0,0,0,0,0,0,0,0,6,0,0.3436429980188283
1-Methyl-3-nitro- nitrosoguanidine,CN(N=O)C(=N)N[N+](=O)[O-],1,train,1.8458942850698052,2.0712752841222524,-2.037061301017646,1.7910554584253942,-2.375298306827283,5.739922367813201,-0.5263036618184994,16.668857168475554,10.93091232534643,3.842683384351384,166.27599848312963,8.146264369941973,5.0663856578914634,5.0663856578914634,4.574586062669973,2.142149748505082,2.142149748505082,1.3227764375527686,1.3227764375527686,0.6432700772441604,0.6432700772441604,0.19965388432653433,0.19965388432653433,10.99186841066556,15.021383512753854,0.0,0.0,5.008912523954531,7.04767198267719,5.425791397110385,0.0,0.0,5.2858847209627084,5.409283605791522,147.03923902,1.9,2.4,2.7,0.5,-1.73,10,142.054,1.8458942850698052,8.27,3.3259064106995107,2.5461134562213323,55.387219742502594,9.613333333333333,0.27633323542648136,9.613333333333333,0.27633323542648136,0.48888888888888893,0.26296452212894006,-0.9543518518518521,-0.26296452212894006,-0.6843299999999999,31.4148,147.094,2,8,0,0,0,0,0,0,5,2,8,0,2,0,0,0,56,0.0,0.0,5.0323138419217255,0.0,5.959554568743835,0.0,5.409283605791522,10.114318268765572,5.008912523954531,4.907065243988282,5.425791397110385,0.0,7.04767198267719,5.2858847209627084,0,5.0323138419217255,5.959554568743835,5.409283605791522,10.434703921064916,5.2858847209627084,0.0,7.04767198267719,15.021383512753854,0.0,0.0,8.1,5.425791397110385,0.0,0.0,0.0,23.048452917297283,0.0,20.430667118545376,0.0,5.2858847209627084,0.0,0.0,0.0,111.69,0.0,0.0,19.213611111111113,18.08560185185185,1.431111111111111,-0.6805555555555556,0.0,0.0,0.0,1.1168981481481481,0,0,0,0,0,0,0,0,0,0,0,0,0,0,0,3,2,0,0,0,0,0,0,0,0,0,0,0,0,0,0,0,0,0,0,0,0,0,0,0,0,0,0,1,0,1,0,0,0,0,0,0,0,0,0,0,0,0,1,0,0,1,0,0,0,0,0,0,0,0,0,0,0,0,0,0,0,0,0,0,0,0,0,0,0,0.17643951719742762
2(E)-Hexenal,CCCC=CC=O,1,train,1.690933805959686,1.6729211044130021,-1.7556884523801972,1.8453320143398864,-1.6087745673928389,5.639229031990765,-0.1036298919937454,16.128431717516275,10.309246075014762,2.921195900565516,64.58027134782355,5.535533905932738,4.554512660405836,4.554512660405836,3.414213562373095,2.5177239987125937,2.5177239987125937,1.3529102482081583,1.3529102482081583,0.6699919848812727,0.6699919848812727,0.3184472670871599,0.3184472670871599,0.0,4.794537184071822,0.0,0.0,0.0,19.127803768981572,6.076020106833881,0.0,6.076020106833881,6.923737199690624,0.0,98.07316494,1.5714285714285714,2.2857142857142856,2.7142857142857144,0.5,-0.5900000000000001,7,88.06499999999998,1.690933805959686,6.41,5.41,5.409999999999999,44.035880667672096,9.592874149659863,0.29857631082421043,9.592874149659863,0.14201803733976104,0.80125,0.14201803733976104,0.80125,-0.29857631082421043,1.5416,30.111999999999988,98.14499999999998,0,1,0,0,0,0,0,0,1,0,1,0,3,0,0,0,40,0.0,6.2861605231295545,0.0,0.0,0.0,0.0,4.794537184071822,0.0,0.0,0.0,19.420578929450514,12.49684172975989,0.0,0.0,0,4.794537184071822,6.2861605231295545,0.0,0.0,0.0,19.765380445542643,0.0,12.152040213667762,0.0,0.0,9.857142857142858,0.0,0.0,0.0,0.0,6.2861605231295545,4.794537184071822,0.0,19.765380445542643,12.152040213667762,0.0,0.0,0.0,17.07,0.0,0.0,9.592874149659863,0.0,0.0,0.0,0.0,6.328611111111112,2.078514739229025,0.0,0,0,0,0,0,0,0,0,0,0,1,1,0,0,0,0,0,0,0,0,0,0,0,1,0,0,2,0,0,0,0,0,0,0,0,0,0,0,0,0,0,0,0,0,0,0,0,0,0,0,0,0,0,0,0,0,0,0,0,0,0,0,0,0,0,0,0,0,0,0,0,0,0,0,0,0,0,0,0,0,0,0,0,0,0,0.3862877991333781
2-Ethylhexyl acrylate,C=CC(=O)OCC(CC)CCCC,1,train,2.1743865422003554,2.069588542679981,-2.1285016794379437,2.1218452705432274,-2.1150880309423177,5.806305764422288,-0.13870707518124353,16.532491637283382,10.005709309783333,3.5789305606878026,152.16926858274718,10.104448006685086,8.713837806426264,8.713837806426264,6.239912065068585,5.032805283882036,5.032805283882036,3.250666192361242,3.250666192361242,2.1712372543064222,2.1712372543064222,1.1570177971908615,1.1570177971908615,0.0,4.794537184071822,0.0,5.9693052879518484,12.52478801067431,12.841643245852019,18.9176633526859,0.0,0.0,20.426410082979746,4.736862953800049,184.14632988,1.5384615384615385,2.230769230769231,2.6923076923076925,0.7272727272727273,-0.79,13,164.11899999999997,2.1743865422003554,12.21,7.838370161539696,6.378132617764067,80.97413646916202,10.765701609347442,0.4622508772042368,10.765701609347442,0.32964804077490417,0.31023289871504156,0.32964804077490417,-0.31023289871504156,-0.4622508772042368,2.9320000000000013,54.462000000000046,184.27899999999994,0,2,0,0,0,0,0,0,2,0,2,0,7,0,0,0,76,4.736862953800049,0.0,0.0,0.0,0.0,5.9693052879518484,0.0,4.794537184071822,0.0,0.0,39.68887495175777,12.338727669087403,6.076020106833881,6.606881964512918,0,9.53140013787187,5.9693052879518484,0.0,0.0,5.917906046161393,39.53076089108528,6.606881964512918,12.654955790432378,0.0,0.0,12.153846153846153,0.0,0.0,0.0,0.0,12.576187252464766,9.53140013787187,5.917906046161393,39.53076089108528,12.654955790432378,0.0,0.0,0.0,26.3,4.9842696523053664,0.0,10.765701609347442,0.0,0.0,0.20722080498866213,0.0,5.85162462207105,8.191183311287478,0.0,0,0,0,0,0,0,0,0,0,0,1,1,0,0,0,0,0,0,0,0,0,0,0,0,0,0,0,0,0,0,0,0,0,0,0,0,0,0,0,0,1,1,0,0,0,0,0,0,0,0,0,0,0,0,0,0,0,0,0,0,0,0,0,0,0,0,0,0,0,0,0,0,0,0,0,0,0,0,0,0,0,0,0,0,0,0.44893606242845135
2-Hydroxyethyl acrylate,C=CC(=O)OCCO,1,train,1.8266332986704337,1.8959995904959561,-1.9386116372783935,1.7497345615670712,-2.038072248696824,5.806103625087278,-0.13817529561494477,16.538498268092905,10.638925293891061,3.1114301208164354,87.67457204070746,6.405777393935816,4.462380789176953,4.462380789176953,3.808060412490447,2.21007461613419,2.21007461613419,1.0952282492400978,1.0952282492400978,0.5022747306323725,0.5022747306323725,0.20516134332318842,0.20516134332318842,5.9693052879518484,4.794537184071822,0.0,13.213763929025836,0.0,6.076020106833881,0.0,0.0,0.0,11.315798637398547,5.106527394840706,116.047344116,1.875,2.5,2.875,0.4,-0.8300000000000001,8,108.05199999999999,1.8266332986704337,7.169999999999999,4.332074554294975,3.3634235976789166,47.578717534978374,10.119305555555556,0.4601014173818816,10.119305555555556,0.3297221895423998,0.046481481481481346,0.3297221895423998,-0.500879629629629,-0.4601014173818816,-0.2921000000000001,28.241799999999987,116.11599999999999,1,3,0,0,0,0,0,0,3,1,3,0,3,0,0,0,46,9.843390348640755,6.606881964512918,0.0,0.0,0.0,5.9693052879518484,0.0,4.794537184071822,0.0,0.0,6.578935683598497,0.0,6.076020106833881,6.606881964512918,0,14.637927532712576,5.9693052879518484,0.0,0.0,0.0,0.0,13.213763929025836,12.654955790432378,0.0,0.0,8.125,0.0,0.0,0.0,0.0,24.28959661181839,9.53140013787187,0.0,0.0,12.654955790432378,0.0,0.0,0.0,46.53,4.333333333333333,0.0,10.119305555555556,8.099141156462585,0.0,-0.500879629629629,0.0,1.05125,3.064516250944822,0.0,0,1,1,0,0,0,0,0,0,0,1,1,0,0,0,0,0,0,0,0,0,0,0,0,0,0,0,0,0,0,0,0,0,0,0,0,0,0,0,0,1,1,0,0,0,0,0,0,0,0,0,0,0,0,0,0,0,0,0,0,0,0,0,0,0,0,0,0,0,0,0,0,0,0,0,0,0,0,0,0,0,0,0,0,0,0.4067615269019466
2-Methylundecanal,CCCCCCCCCC(C)C=O,1,train,2.1589817223646235,1.9767409320300762,-2.024826743930764,2.105303302969895,-1.9424508779359215,5.5196558247135705,-0.11035935470993588,16.12932859520013,10.028314021133673,2.948167887963237,109.69210414479323,9.941311299868556,9.219803078335497,9.219803078335497,6.308060412490448,5.761740934568885,5.761740934568885,4.0233621258351215,4.0233621258351215,2.495327145439576,2.495327145439576,1.4914610056576199,1.4914610056576199,0.0,4.794537184071822,0.0,5.917906046161393,0.0,12.706982146055564,44.94575136048208,0.0,6.923737199690624,6.923737199690624,0.0,184.182715388,1.0,1.5384615384615385,2.076923076923077,0.9166666666666666,-0.33,13,160.13099999999997,2.1589817223646235,12.670000000000002,9.755689802913453,9.585062859632373,82.91513638623601,10.30991780761126,0.30310058875142204,10.30991780761126,0.12229184464963175,0.27374241517594666,0.12229184464963175,0.27374241517594666,-0.30310058875142204,3.962100000000003,57.83800000000005,184.323,0,1,0,0,0,0,0,0,1,0,1,0,9,0,0,0,78,4.794537184071822,6.2861605231295545,0.0,0.0,0.0,0.0,0.0,0.0,0.0,0.0,58.79322575986332,6.4208216229260096,5.917906046161393,0.0,0,4.794537184071822,6.2861605231295545,0.0,0.0,5.917906046161393,65.21404738278933,0.0,0.0,0.0,0.0,12.76923076923077,0.0,0.0,0.0,0.0,6.2861605231295545,4.794537184071822,5.917906046161393,65.21404738278933,0.0,0.0,0.0,0.0,17.07,0.0,0.0,10.30991780761126,0.0,0.0,0.27374241517594666,0.0,11.503794268268475,4.245878842277651,0.0,0,0,0,0,0,0,0,0,0,0,1,1,0,0,0,0,0,0,0,0,0,0,0,1,0,0,0,0,0,0,0,0,0,0,0,0,0,0,0,0,0,0,0,0,0,0,0,0,0,0,0,0,0,0,0,0,0,0,0,0,0,0,0,0,0,0,0,0,0,0,0,0,0,0,0,0,0,0,0,0,0,0,0,5,0,0.39133964241644187
"3,5,5-Trimethyl- hexanoyl chloride",CC(CC(=O)Cl)CC(C)(C)C,1,train,1.5345243669755788,2.160039907957028,-2.214219241570694,2.2562143261610257,-2.1192270661289125,6.630119586923396,-0.11207902771104417,35.49571247190309,9.843135139719951,3.694259125238623,134.9883843902141,9.068914100752346,7.777776595035811,8.533705541054266,4.81034906955374,3.9940600130404444,4.372024486049672,4.429200041000888,4.850764632875404,1.4697808690688499,1.6240842190309417,1.3915189672089736,1.654931262289062,0.0,4.794537184071822,0.0,5.2424267684092705,17.75371813848418,6.4208216229260096,0.0,0.0,0.0,27.694948798762496,11.600939890232516,176.096792844,1.4545454545454546,1.9090909090909092,2.1818181818181817,0.8888888888888888,-0.040000000000000036,11,159.551,1.5345243669755788,10.96,4.103028382361393,7.860849011479592,74.12357626992784,10.505443436633913,0.281335340441708,10.505443436633913,0.22139785996452005,0.22060185185185155,0.22139785996452005,-0.22060185185185155,-0.281335340441708,3.2142000000000017,48.71300000000003,176.68699999999998,0,1,0,0,0,0,0,0,1,0,2,0,3,0,0,0,66,0.0,0.0,0.0,5.2424267684092705,0.0,0.0,4.794537184071822,0.0,0.0,0.0,27.694948798762496,29.3546580287167,6.4208216229260096,0.0,0,4.794537184071822,16.843366658641784,0.0,0.0,11.332896515558172,40.53659204461451,0.0,0.0,0.0,0.0,14.636363636363637,0.0,0.0,0.0,11.600939890232516,5.2424267684092705,4.794537184071822,11.332896515558172,40.53659204461451,0.0,0.0,0.0,0.0,17.07,0.0,5.262585034013605,10.505443436633913,-0.22060185185185155,0.2973765432098766,0.4027777777777778,0.0,1.545918209876543,8.567611961451247,0.0,0,0,0,0,0,0,0,0,0,0,1,1,0,0,0,0,0,0,0,0,0,0,0,0,0,0,0,0,0,0,0,0,0,0,0,0,0,0,0,0,0,0,0,0,1,0,0,0,0,0,0,0,0,0,0,0,0,0,0,0,0,0,0,0,0,0,0,0,0,0,0,0,0,0,0,0,0,0,0,0,0,0,0,0,0,0.6039644512832821
3-Dimethylamino- propylamine,CN(C)CCCN,1,train,1.6121972227029933,1.8337991510242726,-2.052877168421627,1.759805141938586,-2.1568986660268163,4.416942191194307,0.4028670551742001,15.046089415676382,10.408541241617868,2.6782577431647265,35.06139398862029,5.698670612749268,5.145884208249226,5.145884208249226,3.270055610029662,2.618903247480617,2.618903247480617,1.9455044504716992,1.9455044504716992,0.8094516237403082,0.8094516237403082,0.40751485893436545,0.40751485893436545,0.0,0.0,0.0,0.0,0.0,19.51033443475116,0.0,0.0,0.0,18.995253696204855,5.733667477162185,102.11569844799999,1.4285714285714286,2.0,2.142857142857143,1.0,-0.08,7,88.06899999999999,1.6121972227029933,6.92,4.088918918918919,5.920000000000001,45.298743852632064,5.250138888888889,0.3304245896528265,5.250138888888889,-0.0012816927080248088,0.80375,0.0012816927080248088,0.80375,-0.3304245896528265,-0.10320000000000007,32.225399999999986,102.18100000000001,2,2,0,0,0,0,0,0,2,1,2,0,3,0,0,0,44,10.633577208012662,0.0,0.0,0.0,0.0,0.0,0.0,0.0,0.0,0.0,0.0,33.60567840010554,0.0,0.0,0,0.0,0.0,0.0,4.899909730850477,5.733667477162185,6.4208216229260096,27.18485677717953,0.0,0.0,0.0,10.285714285714286,5.733667477162185,0.0,0.0,0.0,32.08476650803001,0.0,0.0,6.4208216229260096,0.0,0.0,0.0,0.0,29.259999999999998,0.0,0.0,2.1318055555555557,0.0,5.250138888888889,0.0,0.0,1.1041666666666665,1.9113888888888888,4.1025,0,0,0,0,0,0,0,0,0,0,0,0,0,0,0,1,0,1,0,0,0,0,0,0,0,0,0,0,0,0,0,0,0,0,0,0,0,0,0,0,0,0,0,0,0,0,0,0,0,0,0,0,0,0,0,0,0,0,0,0,0,0,0,0,0,0,0,0,0,0,0,0,0,0,0,0,0,0,0,0,0,0,0,0,0,0.5387633555511268
"5-Methyl-2,3-hexanedione",CC(=O)C(=O)CC(C)C,1,train,1.6343741500928624,2.0800831994635414,-1.975362717294274,1.9913178580214492,-2.1098309715038988,6.357167285919896,-0.13529366405101362,16.172489635797746,10.057328615029457,3.647424691536499,124.87784055857759,7.439157588755425,6.1009536313038994,6.1009536313038994,4.036581260209188,3.0747505099002517,3.0747505099002517,2.5773335484071898,2.5773335484071898,0.9863179146411348,0.9863179146411348,0.5145195511812306,0.5145195511812306,0.0,9.589074368143644,0.0,11.566489892729878,12.338727669087403,0.0,6.923737199690624,0.0,13.847474399381248,0.0,0.0,128.083729624,1.3333333333333333,1.7777777777777777,1.8888888888888888,0.7142857142857143,-0.66,9,116.07499999999997,1.6343741500928624,8.34,3.38205622475228,3.884959128065395,55.25194791429671,10.603703703703705,0.2912217190660158,10.603703703703705,0.19783675331060602,0.25925925925925886,0.19783675331060602,-0.3299074074074073,-0.2912217190660158,1.1906,35.142999999999994,128.17099999999996,0,2,0,0,0,0,0,0,2,0,2,0,3,0,0,0,52,0.0,0.0,11.566489892729878,0.0,0.0,0.0,9.589074368143644,0.0,0.0,0.0,13.847474399381248,5.917906046161393,13.344558822616634,0.0,0,9.589074368143644,11.566489892729878,0.0,0.0,5.917906046161393,27.19203322199788,0.0,0.0,0.0,0.0,9.777777777777779,0.0,0.0,0.0,0.0,11.566489892729878,9.589074368143644,5.917906046161393,27.19203322199788,0.0,0.0,0.0,0.0,34.14,0.0,0.0,20.93337962962963,0.0,0.0,-0.2962037037037035,0.0,0.3842592592592593,5.145231481481481,0.0,0,0,0,0,0,0,0,0,0,0,2,2,0,0,0,0,0,0,0,0,0,0,0,0,0,0,0,0,0,0,0,0,0,0,0,0,0,0,0,0,0,0,0,0,0,0,0,0,0,0,0,2,2,0,0,0,0,0,0,0,0,0,0,0,0,0,0,0,0,0,0,0,0,0,0,0,0,0,0,0,0,0,0,0,0,0.5348670057058413
6-(Diethylamino)- 1 -hexanol,CCN(CC)CCCCCCO,1,train,2.1145143497574335,1.966300704032981,-2.167225484113529,2.0034664767353156,-2.233310070921096,4.519544681544617,0.2726982834490946,16.249929854661893,10.168516358067397,3.0623990167178716,81.9077646698008,9.234204518682008,8.551281440492298,8.551281440492298,5.846065214951232,5.179124626440447,5.179124626440447,3.1647030831566645,3.1647030831566645,2.2768827230335913,2.2768827230335913,1.340601549860048,1.340601549860048,0.0,0.0,0.0,0.0,6.606881964512918,19.510334434751158,25.807221274690605,0.0,0.0,18.747384130231726,5.106527394840706,173.177964356,0.9166666666666666,1.5,2.0,1.0,-0.08,12,150.11599999999996,2.1145143497574335,11.920000000000002,9.011575091575093,6.619056743012787,76.57779747979842,8.556697845804988,0.39637656931604415,8.556697845804988,0.04305241380994966,0.3524502393550013,0.04305241380994966,0.3524502393550013,-0.39637656931604415,1.8809,53.341800000000035,173.29999999999998,1,2,0,0,0,0,0,0,2,1,2,0,8,0,0,0,74,10.006437125691182,0.0,0.0,0.0,0.0,0.0,0.0,0.0,0.0,0.0,26.689117645233267,32.475912463589744,6.606881964512918,0.0,0,5.106527394840706,0.0,0.0,4.899909730850477,0.0,39.53076089108529,26.241151182250643,0.0,0.0,0.0,11.0,0.0,0.0,0.0,0.0,36.247588307941825,0.0,0.0,39.53076089108529,0.0,0.0,0.0,0.0,23.47,0.0,0.0,2.4433985260770976,8.556697845804988,0.0,0.0,0.0,4.6892446145124715,8.310659013605441,0.0,0,1,1,0,0,0,0,0,0,0,0,0,0,0,0,1,0,0,0,0,0,0,0,0,0,0,0,0,0,0,0,0,0,0,0,0,0,0,0,0,0,0,0,0,0,0,0,0,0,0,0,0,0,0,0,0,0,0,0,0,0,0,0,0,0,0,0,0,0,0,0,0,0,0,0,0,0,0,0,0,0,0,0,3,0,0.5664985084846618
6(E)-Nonenal,CCC=CCCCCC=O,1,train,1.9671544718900458,1.8238472468938682,-1.8892799292852114,1.9835996522853334,-1.7507783974417428,5.484283048137347,-0.10746012493425498,16.128721701629548,10.169513822734663,2.894900166904755,94.90138860756122,7.6568542494923815,6.675833003965479,6.675833003965479,4.914213562373096,4.000887246306986,4.000887246306986,2.330776528297734,2.330776528297734,1.34513501439047,1.34513501439047,0.7743773949903288,0.7743773949903288,0.0,4.794537184071822,0.0,0.0,0.0,38.390268637759604,0.0,0.0,0.0,19.075777413358384,0.0,140.120115132,1.1,1.8,2.4,0.6666666666666666,-0.5900000000000001,10,124.09799999999997,1.9671544718900458,9.410000000000002,8.41,7.41,63.13070701086192,9.875705939783321,0.30340290655440444,9.875705939783321,0.11949038937475359,0.7221875,0.11949038937475359,0.7221875,-0.30340290655440444,2.711900000000001,43.96300000000002,140.226,0,1,0,0,0,0,0,0,1,0,1,0,6,0,0,0,58,4.794537184071822,6.2861605231295545,0.0,0.0,0.0,0.0,0.0,0.0,0.0,0.0,19.075777413358384,25.683286491704038,6.4208216229260096,0.0,0,4.794537184071822,6.2861605231295545,0.0,0.0,0.0,39.02784531432067,0.0,12.152040213667762,0.0,0.0,10.5,0.0,0.0,0.0,0.0,6.2861605231295545,4.794537184071822,0.0,39.02784531432067,12.152040213667762,0.0,0.0,0.0,17.07,0.0,0.0,9.875705939783321,0.0,0.0,0.0,0.0,10.497388589695138,2.126905470521542,0.0,0,0,0,0,0,0,0,0,0,0,1,1,0,0,0,0,0,0,0,0,0,0,0,1,0,0,2,0,0,0,0,0,0,0,0,0,0,0,0,0,0,0,0,0,0,0,0,0,0,0,0,0,0,0,0,0,0,0,0,0,0,0,0,0,0,0,0,0,0,0,0,0,0,0,0,0,0,0,0,0,0,0,0,3,0,0.314759780373672
Bromodocosane,CCCCCCCCCCCCCCCCCCCCCCBr,1,train,2.5679945729479505,1.9468260084419358,-2.0348882646450077,2.1433884405635215,-1.8396851945283481,9.088870375702443,0.5227981489033607,79.91872982665973,10.030586142256613,2.9219621943934726,170.4117611359987,16.849242404917504,16.227206877926733,17.813203417041436,11.414213562373096,10.97436802309897,12.095836930845373,7.406496657776815,8.199494927334166,4.987184011549485,5.547918465422686,3.349694938295133,3.7461940730738092,0.0,0.0,0.0,0.0,0.0,0.0,133.74652210558165,0.0,0.0,22.85368109763997,0.0,388.27046354000004,0.34782608695652173,0.5652173913043478,0.782608695652174,1.0,0.48,23,344.14599999999996,2.5679945729479505,23.480000000000004,22.48,22.48,156.27058303579972,3.502038936015741,0.09280780398758343,3.502038936015741,0.0031253024055247066,1.1864669421487604,0.0031253024055247066,1.1864669421487604,-0.09280780398758343,9.2032,111.80800000000009,389.50600000000003,0,0,0,0,0,0,0,0,0,0,1,0,20,0,0,0,140,0.0,0.0,0.0,0.0,0.0,0.0,0.0,0.0,0.0,0.0,144.8492919332342,6.4208216229260096,5.330089647061427,0.0,0,0.0,15.929943897949348,0.0,0.0,0.0,135.34016965821087,5.330089647061427,0.0,0.0,0.0,11.217391304347826,0.0,0.0,0.0,15.929943897949348,5.330089647061427,0.0,0.0,135.34016965821087,0.0,0.0,0.0,0.0,0.0,0.0,3.502038936015741,0.0,1.1864669421487604,0.0,0.0,0.0,29.26266342455586,2.2988306972796426,0.0,0,0,0,0,0,0,0,0,0,0,0,0,0,0,0,0,0,0,0,0,0,0,0,0,0,1,0,0,0,0,0,0,0,0,0,0,0,0,0,0,0,0,0,0,1,0,0,0,0,0,0,0,0,0,0,0,0,0,0,0,0,0,0,0,0,0,0,0,0,0,0,0,0,0,0,0,0,0,0,0,0,0,0,18,0,0.1437293034815947
Bromododecane,CCCCCCCCCCCCBr,1,train,2.1557102724831183,1.9067710998958287,-2.000668173944611,2.1009640351591994,-1.8128358921513028,9.088867341758245,0.5630932684454657,79.91872967032735,10.069930762048928,2.7581498184332935,71.19366193720087,9.778174593052025,9.156139066061252,10.742135605175957,6.414213562373096,5.974368023098972,7.095836930845374,3.870962751844076,4.663961021401428,2.487184011549486,3.0479184654226867,1.581927985328764,1.97842712010744,0.0,0.0,0.0,0.0,0.0,0.0,69.53830587632154,0.0,0.0,22.85368109763997,0.0,248.1139629,0.6153846153846154,1.0,1.3846153846153846,1.0,0.48,13,224.03599999999997,2.1557102724831183,13.48,12.480000000000002,12.48,92.62116189183361,3.4606586678486133,0.09280780398758343,3.4606586678486133,0.0031253024055247066,1.1840277777777777,0.0031253024055247066,1.1840277777777777,-0.09280780398758343,5.302200000000005,65.63800000000005,249.23599999999996,0,0,0,0,0,0,0,0,0,0,1,0,10,0,0,0,80,0.0,0.0,0.0,0.0,0.0,0.0,0.0,0.0,0.0,0.0,80.64107570397407,6.4208216229260096,5.330089647061427,0.0,0,0.0,15.929943897949348,0.0,0.0,0.0,71.13195342895074,5.330089647061427,0.0,0.0,0.0,10.615384615384615,0.0,0.0,0.0,15.929943897949348,5.330089647061427,0.0,0.0,71.13195342895074,0.0,0.0,0.0,0.0,0.0,0.0,3.4606586678486133,0.0,1.1840277777777777,0.0,0.0,0.0,14.327263104985642,2.278050449387966,0.0,0,0,0,0,0,0,0,0,0,0,0,0,0,0,0,0,0,0,0,0,0,0,0,0,0,1,0,0,0,0,0,0,0,0,0,0,0,0,0,0,0,0,0,0,1,0,0,0,0,0,0,0,0,0,0,0,0,0,0,0,0,0,0,0,0,0,0,0,0,0,0,0,0,0,0,0,0,0,0,0,0,0,0,8,0,0.36367476732786386
Bromoeicosane,CCCCCCCCCCCCCCCCCCCCBr,1,train,2.502370089351556,1.9419732614214509,-2.031550043140322,2.13834485628344,-1.8369552965620122,9.088869767851628,0.526563708030066,79.91872979538942,10.034285388505022,2.901443984538413,149.22134949146295,15.435028842544408,14.812993315553635,16.39898985466834,10.414213562373096,9.97436802309897,11.095836930845373,6.699389876590267,7.492388146147619,4.487184011549485,5.047918465422686,2.996141547701859,3.3926406824805353,0.0,0.0,0.0,0.0,0.0,0.0,120.90487885972965,0.0,0.0,22.85368109763997,0.0,360.23916341200004,0.38095238095238093,0.6190476190476191,0.8571428571428571,1.0,0.48,21,320.1239999999999,2.502370089351556,21.48,20.48,20.48,143.5406988070065,3.4969047351633877,0.09280780398758343,3.4969047351633877,0.0031253024055247066,1.18625,0.0031253024055247066,1.18625,-0.09280780398758343,8.423000000000005,102.57400000000008,361.45199999999994,0,0,0,0,0,0,0,0,0,0,1,0,18,0,0,0,128,0.0,0.0,0.0,0.0,0.0,0.0,0.0,0.0,0.0,0.0,132.0076486873822,6.4208216229260096,5.330089647061427,0.0,0,0.0,15.929943897949348,0.0,0.0,0.0,122.49852641235884,5.330089647061427,0.0,0.0,0.0,11.142857142857142,0.0,0.0,0.0,15.929943897949348,5.330089647061427,0.0,0.0,122.49852641235884,0.0,0.0,0.0,0.0,0.0,0.0,3.4969047351633877,0.0,1.18625,0.0,0.0,0.0,26.270464323152208,2.296380941684403,0.0,0,0,0,0,0,0,0,0,0,0,0,0,0,0,0,0,0,0,0,0,0,0,0,0,0,1,0,0,0,0,0,0,0,0,0,0,0,0,0,0,0,0,0,0,1,0,0,0,0,0,0,0,0,0,0,0,0,0,0,0,0,0,0,0,0,0,0,0,0,0,0,0,0,0,0,0,0,0,0,0,0,0,0,16,0,0.1696812387455088
Bromoheptadecane,CCCCCCCCCCCCCCCCCBr,1,train,2.391145174031294,1.932772433431306,-2.024413334740224,2.128693753055021,-1.8312245038457826,9.088868857072109,0.5347470785198813,79.91872974848762,10.042306441530823,2.862306209193584,117.57178172470586,13.313708498984765,12.691672971993992,14.277669511108696,8.914213562373096,8.47436802309897,9.595836930845373,5.638729704810445,6.4317279743677975,3.737184011549486,4.297918465422687,2.465811461811948,2.862310596590624,0.0,0.0,0.0,0.0,0.0,0.0,101.64241399095161,0.0,0.0,22.85368109763997,0.0,318.19221322000004,0.4444444444444444,0.7222222222222222,1.0,1.0,0.48,18,284.09099999999995,2.391145174031294,18.48,17.48,16.48,124.44587246381667,3.4870732411366197,0.09280780398758343,3.4870732411366197,0.0031253024055247066,1.1857698961937717,0.0031253024055247066,1.1857698961937717,-0.09280780398758343,7.252700000000007,88.72300000000007,319.37099999999987,0,0,0,0,0,0,0,0,0,0,1,0,15,0,0,0,110,0.0,0.0,0.0,0.0,0.0,0.0,0.0,0.0,0.0,0.0,112.74518381860413,6.4208216229260096,5.330089647061427,0.0,0,0.0,15.929943897949348,0.0,0.0,0.0,103.2360615435808,5.330089647061427,0.0,0.0,0.0,11.0,0.0,0.0,0.0,15.929943897949348,5.330089647061427,0.0,0.0,103.2360615435808,0.0,0.0,0.0,0.0,0.0,0.0,3.4870732411366197,0.0,1.1857698961937717,0.0,0.0,0.0,21.7855683069557,2.2915885557139073,0.0,0,0,0,0,0,0,0,0,0,0,0,0,0,0,0,0,0,0,0,0,0,0,0,0,0,1,0,0,0,0,0,0,0,0,0,0,0,0,0,0,0,0,0,0,1,0,0,0,0,0,0,0,0,0,0,0,0,0,0,0,0,0,0,0,0,0,0,0,0,0,0,0,0,0,0,0,0,0,0,0,0,0,0,13,0,0.22009743148132815
Bromohexadecane,CCCCCCCCCCCCCCCCBr,1,train,2.34985075765385,1.9289525485774226,-2.0211992787582176,2.124656393747387,-1.8286839192989268,9.088868553744394,0.5384854693914541,79.91872973285456,10.045962261895665,2.846262262649495,108.69358616951132,12.606601717798217,11.984566190807444,13.570562729922148,8.414213562373096,7.974368023098972,9.095836930845374,5.285176314217171,6.078174583774524,3.487184011549486,4.047918465422687,2.2890347665153112,2.6855339012939874,0.0,0.0,0.0,0.0,0.0,0.0,95.2215923680256,0.0,0.0,22.85368109763997,0.0,304.17656315600004,0.47058823529411764,0.7647058823529411,1.0588235294117647,1.0,0.48,17,272.0799999999999,2.34985075765385,17.48,16.48,16.48,118.08093034942006,3.4830283225155765,0.09280780398758343,3.4830283225155765,0.0031253024055247066,1.185546875,0.0031253024055247066,1.185546875,-0.09280780398758343,6.862600000000007,84.10600000000007,305.34399999999994,0,0,0,0,0,0,0,0,0,0,1,0,14,0,0,0,104,0.0,0.0,0.0,0.0,0.0,0.0,0.0,0.0,0.0,0.0,106.32436219567812,6.4208216229260096,5.330089647061427,0.0,0,0.0,15.929943897949348,0.0,0.0,0.0,96.81523992065479,5.330089647061427,0.0,0.0,0.0,10.941176470588236,0.0,0.0,0.0,15.929943897949348,5.330089647061427,0.0,0.0,96.81523992065479,0.0,0.0,0.0,0.0,0.0,0.0,3.4830283225155765,0.0,1.185546875,0.0,0.0,0.0,20.29184669147127,2.2895781110131512,0.0,0,0,0,0,0,0,0,0,0,0,0,0,0,0,0,0,0,0,0,0,0,0,0,0,0,1,0,0,0,0,0,0,0,0,0,0,0,0,0,0,0,0,0,0,1,0,0,0,0,0,0,0,0,0,0,0,0,0,0,0,0,0,0,0,0,0,0,0,0,0,0,0,0,0,0,0,0,0,0,0,0,0,0,12,0,0.2426916761331168
Bromohexane,CCCCCCBr,1,train,1.690933805959686,1.8053307784790291,-1.8935132437493598,1.9936611172887069,-1.7331431933981603,9.088865520503223,0.70819934357828,79.91872957655073,10.209086095950324,2.447472887876344,23.360990398949916,5.535533905932738,4.913498378941965,6.499494918056669,3.414213562373095,2.9743680230989717,4.095836930845374,1.7496424082844344,2.5426406778417863,0.9871840115494857,1.5479184654226867,0.5212678135489435,0.9177669483276194,0.0,0.0,0.0,0.0,0.0,0.0,31.013376138765466,0.0,0.0,22.85368109763997,0.0,164.020062516,1.1428571428571428,1.8571428571428572,2.2857142857142856,1.0,0.48,7,151.96999999999997,1.690933805959686,7.4799999999999995,6.48,6.480000000000001,54.43150920545395,3.3795422335600906,0.09280780399301265,3.3795422335600906,0.00312530102346034,1.1736111111111112,0.00312530102346034,1.1736111111111112,-0.09280780399301265,2.9616000000000016,37.936,165.074,0,0,0,0,0,0,0,0,0,0,1,0,4,0,0,0,44,0.0,0.0,0.0,0.0,0.0,0.0,0.0,0.0,0.0,0.0,42.116145966418,6.4208216229260096,5.330089647061427,0.0,0,0.0,15.929943897949348,0.0,0.0,0.0,32.60702369139466,5.330089647061427,0.0,0.0,0.0,9.428571428571429,0.0,0.0,0.0,15.929943897949348,5.330089647061427,0.0,0.0,32.60702369139466,0.0,0.0,0.0,0.0,0.0,0.0,3.3795422335600906,0.0,1.1736111111111112,0.0,0.0,0.0,5.466458333333334,2.230388321995465,0.0,0,0,0,0,0,0,0,0,0,0,0,0,0,0,0,0,0,0,0,0,0,0,0,0,0,1,0,0,0,0,0,0,0,0,0,0,0,0,0,0,0,0,0,0,1,0,0,0,0,0,0,0,0,0,0,0,0,0,0,0,0,0,0,0,0,0,0,0,0,0,0,0,0,0,0,0,0,0,0,0,0,0,0,2,0,0.4433511649860914
Bromooctadecane,CCCCCCCCCCCCCCCCCCBr,1,train,2.4301518008973955,1.936165842228673,-2.027153256101659,2.132265987942066,-1.8334101109549445,9.088869160532512,0.5315842168942609,79.9187297641211,10.039208843110732,2.8766966445353965,128.62570933197804,14.020815280171313,13.39877975318054,14.984776292295244,9.414213562373096,8.97436802309897,10.095836930845373,5.992283095403719,6.7852813649610715,3.987184011549486,4.547918465422687,2.642588157108585,3.0390872918872613,0.0,0.0,0.0,0.0,0.0,0.0,108.06323561387762,0.0,0.0,22.85368109763997,0.0,332.20786328400004,0.42105263157894735,0.6842105263157895,0.9473684210526315,1.0,0.48,19,296.102,2.4301518008973955,19.48,18.48,18.48,130.81081457821327,3.4906940133400326,0.09280780398758343,3.4906940133400326,0.0031253024055247066,1.185956790123457,0.0031253024055247066,1.185956790123457,-0.09280780398758343,7.642800000000007,93.34000000000007,333.3979999999999,0,0,0,0,0,0,0,0,0,0,1,0,16,0,0,0,116,0.0,0.0,0.0,0.0,0.0,0.0,0.0,0.0,0.0,0.0,119.16600544153015,6.4208216229260096,5.330089647061427,0.0,0,0.0,15.929943897949348,0.0,0.0,0.0,109.65688316650682,5.330089647061427,0.0,0.0,0.0,11.052631578947368,0.0,0.0,0.0,15.929943897949348,5.330089647061427,0.0,0.0,109.65688316650682,0.0,0.0,0.0,0.0,0.0,0.0,3.4906940133400326,0.0,1.185956790123457,0.0,0.0,0.0,23.279980178458114,2.2933690180783954,0.0,0,0,0,0,0,0,0,0,0,0,0,0,0,0,0,0,0,0,0,0,0,0,0,0,0,1,0,0,0,0,0,0,0,0,0,0,0,0,0,0,0,0,0,0,1,0,0,0,0,0,0,0,0,0,0,0,0,0,0,0,0,0,0,0,0,0,0,0,0,0,0,0,0,0,0,0,0,0,0,0,0,0,0,14,0,0.200962617932097
Bromopentadecane,CCCCCCCCCCCCCCCBr,1,train,2.3061212190045275,1.9246031900356968,-2.0173996503587093,2.1200407122836555,-1.8257033137751775,9.08886825054923,0.5429494739438251,79.91872971722202,10.05032333294854,2.828262412638549,98.00257888348511,11.899494936611669,11.277459409620896,12.8634559487356,7.914213562373096,7.474368023098972,8.595836930845374,4.931622923623897,5.72462119318125,3.237184011549486,3.7979184654226867,2.1122580712186743,2.50875720599735,0.0,0.0,0.0,0.0,0.0,0.0,88.80077074509958,0.0,0.0,22.85368109763997,0.0,290.16091309200004,0.5,0.8125,1.125,1.0,0.48,16,260.06899999999996,2.3061212190045275,16.48,15.480000000000002,14.479999999999999,111.71598823502345,3.478480041806234,0.09280780398758343,3.478480041806234,0.0031253024055247066,1.1852777777777779,0.0031253024055247066,1.1852777777777779,-0.09280780398758343,6.472500000000006,79.48900000000006,291.3169999999999,0,0,0,0,0,0,0,0,0,0,1,0,13,0,0,0,98,0.0,0.0,0.0,0.0,0.0,0.0,0.0,0.0,0.0,0.0,99.9035405727521,6.4208216229260096,5.330089647061427,0.0,0,0.0,15.929943897949348,0.0,0.0,0.0,90.39441829772878,5.330089647061427,0.0,0.0,0.0,10.875,0.0,0.0,0.0,15.929943897949348,5.330089647061427,0.0,0.0,90.39441829772878,0.0,0.0,0.0,0.0,0.0,0.0,3.478480041806234,0.0,1.1852777777777779,0.0,0.0,0.0,18.798951726193494,2.2872904542224934,0.0,0,0,0,0,0,0,0,0,0,0,0,0,0,0,0,0,0,0,0,0,0,0,0,0,0,1,0,0,0,0,0,0,0,0,0,0,0,0,0,0,0,0,0,0,1,0,0,0,0,0,0,0,0,0,0,0,0,0,0,0,0,0,0,0,0,0,0,0,0,0,0,0,0,0,0,0,0,0,0,0,0,0,0,11,0,0.2691998606910543
Bromotetradecane,CCCCCCCCCCCCCCBr,1,train,2.2593895430561943,1.9195886830443423,-2.012858438210737,2.1146978047853078,-1.8221757007943216,9.088867947486547,0.548337442660281,79.91872970159,10.055577691561163,2.8079257388805243,89.51182269698973,11.192388155425121,10.570352628434348,12.156349167549052,7.414213562373096,6.974368023098972,8.095836930845374,4.578069533030623,5.371067802587976,2.987184011549486,3.5479184654226867,1.9354813759220375,2.3319805107007134,0.0,0.0,0.0,0.0,0.0,0.0,82.37994912217357,0.0,0.0,22.85368109763997,0.0,276.145263028,0.5333333333333333,0.8666666666666667,1.2,1.0,0.48,15,248.05799999999996,2.2593895430561943,15.480000000000002,14.479999999999999,14.48,105.35104612062683,3.4733281320840117,0.09280780398758343,3.4733281320840117,0.0031253024055247066,1.1849489795918369,0.0031253024055247066,1.1849489795918369,-0.09280780398758343,6.082400000000006,74.87200000000006,277.28999999999996,0,0,0,0,0,0,0,0,0,0,1,0,12,0,0,0,92,0.0,0.0,0.0,0.0,0.0,0.0,0.0,0.0,0.0,0.0,93.4827189498261,6.4208216229260096,5.330089647061427,0.0,0,0.0,15.929943897949348,0.0,0.0,0.0,83.97359667480276,5.330089647061427,0.0,0.0,0.0,10.8,0.0,0.0,0.0,15.929943897949348,5.330089647061427,0.0,0.0,83.97359667480276,0.0,0.0,0.0,0.0,0.0,0.0,3.4733281320840117,0.0,1.1849489795918369,0.0,0.0,0.0,17.307058302157216,2.284664586166938,0.0,0,0,0,0,0,0,0,0,0,0,0,0,0,0,0,0,0,0,0,0,0,0,0,0,0,1,0,0,0,0,0,0,0,0,0,0,0,0,0,0,0,0,0,0,1,0,0,0,0,0,0,0,0,0,0,0,0,0,0,0,0,0,0,0,0,0,0,0,0,0,0,0,0,0,0,0,0,0,0,0,0,0,0,10,0,0.2992420976923807
Bromotridecane,CCCCCCCCCCCCCBr,1,train,2.209692218593626,1.9137273145305627,-2.007376407633203,2.1084288544275047,-1.81795208809682,9.08886764455627,0.5549251708235888,79.9187296859584,10.061993427997804,2.7847655305545773,79.23635259028,10.485281374238573,9.8632458472478,11.449242386362505,6.914213562373096,6.474368023098972,7.595836930845374,4.224516142437349,5.017514411994702,2.737184011549486,3.2979184654226867,1.7587046806254008,2.155203815404077,0.0,0.0,0.0,0.0,0.0,0.0,75.95912749924756,0.0,0.0,22.85368109763997,0.0,262.129612964,0.5714285714285714,0.9285714285714286,1.2857142857142858,1.0,0.48,14,236.04699999999997,2.209692218593626,14.479999999999999,13.48,12.480000000000002,98.98610400623022,3.467443778342515,0.09280780398758343,3.467443778342515,0.0031253024055247066,1.184541420118343,0.0031253024055247066,1.184541420118343,-0.09280780398758343,5.692300000000006,70.25500000000005,263.2629999999999,0,0,0,0,0,0,0,0,0,0,1,0,11,0,0,0,86,0.0,0.0,0.0,0.0,0.0,0.0,0.0,0.0,0.0,0.0,87.06189732690008,6.4208216229260096,5.330089647061427,0.0,0,0.0,15.929943897949348,0.0,0.0,0.0,77.55277505187675,5.330089647061427,0.0,0.0,0.0,10.714285714285714,0.0,0.0,0.0,15.929943897949348,5.330089647061427,0.0,0.0,77.55277505187675,0.0,0.0,0.0,0.0,0.0,0.0,3.467443778342515,0.0,1.184541420118343,0.0,0.0,0.0,15.816394433059278,2.2816203684798633,0.0,0,0,0,0,0,0,0,0,0,0,0,0,0,0,0,0,0,0,0,0,0,0,0,0,0,1,0,0,0,0,0,0,0,0,0,0,0,0,0,0,0,0,0,0,1,0,0,0,0,0,0,0,0,0,0,0,0,0,0,0,0,0,0,0,0,0,0,0,0,0,0,0,0,0,0,0,0,0,0,0,0,0,0,9,0,0.3314741211702404
Bromoundecane,CCCCCCCCCCCBr,1,train,2.0983909613162415,1.898374301567714,-1.992350772698117,2.091930583555718,-1.8065441382201255,9.088867039091955,0.5733934723801482,79.91872965469673,10.079921456738559,2.72724281291869,61.404364101390854,9.071067811865477,8.449032284874704,10.035028823989409,5.914213562373096,5.474368023098972,6.595836930845374,3.5174093612508024,4.310407630808155,2.237184011549486,2.7979184654226867,1.4051512900321272,1.8016504248108032,0.0,0.0,0.0,0.0,0.0,0.0,63.11748425339553,0.0,0.0,22.85368109763997,0.0,234.098312836,0.6666666666666666,1.0833333333333333,1.5,1.0,0.48,12,212.02499999999998,2.0983909613162415,12.480000000000002,11.480000000000002,10.480000000000002,86.256219777437,3.4527485758039056,0.09280780398758343,3.4527485758039056,0.0031253024055247066,1.1833677685950414,0.0031253024055247066,1.1833677685950414,-0.09280780398758343,4.912100000000005,61.02100000000005,235.20899999999997,0,0,0,0,0,0,0,0,0,0,1,0,9,0,0,0,74,0.0,0.0,0.0,0.0,0.0,0.0,0.0,0.0,0.0,0.0,74.22025408104805,6.4208216229260096,5.330089647061427,0.0,0,0.0,15.929943897949348,0.0,0.0,0.0,64.71113180602472,5.330089647061427,0.0,0.0,0.0,10.5,0.0,0.0,0.0,15.929943897949348,5.330089647061427,0.0,0.0,64.71113180602472,0.0,0.0,0.0,0.0,0.0,0.0,3.4527485758039056,0.0,1.1833677685950414,0.0,0.0,0.0,12.840075891946157,2.273807763654896,0.0,0,0,0,0,0,0,0,0,0,0,0,0,0,0,0,0,0,0,0,0,0,0,0,0,0,1,0,0,0,0,0,0,0,0,0,0,0,0,0,0,0,0,0,0,1,0,0,0,0,0,0,0,0,0,0,0,0,0,0,0,0,0,0,0,0,0,0,0,0,0,0,0,0,0,0,0,0,0,0,0,0,0,0,7,0,0.39308076299849126
Butyl acrylate,C=CC(=O)OCCCC,1,train,1.8853475857946644,1.908399135764147,-1.9666114219586737,1.875283434246556,-2.0020287021314203,5.8060463460662595,-0.13732789709563925,16.531861279989503,10.358028943951801,3.0655033793880806,97.089273230246,7.112884175122364,5.722273974863542,5.722273974863542,4.308060412490447,3.1009536313038994,3.1009536313038994,1.7251748420833923,1.7251748420833923,0.908878595605525,0.908878595605525,0.3760241478105342,0.3760241478105342,0.0,4.794537184071822,0.0,5.9693052879518484,6.606881964512918,12.841643245852019,6.076020106833881,0.0,6.923737199690624,11.315798637398547,0.0,128.083729624,1.7777777777777777,2.4444444444444446,2.888888888888889,0.5714285714285714,-0.79,9,116.07499999999999,1.8853475857946644,8.210000000000003,5.348696255201112,5.074900256974754,55.514368011575584,10.346346371882087,0.4625463670064307,10.346346371882087,0.3296378757297388,0.33013888888888854,0.3296378757297388,-0.33013888888888854,-0.4625463670064307,1.5156999999999998,36.06399999999999,128.171,0,2,0,0,0,0,0,0,2,0,2,0,4,0,0,0,52,4.736862953800049,0.0,0.0,0.0,0.0,5.9693052879518484,0.0,4.794537184071822,0.0,0.0,19.923494506215132,6.4208216229260096,6.076020106833881,6.606881964512918,0,9.53140013787187,5.9693052879518484,0.0,0.0,0.0,19.765380445542643,6.606881964512918,12.654955790432378,0.0,0.0,8.555555555555555,0.0,0.0,0.0,0.0,12.576187252464766,9.53140013787187,0.0,19.765380445542643,12.654955790432378,0.0,0.0,0.0,26.3,4.6745833333333335,0.0,10.346346371882087,0.0,0.0,-0.33013888888888854,0.0,3.152443310657596,5.823432539682539,0.0,0,0,0,0,0,0,0,0,0,0,1,1,0,0,0,0,0,0,0,0,0,0,0,0,0,0,0,0,0,0,0,0,0,0,0,0,0,0,0,0,1,1,0,0,0,0,0,0,0,0,0,0,0,0,0,0,0,0,0,0,0,0,0,0,0,0,0,0,0,0,0,0,0,0,0,0,0,0,0,0,0,0,0,1,0,0.32571682036013405
Chlorotetradecane,CCCCCCCCCCCCCCCl,1,train,2.2593895430561943,1.9200453207340988,-2.0125565227793243,2.113328500001877,-1.8231025805293286,6.173411839821302,0.5479993309835746,35.49566292853622,10.055426484830928,2.8079257388805243,89.51182269698973,11.192388155425121,10.570352628434348,11.326281574452803,7.414213562373096,6.974368023098972,7.50889050692382,4.578069533030623,4.95603400603985,2.987184011549486,3.25444525346191,1.9354813759220375,2.124463612426651,0.0,0.0,0.0,0.0,0.0,5.880003444970339,77.04985947511214,0.0,0.0,6.923737199690624,11.600939890232516,232.19577860799998,0.5333333333333333,0.8666666666666667,1.2,1.0,0.29,15,203.60699999999997,2.2593895430561943,15.289999999999997,14.290000000000003,14.289999999999997,101.78676474186715,5.624482962328576,0.12671696964452742,5.624482962328576,0.022295574346744947,0.8446712018140591,0.022295574346744947,0.8446712018140591,-0.12671696964452742,5.926300000000006,71.79800000000006,232.83899999999994,0,0,0,0,0,0,0,0,0,0,1,0,12,0,0,0,92,0.0,0.0,0.0,0.0,0.0,0.0,0.0,0.0,0.0,11.600939890232516,77.55277505187675,6.4208216229260096,5.880003444970339,0.0,0,0.0,11.600939890232516,0.0,0.0,0.0,83.97359667480276,5.880003444970339,0.0,0.0,0.0,10.8,0.0,0.0,0.0,11.600939890232516,5.880003444970339,0.0,0.0,83.97359667480276,0.0,0.0,0.0,0.0,0.0,0.0,5.624482962328576,0.0,0.0,0.0,0.8446712018140591,0.0,16.863341743517587,2.2786152034508884,0.0,0,0,0,0,0,0,0,0,0,0,0,0,0,0,0,0,0,0,0,0,0,0,0,0,0,1,0,0,0,0,0,0,0,0,0,0,0,0,0,0,0,0,0,0,1,0,0,0,0,0,0,0,0,0,0,0,0,0,0,0,0,0,0,0,0,0,0,0,0,0,0,0,0,0,0,0,0,0,0,0,0,0,0,10,0,0.28919546407728686
Citral,CC(C)=CCCC(C)=CC=O,1,train,1.8687620344865719,1.8603150666997086,-1.9444288665162612,2.0451405279452723,-1.7688368786685937,5.6533034022487305,-0.10366307145379172,16.128459536008492,10.117401751742381,3.6257596603687854,171.3117986128446,8.69023444431199,7.554512660405836,7.554512660405836,5.163902460147014,3.908187543975612,3.908187543975612,2.9692516495910093,2.9692516495910093,1.443820170964484,1.443820170964484,0.7880020563840352,0.7880020563840352,0.0,4.794537184071822,0.0,0.0,0.0,24.700908299050838,5.5731045300692665,6.076020106833881,6.923737199690624,19.92349450621513,0.0,152.120115132,1.2727272727272727,1.9090909090909092,2.3636363636363638,0.5,-0.8500000000000001,11,136.10899999999998,1.8687620344865719,10.15,5.899350869955592,7.042355752945163,68.80604609307427,10.020497606449988,0.2985656613427288,10.020497606449988,0.1422808517749483,0.8450897581254724,0.1422808517749483,0.8450897581254724,-0.2985656613427288,2.878000000000001,48.48600000000003,152.237,0,1,0,0,0,0,0,0,1,0,1,0,4,0,0,0,62,0.0,6.2861605231295545,0.0,0.0,0.0,0.0,4.794537184071822,0.0,0.0,0.0,17.222229166972415,39.68887495175777,0.0,0.0,0,4.794537184071822,6.2861605231295545,0.0,0.0,0.0,33.61285484492389,0.0,23.298249273806295,0.0,0.0,11.0,0.0,0.0,0.0,0.0,6.2861605231295545,4.794537184071822,0.0,33.61285484492389,23.298249273806295,0.0,0.0,0.0,17.07,0.0,0.0,10.020497606449988,0.0,2.487410241874528,0.0,0.0,6.681798941798942,6.1436265432098764,0.0,0,0,0,0,0,0,0,0,0,0,1,1,0,0,0,0,0,0,0,0,0,0,0,1,0,0,4,0,0,0,0,0,0,0,0,0,0,0,0,0,0,0,0,0,0,0,0,0,0,0,0,0,0,0,0,0,0,0,0,0,0,0,0,0,0,0,0,0,0,0,0,0,0,0,0,0,0,0,0,0,0,0,0,0,0,0.34370646240024516
Clorohexadecane,CCCCCCCCCCCCCCCCCl,1,train,2.34985075765385,1.9292937314861989,-2.0209843800115395,2.123654349032994,-1.8293741794605567,6.173414149798017,0.5382538693916747,35.49566303003903,10.04585801508965,2.846262262649495,108.69358616951132,12.606601717798217,11.984566190807444,12.7404951368259,8.414213562373096,7.974368023098972,8.50889050692382,5.285176314217171,5.663140787226398,3.487184011549486,3.75444525346191,2.2890347665153112,2.4780170030199247,0.0,0.0,0.0,0.0,0.0,5.880003444970339,89.89150272096417,0.0,0.0,6.923737199690624,11.600939890232516,260.227078736,0.47058823529411764,0.7647058823529411,1.0588235294117647,1.0,0.29,17,227.62899999999996,2.34985075765385,17.29,16.290000000000003,16.29,114.51664897066037,5.6442097200659855,0.12671696964452742,5.6442097200659855,0.022295574346744947,0.8452690972222223,0.022295574346744947,0.8452690972222223,-0.12671696964452742,6.706500000000006,81.03200000000007,260.8929999999999,0,0,0,0,0,0,0,0,0,0,1,0,14,0,0,0,104,0.0,0.0,0.0,0.0,0.0,0.0,0.0,0.0,0.0,11.600939890232516,90.39441829772878,6.4208216229260096,5.880003444970339,0.0,0,0.0,11.600939890232516,0.0,0.0,0.0,96.81523992065479,5.880003444970339,0.0,0.0,0.0,10.941176470588236,0.0,0.0,0.0,11.600939890232516,5.880003444970339,0.0,0.0,96.81523992065479,0.0,0.0,0.0,0.0,0.0,0.0,5.6442097200659855,0.0,0.0,0.0,0.8452690972222223,0.0,19.836763909837817,2.284868383985085,0.0,0,0,0,0,0,0,0,0,0,0,0,0,0,0,0,0,0,0,0,0,0,0,0,0,0,1,0,0,0,0,0,0,0,0,0,0,0,0,0,0,0,0,0,0,1,0,0,0,0,0,0,0,0,0,0,0,0,0,0,0,0,0,0,0,0,0,0,0,0,0,0,0,0,0,0,0,0,0,0,0,0,0,0,12,0,0.2405835721731775
Diethyl sulfate,CCOS(=O)(=O)OCC,1,train,1.6423714487439025,2.0639313921641835,-1.9858080637284865,1.9260743359784538,-2.0853043769187587,7.814081047686538,0.2306122381927937,32.2520053388014,10.906163703107657,3.734562819666556,135.95057052383706,7.328427124746191,5.455455014692411,6.271951595620136,4.121320343559643,2.6582304982293876,3.991563831562721,1.221300820049005,2.5092019217677626,0.5243773949903289,1.5731321849709863,0.3226958254668016,0.9680874764004045,10.399000581649608,8.417796984328938,0.0,13.213763929025836,0.0,0.0,0.0,13.847474399381248,0.0,8.366170865299415,0.0,154.0299798,1.1111111111111112,1.4444444444444444,1.6666666666666667,1.0,-0.13000000000000003,9,144.10699999999997,1.6423714487439025,8.869999999999996,3.8128867065160144,4.37825921219822,55.10457396393576,10.386111111111111,0.3993316830661476,10.386111111111111,0.3993316830661476,0.11342592592592604,0.24848420809367655,-3.6817129629629624,-0.24848420809367655,0.30420000000000014,32.17179999999999,154.18699999999998,0,4,0,0,0,0,0,0,4,0,5,0,4,0,0,0,56,0.0,0.0,0.0,0.0,0.0,10.399000581649608,0.0,8.366170865299415,8.417796984328938,0.0,0.0,13.847474399381248,0.0,13.213763929025836,0,16.783967849628354,10.399000581649608,0.0,0.0,0.0,13.847474399381248,13.213763929025836,0.0,0.0,0.0,11.777777777777779,0.0,0.0,0.0,0.0,21.631560913354775,18.765171446949022,0.0,13.847474399381248,0.0,0.0,0.0,0.0,52.60000000000001,29.211666666666666,0.0,0.0,0.0,0.0,0.0,0.0,0.0,3.3867129629629633,-3.6817129629629624,0,0,0,0,0,0,0,0,0,0,0,0,0,0,0,0,0,0,0,0,0,0,0,0,0,0,0,0,0,0,0,0,0,0,0,0,0,0,0,0,0,0,0,0,0,0,0,0,0,0,0,0,0,0,0,0,0,0,0,0,0,0,0,0,0,0,0,0,0,0,0,0,0,0,0,0,0,0,0,0,0,0,0,0,0,0.5842085255575998
Diethylacetaldehyde,CCC(C=O)CC,1,train,1.719973094021975,1.9606455731882482,-1.97048113648211,2.0054490967128404,-1.950900873117613,5.524592427795244,-0.1107395405683628,16.129366262394115,10.070839425111334,3.1646093088392386,46.14170945007629,5.698670612749268,4.9771623912162095,4.9771623912162095,3.3460652149512318,2.7997457370296703,2.7997457370296703,1.7126589998015251,1.7126589998015251,1.2412048797105326,1.2412048797105326,0.4811252243246882,0.4811252243246882,0.0,4.794537184071822,0.0,0.0,5.917906046161393,19.127803768981572,0.0,0.0,13.847474399381248,0.0,0.0,100.088815004,1.4285714285714286,1.8571428571428572,1.8571428571428572,0.8333333333333334,-0.33,7,88.06499999999998,1.719973094021975,6.670000000000001,3.84636684303351,2.3754673721340387,44.72548369985634,9.96712962962963,0.3030895825634756,9.96712962962963,0.12254699227868308,0.30555555555555536,0.12254699227868308,0.30555555555555536,-0.3030895825634756,1.6215,30.13599999999998,100.161,0,1,0,0,0,0,0,0,1,0,1,0,3,0,0,0,42,4.794537184071822,6.2861605231295545,0.0,0.0,0.0,0.0,0.0,0.0,0.0,0.0,13.847474399381248,12.841643245852019,5.917906046161393,0.0,0,4.794537184071822,6.2861605231295545,0.0,0.0,5.917906046161393,26.689117645233267,0.0,0.0,0.0,0.0,9.571428571428571,0.0,0.0,0.0,0.0,6.2861605231295545,4.794537184071822,5.917906046161393,26.689117645233267,0.0,0.0,0.0,0.0,17.07,0.0,0.0,9.96712962962963,0.0,0.0,0.30555555555555536,0.0,3.0000000000000004,4.0606481481481485,0.0,0,0,0,0,0,0,0,0,0,0,1,1,0,0,0,0,0,0,0,0,0,0,0,1,0,0,0,0,0,0,0,0,0,0,0,0,0,0,0,0,0,0,0,0,0,0,0,0,0,0,0,0,0,0,0,0,0,0,0,0,0,0,0,0,0,0,0,0,0,0,0,0,0,0,0,0,0,0,0,0,0,0,0,0,0,0.4923993182856671
Diethylenetriamine,NCCNCCN,1,train,1.690933805959686,1.7612442183908308,-1.9541794239499122,1.4876005051766303,-2.270714123000153,4.447887476797666,0.6960169404988586,14.883243708373872,10.565434038130752,2.447472887876344,26.115877901113386,5.535533905932738,4.483127663125441,4.483127663125441,3.414213562373095,2.5236033621142733,2.5236033621142733,1.3273502691896257,1.3273502691896257,0.6422285251880866,0.6422285251880866,0.32912414523193145,0.32912414523193145,0.0,0.0,0.0,0.0,13.08951281182515,13.08951281182515,0.0,0.0,0.0,5.316788604006331,11.46733495432437,103.11094741599999,1.0,1.4285714285714286,1.7142857142857142,1.0,-0.12,7,90.065,1.690933805959686,6.880000000000001,5.88,5.88,44.06372094865284,5.165972222222222,0.32920809024231995,5.165972222222222,0.0074988605866649636,0.6944444444444444,0.0074988605866649636,0.6944444444444444,-0.32920809024231995,-1.506599999999999,30.978499999999997,103.16900000000001,5,3,0,0,0,0,0,0,3,3,3,0,4,0,0,0,44,16.784123558330702,0.0,0.0,0.0,0.0,0.0,0.0,0.0,0.0,0.0,0.0,0.0,26.1790256236503,0.0,0,0.0,0.0,0.0,5.316788604006331,11.46733495432437,0.0,26.1790256236503,0.0,0.0,0.0,9.428571428571429,16.784123558330702,0.0,0.0,0.0,26.1790256236503,0.0,0.0,0.0,0.0,0.0,0.0,0.0,64.07,0.0,0.0,0.0,3.0347222222222223,10.331944444444444,0.0,0.0,0.0,3.1333333333333337,0.0,0,0,0,0,0,0,0,0,0,0,0,0,0,0,0,0,1,2,0,0,0,0,0,0,0,0,0,0,0,0,0,0,0,0,0,0,0,0,0,0,0,0,0,0,0,0,0,0,0,0,0,0,0,0,0,0,0,0,0,0,0,0,0,0,0,0,0,0,0,0,0,0,0,0,0,0,0,0,0,0,0,0,0,2,0,0.37910128567036666
Dipropylene triamine,NCCCNCCCN,1,train,1.88523483624215,1.8287959380282244,-1.9950903338492452,1.7151168545482502,-2.2072011716469238,4.476706900469684,0.6312552466587049,14.848081767265176,10.367831021559978,2.595082706793886,41.56763141529687,6.949747468305834,5.897341225498536,5.897341225498536,4.414213562373095,3.5236033621142733,3.5236033621142733,2.034457050376173,2.034457050376173,1.1153550716504104,1.1153550716504104,0.5791241452319313,0.5791241452319313,0.0,0.0,0.0,0.0,0.0,39.02066886950232,0.0,0.0,0.0,5.316788604006331,11.46733495432437,131.14224754399999,0.8888888888888888,1.3333333333333333,1.6666666666666667,1.0,-0.12,9,114.08699999999999,1.88523483624215,8.880000000000003,7.8800000000000034,7.880000000000003,56.793605177446054,5.278555130385488,0.33042474493065593,5.278555130385488,-0.0036889417126951033,0.7734375,0.0036889417126951033,0.7734375,-0.33042474493065593,-0.7263999999999986,40.212500000000006,131.22299999999998,5,3,0,0,0,0,0,0,3,3,3,0,6,0,0,0,56,16.784123558330702,0.0,0.0,0.0,0.0,0.0,0.0,0.0,0.0,0.0,0.0,39.02066886950232,0.0,0.0,0,0.0,0.0,0.0,5.316788604006331,11.46733495432437,12.841643245852019,26.1790256236503,0.0,0.0,0.0,10.0,16.784123558330702,0.0,0.0,0.0,26.1790256236503,0.0,0.0,12.841643245852019,0.0,0.0,0.0,0.0,64.07,0.0,0.0,0.0,3.227222222222222,10.557110260770976,0.0,0.0,2.120181405895692,3.595486111111111,0.0,0,0,0,0,0,0,0,0,0,0,0,0,0,0,0,0,1,2,0,0,0,0,0,0,0,0,0,0,0,0,0,0,0,0,0,0,0,0,0,0,0,0,0,0,0,0,0,0,0,0,0,0,0,0,0,0,0,0,0,0,0,0,0,0,0,0,0,0,0,0,0,0,0,0,0,0,0,0,0,0,0,0,0,4,0,0.416527485911045
Dodecyl methanesulfonate,CCCCCCCCCCCCOS(C)(=O)=O,1,train,2.24251855528897,1.9959314211055639,-2.022595912613598,2.1005876377549986,-2.0331268369940987,7.85492940178512,0.3092186916629967,32.2398070400492,10.068309444481683,3.038016531302622,247.39018958008543,12.985281374238573,11.411167754907478,12.227664335835204,8.060660171779823,6.904030206245224,8.720526787172949,4.708079936001083,6.352030486860462,2.7953004662867094,3.390119483078767,1.7997992198686126,2.2203997802209914,10.118126859033554,8.417796984328938,0.0,0.0,6.606881964512918,19.097412429363423,51.36657298340809,0.0,0.0,11.106822632340332,0.0,264.175915756,0.7647058823529411,1.1764705882352942,1.588235294117647,1.0,-0.09000000000000002,17,236.20699999999997,2.24251855528897,16.909999999999997,11.026414007502616,15.909999999999998,107.06650388794034,10.669366003391872,0.27032038961303917,10.669366003391872,0.2638870973370737,0.34259259259259256,0.2638870973370737,-3.2343819264918134,-0.27032038961303917,3.8835000000000033,72.63980000000006,264.431,0,3,0,0,0,0,0,0,3,0,4,0,12,0,0,0,104,0.0,0.0,0.0,0.0,10.118126859033554,0.0,4.183085432649707,0.0,8.417796984328938,0.0,64.71113180602472,6.4208216229260096,0.0,12.862651148024323,0,12.600882416978646,10.118126859033554,0.0,0.0,0.0,71.13195342895074,12.862651148024323,0.0,0.0,0.0,11.882352941176471,0.0,0.0,0.0,0.0,21.28044813235326,14.30121229168326,0.0,71.13195342895074,0.0,0.0,0.0,0.0,43.370000000000005,26.012283245492743,0.0,0.0,0.0,0.0,0.0,0.0,13.561477409067752,2.5772879385979826,-3.2343819264918134,0,0,0,0,0,0,0,0,0,0,0,0,0,0,0,0,0,0,0,0,0,0,0,0,0,0,0,0,0,0,0,0,0,0,0,0,0,0,0,0,0,0,0,0,0,0,0,0,0,0,0,0,0,0,0,0,0,0,0,0,0,0,0,0,0,0,0,0,0,0,0,0,0,0,0,0,0,0,0,0,0,0,0,9,0,0.3966442462263795
Ethyl acrylate,C=CC(=O)OCC,1,train,1.679822907155627,1.860904874302375,-1.9028980120894172,1.7394950605846715,-1.968584001747201,5.805809999616542,-0.1366903057529974,16.53130599325503,10.648619974721369,3.172899533850818,76.14933958998697,5.698670612749268,4.3080604124904465,4.3080604124904465,3.308060412490447,2.1009536313038994,2.1009536313038994,0.9561724408530001,0.9561724408530001,0.4532631323962854,0.4532631323962854,0.20118446353109126,0.20118446353109126,0.0,4.794537184071822,0.0,5.9693052879518484,6.606881964512918,6.076020106833881,0.0,6.923737199690624,0.0,11.315798637398547,0.0,100.052429496,2.0,2.5714285714285716,2.7142857142857144,0.4,-0.79,7,92.053,1.679822907155627,6.210000000000001,3.401938579654511,3.0288906629955825,42.78448378278237,10.071527777777778,0.46284039207159905,10.071527777777778,0.32962778295574224,0.35879629629629606,0.32962778295574224,-0.35879629629629606,-0.46284039207159905,0.7354999999999999,26.829999999999988,100.11699999999999,0,2,0,0,0,0,0,0,2,0,2,0,2,0,0,0,40,4.736862953800049,0.0,0.0,0.0,0.0,5.9693052879518484,0.0,4.794537184071822,0.0,0.0,6.578935683598497,6.923737199690624,6.076020106833881,6.606881964512918,0,9.53140013787187,5.9693052879518484,0.0,0.0,0.0,6.923737199690624,6.606881964512918,12.654955790432378,0.0,0.0,7.571428571428571,0.0,0.0,0.0,0.0,12.576187252464766,9.53140013787187,0.0,6.923737199690624,12.654955790432378,0.0,0.0,0.0,26.3,4.434027777777778,0.0,10.071527777777778,0.0,0.0,-0.35879629629629606,0.0,1.1423611111111112,5.3775462962962965,0.0,0,0,0,0,0,0,0,0,0,0,1,1,0,0,0,0,0,0,0,0,0,0,0,0,0,0,0,0,0,0,0,0,0,0,0,0,0,0,0,0,1,1,0,0,0,0,0,0,0,0,0,0,0,0,0,0,0,0,0,0,0,0,0,0,0,0,0,0,0,0,0,0,0,0,0,0,0,0,0,0,0,0,0,0,0,0.3775448287483148
"2-(Hydroxymethyl)pentane-1,3-diol",CCC(O)C(CO)CO,1,train,1.9034911933164034,2.137236774913722,-2.1526395410092753,2.0394253551151715,-2.2555664015405275,4.63675315956471,0.030072618794971195,16.29060684439929,10.03034733564641,3.4994803314469776,61.323312532452036,7.276020881938894,5.617661668438769,5.617661668438769,4.256748817474191,3.1558394076923073,3.1558394076923073,2.1008239622503755,2.1008239622503755,1.4314456906668496,1.4314456906668496,0.6344204629104883,0.6344204629104883,6.103966387748303,0.0,0.0,19.13166997518723,6.4208216229260096,0.0,0.0,0.0,6.923737199690624,0.0,15.319582184522117,134.094294308,1.2222222222222223,1.6666666666666667,1.7777777777777777,1.0,-0.12,9,120.06299999999999,1.9034911933164034,8.880000000000003,4.730174498823148,2.791045911258995,54.94666285640061,8.997685185185185,0.39589445427328407,8.997685185185185,0.060926891907484786,0.1473148148148149,0.060926891907484786,-0.5694444444444449,-0.39589445427328407,-0.6419000000000001,33.95939999999999,134.175,3,3,0,0,0,0,0,0,3,3,3,0,4,0,0,0,56,15.319582184522117,0.0,0.0,0.0,0.0,0.0,0.0,0.0,0.0,0.0,6.923737199690624,6.4208216229260096,5.917906046161393,19.31773031677414,0,15.319582184522117,0.0,0.0,0.0,5.917906046161393,19.448525210364934,13.213763929025836,0.0,0.0,0.0,14.333333333333334,0.0,0.0,0.0,0.0,34.63731250129626,0.0,5.917906046161393,13.344558822616634,0.0,0.0,0.0,0.0,60.69,0.0,0.0,0.0,26.012777777777778,0.0,-0.36574074074074114,0.0,0.00574074074074038,1.5138888888888888,0.0,0,3,3,0,0,0,0,0,0,0,0,0,0,0,0,0,0,0,0,0,0,0,0,0,0,0,0,0,0,0,0,0,0,0,0,0,0,0,0,0,0,0,0,0,0,0,0,0,0,0,0,0,0,0,0,0,0,0,0,0,0,0,0,0,0,0,0,0,0,0,0,0,0,0,0,0,0,0,0,0,0,0,0,0,0,0.47893513562578566
Ethylene dimethacrylate,C=C(C)C(=O)OCCOC(=O)C(=C)C,1,train,2.1056915081324794,2.0469489369838962,-2.048672753818678,1.939138753980061,-2.1378757628482323,5.871719610858441,-0.14675412043953093,16.57427329844246,10.353759862568133,3.5718875165673554,237.29556359515865,11.137828201504695,8.461420286601642,8.461420286601642,6.447264862732148,4.1009536313038994,4.1009536313038994,2.8324985539690273,2.8324985539690273,1.2465696011191056,1.2465696011191056,0.5151283791960047,0.5151283791960047,11.938610575903697,9.589074368143644,0.0,13.213763929025836,11.146209060138533,0.0,0.0,13.847474399381248,0.0,22.631597274797095,0.0,198.089208928,0.9285714285714286,1.2142857142857142,1.4285714285714286,0.4,-1.58,14,184.10599999999997,2.1056915081324794,12.42,5.963085289540455,5.134102003149425,83.19465865213179,10.841575018896448,0.45872298599074546,10.841575018896448,0.3327282809061664,0.032453703703703374,0.3327282809061664,-0.4894685374149661,-0.45872298599074546,1.2249999999999999,51.54600000000003,198.21799999999996,0,4,0,0,0,0,0,0,4,0,4,0,5,0,0,0,78,9.473725907600098,13.213763929025836,0.0,0.0,0.0,11.938610575903697,0.0,9.589074368143644,0.0,0.0,13.157871367196995,13.847474399381248,11.146209060138533,0.0,0,19.06280027574374,11.938610575903697,0.0,0.0,0.0,13.847474399381248,13.213763929025836,24.304080427335528,0.0,0.0,9.0,0.0,0.0,0.0,0.0,25.152374504929533,19.06280027574374,0.0,13.847474399381248,24.304080427335528,0.0,0.0,0.0,52.6,9.376447467876037,0.0,21.683150037792895,0.0,0.6319032921810706,-0.9789370748299318,0.0,0.0,9.954102943646594,0.0,0,0,0,0,0,0,0,0,0,0,2,2,0,0,0,0,0,0,0,0,0,0,0,0,0,0,0,0,0,0,0,0,0,0,0,0,0,0,0,0,2,2,0,0,0,0,0,0,0,0,0,0,0,0,0,0,0,0,0,0,0,0,0,0,0,0,0,0,0,0,0,0,0,0,0,0,0,0,0,0,0,0,0,1,0,0.37846712598231386
2-Methyl propenoic acid,C=C(C)C(=O)O,1,train,1.3609640474436813,1.8973860277061836,-1.7933175989786097,1.8052280616978225,-1.9170147915952471,5.843567008149431,-0.1320490507720105,16.365636099300065,10.370682922889845,3.567703455043203,71.5488750216347,5.1547005383792515,3.5625686671503685,3.5625686671503685,2.6427344100918364,1.5312843335751842,1.5312843335751842,1.0854826502983936,1.0854826502983936,0.36509119664386797,0.36509119664386797,0.0,0.0,5.9693052879518484,4.794537184071822,0.0,5.5731045300692665,0.0,0.0,6.923737199690624,0.0,0.0,6.578935683598497,5.106527394840706,86.036779432,1.8333333333333333,2.0,2.0,0.25,-0.79,6,80.04199999999999,1.3609640474436813,5.21,1.5981469637969208,1.5215264797507788,36.10023019107489,9.599537037037036,0.4778969618559837,9.599537037037036,0.3301633832338257,0.17592592592592626,0.3301633832338257,-0.9351851851851849,-0.4778969618559837,0.6471,22.449799999999993,86.08999999999997,1,2,0,0,0,0,0,0,1,1,2,0,1,0,0,0,34,5.106527394840706,0.0,0.0,0.0,0.0,5.9693052879518484,0.0,4.794537184071822,0.0,0.0,6.578935683598497,6.923737199690624,5.5731045300692665,0.0,0,9.901064578912528,5.9693052879518484,0.0,0.0,0.0,6.923737199690624,0.0,12.152040213667764,0.0,0.0,7.5,0.0,0.0,0.0,0.0,11.075832682792555,4.794537184071822,0.0,6.923737199690624,12.152040213667764,0.0,0.0,0.0,37.3,0.0,0.0,9.599537037037036,7.891203703703704,0.17592592592592626,-0.9351851851851849,0.0,0.0,4.601851851851852,0.0,1,0,0,0,0,0,0,0,1,1,1,0,0,0,0,0,0,0,0,0,0,0,0,0,0,0,0,0,0,0,0,0,0,0,0,0,0,0,0,0,0,0,0,0,0,0,0,0,0,0,0,0,0,0,0,0,0,0,0,0,0,0,0,0,0,0,0,0,0,0,0,0,0,0,0,0,0,0,0,0,0,0,0,0,0,0.4754507760803202
Hydroxycitronellal,CC(CC=O)CCCC(C)(C)O,1,train,1.8443275298090185,2.1177653408119697,-2.170384822576707,2.1614691646133255,-2.1774782447580865,5.4898859320474465,-0.10809455364682227,16.28098689308158,9.955457208416982,3.3646911205899195,124.29049405545331,9.612884175122364,8.338589549089264,8.338589549089264,5.454507021897173,4.6149575893199835,4.6149575893199835,4.212203427467733,4.212203427467733,1.9840974911574223,1.9840974911574223,1.1652516740494596,1.1652516740494596,5.601050810983688,9.901064578912528,0.0,0.0,12.338727669087403,25.54862539190758,0.0,0.0,13.847474399381248,6.923737199690624,0.0,172.14632988,1.5,2.0833333333333335,2.5,0.9,-0.37,12,152.10799999999998,1.8443275298090185,11.63,5.306328434805405,7.733842159916927,74.9794859096388,10.125946672650542,0.39047199599669863,10.125946672650542,0.11975617849063463,0.4628240740740739,0.11975617849063463,-0.5546637613378684,-0.39047199599669863,2.1527000000000007,49.99380000000003,172.268,1,2,0,0,0,0,0,0,2,1,2,0,6,0,0,0,72,9.901064578912528,6.2861605231295545,0.0,0.0,0.0,0.0,0.0,0.0,0.0,0.0,19.765380445542643,26.18620206846865,6.4208216229260096,5.601050810983688,0,9.901064578912528,6.2861605231295545,0.0,0.0,5.917906046161393,52.05554890175959,0.0,0.0,0.0,0.0,14.333333333333334,0.0,0.0,0.0,0.0,16.99373872895395,4.794537184071822,5.917906046161393,46.4544980907759,0.0,0.0,0.0,0.0,37.3,0.0,0.0,10.125946672650542,9.390892227261276,-0.5546637613378684,0.4628240740740739,0.0,4.456395030234316,5.701939090450995,0.0,0,1,0,0,0,0,0,0,0,0,1,1,0,0,0,0,0,0,0,0,0,0,0,1,0,0,0,0,0,0,0,0,0,0,0,0,0,0,0,0,0,0,0,0,0,0,0,0,0,0,0,0,0,0,0,0,0,0,0,0,0,0,0,0,0,0,0,0,0,0,0,0,0,0,0,0,0,0,0,0,0,0,0,0,0,0.6232407158482187
Iododecane,CCCCCCCCCCCCI,1,train,2.1557102724831183,1.9066543750140572,-2.00075396221336,2.1016439544944214,-1.812544997597797,14.108757795704719,0.5634037102017362,126.91270400212107,10.069982426970943,2.7581498184332935,71.19366193720087,9.778174593052025,9.156139066061252,11.313637357237575,6.414213562373096,5.974368023098972,7.499949695188137,3.870962751844076,4.949711897432237,2.487184011549486,3.2499748475940686,1.581927985328764,2.1213025581228444,0.0,0.0,0.0,0.0,0.0,0.0,68.63576863155453,0.0,0.0,29.51460782675868,0.0,296.1000988,0.6153846153846154,1.0,1.3846153846153846,1.0,0.73,13,271.03599999999994,2.1557102724831183,13.73,12.73,12.73,98.01545240723588,2.4709955749925574,0.08637591717086197,2.4709955749925574,-0.00047281152711487503,1.3415277777777779,0.00047281152711487503,1.3415277777777779,-0.08637591717086197,5.342300000000005,70.73100000000005,296.236,0,0,0,0,0,0,0,0,0,0,1,0,10,0,0,0,80,0.0,0.0,0.0,0.0,0.0,0.0,0.0,0.0,0.0,0.0,87.30200243309278,10.84837402522042,0.0,0.0,0,0.0,22.590870627068057,0.0,0.0,0.0,71.13195342895074,4.42755240229441,0.0,0.0,0.0,10.615384615384615,0.0,0.0,0.0,22.590870627068057,4.42755240229441,0.0,0.0,71.13195342895074,0.0,0.0,0.0,0.0,0.0,1.3415277777777779,2.4709955749925574,0.0,0.0,0.0,0.0,0.0,14.525698387190811,2.2817782600388536,0.0,0,0,0,0,0,0,0,0,0,0,0,0,0,0,0,0,0,0,0,0,0,0,0,0,0,1,0,0,0,0,0,0,0,0,0,0,0,0,0,0,0,0,0,0,1,0,0,0,0,0,0,0,0,0,0,0,0,0,0,0,0,0,0,0,0,0,0,0,0,0,0,0,0,0,0,0,0,0,0,0,0,0,0,8,0,0.28975558605057833
Iodohexadecane,CCCCCCCCCCCCCCCCI,1,train,2.34985075765385,1.9288902861650388,-2.0212411956680394,2.12499850660435,-1.8285291935218186,14.108758294209725,0.538623359087655,126.91270403817944,10.04598556079574,2.846262262649495,108.69358616951132,12.606601717798217,11.984566190807444,14.142064481983766,8.414213562373096,7.974368023098972,9.499949695188137,5.285176314217171,6.3639254598053325,3.487184011549486,4.249974847594069,2.2890347665153112,2.828409339309392,0.0,0.0,0.0,0.0,0.0,0.0,94.31905512325858,0.0,0.0,29.51460782675868,0.0,352.162699056,0.47058823529411764,0.7647058823529411,1.0588235294117647,1.0,0.73,17,319.0799999999999,2.34985075765385,17.730000000000004,16.73,16.73,123.47522086482233,2.482710075649387,0.08637591717086197,2.482710075649387,-0.00047281152711487503,1.343046875,0.00047281152711487503,1.343046875,-0.08637591717086197,6.9027000000000065,89.19900000000007,352.34399999999994,0,0,0,0,0,0,0,0,0,0,1,0,14,0,0,0,104,0.0,0.0,0.0,0.0,0.0,0.0,0.0,0.0,0.0,0.0,112.98528892479683,10.84837402522042,0.0,0.0,0,0.0,22.590870627068057,0.0,0.0,0.0,96.81523992065479,4.42755240229441,0.0,0.0,0.0,10.941176470588236,0.0,0.0,0.0,22.590870627068057,4.42755240229441,0.0,0.0,96.81523992065479,0.0,0.0,0.0,0.0,0.0,1.343046875,2.482710075649387,0.0,0.0,0.0,0.0,0.0,20.50248500754162,2.2917580418089987,0.0,0,0,0,0,0,0,0,0,0,0,0,0,0,0,0,0,0,0,0,0,0,0,0,0,0,1,0,0,0,0,0,0,0,0,0,0,0,0,0,0,0,0,0,0,1,0,0,0,0,0,0,0,0,0,0,0,0,0,0,0,0,0,0,0,0,0,0,0,0,0,0,0,0,0,0,0,0,0,0,0,0,0,0,12,0,0.18110254465303546
Iodononane,CCCCCCCCCI,1,train,1.9671544718900458,1.874839212050268,-1.9685439606260138,2.068225056054304,-1.7881279142813167,14.108757422098497,0.6047265256619089,126.9127039750789,10.109629657307991,2.6476048489438337,44.68995593589281,7.6568542494923815,7.034818722501608,9.19231701367793,4.914213562373096,4.474368023098972,5.999949695188137,2.8103025800642554,3.8890517256524166,1.7371840115494857,2.4999748475940686,1.0515978994388537,1.5909724722329341,0.0,0.0,0.0,0.0,0.0,0.0,49.37330376277649,0.0,0.0,29.51460782675868,0.0,254.053148608,0.8,1.3,1.8,1.0,0.73,10,235.003,1.9671544718900458,10.729999999999999,9.73,8.73,78.92062606404606,2.4558559933232553,0.08637591717086197,2.4558559933232553,-0.0004728115271148836,1.338827160493827,0.0004728115271148836,1.338827160493827,-0.08637591717086197,4.172000000000003,56.88000000000004,254.155,0,0,0,0,0,0,0,0,0,0,1,0,7,0,0,0,62,0.0,0.0,0.0,0.0,0.0,0.0,0.0,0.0,0.0,0.0,68.03953756431474,10.84837402522042,0.0,0.0,0,0.0,22.590870627068057,0.0,0.0,0.0,51.8694885601727,4.42755240229441,0.0,0.0,0.0,10.2,0.0,0.0,0.0,22.590870627068057,4.42755240229441,0.0,0.0,51.8694885601727,0.0,0.0,0.0,0.0,0.0,1.338827160493827,2.4558559933232553,0.0,0.0,0.0,0.0,0.0,10.056632980599646,2.26868386558327,0.0,0,0,0,0,0,0,0,0,0,0,0,0,0,0,0,0,0,0,0,0,0,0,0,0,0,1,0,0,0,0,0,0,0,0,0,0,0,0,0,0,0,0,0,0,1,0,0,0,0,0,0,0,0,0,0,0,0,0,0,0,0,0,0,0,0,0,0,0,0,0,0,0,0,0,0,0,0,0,0,0,0,0,0,5,0,0.3630984904834742
Iodotetradecane,CCCCCCCCCCCCCCI,1,train,2.2593895430561943,1.9195052350507422,-2.0129172487476126,2.1151649398039725,-1.8219669617588485,14.108758044905276,0.5485387630123343,126.91270402014995,10.055611492981573,2.8079257388805243,89.51182269698973,11.192388155425121,10.570352628434348,12.72785091961067,7.414213562373096,6.974368023098972,8.499949695188137,4.578069533030623,5.656818678618785,2.987184011549486,3.7499748475940686,1.9354813759220375,2.474855948716118,0.0,0.0,0.0,0.0,0.0,0.0,81.47741187740655,0.0,0.0,29.51460782675868,0.0,324.131398928,0.5333333333333333,0.8666666666666667,1.2,1.0,0.73,15,295.058,2.2593895430561943,15.73,14.730000000000002,14.729999999999999,110.74533663602911,2.47765075351367,0.08637591717086197,2.47765075351367,-0.00047281152711487503,1.3424489795918366,0.00047281152711487503,1.3424489795918366,-0.08637591717086197,6.122500000000006,79.96500000000006,324.28999999999996,0,0,0,0,0,0,0,0,0,0,1,0,12,0,0,0,92,0.0,0.0,0.0,0.0,0.0,0.0,0.0,0.0,0.0,0.0,100.14364567894481,10.84837402522042,0.0,0.0,0,0.0,22.590870627068057,0.0,0.0,0.0,83.97359667480276,4.42755240229441,0.0,0.0,0.0,10.8,0.0,0.0,0.0,22.590870627068057,4.42755240229441,0.0,0.0,83.97359667480276,0.0,0.0,0.0,0.0,0.0,1.3424489795918366,2.47765075351367,0.0,0.0,0.0,0.0,0.0,17.512435680727556,2.287464586166938,0.0,0,0,0,0,0,0,0,0,0,0,0,0,0,0,0,0,0,0,0,0,0,0,0,0,0,1,0,0,0,0,0,0,0,0,0,0,0,0,0,0,0,0,0,0,1,0,0,0,0,0,0,0,0,0,0,0,0,0,0,0,0,0,0,0,0,0,0,0,0,0,0,0,0,0,0,0,0,0,0,0,0,0,0,10,0,0.23029740888520248
Isononanoyl chloride,CC(C)CCCCCC(=O)Cl,1,train,1.8532168627001584,1.9658262580624422,-2.0167338599195337,2.0932863368691508,-1.8898313787640644,6.629773004483011,-0.11131184574558561,35.49571246383898,10.049147222826877,2.9663885416410225,110.13036060964238,8.69023444431199,7.399096938595454,8.15502588461391,5.125897657686229,4.3096086011729335,4.687573074182161,3.34830201972665,3.769866611601166,1.6548043005864663,1.84378653709108,0.9933466471847155,1.1269772681409278,0.0,4.794537184071822,0.0,5.2424267684092705,6.4208216229260096,18.75954929201341,12.841643245852019,0.0,0.0,13.847474399381248,11.600939890232516,176.096792844,1.2727272727272727,1.9090909090909092,2.3636363636363638,0.8888888888888888,-0.040000000000000036,11,159.551,1.8532168627001584,10.96,6.656627417550217,9.960000000000003,74.12357626992787,10.306203231292518,0.2813469713251112,10.306203231292518,0.2211300771147593,0.1994935752078606,0.2211300771147593,-0.1994935752078606,-0.2813469713251112,3.3583000000000025,48.78300000000003,176.687,0,1,0,0,0,0,0,0,1,0,2,0,6,0,0,0,66,0.0,0.0,0.0,5.2424267684092705,0.0,0.0,4.794537184071822,0.0,0.0,0.0,33.10993926815928,23.93966755931992,6.4208216229260096,0.0,0,4.794537184071822,16.843366658641784,0.0,0.0,5.917906046161393,45.95158251401131,0.0,0.0,0.0,0.0,10.545454545454545,0.0,0.0,0.0,11.600939890232516,5.2424267684092705,4.794537184071822,5.917906046161393,45.95158251401131,0.0,0.0,0.0,0.0,17.07,0.0,5.180344737689314,10.306203231292518,-0.1994935752078606,0.0,0.7793546863189719,0.0,5.114737969261778,4.42996406175639,0.0,0,0,0,0,0,0,0,0,0,0,1,1,0,0,0,0,0,0,0,0,0,0,0,0,0,0,0,0,0,0,0,0,0,0,0,0,0,0,0,0,0,0,0,0,1,0,0,0,0,0,0,0,0,0,0,0,0,0,0,0,0,0,0,0,0,0,0,0,0,0,0,0,0,0,0,0,0,0,0,0,0,0,0,2,0,0.4482177003087934
Isopropyl myristate,CCCCCCCCCCCCCC(=O)OC(C)C,1,train,2.3476912286730385,2.0376890805780614,-2.069516835490735,2.117302309838212,-2.1024483739639552,5.6889449324488774,-0.14701297966399934,16.54156100018136,10.053436673907449,3.0834103763587524,199.43874567421344,14.347088693804373,13.379128224355926,13.379128224355926,9.163902460147016,8.359311261018451,8.359311261018451,5.824148294039298,5.824148294039298,3.35160234728316,3.35160234728316,2.2553684063009842,2.2553684063009842,0.0,4.794537184071822,0.0,12.073271675700152,6.4208216229260096,6.4208216229260096,64.20821622926012,0.0,13.847474399381248,6.923737199690624,4.736862953800049,270.255880328,0.7894736842105263,1.2105263157894737,1.631578947368421,0.9411764705882353,-0.53,19,236.18499999999995,2.3476912286730385,18.470000000000002,13.891409452809675,15.412970033646573,119.85339218772594,11.291588225614095,0.46295330826318803,11.291588225614095,0.3055337242115604,0.027970600907316623,0.3055337242115604,-0.03618134353770208,-0.46295330826318803,5.639100000000005,82.30600000000007,270.45699999999994,0,2,0,0,0,0,0,0,2,0,2,0,13,0,0,0,114,4.736862953800049,0.0,0.0,0.0,0.0,5.9693052879518484,4.794537184071822,0.0,0.0,0.0,71.13195342895074,20.268296022307258,6.4208216229260096,6.103966387748303,0,9.53140013787187,5.9693052879518484,0.0,0.0,0.0,103.9250374619323,0.0,0.0,0.0,0.0,10.947368421052632,0.0,0.0,0.0,0.0,12.073271675700152,9.53140013787187,0.0,97.821071074184,0.0,0.0,0.0,0.0,26.3,5.103102789112197,0.0,11.291588225614095,0.0,0.0,-0.03618134353770208,0.0,15.078225382668874,6.063264946142538,0.0,0,0,0,0,0,0,0,0,0,0,1,1,0,0,0,0,0,0,0,0,0,0,0,0,0,0,0,0,0,0,0,0,0,0,0,0,0,0,0,0,1,1,0,0,0,0,0,0,0,0,0,0,0,0,0,0,0,0,0,0,0,0,0,0,0,0,0,0,0,0,0,0,0,0,0,0,0,0,0,0,0,0,0,9,0,0.3196422387833502
Linalool aldehyde,C=CC(C)(O)CCC=C(C)C=O,1,train,2.0382058311080966,2.1242970731300765,-2.160378914730236,2.1291997335339143,-2.1879761112013565,5.713981751503624,-0.10442604148471776,16.281497756598387,9.998327937744529,3.840684913149334,190.01526027982132,9.612884175122366,7.708833037092342,7.708833037092342,5.515167193676995,3.995384433450934,3.995384433450934,3.165964287164723,3.165964287164723,1.7424326935854988,1.7424326935854988,0.7422349023954076,0.7422349023954076,5.601050810983688,9.901064578912528,0.0,0.0,18.414747775921285,6.2861605231295545,6.076020106833881,13.847474399381248,6.076020106833881,6.578935683598497,0.0,168.115029752,1.6666666666666667,2.25,2.6666666666666665,0.5,-0.8900000000000001,12,152.10799999999998,2.0382058311080966,11.110000000000001,4.881828586489604,4.854359854527306,73.6002798452703,10.178975025195264,0.3860915008912281,10.178975025195264,0.1449202930430064,0.5988888888888888,0.1449202930430064,-0.8197774943310656,-0.3860915008912281,1.8488,49.875800000000034,168.236,1,2,0,0,0,0,0,0,2,1,2,0,5,0,0,0,68,5.106527394840706,6.2861605231295545,0.0,0.0,0.0,0.0,4.794537184071822,0.0,0.0,6.578935683598497,12.152040213667762,32.26222217530253,0.0,5.601050810983688,0,9.901064578912528,6.2861605231295545,0.0,0.0,0.0,32.29016845621695,0.0,24.304080427335524,0.0,0.0,16.75,0.0,0.0,0.0,0.0,16.99373872895395,4.794537184071822,0.0,26.689117645233267,24.304080427335524,0.0,0.0,0.0,37.3,0.0,0.0,10.178975025195264,9.473149565381709,-0.11620134164776985,0.0,0.0,5.426538643235071,6.954204774502394,0.0,0,1,0,0,0,0,0,0,0,0,1,1,0,0,0,0,0,0,0,0,0,0,0,1,0,0,2,0,0,0,0,0,0,0,0,0,0,0,0,0,0,0,0,0,0,0,0,0,0,0,0,0,0,0,0,0,0,0,0,0,0,0,0,0,0,0,0,0,0,0,0,0,0,0,0,0,0,0,0,0,0,0,0,0,0,0.3862073227212322
Linoleic acid,CCCCCC=CCC=CCCCCCCCC(=O)O,1,train,2.4255496579484808,1.9518605401477014,-1.975754283229486,2.0754638506856495,-1.9284058637659962,5.660176444386348,-0.13665293928718314,16.36513192431608,10.09106507684615,3.1737658828976505,266.5917875070114,14.891058768174391,13.1501443369609,13.1501443369609,9.770055610029663,8.28805094328385,8.28805094328385,5.374473848543474,5.374473848543474,3.341276041487305,3.341276041487305,2.087652976290381,2.087652976290381,5.9693052879518484,4.794537184071822,0.0,0.0,6.4208216229260096,25.683286491704038,44.94575136048208,0.0,0.0,31.227817627026145,5.106527394840706,280.240230264,0.8,1.35,1.95,0.7222222222222222,-1.05,20,248.19599999999994,2.4255496579484808,18.95,16.005710306406684,16.95,124.51981676044319,10.318565412720048,0.4812303897852169,10.318565412720048,0.30283955653219446,0.32390232528264007,0.30283955653219446,-0.670664658018173,-0.4812303897852169,5.884500000000005,86.99380000000006,280.4519999999999,1,2,0,0,0,0,0,0,1,1,2,0,14,0,0,0,116,5.106527394840706,0.0,0.0,0.0,0.0,5.9693052879518484,4.794537184071822,0.0,0.0,0.0,63.33192574165621,38.524929737556064,6.4208216229260096,0.0,0,9.901064578912528,5.9693052879518484,0.0,0.0,0.0,83.97359667480276,0.0,24.304080427335524,0.0,0.0,11.65,0.0,0.0,0.0,0.0,11.075832682792555,4.794537184071822,0.0,83.97359667480276,24.304080427335524,0.0,0.0,0.0,37.3,0.0,0.0,10.318565412720048,8.502679946584802,0.0,-0.670664658018173,0.0,22.28135034621706,2.2347356191629317,0.0,1,0,0,0,0,0,0,0,1,1,1,0,0,0,0,0,0,0,0,0,0,0,0,0,0,0,4,0,0,0,0,0,0,0,0,0,0,0,0,0,0,0,0,0,0,0,0,0,0,0,0,0,0,0,0,0,0,0,0,0,0,0,0,0,0,0,0,0,0,0,0,0,0,0,0,0,0,0,0,0,0,0,0,7,0,0.3182616134760953
Methyl 2-nonynoate,CCCCCCC#CC(=O)OC,1,train,2.103248680345871,1.8804772093274127,-1.9111100321005074,2.0012074181129904,-1.9352503350399097,5.876674570844005,-0.13332534734282442,16.522337906676356,10.151720548809243,3.2689731533358644,174.01293830999776,9.234204518682008,7.852030486860464,7.852030486860464,5.8080604124904465,4.377156752707547,4.377156752707547,2.6040184908736546,2.6040184908736546,1.5311759121034936,1.5311759121034936,0.8258648629016413,0.8258648629016413,5.9693052879518484,4.794537184071822,0.0,0.0,0.0,12.841643245852019,26.372262410055562,0.0,0.0,23.50146879120196,0.0,168.115029752,1.3333333333333333,2.0833333333333335,2.6666666666666665,0.7,-0.97,12,152.10799999999998,2.103248680345871,11.03,8.129700897308076,7.1407419712070865,74.29802277880893,10.504833632527085,0.45943055170969066,10.504833632527085,0.3835614910612377,0.4393596991265645,0.3835614910612377,-0.4393596991265645,-0.45943055170969066,2.1332000000000004,48.55100000000003,168.236,0,2,0,0,0,0,0,0,2,0,2,0,4,0,0,0,68,4.736862953800049,0.0,0.0,0.0,0.0,5.9693052879518484,0.0,4.794537184071822,0.0,0.0,32.1066363873243,6.4208216229260096,12.341255941781654,7.109797541277533,0,9.53140013787187,5.9693052879518484,0.0,0.0,0.0,39.02784531432067,7.109797541277533,0.0,0.0,11.840868637711289,8.5,0.0,0.0,0.0,0.0,13.079102829229381,9.53140013787187,11.840868637711289,39.02784531432067,0.0,0.0,0.0,0.0,26.3,4.365368795666415,0.0,10.504833632527085,0.0,0.0,4.729157638363987,0.0,5.5591481638951885,2.1667930891492397,1.3413653470647517,0,0,0,0,0,0,0,0,0,0,1,1,0,0,0,0,0,0,0,0,0,0,0,0,0,0,0,0,0,0,0,0,0,0,0,0,0,0,0,0,1,1,0,0,0,0,0,0,0,0,0,0,0,0,0,1,0,0,0,0,0,0,0,0,0,0,0,0,0,0,0,0,0,0,0,0,0,0,0,0,0,0,0,3,0,0.2780503413608355
Methyl acrylate,C=CC(=O)OC,1,train,1.650022421648354,1.8142405211237034,-1.8255447547892982,1.6723864964958832,-1.9081663379590104,5.8042881162998174,-0.13432052810953038,16.522444562535213,10.66906044997326,3.234390866915873,65.94833690207419,4.99156383156272,3.6009536313038994,3.6009536313038994,2.808060412490447,1.5134200059864023,1.5134200059864023,0.7272838841927123,0.7272838841927123,0.367851130197758,0.367851130197758,0.08333333333333334,0.08333333333333334,5.9693052879518484,4.794537184071822,0.0,0.0,0.0,6.076020106833881,7.109797541277533,0.0,0.0,11.315798637398547,0.0,86.036779432,2.0,2.5,2.5,0.25,-0.79,6,80.042,1.650022421648354,5.21,2.4475296912114013,1.5215264797507788,36.41954166838576,9.840277777777779,0.4658665816196197,9.840277777777779,0.3293620268351237,0.3935185185185184,0.3293620268351237,-0.3935185185185184,-0.4658665816196197,0.34539999999999993,22.21299999999999,86.08999999999999,0,2,0,0,0,0,0,0,2,0,2,0,1,0,0,0,34,4.736862953800049,0.0,0.0,0.0,0.0,5.9693052879518484,0.0,4.794537184071822,0.0,0.0,6.578935683598497,0.0,6.076020106833881,7.109797541277533,0,9.53140013787187,5.9693052879518484,0.0,0.0,0.0,0.0,7.109797541277533,12.654955790432378,0.0,0.0,6.833333333333333,0.0,0.0,0.0,0.0,13.079102829229381,9.53140013787187,0.0,0.0,12.654955790432378,0.0,0.0,0.0,26.3,4.142361111111111,0.0,9.840277777777779,0.0,0.0,-0.3935185185185184,0.0,1.1111111111111112,3.156898148148148,1.3095370370370372,0,0,0,0,0,0,0,0,0,0,1,1,0,0,0,0,0,0,0,0,0,0,0,0,0,0,0,0,0,0,0,0,0,0,0,0,0,0,0,0,1,1,0,0,0,0,0,0,0,0,0,0,0,0,0,1,0,0,0,0,0,0,0,0,0,0,0,0,0,0,0,0,0,0,0,0,0,0,0,0,0,0,0,0,0,0.33962825058753815
Methyl hexadec-1-ene-1- sulfonate,CCCCCCCCCCCCCCC=CS(=O)(=O)OC,1,train,2.473418711974444,1.9920286019795475,-2.017419831786702,2.121860511734145,-1.9524362937945365,7.89203039396283,0.40595311807928863,32.23987070108892,10.048781331542253,3.1940627185561543,333.9443832799579,15.813708498984765,13.980081855659826,14.796578436587552,10.121320343559642,8.592638955843121,10.064043476634154,5.709013401497705,7.300110821460436,3.7195437223763688,4.709942762145361,2.3446270226621855,2.8275231576567665,10.118126859033554,8.417796984328938,0.0,0.0,0.0,18.249695336506683,77.73883539346366,6.076020106833881,0.0,11.106822632340332,0.0,318.222865948,0.7619047619047619,1.1904761904761905,1.619047619047619,0.8823529411764706,-0.35000000000000003,21,284.25100000000003,2.473418711974444,20.65,14.581574652379608,15.853562340966919,131.83666931334253,11.00878584124804,0.2889754422786349,11.00878584124804,0.2889754422786349,0.8194628684807257,0.2701858543880615,-3.4163766286823294,-0.2701858543880615,5.567500000000006,90.76380000000007,318.523,0,3,0,0,0,0,0,0,3,0,4,0,15,0,0,0,126,0.0,0.0,0.0,0.0,10.118126859033554,0.0,4.183085432649707,0.0,8.417796984328938,0.0,83.62879515871063,12.841643245852019,0.0,12.517849631932195,0,12.600882416978646,10.118126859033554,0.0,0.0,0.0,90.39441829772878,7.109797541277533,11.484072197488544,0.0,0.0,12.285714285714286,0.0,0.0,0.0,0.0,15.527594525606471,14.30121229168326,0.0,90.39441829772878,11.484072197488544,0.0,0.0,0.0,43.370000000000005,26.354064794240596,0.0,0.0,1.1582756972780492,0.0,0.0,0.0,18.38043875802366,2.2562526505866054,-2.2323652334622492,0,0,0,0,0,0,0,0,0,0,0,0,0,0,0,0,0,0,0,0,0,0,0,0,0,0,1,0,0,0,0,0,0,0,0,0,0,0,0,0,0,0,0,0,0,0,0,0,0,0,0,0,0,0,0,0,0,0,0,0,0,0,0,0,0,0,0,0,0,0,0,0,0,0,0,0,0,0,0,0,0,0,0,11,0,0.2927929811319964
Methyl methacrylate,C=C(C)C(=O)OC,1,train,1.6457113704075785,1.9500563434876967,-1.9104118557638605,1.865221624521604,-1.9839968124582665,5.862236422098162,-0.13549970793352856,16.52333817037393,10.365312316369556,3.577919926272439,94.25327665163482,5.861807319565799,4.523603362114274,4.523603362114274,3.1807392125526213,1.920049971521,1.920049971521,1.2719117096871069,1.2719117096871069,0.5338571184786371,0.5338571184786371,0.174230856264669,0.174230856264669,0.0,4.794537184071822,0.0,5.9693052879518484,5.5731045300692665,0.0,7.109797541277533,6.923737199690624,0.0,11.315798637398547,0.0,100.052429496,1.7142857142857142,2.142857142857143,2.142857142857143,0.4,-0.79,7,92.05299999999998,1.6457113704075785,6.210000000000001,2.394521355353814,1.9777543186180424,42.78448378278237,10.189814814814815,0.46567477925216716,10.189814814814815,0.3323269847170088,0.3472222222222221,0.3323269847170088,-0.3472222222222221,-0.46567477925216716,0.7355,26.829999999999988,100.11699999999998,0,2,0,0,0,0,0,0,2,0,2,0,1,0,0,0,40,4.736862953800049,0.0,0.0,0.0,0.0,5.9693052879518484,0.0,4.794537184071822,0.0,0.0,6.578935683598497,6.923737199690624,5.5731045300692665,7.109797541277533,0,9.53140013787187,5.9693052879518484,0.0,0.0,0.0,6.923737199690624,7.109797541277533,12.152040213667764,0.0,0.0,7.714285714285714,0.0,0.0,0.0,0.0,13.079102829229381,9.53140013787187,0.0,6.923737199690624,12.152040213667764,0.0,0.0,0.0,26.3,4.273148148148148,0.0,10.189814814814815,0.0,0.4328703703703707,-0.3472222222222221,0.0,0.0,4.954351851851852,1.3303703703703704,0,0,0,0,0,0,0,0,0,0,1,1,0,0,0,0,0,0,0,0,0,0,0,0,0,0,0,0,0,0,0,0,0,0,0,0,0,0,0,0,1,1,0,0,0,0,0,0,0,0,0,0,0,0,0,1,0,0,0,0,0,0,0,0,0,0,0,0,0,0,0,0,0,0,0,0,0,0,0,0,0,0,0,0,0,0.35850815039012257
Nonanoyl chloride,CCCCCCCCC(=O)Cl,1,train,1.9585031169241849,1.943674008334009,-1.9642461066019743,2.0700685589954113,-1.8543258745345779,6.629772722526683,-0.11131198122323262,35.49571246365382,10.107160624493815,2.849761282233442,101.73585546369786,8.52709773749546,7.235960231778924,7.991889177797378,5.270055610029662,4.453766553516366,4.831731026525594,2.8728868162010333,3.2944514080755494,1.7268832767581828,1.9158655132627964,1.0443141800167197,1.1779448009729319,0.0,4.794537184071822,0.0,5.2424267684092705,6.4208216229260096,12.841643245852019,25.683286491704038,0.0,0.0,6.923737199690624,11.600939890232516,176.096792844,1.0909090909090908,1.6363636363636365,2.1818181818181817,0.8888888888888888,-0.040000000000000036,11,159.551,1.9585031169241849,10.96,8.060401606425705,9.960000000000003,74.12357626992787,10.298043509070295,0.2813469713251221,10.298043509070295,0.22113007710928692,0.19398932875619357,0.22113007710928692,-0.19398932875619357,-0.2813469713251221,3.5024000000000024,48.85300000000003,176.687,0,1,0,0,0,0,0,0,1,0,2,0,7,0,0,0,66,0.0,0.0,0.0,5.2424267684092705,0.0,0.0,4.794537184071822,0.0,0.0,0.0,39.02784531432067,18.021761513158523,6.4208216229260096,0.0,0,4.794537184071822,16.843366658641784,0.0,0.0,0.0,51.8694885601727,0.0,0.0,0.0,0.0,10.0,0.0,0.0,0.0,11.600939890232516,5.2424267684092705,4.794537184071822,0.0,51.8694885601727,0.0,0.0,0.0,0.0,17.07,0.0,5.178961421502757,10.298043509070295,-0.19398932875619357,0.0,0.0,0.0,7.798047034657484,2.196715141303435,0.0,0,0,0,0,0,0,0,0,0,0,1,1,0,0,0,0,0,0,0,0,0,0,0,0,0,0,0,0,0,0,0,0,0,0,0,0,0,0,0,0,0,0,0,0,1,0,0,0,0,0,0,0,0,0,0,0,0,0,0,0,0,0,0,0,0,0,0,0,0,0,0,0,0,0,0,0,0,0,0,0,0,0,0,4,0,0.42878286642312397
Octanol,CCCCCCCCO,1,train,1.88523483624215,1.8581268415614913,-1.9529082615408908,2.0304946380544044,-1.8210083240349746,4.410191863349203,0.28209872716679835,16.249924461659177,10.12740157709989,2.595082706793886,37.832293921787276,6.949747468305834,6.396961063805792,6.396961063805792,4.414213562373095,4.023334547203385,4.023334547203385,2.491373750716347,2.491373750716347,1.5116672736016925,1.5116672736016925,0.8921334847648997,0.8921334847648997,0.0,0.0,0.0,0.0,6.606881964512918,6.4208216229260096,32.10410811463005,0.0,0.0,6.923737199690624,5.106527394840706,130.135765196,0.8888888888888888,1.4444444444444444,2.0,1.0,-0.04,9,112.08699999999997,1.88523483624215,8.960000000000003,7.960000000000003,7.9600000000000035,58.08807958080182,8.42278195074326,0.39637656934228255,8.42278195074326,0.04305240722887931,0.3671875,0.04305240722887931,0.3671875,-0.39637656934228255,2.3392000000000013,40.461800000000004,130.23100000000002,1,1,0,0,0,0,0,0,1,1,1,0,6,0,0,0,56,5.106527394840706,0.0,0.0,0.0,0.0,0.0,0.0,0.0,0.0,0.0,39.02784531432067,6.4208216229260096,6.606881964512918,0.0,0,5.106527394840706,0.0,0.0,0.0,0.0,45.448666937246685,6.606881964512918,0.0,0.0,0.0,10.0,0.0,0.0,0.0,0.0,11.713409359353623,0.0,0.0,45.448666937246685,0.0,0.0,0.0,0.0,20.23,0.0,0.0,0.0,8.42278195074326,0.0,0.0,0.0,7.495702239229025,2.5815158100277147,0.0,0,1,1,0,0,0,0,0,0,0,0,0,0,0,0,0,0,0,0,0,0,0,0,0,0,0,0,0,0,0,0,0,0,0,0,0,0,0,0,0,0,0,0,0,0,0,0,0,0,0,0,0,0,0,0,0,0,0,0,0,0,0,0,0,0,0,0,0,0,0,0,0,0,0,0,0,0,0,0,0,0,0,0,4,0,0.5470483699238978
Oleic acid,CCCCCCCCC=CCCCCCCCC(=O)O,1,train,2.4255496579484808,1.9536542527070446,-1.9875951921174866,2.092859129826815,-1.9284418485519113,5.6601702922844375,-0.13665299337315637,16.365132207724244,10.078069350914614,3.066157800884338,233.57272136052188,14.891058768174391,13.409657360954743,13.409657360954743,9.770055610029663,8.63822102902279,8.63822102902279,5.728027239136747,5.728027239136747,3.652443847844729,3.652443847844729,2.3469655523185775,2.3469655523185775,5.9693052879518484,4.794537184071822,0.0,0.0,6.4208216229260096,12.841643245852019,70.62903785218613,0.0,0.0,19.075777413358384,5.106527394840706,282.255880328,0.75,1.2,1.7,0.8333333333333334,-0.79,20,248.19599999999994,2.4255496579484808,19.210000000000004,16.264914881933006,17.21,125.20941979262746,10.324075013009868,0.4812303897852169,10.324075013009868,0.30283955653219446,0.33150677890982094,0.30283955653219446,-0.6642338559142937,-0.4812303897852169,6.1085000000000065,87.08780000000007,282.4679999999999,1,2,0,0,0,0,0,0,1,1,2,0,15,0,0,0,118,5.106527394840706,0.0,0.0,0.0,0.0,5.9693052879518484,4.794537184071822,0.0,0.0,0.0,70.44235039676647,32.10410811463005,6.4208216229260096,0.0,0,9.901064578912528,5.9693052879518484,0.0,0.0,0.0,96.81523992065479,0.0,12.152040213667762,0.0,0.0,11.25,0.0,0.0,0.0,0.0,11.075832682792555,4.794537184071822,0.0,96.81523992065479,12.152040213667762,0.0,0.0,0.0,37.3,0.0,0.0,10.324075013009868,8.508189546874622,0.0,-0.6642338559142937,0.0,21.239807373012,2.2588285896844735,0.0,1,0,0,0,0,0,0,0,1,1,1,0,0,0,0,0,0,0,0,0,0,0,0,0,0,0,2,0,0,0,0,0,0,0,0,0,0,0,0,0,0,0,0,0,0,0,0,0,0,0,0,0,0,0,0,0,0,0,0,0,0,0,0,0,0,0,0,0,0,0,0,0,0,0,0,0,0,0,0,0,0,0,0,10,0,0.2905169417988814
Palmitoyl chloride,CCCCCCCCCCCCCCCC(=O)Cl,1,train,2.3446101899431584,1.9604842476094193,-2.019973855768744,2.1256604663578726,-1.8632648256376783,6.629781848465754,-0.11131315334926603,35.49571281995136,10.045470505772066,2.9229656090325555,179.93577382145608,13.476845205801295,12.185707700084759,12.941636646103214,8.770055610029663,7.953766553516366,8.331731026525594,5.347760550353948,5.769325142228465,3.476883276758183,3.665865513262797,2.2817510470931768,2.415381668049389,0.0,4.794537184071822,0.0,5.2424267684092705,6.4208216229260096,12.841643245852019,70.62903785218613,0.0,0.0,6.923737199690624,11.600939890232516,274.206343292,0.6666666666666666,1.0,1.3333333333333333,0.9375,-0.040000000000000036,18,243.62799999999996,2.3446101899431584,17.959999999999997,15.018962264150943,15.959999999999999,118.67817107070414,10.510527959664033,0.2813469713251221,10.510527959664033,0.22113007710928692,0.18233981387027964,0.22113007710928692,-0.18233981387027964,-0.2813469713251221,6.233100000000006,81.17200000000007,274.8759999999999,0,1,0,0,0,0,0,0,1,0,2,0,14,0,0,0,108,0.0,0.0,0.0,5.2424267684092705,0.0,0.0,4.794537184071822,0.0,0.0,0.0,83.97359667480276,18.021761513158523,6.4208216229260096,0.0,0,4.794537184071822,16.843366658641784,0.0,0.0,0.0,96.81523992065479,0.0,0.0,0.0,0.0,10.777777777777779,0.0,0.0,0.0,11.600939890232516,5.2424267684092705,4.794537184071822,0.0,96.81523992065479,0.0,0.0,0.0,0.0,17.07,0.0,5.28155539907833,10.510527959664033,-0.18233981387027964,0.0,0.0,0.0,17.90111792864956,2.266916304256134,0.0,0,0,0,0,0,0,0,0,0,0,1,1,0,0,0,0,0,0,0,0,0,0,0,0,0,0,0,0,0,0,0,0,0,0,0,0,0,0,0,0,0,0,0,0,1,0,0,0,0,0,0,0,0,0,0,0,0,0,0,0,0,0,0,0,0,0,0,0,0,0,0,0,0,0,0,0,0,0,0,0,0,0,0,11,0,0.2708653767905018
Trimethylhexamine diamine,CC(CCCCN)C(C)(C)N,1,train,1.8606423312113756,2.1865161950566336,-2.2650624852115313,2.18172168357371,-2.38825997630416,4.779854322671337,0.3183883445367893,14.711593342885868,9.86097707649923,3.444892231694816,94.22608045937092,8.905777393935816,8.060477932315068,8.060477932315068,4.981380475434849,4.471197119306979,4.471197119306979,4.006871825712699,4.006871825712699,2.361377348873996,2.361377348873996,0.9668698203708563,0.9668698203708563,0.0,0.0,0.0,5.538925252383345,5.917906046161393,12.965578028838586,12.841643245852019,0.0,0.0,20.771211599071872,11.46733495432437,158.17829870399999,1.2727272727272727,1.8181818181818181,2.1818181818181817,1.0,-0.08,11,136.11299999999997,1.8606423312113756,10.92,4.728423353046612,5.218152397053497,70.33856933702783,5.929955593348451,0.3304735025047399,5.929955593348451,0.012273654403844224,0.03313633786848058,0.012273654403844224,-0.03313633786848058,-0.3304735025047399,1.4888,50.33580000000002,158.28900000000002,4,2,0,0,0,0,0,0,2,2,2,0,5,0,0,0,68,11.46733495432437,0.0,0.0,0.0,0.0,0.0,0.0,0.0,0.0,0.0,13.344558822616634,39.15178009730724,5.538925252383345,0.0,0,0.0,0.0,0.0,0.0,17.385241000485763,45.57260172023324,6.544756405912575,0.0,0.0,0.0,15.0,11.46733495432437,0.0,0.0,0.0,12.08368165829592,0.0,5.917906046161393,40.0336764678499,0.0,0.0,0.0,0.0,52.04,0.0,0.0,0.0,0.0,11.289359882842026,0.5917129629629627,0.0,3.527199074074074,7.175061413454271,0.0,0,0,0,0,0,0,0,0,0,0,0,0,0,0,0,0,0,2,0,0,0,0,0,0,0,0,0,0,0,0,0,0,0,0,0,0,0,0,0,0,0,0,0,0,0,0,0,0,0,0,0,0,0,0,0,0,0,0,0,0,0,0,0,0,0,0,0,0,0,0,0,0,0,0,0,0,0,0,0,0,0,0,0,1,0,0.5955309961855704
Undecylenic acid,C=CCCCCCCCCC(=O)O,1,train,2.0907917048139995,1.9529336611520471,-1.982165584357345,2.0788464006272713,-1.9287805948626695,5.660148786408263,-0.13665155338270427,16.36512352450356,10.083954882786173,2.909286732659263,141.0257051333355,9.941311299868556,8.296773185832375,8.296773185832375,6.270055610029663,5.09778091450291,5.09778091450291,3.342409155972621,3.342409155972621,2.0488904572514546,2.0488904572514546,1.2720076409342727,1.2720076409342727,5.9693052879518484,4.794537184071822,0.0,0.0,6.4208216229260096,19.26246486877803,25.683286491704038,0.0,6.076020106833881,6.578935683598497,5.106527394840706,184.14632988,1.0769230769230769,1.6153846153846154,2.1538461538461537,0.7272727272727273,-0.79,13,164.11899999999997,2.0907917048139995,12.21,9.29920606601249,11.21,80.65482499185119,10.162267057687783,0.481230389785217,10.162267057687783,0.3028395565321837,0.32604938271604933,0.3028395565321837,-0.6743913285521328,-0.481230389785217,3.3778000000000015,54.76880000000004,184.279,1,2,0,0,0,0,0,0,1,1,2,0,9,0,0,0,76,5.106527394840706,0.0,0.0,0.0,0.0,5.9693052879518484,4.794537184071822,0.0,0.0,6.578935683598497,31.75930659853792,19.26246486877803,6.4208216229260096,0.0,0,9.901064578912528,5.9693052879518484,0.0,0.0,0.0,51.36657298340809,0.0,12.654955790432378,0.0,0.0,9.846153846153847,0.0,0.0,0.0,0.0,11.075832682792555,4.794537184071822,0.0,51.36657298340809,12.654955790432378,0.0,0.0,0.0,37.3,0.0,0.0,10.162267057687783,8.375068197044659,0.0,-0.6743913285521328,0.0,10.141662971101102,3.662059769385256,0.0,1,0,0,0,0,0,0,0,1,1,1,0,0,0,0,0,0,0,0,0,0,0,0,0,0,0,1,0,0,0,0,0,0,0,0,0,0,0,0,0,0,0,0,0,0,0,0,0,0,0,0,0,0,0,0,0,0,0,0,0,0,0,0,0,0,0,0,0,0,0,0,0,0,0,0,0,0,0,0,0,0,0,0,6,0,0.44033516945280404
"(2E,4E)-2,4-Hexadienal",CC=CC=CC=O,1,train,1.690933805959686,1.5541885085185871,-1.6228663352173995,1.69916442494865,-1.5331514101007673,5.646413014975352,-0.10361625029317757,16.12843023778435,10.4537569502366,3.2651923139787717,90.3531421217447,5.535533905932738,4.294999636411991,4.294999636411991,3.414213562373095,2.1463858629184758,2.1463858629184758,1.0467663660109139,1.0467663660109139,0.49323973208393634,0.49323973208393634,0.22062206218372113,0.22062206218372113,0.0,4.794537184071822,0.0,0.0,0.0,6.2861605231295545,6.076020106833881,12.152040213667762,12.999757306524504,0.0,0.0,96.057514876,1.1428571428571428,1.8571428571428572,2.2857142857142856,0.16666666666666666,-0.8500000000000001,7,88.06499999999998,1.690933805959686,6.1499999999999995,5.1499999999999995,5.150000000000002,43.34627763548784,9.558985260770974,0.2985640401653287,9.558985260770974,0.14233563100705815,0.75,0.14233563100705815,0.75,-0.2985640401653287,1.3176,30.017999999999986,96.12899999999999,0,1,0,0,0,0,0,0,1,0,1,0,2,0,0,0,38,0.0,6.2861605231295545,0.0,0.0,0.0,0.0,4.794537184071822,0.0,0.0,0.0,18.228060320501644,12.999757306524504,0.0,0.0,0,4.794537184071822,6.2861605231295545,0.0,0.0,0.0,6.923737199690624,0.0,24.304080427335524,0.0,0.0,11.0,0.0,0.0,0.0,0.0,6.2861605231295545,4.794537184071822,0.0,6.923737199690624,24.304080427335524,0.0,0.0,0.0,17.07,0.0,0.0,9.558985260770974,0.0,0.0,0.0,0.0,7.543055555555556,1.8979591836734695,0.0,0,0,0,0,0,0,0,0,0,0,1,1,0,0,0,0,0,0,0,0,0,0,0,1,0,0,4,0,0,0,0,0,0,0,0,0,0,0,0,0,0,0,0,0,0,0,0,0,0,0,0,0,0,0,0,0,0,0,0,0,0,0,0,0,0,0,0,0,0,0,0,0,0,0,0,0,0,0,0,0,0,0,0,0,0,0.2876307698721535
12-Bromododecanoic acid,O=C(O)CCCCCCCCCCCBr,1,train,2.203202969883581,1.9594399923321681,-2.0037600294454654,2.1035865555338153,-1.9294448243987876,9.088868067866295,-0.13665188300557524,79.91872970340154,10.067105508030863,2.8946809694676436,148.55754552798544,11.355524862241651,9.511600952025073,11.097597491139778,7.2700556100296625,6.0485455754876085,7.170014483234011,4.014701295067429,4.807699564624781,2.5242727877438043,3.085007241617005,1.6081537104816768,2.0046528452603525,5.9693052879518484,4.794537184071822,0.0,0.0,6.4208216229260096,18.171732892913447,44.94575136048208,0.0,0.0,15.929943897949348,5.106527394840706,278.088142076,0.8,1.2,1.6,0.9166666666666666,-0.050000000000000044,15,256.034,2.203202969883581,14.949999999999998,12.021684587813617,13.950000000000001,101.5769177440734,10.231044007927022,0.481230389785217,10.231044007927022,0.3028395565321837,0.3385416666666665,0.3028395565321837,-0.6622474833401057,-0.481230389785217,4.366900000000005,67.59980000000004,279.21799999999996,1,2,0,0,0,0,0,0,1,1,3,0,11,0,0,0,90,5.106527394840706,0.0,0.0,0.0,0.0,5.9693052879518484,4.794537184071822,0.0,0.0,0.0,60.87569525843143,12.841643245852019,11.750911269987437,0.0,0,9.901064578912528,21.899249185901198,0.0,0.0,0.0,64.20821622926012,5.330089647061427,0.0,0.0,0.0,10.466666666666667,0.0,0.0,0.0,15.929943897949348,16.405922329853983,4.794537184071822,0.0,64.20821622926012,0.0,0.0,0.0,0.0,37.3,0.0,3.4243657483139356,10.231044007927022,9.559996941663712,0.0,-0.6622474833401057,0.0,11.363507452102104,0.0,0.0,1,0,0,0,0,0,0,0,1,1,1,0,0,0,0,0,0,0,0,0,0,0,0,0,0,1,0,0,0,0,0,0,0,0,0,0,0,0,0,0,0,0,0,0,1,0,0,0,0,0,0,0,0,0,0,0,0,0,0,0,0,0,0,0,0,0,0,0,0,0,0,0,0,0,0,0,0,0,0,0,0,0,0,8,0,0.45024764033544296
"2,2,6,6-Tetramethyl-heptane-3,5-dione",CC(C)(C)C(=O)CC(=O)C(C)(C)C,1,train,1.823419212146414,2.284145552770247,-2.202216384641515,2.2203123060948995,-2.2848003910074848,6.027061057434977,-0.13476256344568632,16.14989204176666,9.81647080255003,4.335551344927019,189.22522801090628,10.8618073195658,9.523603362114274,9.523603362114274,5.548547388496603,4.615355071650411,4.615355071650411,5.523129365716655,5.523129365716655,1.9941468700696596,1.9941468700696596,0.6761558259122126,0.6761558259122126,10.829980938793557,9.589074368143644,0.0,17.987311515655886,0.0,0.0,0.0,0.0,41.54242319814374,0.0,0.0,184.14632988,0.7692307692307693,1.0,1.1538461538461537,0.8181818181818182,-0.66,13,164.11899999999997,1.823419212146414,12.34,3.604586645799862,4.203935922650262,80.71171637188314,11.500833333333336,0.29862660950794717,11.500833333333336,0.14506759977882075,0.020763888888889026,0.14506759977882075,-0.401875,-0.29862660950794717,2.6069000000000004,53.54100000000004,184.27899999999997,0,2,0,0,0,0,0,0,2,0,2,0,2,0,0,0,76,0.0,11.566489892729878,0.0,0.0,0.0,0.0,9.589074368143644,0.0,0.0,0.0,41.54242319814374,0.0,10.829980938793557,6.4208216229260096,0,9.589074368143644,11.566489892729878,0.0,0.0,10.829980938793557,47.96324482106975,0.0,0.0,0.0,0.0,12.76923076923077,0.0,0.0,0.0,0.0,11.566489892729878,9.589074368143644,10.829980938793557,47.96324482106975,0.0,0.0,0.0,0.0,34.14,0.0,0.0,23.00166666666667,0.0,-0.8037499999999997,0.041527777777778496,0.0,0.06249999999999978,11.03138888888889,0.0,0,0,0,0,0,0,0,0,0,0,2,2,0,0,0,0,0,0,0,0,0,0,0,0,0,0,0,0,0,0,0,0,0,0,0,0,0,0,0,0,0,0,0,0,0,0,0,0,0,0,0,2,2,0,0,0,0,0,0,0,0,0,0,0,0,0,0,0,0,0,0,0,0,0,0,0,0,0,0,0,0,0,0,0,0,0.6180835880909381
"2,4-Heptadienal",CCC=CC=CC=O,1,train,1.8088121254443208,1.6057228333881686,-1.6978265331160438,1.7856879426066574,-1.5553233819783825,5.646514253918476,-0.10361654797325374,16.12843100800335,10.374691919813406,3.2633147156215934,100.95445336320968,6.242640687119286,5.00210641759854,5.00210641759854,3.914213562373095,2.6843906653792606,2.6843906653792606,1.3573835835369594,1.3573835835369594,0.6725746662375313,0.6725746662375313,0.324161134692403,0.324161134692403,0.0,4.794537184071822,0.0,0.0,0.0,12.706982146055564,6.076020106833881,6.076020106833881,19.075777413358384,0.0,0.0,110.07316494,1.25,2.0,2.5,0.2857142857142857,-0.8500000000000001,8,100.07599999999998,1.8088121254443208,7.1499999999999995,6.1499999999999995,5.1499999999999995,49.71121974988444,9.647314342403629,0.2985640401599342,9.647314342403629,0.14233563235175475,0.7638888888888888,0.14233563235175475,0.7638888888888888,-0.2985640401599342,1.7077,34.63499999999999,110.15599999999998,0,1,0,0,0,0,0,0,1,0,1,0,3,0,0,0,44,0.0,6.2861605231295545,0.0,0.0,0.0,0.0,4.794537184071822,0.0,0.0,0.0,25.151797520192265,12.49684172975989,0.0,0.0,0,4.794537184071822,6.2861605231295545,0.0,0.0,0.0,13.344558822616634,0.0,24.304080427335524,0.0,0.0,11.125,0.0,0.0,0.0,0.0,6.2861605231295545,4.794537184071822,0.0,13.344558822616634,24.304080427335524,0.0,0.0,0.0,17.07,0.0,0.0,9.647314342403629,0.0,0.0,0.0,0.0,8.805810657596373,2.046875,0.0,0,0,0,0,0,0,0,0,0,0,1,1,0,0,0,0,0,0,0,0,0,0,0,1,0,0,4,0,0,0,0,0,0,0,0,0,0,0,0,0,0,0,0,0,0,0,0,0,0,0,0,0,0,0,0,0,0,0,0,0,0,0,0,0,0,0,0,0,0,0,0,0,0,0,0,0,0,0,0,0,0,0,0,0,0,0.30684461924908824
2-Bromotetra-decanoic acid,CCCCCCCCCCCCC(Br)C(=O)O,1,train,2.3076056490512835,2.1074131349373233,-2.041104039889066,2.140488442605397,-2.113645969883061,9.095154227761043,-0.13587138522066988,79.91873337554756,10.05339569805372,3.0582701559255034,183.0610231879438,12.932875131431278,11.0889512212147,12.674947760329404,8.180739212552622,7.0499790394631265,7.965654568254815,4.776429758235161,5.8817478984061875,3.079083018457633,3.928583540249006,1.9344634695065446,2.2582036573941355,5.9693052879518484,4.794537184071822,0.0,4.827174070296812,0.0,12.841643245852019,57.787394606334104,0.0,0.0,22.85368109763997,5.106527394840706,306.119442204,0.9411764705882353,1.3529411764705883,1.7647058823529411,0.9285714285714286,-0.050000000000000044,17,280.056,2.3076056490512835,16.95,12.408053793475519,12.20078369905956,114.30680197286661,10.54378729968817,0.4804087369482893,10.54378729968817,0.31677696099308655,0.35042236106050795,0.31677696099308655,-0.735255417611776,-0.4804087369482893,5.145500000000005,76.81180000000006,307.27200000000005,1,2,0,0,0,0,0,0,1,1,3,0,12,0,0,0,102,5.106527394840706,4.827174070296812,0.0,0.0,0.0,5.9693052879518484,4.794537184071822,0.0,0.0,0.0,87.06189732690008,6.4208216229260096,0.0,0.0,0,9.901064578912528,21.899249185901198,0.0,0.0,0.0,82.37994912217356,0.0,0.0,0.0,0.0,12.588235294117647,0.0,0.0,0.0,15.929943897949348,15.903006753089366,4.794537184071822,0.0,77.55277505187675,0.0,0.0,0.0,0.0,37.3,0.0,3.160730815379552,10.193364938627662,8.67862479402096,0.0,-0.735255417611776,0.0,13.708227627537743,2.2443072420458576,0.0,1,0,0,0,0,0,0,0,1,1,1,0,0,0,0,0,0,0,0,0,0,0,0,0,0,1,0,0,0,0,0,0,0,0,0,0,0,0,0,0,0,0,0,0,1,0,0,0,0,0,0,0,0,0,0,0,0,0,0,0,0,0,0,0,0,0,0,0,0,0,0,0,0,0,0,0,0,0,0,0,0,0,0,8,0,0.3999443467036213
6-Diethylaminohexyl bromide hydrobromide,CCN(CC)CCCCCCBr,1,train,2.1145143497574335,1.966155308262837,-2.1672406108661275,2.026399500907538,-2.233195534640028,9.088867059386216,0.2955221870701169,79.91872965520592,10.175736870842975,3.0623990167178716,81.9077646698008,9.234204518682008,8.482032318001567,10.068028857116271,5.846065214951232,5.130158102336034,6.251627010082436,3.130078521911299,3.923076791468651,2.252399460981384,2.8131339148545855,1.3232892692373655,1.7197884040160414,0.0,0.0,0.0,0.0,0.0,5.330089647061427,45.31755570944176,0.0,0.0,34.67732802818107,0.0,235.093561804,0.9166666666666666,1.5,2.0,1.0,0.44,12,214.02099999999996,2.1145143497574335,12.44,9.527412587412588,7.108736857548046,85.65111133324375,3.447329262723608,0.3038858316689962,3.447329262723608,0.003125308948192923,1.1649502393550013,0.003125308948192923,1.1649502393550013,-0.3038858316689962,3.283500000000002,60.05000000000005,236.19699999999997,0,1,0,0,0,0,0,0,1,0,2,0,8,0,0,0,74,4.899909730850477,0.0,0.0,0.0,0.0,0.0,0.0,0.0,0.0,0.0,42.61906154318262,32.475912463589744,5.330089647061427,0.0,0,0.0,15.929943897949348,0.0,4.899909730850477,0.0,39.53076089108529,24.964358864799152,0.0,0.0,0.0,11.0,0.0,0.0,0.0,15.929943897949348,29.86426859564963,0.0,0.0,39.53076089108529,0.0,0.0,0.0,0.0,3.24,0.0,3.447329262723608,2.4941797760770976,1.1649502393550013,0.0,0.0,0.0,5.473758503401361,8.169782218442933,0.0,0,0,0,0,0,0,0,0,0,0,0,0,0,0,0,1,0,0,0,0,0,0,0,0,0,1,0,0,0,0,0,0,0,0,0,0,0,0,0,0,0,0,0,0,1,0,0,0,0,0,0,0,0,0,0,0,0,0,0,0,0,0,0,0,0,0,0,0,0,0,0,0,0,0,0,0,0,0,0,0,0,0,0,3,0,0.46145990002513704
7-Bromotetradecane,CCCCCCCC(Br)CCCCCC,1,train,2.2410760465046136,2.0250544384150677,-2.0849680417603356,2.1823704121057212,-1.9721870531907457,9.092404655088064,0.5608468231282058,79.91873333682706,10.053755713575951,3.0751368746504983,111.90632784293422,11.355524862241651,10.733489335250878,12.319485874365583,7.308060412490447,6.948928033536813,7.864603562328503,4.649505837861538,5.944466589411902,2.991821252350266,3.9074967811419548,1.906321272339034,2.553801648114215,0.0,0.0,0.0,0.0,0.0,4.827174070296812,70.62903785218613,0.0,0.0,29.777418297330595,0.0,276.145263028,0.6666666666666666,1.0666666666666667,1.5333333333333334,1.0,0.48,15,248.05799999999994,2.2410760465046136,15.480000000000002,12.549060773480663,12.411319286072784,105.35104612062683,3.7991685563114137,0.0890689785100391,3.7991685563114137,0.014537918703862592,0.7879469009826151,0.014537918703862592,0.7879469009826151,-0.0890689785100391,6.080800000000005,74.85000000000007,277.29,0,0,0,0,0,0,0,0,0,0,1,0,11,0,0,0,92,0.0,0.0,0.0,0.0,0.0,0.0,0.0,0.0,0.0,0.0,87.56481290366469,12.841643245852019,4.827174070296812,0.0,0,0.0,15.929943897949348,0.0,0.0,0.0,89.30368632186418,0.0,0.0,0.0,0.0,13.0,0.0,0.0,0.0,15.929943897949348,4.827174070296812,0.0,0.0,84.47651225156737,0.0,0.0,0.0,0.0,0.0,0.0,3.7991685563114137,0.7879469009826151,0.0,0.0,0.0,0.0,15.440296559903464,4.555921316135841,0.0,0,0,0,0,0,0,0,0,0,0,0,0,0,0,0,0,0,0,0,0,0,0,0,0,0,1,0,0,0,0,0,0,0,0,0,0,0,0,0,0,0,0,0,0,1,0,0,0,0,0,0,0,0,0,0,0,0,0,0,0,0,0,0,0,0,0,0,0,0,0,0,0,0,0,0,0,0,0,0,0,0,0,0,5,0,0.3168804212564594
Butanedione,CC(=O)C(C)=O,1,train,1.3609640474436813,1.9380585369095764,-1.7292053644556522,1.6605943346327645,-2.010290772018576,6.346873349323015,-0.13353708450477397,16.171947357788003,10.329259716415763,3.5677034550432034,71.5488750216347,5.1547005383792515,3.8164965809277263,3.8164965809277263,2.6427344100918364,1.6582482904638631,1.6582482904638631,1.1123724356957947,1.1123724356957947,0.49579081189859825,0.49579081189859825,0.0,0.0,0.0,9.589074368143644,0.0,11.566489892729878,0.0,0.0,13.847474399381248,0.0,0.0,0.0,0.0,86.036779432,1.0,1.1666666666666667,1.1666666666666667,0.5,-0.66,6,80.04199999999999,1.3609640474436813,5.34,1.6978532452412014,1.6394011976047902,36.1571215711069,9.793981481481481,0.2912343143503756,9.793981481481481,0.19451404848392276,0.3796296296296291,0.19451404848392276,-0.3796296296296291,-0.2912343143503756,0.1644000000000001,21.36199999999999,86.08999999999999,0,2,0,0,0,0,0,0,2,0,2,0,1,0,0,0,34,0.0,0.0,11.566489892729878,0.0,0.0,0.0,9.589074368143644,0.0,0.0,0.0,0.0,0.0,13.847474399381248,0.0,0,9.589074368143644,11.566489892729878,0.0,0.0,0.0,13.847474399381248,0.0,0.0,0.0,0.0,7.666666666666667,0.0,0.0,0.0,0.0,11.566489892729878,9.589074368143644,0.0,13.847474399381248,0.0,0.0,0.0,0.0,34.14,0.0,0.0,19.587962962962962,0.0,0.0,-0.7592592592592582,0.0,0.0,2.5046296296296298,0.0,0,0,0,0,0,0,0,0,0,0,2,2,0,0,0,0,0,0,0,0,0,0,0,0,0,0,0,0,0,0,0,0,0,0,0,0,0,0,0,0,0,0,0,0,0,0,0,0,0,0,0,2,2,0,0,0,0,0,0,0,0,0,0,0,0,0,0,0,0,0,0,0,0,0,0,0,0,0,0,0,0,0,0,0,0,0.42594168943823185
Diethyl maleate,CCOC(=O)C=CC(=O)OCC,1,train,2.021825570053215,1.969209188291234,-1.9504221702105196,1.839528508598902,-2.0305780335377204,5.910991628037694,-0.13952711577795712,16.53698098184721,10.480195704716817,3.7281604099567245,163.49688176536182,9.397341225498538,7.201907262607799,7.201907262607799,5.701907262607799,3.7187440150134066,3.7187440150134066,1.8374299245754706,1.8374299245754706,0.9286917917684798,0.9286917917684798,0.5168256052173168,0.5168256052173168,11.938610575903697,9.589074368143644,0.0,0.0,13.213763929025836,12.152040213667762,0.0,13.847474399381248,0.0,9.473725907600098,0.0,172.073558864,1.0,1.3333333333333333,1.5833333333333333,0.5,-1.32,12,160.08399999999997,2.021825570053215,10.68,6.393995146516292,5.463757940031418,71.15437745552283,10.634953231292517,0.4628220014249601,10.634953231292517,0.3304955947262348,0.297617787855883,0.3304955947262348,-0.5365249433106574,-0.4628220014249601,0.6688,42.40600000000002,172.17999999999995,0,4,0,0,0,0,0,0,4,0,4,0,4,0,0,0,68,9.473725907600098,0.0,0.0,0.0,0.0,11.938610575903697,0.0,9.589074368143644,0.0,0.0,0.0,13.847474399381248,12.152040213667762,13.213763929025836,0,19.06280027574374,11.938610575903697,0.0,0.0,0.0,13.847474399381248,13.213763929025836,12.152040213667762,0.0,0.0,9.833333333333334,0.0,0.0,0.0,0.0,25.152374504929533,19.06280027574374,0.0,13.847474399381248,12.152040213667762,0.0,0.0,0.0,52.60000000000001,9.073785430839003,0.0,21.269906462585034,0.0,0.0,-1.0730498866213143,0.0,2.086296296296296,3.9763950302343156,0.0,0,0,0,0,0,0,0,0,0,0,2,2,0,0,0,0,0,0,0,0,0,0,0,0,0,0,0,0,0,0,0,0,0,0,0,0,0,0,0,0,2,2,0,0,0,0,0,0,0,0,0,0,0,0,0,0,0,0,0,0,0,0,0,0,0,0,0,0,0,0,0,0,0,0,0,0,0,0,0,0,0,0,0,0,0,0.461643930727104
Dimethyl Sulfate,COS(=O)(=O)OC,1,train,1.6774212838293645,2.0080911015468583,-1.9101940742695458,1.853775697070691,-2.0199033174308902,7.813703901088716,0.28567085768748085,32.25200351092899,11.769469298363928,3.8856046430784614,112.62522105691478,5.914213562373096,4.041241452319316,4.857738033247042,3.121320343559643,1.483163247594393,2.8164965809277263,0.7415816237971967,2.2247448713915894,0.40824829046386324,1.2247448713915892,0.0680413817439772,0.20412414523193154,10.399000581649608,8.417796984328938,0.0,0.0,0.0,14.219595082555067,0.0,0.0,0.0,8.366170865299415,0.0,125.99867967200001,1.1428571428571428,1.4285714285714286,1.4285714285714286,1.0,-0.13000000000000003,7,120.08499999999998,1.6774212838293645,6.869999999999999,2.24774250890826,2.5514310051107323,42.37468973514255,9.92361111111111,0.3988164840267319,9.92361111111111,0.3988164840267319,1.0266203703703705,0.25155018911828,-3.657407407407407,-0.25155018911828,-0.476,22.937799999999992,126.13299999999998,0,4,0,0,0,0,0,0,4,0,5,0,2,0,0,0,44,0.0,0.0,0.0,0.0,0.0,10.399000581649608,8.366170865299415,0.0,8.417796984328938,0.0,0.0,0.0,0.0,14.219595082555067,0,16.783967849628354,10.399000581649608,0.0,0.0,0.0,0.0,14.219595082555067,0.0,0.0,0.0,11.714285714285714,0.0,0.0,0.0,0.0,22.637392066884004,18.765171446949022,0.0,0.0,0.0,0.0,0.0,0.0,52.60000000000001,27.520833333333336,0.0,0.0,0.0,0.0,0.0,0.0,0.0,0.0,-1.6041666666666659,0,0,0,0,0,0,0,0,0,0,0,0,0,0,0,0,0,0,0,0,0,0,0,0,0,0,0,0,0,0,0,0,0,0,0,0,0,0,0,0,0,0,0,0,0,0,0,0,0,0,0,0,0,0,0,0,0,0,0,0,0,0,0,0,0,0,0,0,0,0,0,0,0,0,0,0,0,0,0,0,0,0,0,0,0,0.501308312445765
Dimethyl sulfoxide,CS(C)=O,1,train,0.8112781244591328,1.5716343363286291,-1.5986639964786296,1.4708186703193267,-1.7011978973115969,7.829987043024962,0.6900118228151247,32.19696040763108,11.912196087574852,2.8030394876740514,29.019550008653873,3.5773502691896257,2.8164965809277263,3.632993161855452,1.7320508075688772,0.9831632475943929,2.949489742783178,0.7415816237971965,2.224744871391589,0.0,0.0,0.0,0.0,10.799569042904308,4.208898492164469,0.0,0.0,0.0,0.0,0.0,12.511538367022808,0.0,0.0,0.0,78.013935812,1.5,1.5,1.5,1.0,0.14999999999999997,4,72.088,0.8112781244591328,4.150000000000002,1.4674603174603182,126.37222222222238,28.478447345802074,9.555555555555555,0.2601579626577377,9.555555555555555,0.014804214088221839,0.6111111111111114,0.014804214088221839,-0.6111111111111114,-0.2601579626577377,-0.005299999999999971,19.990399999999998,78.136,0,1,0,0,0,0,0,0,1,0,2,0,0,0,0,0,26,0.0,0.0,0.0,0.0,0.0,0.0,4.208898492164469,0.0,0.0,0.0,0.0,0.0,23.311107409927118,0.0,0,4.208898492164469,10.799569042904308,0.0,0.0,0.0,0.0,12.511538367022808,0.0,0.0,0.0,8.75,0.0,0.0,0.0,0.0,16.720436859187277,10.799569042904308,0.0,0.0,0.0,0.0,0.0,0.0,17.07,9.555555555555555,0.0,0.0,0.0,0.0,0.0,0.0,3.2777777777777777,0.0,-0.6111111111111114,0,0,0,0,0,0,0,0,0,0,0,0,0,0,0,0,0,0,0,0,0,0,0,0,0,0,0,0,0,0,0,0,0,0,0,0,0,0,0,0,0,0,0,0,0,0,0,0,0,0,0,0,0,0,0,0,0,0,0,0,0,0,0,0,0,0,0,0,0,0,0,0,0,0,0,0,0,0,0,0,0,0,0,0,0,0.3981850774633207
1-(Prop-2-enoyloxy)-2-[(prop-2-enoyloxy)methyl]pentan-3-yl prop-2-enoate,C=CC(=O)OCC(COC(=O)C=C)C(CC)OC(=O)C=C,1,train,2.5131794567701644,2.2557611176465837,-2.2450225864860585,2.144524954110492,-2.335880343312392,5.818007315530738,-0.15367373374374982,16.563108937141806,10.018830219800847,4.778496255967719,388.38690501115457,16.25071237662706,12.078881775850595,12.078881775850595,9.976294170287032,6.393752662064229,6.393752662064229,4.016118451408091,4.016118451408091,2.5750177830356304,2.5750177830356304,1.4691553730338576,1.4691553730338576,29.929788297765242,14.383611552215466,0.0,13.213763929025836,6.4208216229260096,18.228060320501644,0.0,6.923737199690624,0.0,19.73680705079549,14.210588861400147,296.12598836,0.9047619047619048,1.3333333333333333,1.6666666666666667,0.4,-2.37,21,276.159,2.5131794567701644,18.63,10.421344960392803,7.713346212925356,123.60483352148123,11.286036155202822,0.4619599980725063,11.286036155202822,0.32992887727285725,0.07122448979591778,0.32992887727285725,-0.6111597169732093,-0.4619599980725063,1.5687999999999998,76.17000000000003,296.319,0,6,0,0,0,0,0,0,6,0,6,0,10,0,0,0,116,14.210588861400147,19.31773031677414,0.0,0.0,0.0,17.907915863855546,0.0,14.383611552215466,0.0,0.0,26.660544250486115,6.4208216229260096,18.228060320501644,5.917906046161393,0,28.59420041361561,17.907915863855546,0.0,0.0,5.917906046161393,19.448525210364934,13.213763929025836,37.96486737129713,0.0,0.0,11.142857142857142,0.0,0.0,0.0,0.0,37.22564618062968,28.59420041361561,5.917906046161393,13.344558822616634,37.96486737129713,0.0,0.0,0.0,78.9,15.003643707482993,0.0,33.50949640967498,0.0,0.0,-2.3161671705719327,0.0,2.9495271164021157,11.52016660367851,0.0,0,0,0,0,0,0,0,0,0,0,3,3,0,0,0,0,0,0,0,0,0,0,0,0,0,0,0,0,0,0,0,0,0,0,0,0,0,0,0,0,3,3,0,0,0,0,0,0,0,0,0,0,0,0,0,0,0,0,0,0,0,0,0,0,0,0,0,0,0,0,0,0,0,0,0,0,0,0,0,0,0,0,0,0,0,0.34574264923647596
Ethylenediamine,NCCN,1,train,1.3709505944546687,1.5407415145862007,-1.7157088406764842,1.240213938267784,-2.11495439716939,4.255808478894097,0.9762153474173167,14.627759026344066,10.708359102736674,1.9747448713915894,6.0,3.414213562373095,2.5689141007523464,2.5689141007523464,1.914213562373095,1.316496580927726,1.316496580927726,0.5773502691896257,0.5773502691896257,0.16666666666666669,0.16666666666666669,0.0,0.0,0.0,0.0,0.0,0.0,13.08951281182515,0.0,0.0,0.0,0.0,0.0,11.46733495432437,60.06874825599999,1.0,1.25,1.25,1.0,-0.08,4,52.035999999999994,1.3709505944546687,3.9200000000000004,2.92,1.9199999999999995,25.783974536251588,4.902777777777778,0.3292161911466984,4.902777777777778,0.004613277480336551,0.5972222222222222,0.004613277480336551,0.5972222222222222,-0.3292161911466984,-1.0962,18.108800000000006,60.09999999999999,4,2,0,0,0,0,0,0,2,2,2,0,1,0,0,0,26,11.46733495432437,0.0,0.0,0.0,0.0,0.0,0.0,0.0,0.0,0.0,0.0,0.0,13.08951281182515,0.0,0,0.0,0.0,0.0,0.0,11.46733495432437,0.0,13.08951281182515,0.0,0.0,0.0,7.5,11.46733495432437,0.0,0.0,0.0,13.08951281182515,0.0,0.0,0.0,0.0,0.0,0.0,0.0,52.04,0.0,0.0,0.0,0.0,9.805555555555555,0.0,0.0,0.0,1.1944444444444444,0.0,0,0,0,0,0,0,0,0,0,0,0,0,0,0,0,0,0,2,0,0,0,0,0,0,0,0,0,0,0,0,0,0,0,0,0,0,0,0,0,0,0,0,0,0,0,0,0,0,0,0,0,0,0,0,0,0,0,0,0,0,0,0,0,0,0,0,0,0,0,0,0,0,0,0,0,0,0,0,0,0,0,0,0,0,0,0.4034955207762654
Farnesal,CC(C)=CCCC(C)=CCCC(C)=CC=O,1,train,2.1704743256431427,1.90727197257725,-1.9977360872746939,2.1030879621906853,-1.8050092808993616,5.653346778985622,-0.1036639532714287,16.12846300572095,10.066202760402506,3.828985828852253,288.5568123098585,12.38890505706126,11.046076491968558,11.046076491968558,7.5577493102643665,5.958664359627561,5.958664359627561,4.558403599837773,4.558403599837773,2.4752945853860417,2.4752945853860417,1.4363034531928158,1.4363034531928158,0.0,4.794537184071822,0.0,0.0,0.0,37.54255154490286,11.146209060138533,6.076020106833881,6.923737199690624,32.923251812739636,0.0,220.182715388,0.875,1.4375,2.0,0.5333333333333333,-1.11,16,196.16399999999996,2.1704743256431427,14.889999999999999,9.140296543931473,9.445221241048015,99.94115363287305,10.21920139467592,0.2985656613427288,10.21920139467592,0.14228085177495808,0.8618299185682843,0.14228085177495808,0.8618299185682843,-0.2985656613427288,4.604500000000004,71.47700000000005,220.35599999999997,0,1,0,0,0,0,0,0,1,0,1,0,7,0,0,0,90,0.0,6.2861605231295545,0.0,0.0,0.0,0.0,4.794537184071822,0.0,0.0,0.0,28.87135380387556,59.454255397300415,0.0,0.0,0,4.794537184071822,6.2861605231295545,0.0,0.0,0.0,53.378235290466534,0.0,34.947373910709445,0.0,0.0,12.5,0.0,0.0,0.0,0.0,6.2861605231295545,4.794537184071822,0.0,53.378235290466534,34.947373910709445,0.0,0.0,0.0,17.07,0.0,0.0,10.21920139467592,0.0,3.9836224938781757,0.0,0.0,11.355098102755031,8.442078008690874,0.0,0,0,0,0,0,0,0,0,0,0,1,1,0,0,0,0,0,0,0,0,0,0,0,1,0,0,6,0,0,0,0,0,0,0,0,0,0,0,0,0,0,0,0,0,0,0,0,0,0,0,0,0,0,0,0,0,0,0,0,0,0,0,0,0,0,0,0,0,0,0,0,0,0,0,0,0,0,0,0,0,0,0,0,0,0,0.34783573944598734
Geraniol,CC(C)=CCCC(C)=CCO,1,train,1.8687620344865719,1.861661702129227,-1.960350348543239,2.0496974501294343,-1.7998494249093873,5.0133616402241055,0.34122473851093266,16.2494930372627,10.11564719431432,3.54438743137085,150.25571236699292,8.69023444431199,7.723234477438853,7.723234477438853,5.163902460147014,4.0636280067274635,4.0636280067274635,3.0532005505033757,3.0532005505033757,1.5310097978029482,1.5310097978029482,0.8464137068445395,0.8464137068445395,0.0,0.0,0.0,6.606881964512918,0.0,12.841643245852019,11.146209060138533,0.0,6.076020106833881,26.847231705905752,5.106527394840706,154.135765196,1.1818181818181819,1.8181818181818181,2.272727272727273,0.6,-0.56,11,136.10899999999998,1.8687620344865719,10.44,6.1695841223704875,7.335554906673255,69.43875774522651,8.5533841962711,0.3922973699172159,8.5533841962711,0.06144351054774105,0.16731623204837498,0.06144351054774105,0.16731623204837498,-0.3922973699172159,2.6714000000000016,49.50780000000003,154.253,1,1,0,0,0,0,0,0,1,1,1,0,4,0,0,0,64,5.106527394840706,0.0,0.0,0.0,0.0,0.0,0.0,0.0,0.0,0.0,23.298249273806295,33.61285484492389,0.0,6.606881964512918,0,5.106527394840706,0.0,0.0,0.0,0.0,33.61285484492389,6.606881964512918,23.298249273806295,0.0,0.0,11.454545454545455,0.0,0.0,0.0,0.0,11.713409359353623,0.0,0.0,33.61285484492389,23.298249273806295,0.0,0.0,0.0,20.23,0.0,0.0,0.0,8.5533841962711,2.6312948790627364,0.0,0.0,6.2261451247165525,6.422509133282942,0.0,0,1,1,0,0,0,0,0,0,0,0,0,0,0,0,0,0,0,0,0,0,0,0,0,0,0,3,0,0,0,0,0,0,0,0,0,0,0,0,0,0,0,0,0,0,0,0,0,0,0,0,0,0,0,0,0,0,0,0,0,0,0,0,0,0,0,0,0,0,0,0,0,0,0,0,0,0,0,0,0,0,0,0,0,0,0.6171312932317708
Glutaraldehyde,O=CCCCC=O,1,train,1.690933805959686,1.7951700946294558,-1.782243240907811,1.851915142642845,-1.759368829430451,5.524471198632262,-0.10840320070642356,16.13074052463981,10.2646346159008,2.679549206552144,51.10049400592804,5.535533905932738,4.09251746286662,4.09251746286662,3.414213562373095,2.287901101718758,2.287901101718758,1.264236993116233,1.264236993116233,0.6439505508593788,0.6439505508593788,0.2845177968644246,0.2845177968644246,0.0,9.589074368143644,0.0,0.0,19.26246486877803,12.572321046259109,0.0,0.0,0.0,0.0,0.0,100.052429496,1.0,1.4285714285714286,1.7142857142857142,0.6,-0.66,7,92.05299999999998,1.690933805959686,6.339999999999999,5.34,5.34,42.52206368550351,9.56375,0.3034026882821907,9.56375,0.11950354805501646,0.5126388888888889,0.11950354805501646,0.5126388888888889,-0.3034026882821907,0.5545,25.97899999999999,100.11699999999999,0,2,0,0,0,0,0,0,2,0,2,0,4,0,0,0,40,9.589074368143644,12.572321046259109,0.0,0.0,0.0,0.0,0.0,0.0,0.0,0.0,0.0,6.4208216229260096,12.841643245852019,0.0,0,9.589074368143644,12.572321046259109,0.0,0.0,0.0,19.26246486877803,0.0,0.0,0.0,0.0,8.0,0.0,0.0,0.0,0.0,12.572321046259109,9.589074368143644,0.0,19.26246486877803,0.0,0.0,0.0,0.0,34.14,0.0,0.0,19.1275,0.0,0.0,0.0,0.0,3.3725000000000005,0.0,0.0,0,0,0,0,0,0,0,0,0,0,2,2,0,0,0,0,0,0,0,0,0,0,0,2,0,0,0,0,0,0,0,0,0,0,0,0,0,0,0,0,0,0,0,0,0,0,0,0,0,0,0,0,0,0,0,0,0,0,0,0,0,0,0,0,0,0,0,0,0,0,0,0,0,0,0,0,0,0,0,0,0,0,0,2,0,0.38171019543846896
Glyceryl thioglycolate,O=C(CS)OCC(O)CO,1,train,1.988615511683862,2.0425063482412282,-2.057176742421646,1.8586298164847788,-2.2176898746625784,7.805583916628287,-0.1435159427976507,32.11686673629878,10.407053359478626,3.258184700816434,105.82107314610522,7.983127663125442,5.356807980176869,6.251235171176786,4.701907262607799,2.757627818360513,3.3900833503941885,1.6775242770006173,1.9937520430174551,0.7765562483358628,1.034755138083024,0.28748779482297987,0.37877488774050755,18.68015364021307,4.794537184071822,0.0,12.359735571259707,0.0,0.0,0.0,0.0,0.0,17.36565210181304,10.213054789681411,166.0299798,1.7,2.3,2.7,0.8,-0.26000000000000006,10,156.11799999999997,1.988615511683862,9.739999999999998,5.519191209643755,4.602967287884421,64.21762098276037,10.340824829931972,0.4622239092990516,10.340824829931972,0.3152177769923692,0.015725623582766746,0.3152177769923692,-0.9825617283950618,-0.4622239092990516,-1.1874,37.9046,166.19799999999998,2,4,0,0,0,0,0,0,5,3,5,0,4,0,0,0,60,14.94991774348146,12.71084835226122,0.0,0.0,0.0,5.9693052879518484,4.794537184071822,0.0,12.628789148012991,0.0,0.0,0.0,0.0,12.359735571259707,0,19.74445492755328,18.59809443596484,0.0,0.0,0.0,6.103966387748303,18.966617535772624,0.0,0.0,0.0,12.7,0.0,0.0,0.0,12.628789148012991,41.252944001154184,9.53140013787187,0.0,0.0,0.0,0.0,0.0,0.0,66.76,4.4185185185185185,3.628558358528597,10.340824829931972,16.91013180272109,0.0,-0.5195836482741241,0.0,-0.9825617283950618,-0.5736659108087678,0.0,0,2,2,0,0,0,0,0,0,0,1,1,0,0,0,0,0,0,0,0,0,0,1,0,0,0,0,0,0,0,0,0,0,0,0,0,0,0,0,0,1,1,0,0,0,0,0,0,0,0,0,0,0,0,0,0,0,0,0,0,0,0,0,0,0,0,0,0,0,0,0,0,0,0,0,0,0,0,0,0,0,0,0,0,0,0.3628315184546846
Glyoxal,O=CC=O,1,train,1.3709505944546687,1.4667621826757573,-1.3097920944257262,1.1169625170727835,-1.6186261927389178,6.089356415969212,-0.12175946554842457,16.15926705238749,10.912950456495645,2.7320508075688776,25.019550008653873,3.414213562373095,1.9711971193069777,1.9711971193069777,1.914213562373095,0.8047378541243652,0.8047378541243652,0.2721655269759088,0.2721655269759088,0.05555555555555559,0.05555555555555559,0.0,0.0,0.0,0.0,0.0,12.572321046259109,0.0,0.0,0.0,0.0,0.0,0.0,9.589074368143644,58.005479304000005,1.0,1.25,1.25,0.0,-0.66,4,56.02,1.3709505944546687,3.34,2.34,1.3399999999999992,23.42723734231369,8.805555555555555,0.2949344657383375,8.805555555555555,0.1819798983373328,0.19444444444444442,0.1819798983373328,0.19444444444444442,-0.2949344657383375,-0.6158000000000001,12.128,58.036,0,2,0,0,0,0,0,0,2,0,2,0,1,0,0,0,22,0.0,0.0,12.572321046259109,0.0,0.0,0.0,9.589074368143644,0.0,0.0,0.0,0.0,0.0,0.0,0.0,0,9.589074368143644,12.572321046259109,0.0,0.0,0.0,0.0,0.0,0.0,0.0,0.0,5.0,0.0,0.0,0.0,0.0,12.572321046259109,9.589074368143644,0.0,0.0,0.0,0.0,0.0,0.0,34.14,0.0,0.0,17.61111111111111,0.0,0.0,0.0,0.0,0.38888888888888884,0.0,0.0,0,0,0,0,0,0,0,0,0,0,2,2,0,0,0,0,0,0,0,0,0,0,0,2,0,0,0,0,0,0,0,0,0,0,0,0,0,0,0,0,0,0,0,0,0,0,0,0,0,0,0,0,0,0,0,0,0,0,0,0,0,0,0,0,0,0,0,0,0,0,0,0,0,0,0,0,0,0,0,0,0,0,0,0,0,0.2973400778709586
Hydroxyethyl-ethylenediamine,NCCNCCO,1,train,1.690933805959686,1.7691585597492054,-1.9490485402468773,1.5142812596819426,-2.2444669722094233,4.424106518964342,0.29288376542739736,16.2509880441962,10.583214409824224,2.447472887876344,28.870765403276856,5.535533905932738,4.3529909894357735,4.3529909894357735,3.414213562373095,2.431582837667248,2.431582837667248,1.2622819323447918,1.2622819323447918,0.6096943567656696,0.6096943567656696,0.30611901412017517,0.30611901412017517,0.0,0.0,0.0,6.606881964512918,13.08951281182515,6.544756405912575,0.0,0.0,0.0,5.316788604006331,10.84019487200289,104.094963004,1.4285714285714286,2.142857142857143,2.5714285714285716,1.0,-0.12,7,92.05699999999999,1.690933805959686,6.880000000000001,5.88,5.88,43.51806400383614,8.189566326530613,0.395054448512735,8.189566326530613,0.055544625689612194,0.19444444444444442,0.055544625689612194,0.19444444444444442,-0.395054448512735,-1.4729999999999996,29.009899999999995,104.15299999999999,4,3,0,0,0,0,0,0,3,3,3,0,4,0,0,0,44,16.156983476009223,0.0,0.0,0.0,0.0,0.0,0.0,0.0,0.0,0.0,0.0,0.0,19.634269217737724,6.606881964512918,0,5.106527394840706,0.0,0.0,5.316788604006331,5.733667477162185,0.0,26.241151182250643,0.0,0.0,0.0,9.428571428571429,11.050456081168516,0.0,0.0,0.0,31.34767857709135,0.0,0.0,0.0,0.0,0.0,0.0,0.0,58.28,0.0,0.0,0.0,11.099288548752835,5.12515589569161,0.0,0.0,0.0,2.275555555555555,0.0,0,1,1,0,0,0,0,0,0,0,0,0,0,0,0,0,1,1,0,0,0,0,0,0,0,0,0,0,0,0,0,0,0,0,0,0,0,0,0,0,0,0,0,0,0,0,0,0,0,0,0,0,0,0,0,0,0,0,0,0,0,0,0,0,0,0,0,0,0,0,0,0,0,0,0,0,0,0,0,0,0,0,0,2,0,0.3814524418111515
Iodopropynyl butylcarbamate,CCCCNC(=O)OC#CCI,1,train,2.0552021655315578,1.9573884446321985,-1.9841560063189156,1.832425392017641,-2.2316178245495655,14.108847996429716,0.19141705273477894,126.91270399320206,10.336281298667506,3.335668079683217,183.2322192588714,9.234204518682008,7.022888178683143,9.180386469859465,5.808060412490447,3.793847239981314,5.31942891207048,2.082319025939956,2.8451098619845387,1.0823804865967588,1.4637759046190502,0.5130219869764481,0.6687260143747991,6.093240070938415,4.794537184071822,0.0,0.0,10.972308808206986,12.841643245852019,0.0,0.0,0.0,51.59518836386326,0.0,280.99127662399997,1.6666666666666667,2.4166666666666665,3.0,0.625,-0.43999999999999995,12,268.99699999999996,2.0552021655315578,11.56,8.654696969696971,7.664602510460251,86.37983885466738,10.754410430839002,0.42075526688240344,10.754410430839002,0.42075526688240344,0.4575925925925921,0.3558264975579785,-0.4575925925925921,-0.3558264975579785,1.9086,56.054700000000025,281.09299999999996,1,3,0,0,0,0,0,0,2,1,4,0,3,0,0,0,68,10.05365155780638,6.106494660442553,0.0,0.0,0.0,6.093240070938415,0.0,4.794537184071822,0.0,0.0,35.93542944968469,12.341255941781654,6.544756405912575,4.42755240229441,0,9.53140013787187,28.68411069800647,0.0,5.316788604006331,0.0,19.765380445542643,10.972308808206986,0.0,0.0,12.026928979298198,8.166666666666666,5.316788604006331,4.794537184071822,0.0,22.590870627068057,17.0655488791454,4.736862953800049,12.026928979298198,19.765380445542643,0.0,0.0,0.0,0.0,38.33,5.179701133786849,2.083606988119705,10.754410430839002,2.5763662131519274,0.0,2.6231782249937012,0.0,3.856952793524818,2.712450882250666,0.0,0,0,0,0,0,0,0,0,0,0,1,1,0,0,0,0,1,0,0,0,0,0,0,0,1,1,0,1,0,0,0,0,0,0,0,0,0,0,0,0,0,1,0,0,1,0,0,0,0,0,0,0,0,0,0,0,0,0,0,0,0,0,0,0,0,0,0,0,0,0,0,0,0,0,0,0,0,0,0,0,0,0,0,1,0,0.37124256074117323
Lauryl sulfate,CCCCCCCCCCCCOS(=O)(=O)O,1,train,2.24251855528897,2.0194964482946376,-2.0179036809039417,2.100440271999291,-2.0408746100935233,7.804391598143027,0.261101075011789,32.25181269339349,10.068309698819801,3.038016531302622,249.23124340942923,12.985281374238573,10.858381350407436,11.674877931335162,8.060660171779823,6.678356101616417,8.043504473286527,4.431686733751061,5.5228508801104,2.7301539637584247,3.194679975493912,1.7537336861602757,2.082203179095981,10.399000581649608,8.417796984328938,0.0,6.606881964512918,6.4208216229260096,12.841643245852019,44.94575136048208,0.0,0.0,11.106822632340332,4.552749873690364,266.155180312,0.8235294117647058,1.2352941176470589,1.6470588235294117,1.0,-0.13000000000000003,17,240.19499999999996,2.24251855528897,16.870000000000005,10.988787086616048,15.870000000000005,105.70479940179777,10.224921558947429,0.3968491937249381,10.224921558947429,0.3968491937249381,0.09259259259259256,0.26352831726427495,-4.234381926491812,-0.26352831726427495,3.726700000000002,69.34460000000006,266.40299999999996,1,4,0,0,0,0,0,0,3,1,5,0,12,0,0,0,104,0.0,0.0,0.0,0.0,0.0,10.399000581649608,4.552749873690364,4.183085432649707,8.417796984328938,0.0,64.71113180602472,6.4208216229260096,0.0,6.606881964512918,0,17.15363229066901,10.399000581649608,0.0,0.0,0.0,71.13195342895074,6.606881964512918,0.0,0.0,0.0,11.882352941176471,0.0,0.0,0.0,0.0,19.57742882253222,14.582086014299314,0.0,71.13195342895074,0.0,0.0,0.0,0.0,63.60000000000001,32.99009785432852,0.0,0.0,0.0,0.0,0.0,0.0,11.851440578009754,2.309510160820205,-4.234381926491812,0,0,0,0,0,0,0,0,0,0,0,0,0,0,0,0,0,0,0,0,0,0,0,0,0,0,0,0,0,0,0,0,0,0,0,0,0,0,0,0,0,0,0,0,0,0,0,0,0,0,0,0,0,0,0,0,0,0,0,0,0,0,0,0,0,0,0,0,0,0,0,0,0,0,0,0,0,0,0,0,0,0,0,9,0,0.4316509402014865
Linolenic acid,CCC=CCC=CCC=CCCCCCCCC(=O)O,1,train,2.4255496579484808,1.9515436512809285,-1.975234816072303,2.0734938227910122,-1.928404818979666,5.660182254659291,-0.13665288015090818,16.3651316459656,10.091593720119743,3.2329128954416952,300.5400831157719,14.891058768174391,12.890631312967056,12.890631312967056,9.770055610029663,7.937880857544911,7.937880857544911,4.994047004412524,4.994047004412524,3.041466293033524,3.041466293033524,1.8952973251258398,1.8952973251258398,5.9693052879518484,4.794537184071822,0.0,0.0,6.4208216229260096,44.94575136048208,12.841643245852019,0.0,0.0,43.37985784069391,5.106527394840706,278.2245802,0.8,1.35,2.0,0.6111111111111112,-1.31,20,248.19599999999994,2.4255496579484808,18.69,15.746529112492935,16.690000000000005,123.83021372825894,10.314882183913818,0.4812303897852169,10.314882183913818,0.30283955653219446,0.3191290826522546,0.30283955653219446,-0.6748400052403956,-0.4812303897852169,5.660500000000005,86.89980000000006,278.4359999999999,1,2,0,0,0,0,0,0,1,1,2,0,13,0,0,0,114,5.106527394840706,0.0,0.0,0.0,0.0,5.9693052879518484,4.794537184071822,0.0,0.0,0.0,62.64232270947194,38.524929737556064,6.4208216229260096,0.0,0,9.901064578912528,5.9693052879518484,0.0,0.0,0.0,71.13195342895074,0.0,36.45612064100329,0.0,0.0,12.05,0.0,0.0,0.0,0.0,11.075832682792555,4.794537184071822,0.0,71.13195342895074,36.45612064100329,0.0,0.0,0.0,37.3,0.0,0.0,10.314882183913818,8.498996717778573,0.0,-0.6748400052403956,0.0,23.379697706607292,2.147930063607376,0.0,1,0,0,0,0,0,0,0,1,1,1,0,0,0,0,0,0,0,0,0,0,0,0,0,0,0,6,0,0,0,0,0,0,0,0,0,0,0,0,0,0,0,0,0,0,0,0,0,0,0,0,0,0,0,0,0,0,0,0,0,0,0,0,0,0,0,0,0,0,0,0,0,0,0,0,0,0,0,0,0,0,0,0,5,0,0.3484104486085374
Methyl dodecanesulfonate,CCCCCCCCCCCCS(=O)(=O)OC,1,train,2.3141461366185756,2.0622434848383575,-2.023279253507476,2.1052776476279322,-2.068960968664945,7.861994999223162,0.3955750527593047,32.23993230816996,10.069635213364228,3.139389359584805,247.39018958008543,12.985281374238573,11.411167754907478,12.227664335835204,8.121320343559644,6.904030206245224,8.481380475434849,4.610448863063266,6.467385558510873,3.001824851576393,4.29836777354263,1.849608968322393,2.573953170814265,10.118126859033554,8.417796984328938,0.0,5.752853606746789,0.0,19.26246486877803,52.05554890175961,0.0,0.0,11.106822632340332,0.0,264.175915756,0.7647058823529411,1.1764705882352942,1.588235294117647,1.0,-0.09000000000000005,17,236.20699999999997,2.3141461366185756,16.909999999999997,11.026414007502616,12.161414204902576,107.06650388794033,11.012648316317044,0.2734623795707291,11.012648316317044,0.2665424312991904,0.16666666666666652,0.2665424312991904,-3.2271836658594864,-0.2734623795707291,3.8835000000000024,72.63980000000006,264.431,0,3,0,0,0,0,0,0,3,0,4,0,12,0,0,0,104,0.0,0.0,0.0,0.0,10.118126859033554,0.0,4.183085432649707,0.0,8.417796984328938,0.0,64.71113180602472,6.4208216229260096,0.0,12.862651148024323,0,12.600882416978646,10.118126859033554,0.0,0.0,0.0,71.13195342895074,12.862651148024323,0.0,0.0,0.0,11.882352941176471,0.0,0.0,0.0,0.0,21.28044813235326,14.30121229168326,0.0,71.13195342895074,0.0,0.0,0.0,0.0,43.370000000000005,26.417792845782564,0.0,0.0,0.0,0.0,0.16666666666666652,0.0,12.101352979528883,2.2302251062329526,-1.9993709315444002,0,0,0,0,0,0,0,0,0,0,0,0,0,0,0,0,0,0,0,0,0,0,0,0,0,0,0,0,0,0,0,0,0,0,0,0,0,0,0,0,0,0,0,0,0,0,0,0,0,0,0,0,0,0,0,0,0,0,0,0,0,0,0,0,0,0,0,0,0,0,0,0,0,0,0,0,0,0,0,0,0,0,0,8,0,0.39664424622637956
Methyl hexadecane sulfonate,CCCCCCCCCCCCCCCCS(=O)(=O)OC,1,train,2.473418711974444,2.062833075080635,-2.032520657390834,2.127157156776321,-2.0689641456752876,7.861997944255727,0.39557111796090216,32.23993262354721,10.045828922396664,3.0926336629075775,299.157081318921,15.813708498984765,14.23959487965367,15.056091460581396,10.121320343559642,8.904030206245222,10.481380475434849,6.024662425436362,7.881599120883969,4.001824851576393,5.29836777354263,2.556715749508941,3.281059952000813,10.118126859033554,8.417796984328938,0.0,5.752853606746789,0.0,19.26246486877803,77.73883539346366,0.0,0.0,11.106822632340332,0.0,320.238516012,0.6190476190476191,0.9523809523809523,1.2857142857142858,1.0,-0.09000000000000005,21,284.25100000000003,2.473418711974444,20.91,14.830970211110094,16.110904068307384,132.52627234552676,11.095591396803595,0.2734623795707291,11.095591396803595,0.2665424312991904,0.16818576388888884,0.2665424312991904,-3.235821073126774,-0.2734623795707291,5.4439000000000055,91.10780000000008,320.539,0,3,0,0,0,0,0,0,3,0,4,0,16,0,0,0,128,0.0,0.0,0.0,0.0,10.118126859033554,0.0,4.183085432649707,0.0,8.417796984328938,0.0,90.39441829772878,6.4208216229260096,0.0,12.862651148024323,0,12.600882416978646,10.118126859033554,0.0,0.0,0.0,96.81523992065479,12.862651148024323,0.0,0.0,0.0,11.904761904761905,0.0,0.0,0.0,0.0,21.28044813235326,14.30121229168326,0.0,96.81523992065479,0.0,0.0,0.0,0.0,43.370000000000005,26.614481460907264,0.0,0.0,0.0,0.0,0.16818576388888884,0.0,17.87413112196838,2.260427997808828,-2.0005596779066943,0,0,0,0,0,0,0,0,0,0,0,0,0,0,0,0,0,0,0,0,0,0,0,0,0,0,0,0,0,0,0,0,0,0,0,0,0,0,0,0,0,0,0,0,0,0,0,0,0,0,0,0,0,0,0,0,0,0,0,0,0,0,0,0,0,0,0,0,0,0,0,0,0,0,0,0,0,0,0,0,0,0,0,12,0,0.2806385260439054
Methyl methanesulfonate,COS(C)(=O)=O,1,train,1.3516441151533924,1.900724602371382,-1.8366058136258585,1.7541416301629638,-1.951804052077975,7.854731470666343,0.4029517207524718,32.239805324083854,11.770842844548971,3.850621638983669,110.75488750216347,5.207106781186548,3.6329931618554525,4.449489742783178,2.5606601717798214,1.3164965809277263,3.132993161855452,0.8707908118985985,2.6123724356957947,0.3027494301546211,0.9082482904638631,0.0,0.0,10.118126859033554,8.417796984328938,0.0,0.0,0.0,13.365566724788938,0.0,0.0,0.0,4.183085432649707,0.0,110.003765052,1.5,1.6666666666666667,1.6666666666666667,1.0,-0.09000000000000002,6,104.08599999999998,1.3516441151533924,5.91,1.5720954551071142,3.9099999999999997,37.05214062957765,9.777777777777779,0.27367293755241723,9.777777777777779,0.26362280031595087,0.9930555555555556,0.26362280031595087,-3.1620370370370368,-0.27367293755241723,-0.40759999999999996,21.85279999999999,110.13399999999999,0,3,0,0,0,0,0,0,3,0,4,0,1,0,0,0,38,0.0,0.0,0.0,0.0,10.118126859033554,0.0,4.183085432649707,0.0,8.417796984328938,0.0,0.0,0.0,0.0,13.365566724788938,0,12.600882416978646,10.118126859033554,0.0,0.0,0.0,0.0,13.365566724788938,0.0,0.0,0.0,11.666666666666666,0.0,0.0,0.0,0.0,21.783363709117875,14.30121229168326,0.0,0.0,0.0,0.0,0.0,0.0,43.370000000000005,23.46527777777778,0.0,0.0,0.0,0.0,0.0,0.0,0.9930555555555556,0.0,-2.041666666666666,0,0,0,0,0,0,0,0,0,0,0,0,0,0,0,0,0,0,0,0,0,0,0,0,0,0,0,0,0,0,0,0,0,0,0,0,0,0,0,0,0,0,0,0,0,0,0,0,0,0,0,0,0,0,0,0,0,0,0,0,0,0,0,0,0,0,0,0,0,0,0,0,0,0,0,0,0,0,0,0,0,0,0,0,0,0.43093918963957045
Methyl pyruvate,COC(=O)C(C)=O,1,train,1.6457113704075785,2.029081691022333,-1.8629678982882105,1.7134484666598226,-2.0964994336238134,6.319506047680865,-0.15014148830185572,16.52791872716416,10.470240856908706,3.5779199262724384,95.10802962390817,5.8618073195657985,4.224744871391589,4.224744871391589,3.1807392125526213,1.7706207261596578,1.7706207261596578,1.0477678416450937,1.0477678416450937,0.47285288451456403,0.47285288451456403,0.14372873928263244,0.14372873928263244,11.752550234316788,9.589074368143644,0.0,0.0,0.0,6.923737199690624,7.109797541277533,0.0,0.0,4.736862953800049,0.0,102.031694052,1.4285714285714286,1.8571428571428572,1.8571428571428572,0.5,-0.8600000000000001,7,96.041,1.6457113704075785,6.14,2.3368296745854065,1.9182101167315173,41.270666800613775,9.939814814814815,0.46329161459115875,9.939814814814815,0.37350271008801117,0.5671296296296291,0.37350271008801117,-0.7916666666666663,-0.46329161459115875,-0.25160000000000005,22.69699999999999,102.089,0,3,0,0,0,0,0,0,3,0,3,0,1,0,0,0,40,4.736862953800049,0.0,0.0,5.783244946364939,0.0,5.9693052879518484,4.794537184071822,4.794537184071822,0.0,0.0,0.0,0.0,6.923737199690624,7.109797541277533,0,14.325937321943691,11.752550234316788,0.0,0.0,0.0,6.923737199690624,7.109797541277533,0.0,0.0,0.0,7.714285714285714,0.0,0.0,0.0,0.0,18.86234777559432,14.325937321943691,0.0,6.923737199690624,0.0,0.0,0.0,0.0,43.370000000000005,4.023148148148148,0.0,19.840046296296293,0.0,0.0,-1.3587962962962954,0.0,0.0,1.1585648148148149,1.1703703703703703,0,0,0,0,0,0,0,0,0,0,2,2,0,0,0,0,0,0,0,0,0,0,0,0,0,0,0,0,0,0,0,0,0,0,0,0,0,0,0,0,1,1,0,0,0,0,0,0,0,0,0,1,1,0,0,1,0,0,0,0,0,0,0,0,0,0,0,0,0,0,0,0,0,0,0,0,0,0,0,0,0,0,0,0,0,0.3383947503427681
Methyl(2-sulfomethyl)octadecanoate,CCCCCCCCCCCCCCCCC(CS(=O)(=O)O)C(=O)OC,1,train,2.588491323304698,2.2401615610655172,-2.1219920619161323,2.1646098498340325,-2.2439634879695984,7.853353573174179,-0.14449341039570363,32.23974063814902,10.007386273063057,3.5183724878955207,433.48249467816726,19.67551581855056,16.879513815993665,17.69601039692139,12.403195426880918,10.433357731400012,12.042523038926417,7.353533328506555,8.850695232866006,4.852459871488004,5.676065524026082,3.2754122213189034,4.086639359280293,27.75819179989358,13.212334168400758,0.0,0.0,6.4208216229260096,19.26246486877803,77.73883539346366,0.0,0.0,11.660600153490673,4.552749873690364,392.2596453799999,0.8076923076923077,1.1923076923076923,1.5384615384615385,0.95,-0.6200000000000001,26,352.2820000000001,2.588491323304698,25.38,16.546187167908,16.827325236052538,160.57685454095642,11.556864651822234,0.46876646329453453,11.556864651822234,0.3092808461759823,0.4489033564814817,0.3092808461759823,-4.148637674574584,-0.46876646329453453,5.534800000000005,106.85060000000009,392.60200000000003,1,5,0,0,0,0,0,0,4,1,6,0,18,0,0,0,156,4.736862953800049,0.0,0.0,0.0,10.118126859033554,5.9693052879518484,9.347287057762186,0.0,8.417796984328938,0.0,96.81523992065479,6.4208216229260096,0.0,18.780557194185715,0,22.50194699589117,16.087432146985403,0.0,0.0,5.917906046161393,103.2360615435808,12.862651148024323,0.0,0.0,0.0,12.884615384615385,0.0,0.0,0.0,0.0,31.80250329399547,19.649526996905426,5.917906046161393,103.2360615435808,0.0,0.0,0.0,0.0,80.67,35.44070453115947,0.0,11.556864651822234,0.0,0.0,-1.8586771202671342,0.0,17.93875673009052,2.2470474714531994,-2.908029597591617,0,0,0,0,0,0,0,0,0,0,1,1,0,0,0,0,0,0,0,0,0,0,0,0,0,0,0,0,0,0,0,0,0,0,0,0,0,0,0,0,1,1,0,0,0,0,0,0,0,0,0,0,0,0,0,1,0,0,0,0,0,0,0,0,0,0,0,0,0,0,0,0,0,0,0,0,0,0,0,0,0,0,0,12,0,0.1882225447947751
N-Ethyl-N-nitrosourea,CCN(N=O)C(N)=O,1,train,1.6856161633204378,2.0275823168829934,-2.029671190372404,1.8329691332783395,-2.2970809093873554,5.708376363181645,0.2116514679025014,16.3013791563226,10.71052512563112,3.6923370937539612,102.70165766734146,6.568914100752346,4.495380822303815,4.495380822303815,3.718744015013406,2.122314810615164,2.122314810615164,1.135650331344205,1.135650331344205,0.6524917665307441,0.6524917665307441,0.2538087349794988,0.2538087349794988,6.031114512338072,9.701602428060104,0.0,6.544756405912575,5.008912523954531,0.0,0.0,6.923737199690624,0.0,11.019552198124893,0.0,117.053826464,1.875,2.375,2.375,0.6666666666666666,-1.1300000000000001,8,110.05199999999999,1.6856161633204378,6.869999999999999,2.949731931546352,1.5453875784214643,46.39524972834807,10.015972222222222,0.3499148197555952,10.015972222222222,0.33728406567755786,0.22106481481481488,0.33728406567755786,-0.8171296296296291,-0.3499148197555952,0.06840000000000013,27.758399999999995,117.10799999999999,2,5,0,0,0,0,0,0,3,1,5,0,2,0,0,0,46,5.733667477162185,0.0,0.0,0.0,0.0,6.031114512338072,0.0,4.794537184071822,5.008912523954531,4.907065243988282,0.0,6.923737199690624,6.544756405912575,5.2858847209627084,0,4.794537184071822,6.031114512338072,0.0,5.008912523954531,11.019552198124893,6.923737199690624,6.544756405912575,4.907065243988282,0.0,0.0,8.125,5.733667477162185,4.794537184071822,0.0,0.0,17.58478344220518,0.0,4.907065243988282,6.923737199690624,5.2858847209627084,0.0,0.0,0.0,75.75999999999999,0.0,0.0,19.56861111111111,2.939814814814815,4.650972222222222,0.0,-0.8171296296296291,0.0,1.8243981481481482,0.0,0,0,0,0,0,0,0,0,0,0,1,1,0,0,0,2,0,1,0,0,0,0,0,0,0,0,0,2,0,0,0,0,0,0,0,0,0,0,0,0,0,0,0,0,0,0,0,0,0,0,0,0,0,0,0,0,0,0,0,0,0,1,0,0,0,0,0,0,0,0,0,1,0,0,0,0,0,0,0,0,0,0,0,0,1,0.41004372556157603
N-Methyl-N-nitrosourea,CN(N=O)C(N)=O,1,train,1.6457113704075785,1.9688530709102992,-1.9658473034996915,1.7575655956024998,-2.259263916642214,5.7049975916674045,0.21954663236931118,16.300607679766532,10.99072956217822,3.551713608029699,90.93569696954751,5.8618073195657985,3.7882740411172677,3.7882740411172677,3.1807392125526213,1.5461938589117368,1.5461938589117368,0.9434941238316178,0.9434941238316178,0.44142088089561604,0.44142088089561604,0.04023689270621826,0.04023689270621826,6.031114512338072,9.701602428060104,0.0,0.0,5.008912523954531,0.0,7.04767198267719,0.0,0.0,11.019552198124893,0.0,103.0381764,1.8571428571428572,2.2857142857142856,2.2857142857142856,0.5,-1.1300000000000001,7,98.041,1.6457113704075785,5.87,2.116774956539909,1.6913552361396302,40.03030761395146,9.784722222222221,0.3499236078743713,9.784722222222221,0.3370252797101017,0.5,0.3370252797101017,-0.8518518518518514,-0.3499236078743713,-0.3216999999999998,23.141399999999997,103.081,2,5,0,0,0,0,0,0,3,1,5,0,1,0,0,0,40,5.733667477162185,0.0,0.0,0.0,0.0,6.031114512338072,0.0,4.794537184071822,5.008912523954531,4.907065243988282,0.0,0.0,7.04767198267719,5.2858847209627084,0,4.794537184071822,6.031114512338072,0.0,5.008912523954531,11.019552198124893,0.0,7.04767198267719,4.907065243988282,0.0,0.0,7.571428571428571,5.733667477162185,4.794537184071822,0.0,0.0,18.087699018969793,0.0,4.907065243988282,0.0,5.2858847209627084,0.0,0.0,0.0,75.75999999999999,0.0,0.0,19.10611111111111,2.6967592592592595,4.539722222222222,0.0,-0.8518518518518514,0.0,0.0,1.175925925925926,0,0,0,0,0,0,0,0,0,0,1,1,0,0,0,2,0,1,0,0,0,0,0,0,0,0,0,2,0,0,0,0,0,0,0,0,0,0,0,0,0,0,0,0,0,0,0,0,0,0,0,0,0,0,0,0,0,0,0,0,0,1,0,0,0,0,0,0,0,0,0,1,0,0,0,0,0,0,0,0,0,0,0,0,1,0.3643653082461049
Oleyl methanesulfonate,CCCCCCCCC=CCCCCCCCCOS(C)(=O)=O,1,train,2.4907193769284595,1.9955262911474498,-2.0152159039441084,2.096517224974379,-2.0330837095098953,7.854933959864658,0.3093000727178734,32.23980750870621,10.078881863691308,3.1339167608880096,360.8110148355662,17.22792206135786,15.394295418032922,16.210791998960648,11.060660171779821,9.55386012050628,11.370356701434009,6.46394150716829,8.107892058027668,3.9535487567505725,4.54836777354263,2.5598788752544572,2.9804794356068363,10.118126859033554,8.417796984328938,0.0,0.0,6.606881964512918,19.097412429363423,77.04985947511214,0.0,0.0,19.075777413358384,4.183085432649707,346.25416607599993,0.6956521739130435,1.1304347826086956,1.608695652173913,0.8947368421052632,-0.35000000000000003,23,308.273,2.4907193769284595,22.65,16.505767468678624,21.65,144.56655354213578,10.762971574565142,0.27032038961303917,10.762971574565142,0.2638870973370737,0.3333487654320988,0.2638870973370737,-3.2524496792431115,-0.27032038961303917,6.000100000000006,100.24780000000008,346.577,0,3,0,0,0,0,0,0,3,0,4,0,17,0,0,0,138,0.0,0.0,0.0,0.0,10.118126859033554,0.0,4.183085432649707,0.0,8.417796984328938,0.0,76.86317201969248,32.10410811463005,0.0,12.862651148024323,0,12.600882416978646,10.118126859033554,0.0,0.0,0.0,96.81523992065479,12.862651148024323,12.152040213667762,0.0,0.0,12.26086956521739,0.0,0.0,0.0,0.0,21.28044813235326,14.30121229168326,0.0,96.81523992065479,12.152040213667762,0.0,0.0,0.0,43.370000000000005,26.237474586222348,0.0,0.0,0.0,0.0,0.0,0.0,23.338141781638093,2.5934999780493335,-3.2524496792431115,0,0,0,0,0,0,0,0,0,0,0,0,0,0,0,0,0,0,0,0,0,0,0,0,0,0,2,0,0,0,0,0,0,0,0,0,0,0,0,0,0,0,0,0,0,0,0,0,0,0,0,0,0,0,0,0,0,0,0,0,0,0,0,0,0,0,0,0,0,0,0,0,0,0,0,0,0,0,0,0,0,0,0,12,0,0.18419472993940625
Oxalic acid,O=C(O)C(=O)O,1,train,1.3609640474436813,2.0351722755374113,-1.7217366738056026,1.5584096837478147,-2.0902211740083874,6.2710336950755305,-0.1592782563658275,16.440291236208807,10.72706772603947,3.567703455043203,71.5488750216347,5.1547005383792515,2.710923771927642,2.710923771927642,2.6427344100918364,1.105461885963821,1.105461885963821,0.6103051288169659,0.6103051288169659,0.18295375958419435,0.18295375958419435,0.0,0.0,11.938610575903697,0.0,0.0,0.0,0.0,0.0,0.0,0.0,0.0,0.0,19.802129157825057,89.995308544,1.0,1.1666666666666667,1.1666666666666667,0.0,-1.06,6,88.01799999999999,1.3609640474436813,4.939999999999998,1.3955229556294972,1.2801360544217681,33.01570484670571,9.099537037037038,0.4728148209556821,9.099537037037038,0.41435872149519826,1.8240740740740737,0.41435872149519826,-1.8240740740740737,-0.4728148209556821,-0.8443999999999998,15.2716,90.03399999999999,2,4,0,0,0,0,0,0,2,2,4,0,0,0,0,0,34,10.213054789681411,0.0,0.0,0.0,0.0,11.938610575903697,0.0,9.589074368143644,0.0,0.0,0.0,0.0,0.0,0.0,0,19.802129157825057,11.938610575903697,0.0,0.0,0.0,0.0,0.0,0.0,0.0,0.0,7.333333333333333,0.0,0.0,0.0,0.0,22.15166536558511,9.589074368143644,0.0,0.0,0.0,0.0,0.0,0.0,74.6,0.0,0.0,18.199074074074076,14.782407407407407,0.0,-3.6481481481481475,0.0,0.0,0.0,0.0,2,0,0,0,0,0,0,0,2,2,2,0,0,0,0,0,0,0,0,0,0,0,0,0,0,0,0,0,0,0,0,0,0,0,0,0,0,0,0,0,0,0,0,0,0,0,0,0,0,0,0,0,0,0,0,0,0,0,0,0,0,0,0,0,0,0,0,0,0,0,0,0,0,0,0,0,0,0,0,0,0,0,0,0,0,0.37994913775585776
Sodium ethyl xanthate,CCOC(=S)S,1,train,1.3485878960124225,1.7702456811762874,-1.9153432890074518,1.8299850196606764,-1.887502889979862,8.101071195979955,0.3464334439388984,32.14269582368499,10.884136203706811,2.831257109931365,52.75488750216347,4.99156383156272,3.4708169576142316,5.181740729541874,2.770055610029662,1.6276370039952024,2.4830988899590234,0.6989202210606081,1.7784578169025518,0.2678128548330757,0.5147634299044143,0.12347528753566926,0.37042586260700777,0.0,0.0,0.0,0.0,10.989541608672232,0.0,0.0,0.0,6.923737199690624,29.583525544859736,0.0,121.986006812,2.0,2.5,2.5,0.6666666666666666,0.23999999999999996,6,116.166,1.3485878960124225,6.24,3.4308396946564885,4.240000000000001,48.09652739673625,4.637345679012346,0.4790519378861498,4.637345679012346,0.21630267330976322,0.31712962962962976,0.21630267330976322,0.31712962962962976,-0.4790519378861498,1.2376,33.209999999999994,122.21400000000001,0,1,0,0,0,0,0,0,2,1,3,0,1,0,0,0,36,4.736862953800049,0.0,0.0,4.382659644159314,0.0,0.0,0.0,0.0,0.0,0.0,12.628789148012991,19.14161064273732,0.0,6.606881964512918,0,4.736862953800049,29.229322235219,0.0,0.0,0.0,6.923737199690624,6.606881964512918,0.0,0.0,0.0,7.666666666666667,0.0,0.0,0.0,24.846662591059687,10.989541608672232,4.736862953800049,0.0,6.923737199690624,0.0,0.0,0.0,0.0,9.23,4.9544753086419755,8.124043209876543,0.0,0.0,0.0,0.0,0.0,0.0,2.477037037037037,0.0,0,0,0,0,0,0,0,0,0,0,0,0,1,0,0,0,0,0,0,0,0,0,1,0,0,0,0,0,0,0,0,0,0,0,0,0,0,0,0,0,0,1,0,0,0,0,0,0,0,0,0,0,0,0,0,0,0,0,0,0,0,0,0,0,0,0,0,0,0,0,0,0,0,0,0,0,0,0,0,0,0,0,0,0,0,0.41366364050685284
Sodium lauroyl lactylate,CCCCCCCCCCCC(=O)OC(C)C(=O)OC(C)C(=O)O,1,train,2.524485254356801,2.23451678269545,-2.1431290766564133,2.110038354659405,-2.3167803585735807,5.816388161447844,-0.17446103747270428,16.60414003603642,10.066577856841509,3.6723051108478715,379.7052750908657,18.372032720186702,15.214223398064004,15.214223398064004,11.379116515310287,9.008343024049367,9.008343024049367,6.127868165163742,6.127868165163742,3.765302412091099,3.765302412091099,2.2046632010946734,2.2046632010946734,30.11584863935215,14.383611552215466,0.0,6.4208216229260096,0.0,19.26246486877803,52.372404136937305,0.0,0.0,11.660600153490673,9.843390348640755,344.21988874399995,0.7916666666666666,1.2916666666666667,1.7916666666666667,0.8333333333333334,-1.5899999999999999,24,312.19200000000006,2.524485254356801,22.41,13.813169678043565,11.90925913948668,144.44915748391298,11.638352025425057,0.47851262240796744,11.638352025425057,0.34749289780351056,0.2658123390158018,0.34749289780351056,-1.2537237821155005,-0.47851262240796744,3.8553000000000015,90.58780000000007,344.44800000000004,1,6,0,0,0,0,0,0,5,1,6,0,14,0,0,0,140,14.580253302440804,0.0,12.207932775496605,0.0,0.0,17.907915863855546,4.794537184071822,9.589074368143644,0.0,0.0,58.29031018309871,20.268296022307258,6.4208216229260096,0.0,0,28.963864854656265,17.907915863855546,0.0,0.0,0.0,97.18736060382858,0.0,0.0,0.0,0.0,13.125,0.0,0.0,0.0,0.0,35.222376034192855,23.85733745981556,0.0,84.97942782833198,0.0,0.0,0.0,0.0,89.90000000000002,9.614971830636765,0.0,33.7879657352499,8.656891962834884,0.0,-2.5349317221742362,0.0,8.313884279251571,4.827884580867787,0.0,1,0,0,0,0,0,0,0,1,1,3,2,0,0,0,0,0,0,0,0,0,0,0,0,0,0,0,0,0,0,0,0,0,0,0,0,0,0,0,0,2,2,0,0,0,0,0,0,0,0,0,0,0,0,0,0,0,0,0,0,0,0,0,0,0,0,0,0,0,0,0,0,0,0,0,0,0,0,0,0,0,0,0,7,0,0.38005316454428617
Squalene,CC(C)=CCCC(C)=CCCC(C)=CCCC=C(C)CCC=C(C)CCC=C(C)C,1,train,2.643301787563986,1.9385761491775892,-2.024508058689464,2.1422024451019697,-1.8204183381078693,5.07595677747156,0.8958742469689494,14.003960924108412,10.041374359549302,4.050488145915912,577.5257954347983,22.777810114122516,21.53516942700323,21.53516942700323,14.201285058155639,12.095754112725151,12.095754112725151,9.496906899019793,9.496906899019793,5.397736039875436,5.397736039875436,3.337222523091417,3.337222523091417,0.0,0.0,0.0,0.0,0.0,0.0,97.64684340967571,0.0,0.0,91.84601823852826,0.0,410.3912516,0.3333333333333333,0.5666666666666667,0.8333333333333334,0.6,-1.5599999999999996,30,360.33000000000015,2.643301787563986,28.44,18.228264324842907,19.743314035916825,189.18495415222569,2.433949766854744,0.08557122401572562,2.433949766854744,-0.0288251916899103,1.1706467685322164,0.0288251916899103,1.1706467685322164,-0.08557122401572562,10.60499999999999,140.05999999999995,410.73000000000025,0,0,0,0,0,0,0,0,0,0,0,0,15,0,0,0,170,0.0,0.0,0.0,0.0,0.0,0.0,0.0,0.0,0.0,0.0,69.89474782141889,119.5981138267851,0.0,0.0,0,0.0,0.0,0.0,0.0,0.0,119.5981138267851,0.0,69.89474782141889,0.0,0.0,13.466666666666667,0.0,0.0,0.0,0.0,0.0,0.0,0.0,119.5981138267851,69.89474782141889,0.0,0.0,0.0,0.0,0.0,0.0,0.0,0.0,8.966642323391664,0.0,0.0,26.221342155880222,17.812015520728117,0.0,0,0,0,0,0,0,0,0,0,0,0,0,0,0,0,0,0,0,0,0,0,0,0,0,0,0,12,0,0,0,0,0,0,0,0,0,0,0,0,0,0,0,0,0,0,0,0,0,0,0,0,0,0,0,0,0,0,0,0,0,0,0,0,0,0,0,0,0,0,0,0,0,0,0,0,0,0,0,0,0,0,0,0,1,0,0.18587042896018605
Tetramethyl thiuram disulfide,CN(C)C(=S)SSC(=S)N(C)C,1,train,1.9834180793154317,2.0443197767761183,-2.146261801501635,2.258485883320041,-2.1787763343085085,8.891211886471323,0.6473343434565815,33.11585334457604,10.99120629282795,3.6934830872422997,158.38689879982147,9.723614639131599,7.527420352855368,10.793406676566272,5.447264862732148,3.2192312250941826,6.185557720282969,2.4873360870032757,5.884299497010164,0.9145403910008584,5.073827930357984,0.22035968899697111,2.5956096366685335,0.0,0.0,0.0,0.0,0.0,8.641068171117942,21.587795952773444,0.0,37.99050739240971,0.0,24.43574688609339,239.988332384,0.8333333333333334,1.0833333333333333,1.25,0.6666666666666666,0.4799999999999999,12,228.348,1.9834180793154317,12.480000000000002,6.013500198406644,5.18320245841735,92.44737157170921,5.072795729402872,0.36296109527210474,5.072795729402872,0.14645183137385767,0.8372222222222224,0.14645183137385767,0.8372222222222224,-0.36296109527210474,2.0608,67.75200000000002,240.44400000000002,0,2,0,0,0,0,0,0,4,0,6,0,0,0,0,0,70,9.799819461700954,8.641068171117942,0.0,0.0,0.0,0.0,0.0,0.0,0.0,0.0,24.43574688609339,21.587795952773444,28.19068793070876,0.0,0,0.0,54.66461100998478,0.0,9.799819461700954,0.0,0.0,28.19068793070876,0.0,0.0,0.0,9.333333333333334,0.0,0.0,0.0,46.02354283886683,46.63157556352765,0.0,0.0,0.0,0.0,0.0,0.0,0.0,6.48,1.674444444444445,10.145591458805743,3.788240740740741,0.0,0.0,0.0,0.0,0.0,0.0,10.725056689342402,0,0,0,0,0,0,0,0,0,0,0,0,2,0,0,2,0,0,0,0,0,0,0,0,0,0,0,0,0,0,0,0,0,0,0,0,0,0,0,0,0,0,0,0,0,0,0,0,0,0,0,0,0,0,0,0,0,0,0,0,0,0,0,0,0,0,0,0,0,0,0,0,0,0,0,0,0,0,0,0,0,0,0,0,0,0.46886077125428943
Undec-10-enal,C=CCCCCCCCCC=O,1,train,2.0983909613162415,1.890723844916129,-1.9739926652660666,2.072380405224628,-1.8013892300422731,5.4841468801478035,-0.10746801452258856,16.12872326812135,10.086979017630112,2.8073211053704865,93.57174002125652,9.071067811865477,7.926909859522043,7.926909859522043,5.914213562373096,4.960447131787104,4.960447131787104,3.154012414010747,3.154012414010747,1.980223565893552,1.980223565893552,1.2234528164120995,1.2234528164120995,0.0,4.794537184071822,0.0,0.0,0.0,25.548625391907585,32.10410811463005,0.0,6.076020106833881,6.578935683598497,0.0,168.15141526,0.8333333333333334,1.3333333333333333,1.8333333333333333,0.7272727272727273,-0.5900000000000001,12,148.11999999999998,2.0983909613162415,11.41,10.41,9.410000000000002,75.86059123965516,9.967822613243339,0.3034029081494581,9.967822613243339,0.11949019867032568,0.7427160493827161,0.11949019867032568,0.7427160493827161,-0.3034029081494581,3.4921000000000024,53.197000000000045,168.28,0,1,0,0,0,0,0,0,1,0,1,0,9,0,0,0,70,4.794537184071822,6.2861605231295545,0.0,0.0,0.0,0.0,0.0,0.0,0.0,6.578935683598497,31.75930659853792,19.26246486877803,6.4208216229260096,0.0,0,4.794537184071822,6.2861605231295545,0.0,0.0,0.0,51.36657298340809,0.0,12.654955790432378,0.0,0.0,9.666666666666666,0.0,0.0,0.0,0.0,6.2861605231295545,4.794537184071822,0.0,51.36657298340809,12.654955790432378,0.0,0.0,0.0,17.07,0.0,0.0,9.967822613243339,0.0,0.0,0.0,0.0,12.352039104974711,3.6801382817819506,0.0,0,0,0,0,0,0,0,0,0,0,1,1,0,0,0,0,0,0,0,0,0,0,0,1,0,0,1,0,0,0,0,0,0,0,0,0,0,0,0,0,0,0,0,0,0,0,0,0,0,0,0,0,0,0,0,0,0,0,0,0,0,0,0,0,0,0,0,0,0,0,0,0,0,0,0,0,0,0,0,0,0,0,0,7,0,0.2924282251388943
Nonanoic acid,CCCCCCCCC(=O)O,0,train,1.9585031169241849,1.9475302614035133,-1.9651190054950958,2.05748737280561,-1.928024335400076,5.660139695052809,-0.13665125153188468,16.36512122747301,10.10370292269851,2.849761282233442,99.73585546369786,8.52709773749546,7.305209354269655,7.305209354269655,5.270055610029662,4.488391114761732,4.488391114761732,2.9115054961897218,2.9115054961897218,1.7441955573808654,1.7441955573808654,1.056555811042823,1.056555811042823,5.9693052879518484,4.794537184071822,0.0,0.0,6.4208216229260096,12.841643245852019,25.683286491704038,0.0,0.0,6.923737199690624,5.106527394840706,158.130679816,1.0909090909090908,1.6363636363636365,2.1818181818181817,0.8888888888888888,-0.53,11,140.09699999999998,1.9585031169241849,10.47,7.575596620908132,9.470000000000002,68.6145437952422,10.088166965860419,0.481230389785217,10.088166965860419,0.3028395565321837,0.3394097222222221,0.3028395565321837,-0.6662115509784157,-0.481230389785217,2.821600000000001,45.62880000000001,158.241,1,2,0,0,0,0,0,0,1,1,2,0,7,0,0,0,66,5.106527394840706,0.0,0.0,0.0,0.0,5.9693052879518484,4.794537184071822,0.0,0.0,0.0,39.02784531432067,6.4208216229260096,6.4208216229260096,0.0,0,9.901064578912528,5.9693052879518484,0.0,0.0,0.0,51.8694885601727,0.0,0.0,0.0,0.0,9.909090909090908,0.0,0.0,0.0,0.0,11.075832682792555,4.794537184071822,0.0,51.8694885601727,0.0,0.0,0.0,0.0,37.3,0.0,0.0,10.088166965860419,8.316177012471655,0.0,-0.6662115509784157,0.0,7.250707986898463,2.177826252414546,0.0,1,0,0,0,0,0,0,0,1,1,1,0,0,0,0,0,0,0,0,0,0,0,0,0,0,0,0,0,0,0,0,0,0,0,0,0,0,0,0,0,0,0,0,0,0,0,0,0,0,0,0,0,0,0,0,0,0,0,0,0,0,0,0,0,0,0,0,0,0,0,0,0,0,0,0,0,0,0,0,0,0,0,0,4,0,0.5783198770575686
"1-[2-Amino-3,3-bis(4-fluorophenyl)-1-oxopropyl]-4-fluoro-2-pyrrolidine carbonitrile",N#CC1CC(F)CN1C(=O)C(N)C(c1ccc(F)cc1)c1ccc(F)cc1,0,train,3.0478002633513883,2.396518613862237,-2.2896112936375417,2.303738396122313,-2.4852313555615333,5.8419780223438424,-0.13260827314586807,19.145869296396338,9.843588818841063,1.9648515597815623,802.7708124033367,19.551677284948283,14.356335962329695,14.356335962329695,12.901085903164898,8.510793246270453,8.510793246270453,6.575037454102239,6.575037454102239,4.784653415390471,4.784653415390471,3.43206886678883,3.43206886678883,41.7148845114109,23.227673881834768,0.0,12.965578028838586,11.126902983393991,4.899909730850477,48.53093654769288,0.0,6.069221312792274,0.0,5.733667477162185,373.140196856,1.0740740740740742,1.5555555555555556,2.0,0.3,-2.849999999999999,27,355.2340000000001,3.0478002633513883,18.926736653151952,7.8038582439119955,3.9580425864930655,154.55263544471188,13.70121286301481,0.32224980583537666,13.70121286301481,0.24114025351500995,0.0488857993457561,0.24114025351500995,-1.2769515718235056,-0.32224980583537666,2.8865800000000013,93.24540000000003,373.37800000000004,2,4,0,1,1,2,0,2,3,1,7,0,4,0,1,1,140,10.633577208012662,23.847957906750043,0.0,5.907179729351506,0.0,0.0,4.794537184071822,13.171245143024459,5.261891554738487,0.0,24.26546827384644,35.392371257240434,12.338727669087403,18.65581854785281,3,17.96578232709628,5.907179729351506,5.261891554738487,4.899909730850477,5.733667477162185,30.59408472289362,6.544756405912575,71.29228121317867,0.0,6.069221312792274,20.51851851851852,5.733667477162185,13.171245143024459,0.0,0.0,35.60720291992077,4.794537184071822,22.96555454962255,23.465630652481394,48.53093654769288,0.0,0.0,0.0,70.12,40.3355656701003,0.0,14.065323759133284,9.18391433402256,7.35984693877551,-2.1539080612349006,10.891924431388716,-1.3258373711692617,-0.19016303434954152,0.0,0,0,0,0,0,0,0,0,0,0,1,1,0,0,0,2,0,1,0,0,1,0,0,0,0,1,0,1,0,0,0,0,0,0,2,0,0,0,0,0,0,0,0,0,3,0,0,0,0,0,0,0,0,0,0,0,0,1,0,0,0,0,0,0,0,0,0,0,0,0,0,0,0,0,0,0,0,0,0,0,0,0,0,0,0,0.8959554905591458
"1,1-Dimethylethyl[1-[bis(4-fluorophenyl)-methyl]-2-[2-cyano-4-fluoro-1-pyrrolidinyl]-2-oxoethyl]carbamate",CC(C)(C)OC(=O)NC(C(=O)N1CC(F)CC1C#N)C(c1ccc(F)cc1)c1ccc(F)cc1,0,train,3.1445450588189456,2.424006818855965,-2.3260416622512676,2.3188968790827187,-2.5336848758348,5.879762457776769,-0.13359124680137713,19.145877451298844,9.837984306028613,2.091660967022465,1016.543946423311,25.043241116511,19.0954822740678,19.0954822740678,15.979384165149764,10.82850748322773,10.82850748322773,9.173154485844199,9.173154485844199,5.412005466871304,5.412005466871304,3.969064119836991,3.969064119836991,53.409175393333,28.02221106590659,0.0,12.965578028838586,11.126902983393991,4.899909730850477,48.53093654769288,20.771211599071872,6.069221312792274,5.316788604006331,4.736862953800049,473.192626352,1.0588235294117647,1.5588235294117647,2.0,0.4,-3.5399999999999987,34,447.28700000000026,3.1445450588189456,25.089866646622088,10.160982757584021,6.069964509603134,195.8623848328409,14.114945006392517,0.4438232961383237,14.114945006392517,0.4078411051445662,0.13972157347022063,0.4078411051445662,-1.3834546529942455,-0.4438232961383237,4.452580000000004,118.42770000000003,473.4950000000001,1,6,0,1,1,2,0,2,4,1,9,0,5,0,1,1,180,14.953561288656857,35.49084954688169,0.0,5.907179729351506,0.0,6.093240070938415,4.794537184071822,17.96578232709628,5.261891554738487,0.0,24.26546827384644,56.1635828563123,12.338727669087403,12.613977718704849,3,27.497182464968155,12.00041980028992,5.261891554738487,10.216698334856808,0.0,56.96634713294917,6.544756405912575,71.29228121317867,0.0,6.069221312792274,18.941176470588236,5.316788604006331,17.96578232709628,0.0,0.0,47.301493801842874,9.53140013787187,22.96555454962255,44.23684225155326,48.53093654769288,0.0,0.0,0.0,82.43,46.75970007724292,0.0,27.479167558998906,12.011702305730985,0.032453855534663845,-2.6126694971428,10.176701807616986,-2.4217165808778356,4.657993806229513,0.0,0,0,0,0,0,0,0,0,0,0,2,2,0,0,0,2,1,0,0,0,1,0,0,0,1,1,0,2,0,0,0,0,0,0,2,0,0,0,0,0,0,1,0,0,3,0,0,0,0,0,0,0,0,0,0,0,0,1,0,0,0,0,0,0,0,0,0,0,0,0,0,0,0,0,0,0,0,0,0,0,0,0,0,0,0,0.6956273839235428
"7-[(4z)-3-(Aminomethyl)-4-(methoxyimino)-1 -pyrrolidinyl]-1-cyclopropyl-6-fluoro-1,4-dihydro-4-oxo-1,8-naphthyridine-3 -carboxylic acid,monomethane-sulfonate",CON=C1CN(c2nc3c(cc2F)c(=O)c(C(=O)O)cn3C2CC2)CC1CN,1,train,3.423591009679466,2.3278527169305896,-2.190189214587505,2.370352315678067,-2.2560891261939755,5.947775367511783,0.06945350246437888,19.142231235670945,10.092418941547436,1.8581525992334242,1046.4282009506107,19.999271042140986,15.261062573781476,15.261062573781476,13.439090705625684,8.978042482587108,8.978042482587108,7.05880954967638,7.05880954967638,5.167536702555579,5.167536702555579,3.595955121296533,3.595955121296533,17.215316520898284,19.086016810659167,0.0,34.3744625800739,25.34595422050843,18.90801031431363,13.30664111289061,9.467009378641832,0.0,10.139691247697748,10.571256060898818,389.14993234,1.5,2.25,2.857142857142857,0.4444444444444444,-3.0100000000000002,28,369.22700000000015,3.423591009679466,18.357813569920662,6.860776950297219,2.9886300803103913,158.74553787389897,14.874520738851096,0.47749701156478486,14.874520738851096,0.34072512112828196,0.03388529331485679,0.34072512112828196,-1.336542400875498,-0.47749701156478486,0.966,100.39270000000002,389.38700000000017,3,9,1,1,2,0,2,2,8,2,10,0,5,1,1,2,148,25.144792834381356,18.320426253742255,11.635083618880923,5.428790391900541,0.0,5.9693052879518484,4.794537184071822,14.16893075269385,0.0,0.0,5.15571272675054,18.90801031431363,31.246103258747585,17.642665623148073,4,19.12906821032398,28.532254503790103,0.0,9.551078168738563,16.807286250074117,18.88348407499998,31.64397648986574,33.86721054878994,0.0,0.0,20.892857142857142,16.062367599913202,10.208277825509848,0.0,0.0,53.08266261331707,4.8375885837366335,11.735126887207286,29.241472750768796,22.213460550897047,0.0,11.033401435232523,0.0,123.04,16.544925044091713,0.0,34.91027128749965,13.246596905016158,5.652348697880285,-2.0264402017211705,1.1405662221142916,3.0217088999664754,1.073056745910281,1.4369663992423176,0,0,0,0,1,2,0,0,1,1,1,0,0,0,0,4,0,1,0,0,0,0,0,0,0,0,0,0,0,1,0,0,0,0,0,0,1,0,0,0,0,0,0,0,1,0,0,0,0,0,0,0,0,0,0,0,0,0,0,0,0,0,0,1,0,0,0,0,0,0,0,0,0,2,0,0,0,0,0,0,0,0,0,0,0,0.7304236261034949
"8-Chloro-3-pentyl-3,7-dihydro-1h-purine-2,6-dione",CCCCCn1c(=O)[nH]c(=O)c2[nH]c(Cl)nc21,1,train,2.652464835924453,2.1089855896717826,-2.0397611912184983,2.092319766977511,-2.3000027456205743,6.2848998851941476,0.5883918059567126,35.49570141089131,10.237700303409982,2.529480394927584,639.7738082842901,12.41384908344359,9.41731536968306,10.173244315701515,8.130228955335799,5.514992265171779,5.892956738181007,3.8442415926938853,4.202254680144202,2.589436312843757,2.7684428565689156,1.740154240540877,1.9146995188305322,11.24901029325548,9.589074368143644,0.0,10.800287037660521,12.191933626680303,19.26246486877803,4.567099647791355,0.0,0.0,21.875672762532247,11.600939890232516,256.072703336,1.2941176470588236,2.0588235294117645,2.764705882352941,0.5,-1.56,17,243.589,2.652464835924453,11.91181818719993,4.747341960884809,2.2606997131739273,101.64216450063357,11.667891628873772,0.3295827217759599,11.667891628873772,0.3295827217759599,0.11142733791047332,0.3227168951191777,-0.4896837732006383,-0.3227168951191777,1.2565,65.50940000000001,256.69300000000004,2,6,0,0,0,0,2,2,4,2,7,0,4,0,0,0,92,4.983978520947208,0.0,11.16387793838399,5.283586320044258,5.559266895052007,5.689743398203474,14.345615352810384,4.794537184071822,4.983978520947208,0.0,19.765380445542643,18.021761513158523,6.544756405912575,0.0,2,0.0,22.764817828616504,0.0,19.51903521063298,0.0,32.730958474381225,0.0,26.12167098144338,0.0,0.0,11.176470588235293,11.24901029325548,0.0,0.0,11.600939890232516,19.51903521063298,6.544756405912575,0.0,26.186202068468653,9.589074368143644,5.283586320044258,11.16387793838399,0.0,83.54,1.439259259259259,5.705884135032613,32.01009904887881,0.11142733791047332,-0.37142334866045124,0.0,0.0,2.940290357912713,2.608907654111027,0.0,0,0,0,0,0,4,2,0,0,0,0,0,0,0,0,2,2,0,0,0,0,2,0,0,0,0,0,0,0,0,1,0,0,0,0,0,1,0,0,0,0,0,0,0,1,0,0,1,0,0,0,0,0,0,0,0,0,0,0,0,0,0,0,0,0,0,0,0,0,0,0,0,0,0,0,0,0,0,0,0,0,0,0,1,0,0.6379959486089831
C15-azlactone,CCCCCCCCCCCCCCCC1=NC(C)(C)C(=O)O1,1,train,2.765545003991784,2.357808442208748,-2.0495528349166885,2.2115898089864716,-2.2461945642365615,5.988562483649322,-0.13750772975102238,16.55337724238151,10.043872660448955,1.8298640418653176,360.6531742777117,16.968409037364015,15.663205113039353,15.663205113039353,11.059678737419713,9.870246202975574,9.870246202975574,7.446719174773803,7.446719174773803,4.60844995899482,4.60844995899482,3.013028646721354,3.013028646721354,5.538925252383345,4.794537184071822,0.0,5.9693052879518484,5.897745344357611,12.841643245852019,77.04985947511214,0.0,13.847474399381248,11.916141932326292,4.736862953800049,323.282429424,0.782608695652174,1.2173913043478262,1.608695652173913,0.9,-0.8600000000000001,23,286.22499999999997,2.765545003991784,20.185167118337848,11.641373646514241,9.120313248846244,142.8377098632467,11.503346133303715,0.41012588595132493,11.503346133303715,0.3395239307435863,0.2063017571488619,0.3395239307435863,-0.6608405741532499,-0.41012588595132493,6.201600000000006,97.91800000000008,323.521,0,3,0,1,1,0,0,0,3,0,3,0,14,0,0,0,134,4.736862953800049,0.0,11.436670596740957,0.0,0.0,5.9693052879518484,0.0,9.786941916707491,0.0,0.0,83.97359667480276,20.268296022307258,6.4208216229260096,0.0,1,9.53140013787187,11.86705063230946,0.0,0.0,4.992404732635668,116.20163957241938,0.0,0.0,0.0,0.0,16.47826086956522,0.0,0.0,0.0,0.0,17.405975884692804,9.53140013787187,0.0,110.66271432003603,4.992404732635668,0.0,0.0,0.0,38.66,5.194716711641993,0.0,15.8439742892318,0.0,-0.6608405741532499,0.4354325030549324,0.0,18.374384923428522,5.895665480129334,0.0,0,0,0,0,0,0,0,0,0,0,1,1,0,0,1,1,0,0,0,0,0,0,0,0,0,0,0,0,0,0,0,0,0,0,0,0,0,0,0,0,1,1,0,0,0,0,0,0,0,0,0,0,0,0,1,0,0,0,0,0,0,0,0,0,0,0,0,0,0,0,0,0,0,0,0,0,0,0,0,0,0,0,0,11,0,0.28174394967959865
C17-azlactone,CCCCCCCCCCCCCCCCCC1=NC(C)(C)C(=O)O1,1,train,2.8325197299605347,2.3578529570635793,-2.049567435009682,2.2121209780291395,-2.2461945937381733,5.98857108088164,-0.13750809263297528,16.553380331449606,10.037730705143588,1.7877383550482149,387.48845819089,18.38262259973711,17.07741867541245,17.07741867541245,12.059678737419713,10.87024620297557,10.87024620297557,8.153825955960352,8.153825955960352,5.108449958994819,5.108449958994819,3.366582037314628,3.366582037314628,5.538925252383345,4.794537184071822,0.0,5.9693052879518484,5.897745344357611,12.841643245852019,89.89150272096417,0.0,13.847474399381248,11.916141932326292,4.736862953800049,351.3137295519999,0.72,1.12,1.48,0.9090909090909091,-0.8600000000000001,25,310.247,2.8325197299605347,22.18142502071251,13.357940136109539,10.664392090086457,155.5675940920399,11.529819043335689,0.41012588595132493,11.529819043335689,0.3395239307435863,0.20513020008856997,0.3395239307435863,-0.6618648850523299,-0.41012588595132493,6.981800000000009,107.15200000000009,351.57500000000005,0,3,0,1,1,0,0,0,3,0,3,0,16,0,0,0,146,4.736862953800049,0.0,11.436670596740957,0.0,0.0,5.9693052879518484,0.0,9.786941916707491,0.0,0.0,96.81523992065479,20.268296022307258,6.4208216229260096,0.0,1,9.53140013787187,11.86705063230946,0.0,0.0,4.992404732635668,129.04328281827142,0.0,0.0,0.0,0.0,16.12,0.0,0.0,0.0,0.0,17.405975884692804,9.53140013787187,0.0,123.50435756588806,4.992404732635668,0.0,0.0,0.0,38.66,5.206774779608134,0.0,15.879577015802125,0.0,-0.6618648850523299,0.4381050797996051,0.0,21.312793257645914,5.90794808552989,0.0,0,0,0,0,0,0,0,0,0,0,1,1,0,0,1,1,0,0,0,0,0,0,0,0,0,0,0,0,0,0,0,0,0,0,0,0,0,0,0,0,1,1,0,0,0,0,0,0,0,0,0,0,0,0,1,0,0,0,0,0,0,0,0,0,0,0,0,0,0,0,0,0,0,0,0,0,0,0,0,0,0,0,0,13,0,0.2220664196777725
C6-azlactone,CCCCCCC1=NC(C)(C)C(=O)O1,1,train,2.351930939930758,2.357518314506368,-2.0494443804157787,2.2065127074354836,-2.246192959122224,5.988522232288327,-0.13750615541991523,16.55336335256023,10.097376823255955,2.302971364492702,243.67208644713304,10.604448006685086,9.299244082360422,9.299244082360422,6.559678737419713,5.370246202975574,5.370246202975574,4.264738659434342,4.264738659434342,2.3584499589948202,2.3584499589948202,1.4220383890516248,1.4220383890516248,5.538925252383345,4.794537184071822,0.0,5.9693052879518484,5.897745344357611,12.841643245852019,19.26246486877803,13.847474399381248,0.0,11.916141932326292,4.736862953800049,197.141578848,1.2857142857142858,2.0,2.5,0.8181818181818182,-0.8600000000000001,14,178.12599999999998,2.351930939930758,11.216103500761037,4.578408118164612,2.823853541594144,85.55323083367718,11.258305854749306,0.4101258859513357,11.258305854749306,0.3395239307435863,0.2194522917191566,0.3395239307435863,-0.6526888463718821,-0.4101258859513357,2.6907000000000005,56.36500000000004,197.278,0,3,0,1,1,0,0,0,3,0,3,0,5,0,0,0,80,4.736862953800049,0.0,11.436670596740957,0.0,0.0,5.9693052879518484,0.0,9.786941916707491,0.0,0.0,26.186202068468653,20.268296022307258,6.4208216229260096,0.0,1,9.53140013787187,11.86705063230946,0.0,0.0,4.992404732635668,58.41424496608526,0.0,0.0,0.0,0.0,19.357142857142858,0.0,0.0,0.0,0.0,17.405975884692804,9.53140013787187,0.0,52.87531971370191,4.992404732635668,0.0,0.0,0.0,38.66,5.0678649376417235,0.0,15.502274581128747,0.0,-0.6526888463718821,0.40193943163685275,0.0,5.514958939594356,5.748984289703536,0.0,0,0,0,0,0,0,0,0,0,0,1,1,0,0,1,1,0,0,0,0,0,0,0,0,0,0,0,0,0,0,0,0,0,0,0,0,0,0,0,0,1,1,0,0,0,0,0,0,0,0,0,0,0,0,1,0,0,0,0,0,0,0,0,0,0,0,0,0,0,0,0,0,0,0,0,0,0,0,0,0,0,0,0,2,0,0.5017786866829369
C9-azlactone,CCCCCCCCCC1=NC(C)(C)C(=O)O1,1,train,2.5148066411746535,2.3576664581756384,-2.049493617092169,2.2093257930080705,-2.246194465302754,5.988536775913844,-0.1375066299625083,16.553368003813663,10.082316035878202,2.063359852361472,281.9467971098485,12.72576835024473,11.420564425920066,11.420564425920066,8.059678737419713,6.870246202975574,6.870246202975574,5.325398831214163,5.325398831214163,3.108449958994819,3.108449958994819,1.952368474941535,1.952368474941535,5.538925252383345,4.794537184071822,0.0,5.9693052879518484,5.897745344357611,12.841643245852019,38.524929737556064,13.847474399381248,0.0,11.916141932326292,4.736862953800049,239.18852904,1.0588235294117647,1.6470588235294117,2.176470588235294,0.8571428571428571,-0.8600000000000001,17,214.15899999999993,2.5148066411746535,14.20195786864932,6.773524845401519,4.881911434588156,104.64805717686701,11.376540643464864,0.41012588595132493,11.376540643464864,0.3395239307435863,0.21255018989281216,0.3395239307435863,-0.6562904559015219,-0.41012588595132493,3.8610000000000033,70.21600000000005,239.35899999999998,0,3,0,1,1,0,0,0,3,0,3,0,8,0,0,0,98,4.736862953800049,0.0,11.436670596740957,0.0,0.0,5.9693052879518484,0.0,9.786941916707491,0.0,0.0,45.448666937246685,20.268296022307258,6.4208216229260096,0.0,1,9.53140013787187,11.86705063230946,0.0,0.0,4.992404732635668,77.6767098348633,0.0,0.0,0.0,0.0,18.058823529411764,0.0,0.0,0.0,0.0,17.405975884692804,9.53140013787187,0.0,72.13778458247995,4.992404732635668,0.0,0.0,0.0,38.66,5.13276548988129,0.0,15.670104851172741,0.0,-0.6562904559015219,0.4203740615979079,0.0,9.688501949531215,5.827877437051701,0.0,0,0,0,0,0,0,0,0,0,0,1,1,0,0,1,1,0,0,0,0,0,0,0,0,0,0,0,0,0,0,0,0,0,0,0,0,0,0,0,0,1,1,0,0,0,0,0,0,0,0,0,0,0,0,1,0,0,0,0,0,0,0,0,0,0,0,0,0,0,0,0,0,0,0,0,0,0,0,0,0,0,0,0,5,0,0.4762839170365906
C11-azlactone,CCCCCCCCCCCC1=NC(C)(C)C(=O)O1,1,train,2.6089088046653384,2.357718074109656,-2.04951699212335,2.2102963334103203,-2.246194508034374,5.988545353370839,-0.13750700132146443,16.553371078847533,10.06483606279276,1.9600911972601895,307.87079399941445,14.139981912617825,12.834777988293162,12.834777988293162,9.059678737419713,7.870246202975574,7.870246202975574,6.032505612400709,6.032505612400709,3.6084499589948194,3.6084499589948194,2.3059218655348084,2.3059218655348084,5.538925252383345,4.794537184071822,0.0,5.9693052879518484,5.897745344357611,12.841643245852019,51.36657298340809,13.847474399381248,0.0,11.916141932326292,4.736862953800049,267.219829168,0.9473684210526315,1.4736842105263157,1.9473684210526316,0.875,-0.8600000000000001,19,238.18099999999995,2.6089088046653384,16.195126791620726,8.33856213241858,6.216300798266383,117.37794140566024,11.42978267005854,0.41012588595132493,11.42978267005854,0.3395239307435863,0.20979245464881324,0.3395239307435863,-0.658124054232373,-0.41012588595132493,4.641200000000004,79.45000000000006,267.41299999999995,0,3,0,1,1,0,0,0,3,0,3,0,10,0,0,0,110,4.736862953800049,0.0,11.436670596740957,0.0,0.0,5.9693052879518484,0.0,9.786941916707491,0.0,0.0,58.29031018309871,20.268296022307258,6.4208216229260096,0.0,1,9.53140013787187,11.86705063230946,0.0,0.0,4.992404732635668,90.51835308071533,0.0,0.0,0.0,0.0,17.42105263157895,0.0,0.0,0.0,0.0,17.405975884692804,9.53140013787187,0.0,84.97942782833198,4.992404732635668,0.0,0.0,0.0,38.66,5.159662349820109,0.0,15.743812935601355,0.0,-0.658124054232373,0.4271943924954116,0.0,12.552541462183989,5.858246247464841,0.0,0,0,0,0,0,0,0,0,0,0,1,1,0,0,1,1,0,0,0,0,0,0,0,0,0,0,0,0,0,0,0,0,0,0,0,0,0,0,0,0,1,1,0,0,0,0,0,0,0,0,0,0,0,0,1,0,0,0,0,0,0,0,0,0,0,0,0,0,0,0,0,0,0,0,0,0,0,0,0,0,0,0,0,7,0,0.4269621700836958
C4-azlactone,CCCCC1=NC(C)(C)C(=O)O1,1,train,2.22434370421328,2.3570429037805045,-2.0493970516712188,2.201870034684302,-2.2461784342574447,5.988488334693581,-0.13750540826943625,16.553359342108283,10.099064300518869,2.5410543911633585,218.56842503028858,9.19023444431199,7.8850305199873265,7.8850305199873265,5.559678737419713,4.370246202975574,4.370246202975574,3.5576318782477947,3.5576318782477947,1.8584499589948207,1.8584499589948207,1.0470383890516253,1.0470383890516253,5.538925252383345,4.794537184071822,0.0,5.9693052879518484,5.897745344357611,19.26246486877803,0.0,13.847474399381248,0.0,11.916141932326292,4.736862953800049,169.11027872,1.5,2.1666666666666665,2.5833333333333335,0.7777777777777778,-0.8600000000000001,12,154.10399999999998,2.22434370421328,9.229766606822263,3.251795949014893,1.840434814848131,72.82334660488392,11.132592120181407,0.41012588748985424,11.132592120181407,0.339523930738264,0.22814531368102764,0.339523930738264,-0.649727418745276,-0.41012588748985424,1.9104999999999999,47.13100000000003,169.224,0,3,0,1,1,0,0,0,3,0,3,0,3,0,0,0,68,4.736862953800049,0.0,11.436670596740957,0.0,0.0,5.9693052879518484,0.0,9.786941916707491,0.0,0.0,13.344558822616634,20.268296022307258,6.4208216229260096,0.0,1,9.53140013787187,11.86705063230946,0.0,0.0,4.992404732635668,45.57260172023324,0.0,0.0,0.0,0.0,20.583333333333332,0.0,0.0,0.0,0.0,17.405975884692804,9.53140013787187,0.0,40.0336764678499,4.992404732635668,0.0,0.0,0.0,38.66,4.989722222222222,0.0,15.316434712773999,0.0,-0.649727418745276,0.3754195011337873,0.0,2.90760156840514,5.643882747543461,0.0,0,0,0,0,0,0,0,0,0,0,1,1,0,0,1,1,0,0,0,0,0,0,0,0,0,0,0,0,0,0,0,0,0,0,0,0,0,0,0,0,1,1,0,0,0,0,0,0,0,0,0,0,0,0,1,0,0,0,0,0,0,0,0,0,0,0,0,0,0,0,0,0,0,0,0,0,0,0,0,0,0,0,0,0,0,0.60517049387598
Furil,O=C(C(=O)c1ccco1)c1ccco1,0,train,2.8722792110723487,2.2198927323911786,-1.9132576019582643,2.0800215567516487,-2.121084526443164,6.474208540246627,0.07850313358328873,16.348620766944045,10.153932707103165,2.2580731093872397,392.19008222779485,9.966255326250886,7.097094776993209,7.097094776993209,6.787693700234704,3.948584704241718,3.948584704241718,2.6128511308506317,2.6128511308506317,1.6961638600489362,1.6961638600489362,1.0393083815989985,1.0393083815989985,11.566489892729878,9.589074368143644,0.0,11.520494837748883,0.0,0.0,24.659060128201332,12.13273413692322,0.0,0.0,8.834301874106695,190.026608672,0.8571428571428571,1.2857142857142858,1.5714285714285714,0.0,-2.1,14,184.10599999999997,2.8722792110723487,8.496118021753501,3.3341936893355397,1.372838360672958,79.13008428259542,11.40087962962963,0.46072515374557793,11.40087962962963,0.27140872653874937,0.019814814814815174,0.27140872653874937,-0.7037500000000005,-0.46072515374557793,1.9382,46.07700000000002,190.154,0,4,0,0,0,0,2,2,4,0,4,0,3,0,0,0,70,8.834301874106695,0.0,11.520494837748883,0.0,11.566489892729878,0.0,9.589074368143644,0.0,0.0,0.0,0.0,24.26546827384644,0.0,12.526325991278114,2,18.423376242250338,11.566489892729878,0.0,0.0,0.0,0.0,0.0,48.312289102873436,0.0,0.0,10.0,0.0,0.0,0.0,0.0,11.566489892729878,0.0,0.0,21.109569205892527,45.62609613923125,0.0,0.0,0.0,60.42,9.604856386999245,0.0,22.80175925925926,0.0,0.0,-1.3678703703703698,5.955997732426303,2.67192365835223,0.0,0.0,0,0,0,0,0,0,0,0,0,0,2,2,0,0,0,0,0,0,0,0,0,0,0,0,0,0,0,0,0,0,0,0,0,0,0,0,0,0,0,0,0,0,2,0,0,0,0,0,0,0,0,2,2,0,0,0,0,0,0,0,0,0,0,0,0,0,0,0,0,0,0,0,0,0,0,0,0,0,0,0,0,0,0,0,0,0.5476836360054369
"2-(4-Ethoxyphenyl)-3-[4-(methylsulfonyl)phenyl]pyrazolo[1,5-b]pyridazine",CCOc1ccc(-c2nn3ncccc3c2-c2ccc(S(C)(=O)=O)cc2)cc1,0,train,3.0764500469807965,2.175030112036689,-2.066468686847676,2.3532274817100642,-1.9592756049926023,7.903048963939489,0.3400664425865896,32.22774643446344,9.996899124109683,1.882503262902181,1228.3822494480578,19.72540387131522,15.532593690627762,16.349090271555486,13.469676358478248,8.849100526642856,10.740512064701113,6.3758809554791895,8.39161653022204,4.42923880741836,5.557709034645053,3.124903294821906,3.7553738075079925,9.837253136417502,8.417796984328938,0.0,4.895483475517775,6.606881964512918,33.650495020839614,6.255769183511404,35.09241302642897,43.321939610460284,10.197363616602075,4.736862953800049,393.11471246799994,0.9642857142857143,1.6428571428571428,2.2857142857142856,0.14285714285714285,-3.189999999999999,28,374.3160000000001,3.0764500469807965,18.1862676072455,7.08679109622287,3.3619173919643273,162.87372498002316,11.77832044635269,0.49388934844298704,11.77832044635269,0.1750185288352178,0.28561687049553375,0.1750185288352178,-3.250521989706416,-0.49388934844298704,3.8655000000000026,108.13780000000001,393.46800000000013,0,6,0,0,0,2,2,4,6,0,7,0,5,0,0,0,142,4.736862953800049,11.443439828132366,9.837253136417502,0.0,0.0,0.0,0.0,8.417796984328938,9.72878298927049,5.098681808301038,12.13273413692322,61.0181252390805,23.57951573851847,17.019066157646954,4,13.154659938128987,15.353953854033763,0.0,14.827464797571528,0.0,11.819220675208399,12.862651148024323,66.86051425622918,0.0,28.13379430322335,11.642857142857142,4.736862953800049,0.0,5.749511833283905,0.0,36.10791292992479,9.837253136417502,0.0,6.923737199690624,71.75599773174696,0.0,27.90098318755571,0.0,73.56,30.666242194880514,0.0,0.28561687049553375,8.954940827028445,4.319521014424289,0.7983282391877273,18.37802146180506,2.8800674570092655,2.5511172582089165,-3.250521989706416,0,0,0,0,0,3,0,0,0,0,0,0,0,0,0,3,0,0,0,0,0,0,0,0,0,0,0,0,0,0,0,0,0,0,2,0,1,0,0,0,0,1,0,0,0,0,0,0,0,0,0,0,0,0,0,0,0,0,0,0,0,0,0,0,0,0,0,0,0,0,0,0,0,0,0,0,0,1,0,0,0,0,0,0,0,0.5146434389372717
14-Hydroxynor-morphinone,O=C1C=CC2(O)C3Cc4ccc(O)c5c4C2(CCN3)C1O5,1,train,2.7989355356734054,2.7022304609232193,-2.571057011664183,2.616140347015548,-2.7420326950183487,5.985387343675701,-0.13863105982364127,16.51124533280798,9.510922355107295,1.925307880647398,727.2323158243137,14.405412915006313,11.296345730625042,11.296345730625042,10.077152380394477,7.286140352028192,7.286140352028192,6.439060424252196,6.439060424252196,5.692710826013209,5.692710826013209,4.827178043167128,4.827178043167128,17.12000766812877,15.007591973753234,0.0,17.574597608796804,18.591155079135923,17.671659389306566,6.076020106833881,12.142387175295491,6.06636706846161,5.316788604006331,4.736862953800049,285.10010796,1.380952380952381,2.238095238095238,3.0952380952380953,0.4375,-1.8499999999999999,21,270.179,2.7989355356734054,11.771181234226963,3.311568774629386,1.0498557923409706,120.78129363471257,12.348640873015873,0.5042464298588258,12.348640873015873,0.19649033567796512,0.045979308390022844,0.19649033567796512,-1.1429861111111106,-0.5042464298588258,0.17899999999999988,73.40930000000003,285.299,3,5,2,2,4,1,0,1,5,3,5,0,0,0,1,1,108,20.26670634748779,5.601050810983688,23.386235000681054,0.0,0.0,0.0,4.794537184071822,0.0,0.0,0.0,6.06636706846161,43.168258425590956,11.605292320844956,5.414990469396779,5,19.744454927553285,5.783244946364939,0.0,5.316788604006331,0.0,36.00349174312875,6.544756405912575,35.411677333984976,0.0,11.49902366656781,41.666666666666664,10.05365155780638,0.0,11.49902366656781,0.0,40.28791416983888,16.63034927639461,0.0,17.547724606320003,24.284774350590983,0.0,0.0,0.0,78.79,5.848263888888889,0.0,12.348640873015873,24.84898006424792,-0.02087962962962897,0.2932941232048383,3.355710034013605,3.601295351473923,0.7246952947845805,0.0,0,1,0,0,0,0,0,1,0,0,1,1,0,0,0,0,1,0,0,0,0,0,0,0,0,0,0,0,0,0,0,0,0,0,1,0,0,0,0,0,0,1,0,0,0,0,0,0,0,0,0,1,0,0,0,0,0,0,0,0,0,0,0,0,0,1,1,0,0,1,0,0,0,0,0,0,0,0,0,0,0,0,0,0,0,0.6335496890424656
Abietic acid,CC(C)C1=CC2=CCC3C(C)(C(=O)O)CCCC3(C)C2CC1,1,train,2.459138721643191,2.566165021217209,-2.5660503917386195,2.6155920200662144,-2.5251720701465215,5.747704042713452,-0.16200595143477828,16.368066387166433,9.466280713738303,1.998747240485634,541.9104984355639,16.120955864630137,14.484853919031238,14.484853919031238,10.28736480577415,8.927237601291077,8.927237601291077,8.539617823481235,8.539617823481235,7.068272528271178,7.068272528271178,5.6005764150689945,5.6005764150689945,11.384295757348628,9.901064578912528,0.0,11.332896515558172,11.835812092322787,19.26246486877803,24.835569398847294,5.5731045300692665,6.923737199690624,32.923251812739636,0.0,302.2245802,1.3181818181818181,2.0454545454545454,2.6818181818181817,0.75,-1.05,22,272.21799999999996,2.459138721643191,15.830857789738989,5.24725829990057,2.1777408177222792,134.23220752864867,11.94201881450213,0.48082126207125503,11.94201881450213,0.30916159343943467,0.16119331065759668,0.30916159343943467,-0.5884296527252875,-0.48082126207125503,5.206200000000004,89.53580000000007,302.458,1,2,3,0,3,0,0,0,1,1,2,0,2,1,0,1,122,5.106527394840706,0.0,0.0,0.0,0.0,5.9693052879518484,4.794537184071822,0.0,0.0,0.0,44.91717796573491,67.76965845227089,0.0,5.414990469396779,3,9.901064578912528,5.9693052879518484,0.0,0.0,28.583699077277736,66.21987853631856,0.0,23.298249273806295,0.0,0.0,41.31818181818182,0.0,0.0,0.0,0.0,11.075832682792555,4.794537184071822,28.583699077277736,66.21987853631856,23.298249273806295,0.0,0.0,0.0,37.3,0.0,0.0,11.94201881450213,9.829133438894893,2.690410538443774,0.8881868727429243,0.0,11.217030528260688,8.933219807155593,0.0,1,0,0,0,0,0,0,0,1,1,1,0,0,0,0,0,0,0,0,0,0,0,0,0,0,0,4,0,0,0,0,0,0,0,0,0,3,0,0,0,0,0,0,0,0,0,0,0,0,0,0,0,0,0,0,0,0,0,0,0,0,0,0,0,0,0,0,0,0,0,0,0,0,0,0,0,0,0,0,0,0,0,0,0,0,0.760294032470122
Azithromycin,CCC1OC(=O)C(C)C(OC2CC(C)(OC)C(O)C(C)O2)C(C)C(OC2OC(C)CC(N(C)C)C2O)C(C)(O)CC(C)CN(C)C(C)C(O)C1(C)O,1,train,3.05424261494136,2.5232489674458396,-2.484652433174526,2.3982822734584435,-2.602395919331875,5.727510634581747,-0.3175797470167672,16.71364559792243,9.773533953023037,2.174897674367484,1143.2996076325867,39.67047943846528,34.18402114552387,34.18402114552387,23.90868204321631,19.1425315930732,19.1425315930732,17.16511252298626,17.16511252298626,12.207585984587311,12.207585984587311,8.736622445921284,8.736622445921284,95.9579288152822,30.327174158275348,0.0,37.32617813183568,12.965578028838586,0.0,14.033534740968157,41.54242319814374,51.71404700880439,0.0,28.421177722800294,748.5085257439999,0.9423076923076923,1.5576923076923077,2.1153846153846154,0.9736842105263158,-1.0100000000000005,52,676.4200000000001,3.05424261494136,45.379890795747386,17.847452831186484,10.043362889283467,311.5582453783882,14.197646170593277,0.45893581612486206,14.197646170593277,0.3111884259366843,0.13307170776687305,0.3111884259366843,-1.7988146896397503,-0.45893581612486206,1.9007000000000054,194.1789999999994,748.9960000000001,5,14,0,3,3,0,0,0,14,5,14,0,7,0,3,3,306,63.75363415870476,30.016916361976897,12.580053458670426,0.0,0.0,5.9693052879518484,4.794537184071822,0.0,0.0,0.0,20.771211599071872,94.78954726080535,38.07696327457343,41.535873219121974,3,58.748351881075635,5.9693052879518484,0.0,9.799819461700954,17.75371813848418,185.21927714051412,34.79756989522168,0.0,0.0,0.0,49.61538461538461,0.0,0.0,0.0,0.0,166.39795027098182,33.215714906872115,17.75371813848418,94.92065848861026,0.0,0.0,0.0,0.0,180.08,37.527841638639316,0.0,18.044394001566985,58.13685659486302,-4.374301807109053,-2.584215013114724,-0.8077540456952021,-8.189621261650455,18.044648104051845,7.118818455114937,0,5,3,0,0,0,0,0,0,0,1,1,0,0,0,2,0,0,0,2,0,0,0,0,0,0,0,0,0,0,0,0,0,0,0,0,0,0,0,0,1,6,0,0,0,0,0,0,0,0,0,0,0,0,1,1,0,0,0,0,0,0,0,0,0,0,0,0,0,0,0,0,0,0,0,0,0,0,0,0,0,0,0,0,0,0.23847544119122638
Phenyl benzoate,O=C(Oc1ccccc1)c1ccccc1,1,train,2.3138192928628576,2.0571222103758555,-2.024503338055865,2.1075422087649693,-2.072272387632685,5.904171517684185,0.07345531978766379,16.53582594106019,10.207837522214874,2.1164219931177755,434.6078366577884,10.510225400620904,8.089999272823986,8.089999272823986,7.360173345306137,4.683739640741714,4.683739640741714,3.068597484550812,3.068597484550812,1.9632453270864911,1.9632453270864911,1.2287358782344073,1.2287358782344073,0.0,4.794537184071822,0.0,5.9693052879518484,11.3129633249809,0.0,0.0,24.26546827384644,36.39820241076966,0.0,4.736862953800049,198.06807956,0.8,1.3333333333333333,1.9333333333333333,0.0,-2.0899999999999994,15,188.14099999999996,2.3138192928628576,9.464452702776038,4.419468990214426,2.43654431920468,88.12850676950826,11.591855631141346,0.4229406059928973,11.591855631141346,0.3430215541410967,0.33166666666666633,0.3430215541410967,-0.33166666666666633,-0.4229406059928973,2.905800000000001,57.84250000000003,198.22099999999998,0,2,0,0,0,2,0,2,2,0,2,0,2,0,0,0,74,4.736862953800049,5.749511833283905,0.0,0.0,0.0,5.9693052879518484,0.0,4.794537184071822,0.0,0.0,36.39820241076966,24.26546827384644,0.0,5.563451491696996,2,9.53140013787187,5.9693052879518484,0.0,0.0,0.0,0.0,0.0,66.2271221763131,0.0,5.749511833283905,9.6,4.736862953800049,0.0,5.749511833283905,0.0,5.9693052879518484,0.0,0.0,10.357988675768818,60.6636706846161,0.0,0.0,0.0,26.3,5.161481481481482,0.0,11.591855631141346,0.0,0.5568083900226759,0.2297713529856389,17.960083144368856,0.0,0.0,0.0,0,0,0,0,0,0,0,0,0,0,1,1,0,0,0,0,0,0,0,0,0,0,0,0,0,0,0,0,0,0,0,0,0,0,2,0,0,0,0,0,1,1,0,0,0,0,0,0,0,0,0,0,0,0,0,0,0,0,0,0,0,0,0,0,1,0,0,0,0,0,0,0,0,0,0,0,0,0,0,0,0,0,0,0,0,0.5474890901379807
"Ethyl 1H-1,2,4-triazole-5-carboxylate",CCOC(=O)c1nnc[nH]1,0,train,2.3808827889382522,2.071032480263045,-1.9370761507231942,1.8840193445204005,-2.0584867692157736,5.842487327911783,0.05123688859973133,16.533430714747084,10.621960232052873,2.593351893305189,206.6774565632166,7.397341225498538,5.495380822303816,5.495380822303816,4.842535255101096,2.8745110283371766,2.8745110283371766,1.5579840442163757,1.5579840442163757,0.8855193639386911,0.8855193639386911,0.5046839379108771,0.5046839379108771,5.9693052879518484,4.794537184071822,0.0,5.824404497999927,6.606881964512918,0.0,6.3273200747645415,6.923737199690624,0.0,19.918205091349332,0.0,141.053826464,1.9,2.7,3.2,0.4,-1.39,10,134.07399999999998,2.3808827889382522,6.726144018583042,2.95363487933511,1.3082688738781512,57.418206743549476,10.749814814814815,0.4600979866859125,10.749814814814815,0.3757645803805685,0.14060185185185214,0.3757645803805685,-0.4722222222222221,-0.4600979866859125,-0.018599999999999894,32.33919999999999,141.13,1,5,0,0,0,0,1,1,4,1,5,0,2,0,0,0,54,9.720841474747257,6.3273200747645415,0.0,5.824404497999927,0.0,5.9693052879518484,0.0,4.794537184071822,0.0,10.197363616602075,0.0,6.923737199690624,0.0,6.606881964512918,1,9.53140013787187,5.9693052879518484,0.0,15.181342137549283,0.0,6.923737199690624,6.606881964512918,12.151724572764468,0.0,0.0,9.3,0.0,0.0,0.0,0.0,27.75752939001405,4.736862953800049,0.0,17.54267888176237,6.3273200747645415,0.0,0.0,0.0,67.87,4.613564814814815,0.0,13.274768518518519,6.873787792894936,0.0,-0.33162037037036995,0.0,1.3256481481481481,2.0771844293272865,0.0,0,0,0,0,0,3,1,0,0,0,1,1,0,0,0,2,1,0,0,0,0,1,0,0,0,0,0,0,0,0,0,0,0,0,0,0,0,0,0,0,1,1,0,0,0,0,0,0,0,0,0,0,0,0,0,0,0,0,0,0,0,0,0,0,0,0,0,0,0,0,0,0,0,0,0,0,0,0,0,0,0,0,0,0,0,0.5875498284703468
"2,3-Dimethyl-2H-indazol-6-amine",Cc1c2ccc(N)cc2nn1C,0,train,2.277133572364382,2.0253647858767025,-1.9159816680373247,2.18370239506727,-1.9072309579041375,5.836030566006917,0.7508447377395905,15.257793940905968,10.180786406869306,2.868172587482222,428.5114228305431,8.71517847069432,7.2038282677584204,7.2038282677584204,5.6815405503520555,3.8711361973073144,3.8711361973073144,2.9856034406464773,2.9856034406464773,2.15472301405398,2.15472301405398,1.3482741936566458,1.3482741936566458,0.0,0.0,0.0,0.0,0.0,11.204086992299825,11.080152209313257,0.0,36.85231332289782,5.098681808301038,5.733667477162185,161.095297352,1.4166666666666667,2.1666666666666665,2.9166666666666665,0.2222222222222222,-1.51,12,150.11999999999998,2.277133572364382,7.155959198637176,2.236155362485989,0.8631877970952561,70.79007603399896,5.633947467876039,0.39866441444053674,5.633947467876039,0.09459954211661642,0.7644444444444447,0.09459954211661642,0.7644444444444447,-0.39866441444053674,1.4639199999999999,49.86340000000001,161.208,2,3,0,0,0,1,1,2,3,1,3,0,0,0,0,0,62,5.733667477162185,0.0,0.0,0.0,0.0,0.0,4.681802935145184,0.0,5.098681808301038,0.0,0.0,25.122838405075452,23.81521046667401,5.516700717616262,2,0.0,16.590311206764618,0.0,9.780484743446221,7.04767198267719,6.923737199690624,5.733667477162185,23.89302920023329,0.0,0.0,10.833333333333334,5.733667477162185,5.687386274683562,0.0,0.0,9.780484743446221,7.04767198267719,6.923737199690624,5.693927994848461,18.19910120538483,0.0,10.902924932081056,0.0,43.839999999999996,1.8651851851851853,0.0,0.0,5.483055555555556,8.537280801209373,0.0,5.797962962962963,0.0,2.0471466364323505,1.9360355253212396,0,0,0,1,0,2,0,0,0,0,0,0,0,0,0,2,0,1,0,0,0,0,0,0,0,0,0,0,0,1,2,0,0,0,1,0,1,0,0,0,0,0,0,0,0,0,0,0,0,0,0,0,0,0,0,0,0,0,0,0,0,0,0,0,0,0,0,0,0,0,0,0,0,0,0,0,0,0,0,0,0,0,0,0,0,0.5943633062760109
"5'-Chloro-2'- hydroxy-3'-nitro- [1,1'-biphenyl]-3- carboxylic acid",O=C(O)c1cccc(-c2cc(Cl)cc([N+](=O)[O-])c2O)c1,1,train,2.40442312793056,2.1973797386691687,-2.068283713342051,2.3914718345322283,-1.9610635214957424,6.308524335821701,-0.3853755459927139,35.495691383991186,10.01203635626618,2.662750782830898,713.9028579390346,14.861442840636295,9.908451746038446,10.6643806920569,9.396754605515325,5.405142890081764,5.783107363090991,3.9641489772653475,4.40058475773733,2.6717943335959156,2.890012223831908,1.7638441477795612,1.9763025691039826,22.329514444736986,20.015382847678097,0.0,16.149536297135317,5.563451491696996,6.06636706846161,30.33183534230805,0.0,0.0,0.0,16.70746728507322,293.009100036,1.25,1.95,2.55,0.0,-2.5999999999999996,20,285.598,2.40442312793056,13.822967863894139,5.180648942405028,2.5482332663027862,117.55967099377486,10.914705512863582,0.5016594097557067,10.914705512863582,0.33520067840375906,0.004193121693122137,0.33520067840375906,-1.1362337280591255,-0.5016594097557067,3.319000000000001,72.16650000000001,293.662,2,6,0,0,0,2,0,2,4,2,7,0,3,0,0,0,102,10.213054789681411,0.0,0.0,5.749511833283905,0.0,11.65669156263541,10.114318268765572,4.794537184071822,0.0,0.0,23.733674027155736,23.762552697081826,16.65245187389993,10.486762540514666,2,19.930903022570902,23.257631452867926,0.0,0.0,0.0,0.0,0.0,57.098605484973554,0.0,16.876414816677897,10.25,0.0,5.687386274683562,5.749511833283905,11.600939890232516,21.10567112645093,0.0,10.114318268765572,10.357988675768818,36.39820241076966,5.022633313741326,11.126902983393991,0.0,100.67,0.0,5.786400734161977,20.98201990775734,29.744718635396545,-0.09902163643234929,-1.6899941211052325,8.053654257999495,0.0,0.0,0.0,0,0,0,0,1,0,0,1,1,1,1,0,0,0,0,1,0,0,0,0,0,0,0,0,0,0,0,0,0,0,0,0,0,0,2,0,0,0,0,0,0,0,0,0,1,0,0,0,0,0,0,0,0,0,0,0,0,0,1,1,0,0,0,0,0,1,1,0,0,0,0,0,0,0,0,0,0,0,0,0,0,0,0,0,0,0.6675198810233273
"4'-(Trifluoromethyl)-[1,1'- biphenyl]-4-carboxaldehyde",O=Cc1ccc(-c2ccc(C(F)(F)F)cc2)cc1,0,train,2.379806272833214,2.293890553374244,-2.073685322468942,2.3041805581776944,-2.0345098773793637,5.764541104359531,-0.13712275276010516,19.413172765157164,10.025200504851187,2.308519629201212,538.7469416647662,13.173362107437434,9.238294132198178,9.238294132198178,8.503349863289461,5.234058514596006,5.234058514596006,3.814968936358165,3.814968936358165,2.592326714157987,2.592326714157987,1.6057972826431137,1.6057972826431137,11.73975000914047,17.96578232709628,0.0,0.0,11.126902983393991,23.98234615174977,12.13273413692322,24.26546827384644,0.0,0.0,0.0,250.060549568,0.7777777777777778,1.2222222222222223,1.6111111111111112,0.07142857142857142,-2.1,18,241.14699999999993,2.379806272833214,12.35936766919926,4.643197690359834,2.587330119349896,101.8765098631767,12.381894033095332,0.41591021979081055,12.381894033095332,0.41591021979081055,0.5330200722264218,0.2978964056982024,-4.319538513050868,-0.2978964056982024,4.1849000000000025,62.26750000000001,250.21899999999997,0,1,0,0,0,2,0,2,1,0,4,0,2,0,0,0,92,0.0,6.2861605231295545,0.0,0.0,0.0,6.176298517443475,4.794537184071822,0.0,13.171245143024459,0.0,36.39820241076966,23.259637120317212,5.563451491696996,5.563451491696996,2,17.96578232709628,6.2861605231295545,0.0,0.0,0.0,6.176298517443475,0.0,59.65783953108687,0.0,11.126902983393991,11.277777777777779,0.0,13.171245143024459,0.0,0.0,6.2861605231295545,6.176298517443475,0.0,15.921440167465814,48.53093654769288,0.0,11.126902983393991,0.0,17.07,37.14568209928599,0.0,10.484311729436188,0.0,1.315922986478543,0.0,11.571507542831949,-3.600757691366006,0.0,0.0,0,0,0,0,0,0,0,0,0,0,1,1,0,0,0,0,0,0,0,0,0,0,0,1,0,3,0,0,0,0,0,0,0,0,2,0,0,0,0,0,0,0,0,0,3,0,0,0,0,0,0,0,0,0,0,0,0,0,0,0,0,0,0,0,0,0,0,0,0,0,0,0,0,0,0,0,0,0,0,0,0,0,0,0,0,0.7303816283983761
1-Chloromethyl- pyrene,ClCc1ccc2ccc3cccc4ccc1c2c34,1,train,2.4438091938126267,2.0902893466354486,-2.1202097496521723,2.3555947836144093,-1.8687810956392066,6.246826483085962,1.4623487821226067,35.495663242016384,9.922862793682805,2.3960659705844036,845.3562009804832,12.11251969619286,9.781223676902409,10.537152622920864,8.881341395361316,6.0968823759308695,6.631404859755718,4.714352990224648,4.981614232137073,3.7629339829045785,4.050867953822882,2.9122427100693824,3.145296776166009,0.0,0.0,0.0,0.0,5.880003444970339,0.0,37.880796778485774,0.0,0.0,54.59730361615449,11.600939890232516,250.054928032,0.6666666666666666,1.2777777777777777,2.0,0.058823529411764705,-1.7899999999999996,18,239.63999999999993,2.4438091938126267,10.162176023191982,3.5996001062323493,1.21319524394038,110.12362993611644,6.049205736821477,0.12152713581514102,6.049205736821477,0.047973096088567896,0.5636585884353741,0.047973096088567896,0.5636585884353741,-0.12152713581514102,5.3228000000000035,79.70300000000005,250.72799999999998,0,0,0,0,0,4,0,4,0,0,1,0,1,0,0,0,86,0.0,0.0,0.0,0.0,0.0,0.0,0.0,0.0,0.0,11.600939890232516,54.59730361615449,37.880796778485774,5.880003444970339,0.0,4,0.0,43.91828517702129,0.0,0.0,0.0,5.880003444970339,0.0,60.160755107851486,0.0,0.0,11.833333333333334,0.0,0.0,0.0,11.600939890232516,0.0,5.880003444970339,0.0,5.563451491696996,54.59730361615449,0.0,32.31734528678877,0.0,0.0,0.0,6.049205736821477,0.0,7.896137251196776,1.2105738221214415,0.5636585884353741,19.558202379202708,0.0,0.0,0.0,0,0,0,0,0,0,0,0,0,0,0,0,0,0,0,0,0,0,0,0,0,0,0,0,0,1,0,0,0,0,0,0,0,0,4,0,0,0,0,0,0,0,0,0,1,0,0,0,0,0,0,0,0,0,0,0,0,0,0,0,0,0,0,0,0,0,0,0,0,0,0,0,0,0,0,0,0,0,0,0,0,0,0,0,0,0.31668300513862097
4-Cyano-4-[3-(cyclopentyloxy)-4-methoxyphenyl]cyclohexanecarboxylic acid,COc1ccc(C2(C#N)CCC(C(=O)O)CC2)cc1OC1CCCC1,0,train,3.1439031291602917,2.3934521608931134,-2.3391058745964783,2.4377884531255027,-2.3252752767436378,5.698415153362102,-0.14258793448992854,16.52138862476559,9.673112801407797,1.8491561250238793,664.7639934110969,17.86359655174942,14.662777657832018,14.662777657832018,12.075647268896141,9.070345531404529,9.070345531404529,7.1963765781471976,7.1963765781471976,5.714453923138449,5.714453923138449,4.074813183458897,4.074813183458897,11.384295757348628,15.162956133651013,0.0,12.021872433909696,37.18231015827185,18.405094737549014,12.841643245852019,7.109797541277533,18.19910120538483,6.069221312792274,9.473725907600098,343.17835828,1.2,1.88,2.44,0.6,-2.2199999999999998,25,318.22300000000007,3.1439031291602917,17.598143976924298,7.346293737800814,3.581185834736577,148.1043564067133,11.201714362464514,0.4928693347141021,11.201714362464514,0.3059895159444911,0.21290034310326456,0.3059895159444911,-0.7578458574787936,-0.4928693347141021,4.052780000000003,92.76280000000006,343.4230000000002,1,5,2,0,2,1,0,1,4,1,5,0,5,2,0,2,134,14.580253302440804,0.0,11.49902366656781,0.0,0.0,5.9693052879518484,4.794537184071822,0.0,5.261891554738487,0.0,6.06636706846161,69.0627586120283,0.0,30.61588175737628,3,19.374790486512623,5.9693052879518484,5.261891554738487,0.0,5.917906046161393,62.88552984055316,7.109797541277533,23.762552697081826,0.0,17.568244979360085,26.8,9.473725907600098,0.0,11.49902366656781,0.0,24.28959661181839,10.209527653468601,17.249018913692154,56.930024475105085,18.19910120538483,0.0,0.0,0.0,79.55,11.576558505327444,0.0,11.201714362464514,19.05598536083027,0.2769186980347702,0.28268874692260404,8.178606938145627,6.891176337179395,0.0,1.6196843844287026,1,0,0,0,0,0,0,0,1,1,1,0,0,0,0,1,0,0,0,0,0,0,0,0,0,0,0,0,0,0,0,0,0,0,1,0,0,0,0,0,0,2,0,0,0,0,0,0,0,0,0,0,0,0,0,1,0,1,0,0,0,0,0,0,0,0,0,0,0,0,0,0,0,0,0,0,0,0,0,0,0,0,0,0,0,0.8721299909048752
Kanamycin,NCC1OC(OC2C(N)CC(N)C(OC3OC(CO)C(O)C(N)C3O)C2O)C(O)C(O)C1O,0,train,2.785013664526957,2.510728990131486,-2.4772893119643227,2.3074419666894666,-2.682077532131526,5.009909437980694,-0.3316007954003256,16.72393442032863,9.838720698108304,1.7220644460470758,584.1983387945309,24.610001506150226,17.854463788517695,17.854463788517695,15.509345470646092,10.79228063998325,10.79228063998325,8.789839929381966,8.789839929381966,6.482175991670566,6.482175991670566,4.400522452035768,4.400522452035768,98.35212178811024,35.745691763884935,0.0,12.965578028838586,0.0,0.0,0.0,0.0,0.0,0.0,41.88212172384894,484.23805797199987,0.6666666666666666,1.1818181818181819,1.696969696969697,1.0,-0.6,33,448.21500000000026,2.785013664526957,26.99525419145484,10.983748429196504,5.32387543252595,189.2991534834346,10.934370590828925,0.3935672815104059,10.934370590828925,0.1866233369638592,0.0849474048878811,0.1866233369638592,-1.6616048584519005,-0.3935672815104059,-7.2913999999999985,107.79220000000001,484.5030000000001,15,15,1,2,3,0,0,0,15,11,15,0,6,1,2,3,194,77.62781348773389,61.039663877483015,12.580053458670426,0.0,0.0,0.0,0.0,0.0,0.0,0.0,0.0,6.4208216229260096,18.628438064208495,12.648722793660879,3,54.693143579085124,0.0,0.0,0.0,22.93466990864874,98.16606144652333,13.151638370425493,0.0,0.0,0.0,53.72727272727273,22.93466990864874,0.0,0.0,0.0,140.64256995790777,18.947451815200196,0.0,6.4208216229260096,0.0,0.0,0.0,0.0,282.61,22.188645928553036,0.0,0.0,70.89126281071222,23.505097560217962,0.0,-2.8618546241042173,-16.45971269420574,-0.7634389811732607,0.0,0,7,7,0,0,0,0,0,0,0,0,0,0,0,0,0,0,4,0,0,0,0,0,0,0,0,0,0,0,0,0,0,0,0,0,0,0,0,0,0,0,4,0,0,0,0,0,0,0,0,0,0,0,0,0,0,0,0,0,0,0,0,0,0,0,0,0,0,0,0,0,0,0,0,0,0,0,0,0,0,0,0,0,0,0,0.16685365193348575
1-Naphthol,Oc1cccc2ccccc12,1,train,2.0559501404731213,1.9396542588119472,-1.9721572536858696,2.223777229193823,-1.703067457761918,5.8721993430479085,0.4814463028141983,16.255109895964665,10.11498134839302,2.9131611636048604,374.03449039867854,7.681798275874712,5.988665479827339,5.988665479827339,5.377010097711745,3.544974002795898,3.544974002795898,2.4982742827585622,2.4982742827585622,1.7666214190377916,1.7666214190377916,1.2083120506537177,1.2083120506537177,0.0,5.106527394840706,0.0,0.0,5.749511833283905,10.772448428929591,0.0,6.06636706846161,36.39820241076966,0.0,0.0,144.057514876,0.8181818181818182,1.5454545454545454,2.3636363636363638,0.0,-1.5,11,136.10899999999998,2.0559501404731213,6.22562358276644,2.274078478002378,0.9444444444444444,64.90730140342818,9.371203703703703,0.5073115174760926,9.371203703703703,0.12289872819208318,0.35009259259259307,0.12289872819208318,0.35009259259259307,-0.5073115174760926,2.5454000000000008,45.61280000000003,144.17299999999997,1,1,0,0,0,2,0,2,1,1,1,0,0,0,0,0,54,5.106527394840706,5.749511833283905,0.0,0.0,0.0,0.0,0.0,0.0,0.0,0.0,36.39820241076966,11.452591282926406,5.386224214464796,0.0,2,5.106527394840706,10.772448428929591,0.0,0.0,0.0,0.0,0.0,42.46456947923127,0.0,5.749511833283905,10.181818181818182,0.0,0.0,5.749511833283905,0.0,5.106527394840706,0.0,0.0,0.0,42.46456947923127,0.0,10.772448428929591,0.0,20.23,0.0,0.0,0.0,11.35962962962963,0.0,0.35009259259259307,13.290277777777778,0.0,0.0,0.0,0,0,0,0,0,0,0,1,0,0,0,0,0,0,0,0,0,0,0,0,0,0,0,0,0,0,0,0,0,0,0,0,0,0,2,0,1,0,0,0,0,0,0,0,0,0,0,0,0,0,0,0,0,0,0,0,0,0,0,0,0,0,0,0,0,1,1,0,0,0,0,0,0,0,0,0,0,0,0,0,0,0,0,0,0,0.6020160700037418
Diphenylcyclopropenone,O=c1c(-c2ccccc2)c1-c1ccccc1,1,train,3.0308778637858147,2.237897793483589,-1.9212096941955457,2.3316995828212153,-1.7668069817351941,5.933752259734184,1.6887189253436574,16.134974677144385,10.107183999496005,2.0620306830784254,559.09672604876,10.957819157813608,8.681750982360123,8.681750982360123,7.877010097711745,5.275491350277851,5.275491350277851,3.8111749528008105,3.8111749528008105,2.766552551118837,2.766552551118837,1.9307994249906335,1.9307994249906335,0.0,4.794537184071822,0.0,5.428790391900541,0.0,22.253805966787983,0.0,0.0,60.6636706846161,0.0,0.0,206.07316494,0.5625,0.9375,1.3125,0.0,-2.1499999999999995,16,196.16399999999996,3.0308778637858147,9.103271502353492,3.4559497531709518,1.375178118584712,93.67565095187216,11.744822373393802,0.2885138310107912,11.744822373393802,0.19526772410610704,0.17814814814814817,0.19526772410610704,0.17814814814814817,-0.2885138310107912,3.256400000000002,65.95600000000003,206.24399999999997,0,1,0,0,0,3,0,3,1,0,1,0,2,0,0,0,76,0.0,0.0,5.428790391900541,0.0,0.0,0.0,4.794537184071822,0.0,0.0,0.0,60.6636706846161,11.126902983393991,11.126902983393991,0.0,3,0.0,0.0,0.0,0.0,0.0,0.0,0.0,70.88699826058847,0.0,22.253805966787983,10.75,5.428790391900541,0.0,0.0,0.0,0.0,0.0,0.0,0.0,65.45820786868792,0.0,22.253805966787983,0.0,17.07,0.0,0.0,11.744822373393802,0.0,3.952505668934241,0.0,19.63600529100529,0.0,0.0,0.0,0,0,0,0,0,0,0,0,0,0,0,0,0,0,0,0,0,0,0,0,0,0,0,0,0,0,0,0,0,0,0,0,0,0,2,0,0,0,0,0,0,0,0,0,0,0,0,0,0,0,0,0,0,0,0,0,0,0,0,0,0,0,0,0,0,0,0,0,0,0,0,0,0,0,0,0,0,0,0,0,0,0,0,0,0,0.6286241663383973
"4,4-Dibromobenzil",O=C(C(=O)c1ccccc1)C1=CCC(Br)(Br)C=C1,1,train,2.379806272833214,2.252257919573824,-2.1744326947826207,2.3546706715510166,-2.187624575687867,9.251326721083391,-0.11113309209355127,79.93445990628948,9.972419265461772,2.172538972009723,542.1722360631934,13.173362107437434,9.398334461649736,12.570327539879145,8.494800481421251,5.408056784170959,6.994053323285663,3.9822289681158987,7.876516261796847,2.6052559576102454,3.7814018464236607,1.6139167636460803,2.2019897080527895,11.566489892729878,9.589074368143644,0.0,3.233526517667616,17.557377644692274,0.0,0.0,36.417508487514205,12.142387175295491,31.859887795898697,0.0,367.90475376,1.0555555555555556,1.7222222222222223,2.2777777777777777,0.14285714285714285,-0.9999999999999998,18,359.96000000000004,2.379806272833214,13.432098765432098,5.325443786982248,3.0593132154006244,122.02404222814232,12.009862055933485,0.28488626450555443,12.009862055933485,0.2330052245972111,0.30597765495086926,0.2330052245972111,-0.46931027966742245,-0.28488626450555443,3.810800000000002,78.20450000000004,370.03999999999996,0,2,1,0,1,1,0,1,2,0,4,0,3,0,0,0,92,0.0,3.233526517667616,0.0,11.566489892729878,0.0,0.0,9.589074368143644,0.0,0.0,0.0,80.4197834587084,6.4208216229260096,11.136556021766262,0.0,2,9.589074368143644,43.42637768862858,0.0,0.0,0.0,9.654348140593626,0.0,59.696451684575955,0.0,0.0,17.11111111111111,0.0,0.0,0.0,31.859887795898697,14.800016410397493,4.794537184071822,0.0,16.77881029869483,54.13300019287896,0.0,0.0,0.0,34.14,-0.30597765495086926,6.880019993534604,23.967428902116403,0.0,0.8654622543461841,-0.9341713907785341,8.588749454059249,5.855155108339632,0.0,0.0,0,0,0,0,0,0,0,0,0,0,2,2,0,0,0,0,0,0,0,0,0,0,0,0,0,2,4,0,0,0,0,0,0,0,1,0,0,0,0,0,0,0,0,0,2,0,0,0,0,0,0,2,2,0,0,0,0,0,0,0,0,0,0,0,0,0,0,0,0,0,0,0,0,0,0,0,0,0,0,0,0,0,0,0,0,0.46087623956917007
"2-(Benzyl)tert- butyl)amino)-1-(alpha,4-dihydroxy-m-tolyl)ethane",CC(C)(C)N(Cc1ccccc1)CC(O)c1ccc(O)c(CO)c1,0,train,2.543484496885372,2.244713357418723,-2.369156731288507,2.2575334435175605,-2.427277591113679,5.362366088767839,0.052202425348387024,16.271133233105292,10.000552279819319,2.1659781039843757,649.678691503487,17.742276208189782,14.60632714826611,14.60632714826611,11.307880315929774,8.206843463778402,8.206843463778402,7.099002963965395,7.099002963965395,4.216935216929073,4.216935216929073,2.632897009480067,2.632897009480067,6.103966387748303,15.319582184522117,0.0,17.89531905018017,17.671659389306566,6.544756405912575,11.629818560158606,12.13273413692322,18.19910120538483,37.80385546684557,0.0,329.199093724,1.0416666666666667,1.7083333333333333,2.2916666666666665,0.4,-1.88,24,302.22400000000005,2.543484496885372,18.45853761329486,7.79415809003711,4.806246711915726,143.55056916752525,10.638203577727388,0.5075837293484461,10.638203577727388,0.12060718498798567,0.046678763581496696,0.12060718498798567,-0.6955210695389271,-0.5075837293484461,3.218600000000002,95.59440000000005,329.4400000000001,3,4,0,0,0,2,0,2,4,3,4,0,6,0,0,0,130,15.319582184522117,5.749511833283905,0.0,0.0,0.0,0.0,4.899909730850477,0.0,0.0,0.0,36.39820241076966,44.030848719389084,24.19188955590549,12.71084835226122,2,15.319582184522117,0.0,0.0,4.899909730850477,0.0,45.56574160962901,6.544756405912575,65.22129102278387,0.0,5.749511833283905,13.25,0.0,0.0,5.749511833283905,0.0,32.30317357366851,13.151638370425493,0.0,43.56553246191116,48.53093654769288,0.0,0.0,0.0,63.93000000000001,0.0,0.0,2.2207105064247923,29.587479680797614,2.213468986487565,0.046678763581496696,15.048141742932577,-0.6955210695389271,7.329041389314882,0.0,0,2,2,0,0,0,0,1,0,0,0,0,0,1,0,1,0,0,0,0,0,0,0,0,0,0,0,0,0,0,0,0,0,0,2,0,0,0,0,0,0,0,0,0,0,0,0,0,0,0,0,0,0,0,0,0,0,0,0,0,0,0,0,0,0,1,0,0,0,0,0,0,0,0,0,0,0,0,0,0,0,0,0,0,0,0.7612958715027922
b-Phenylcinnamaldehyde,O=CC=C(c1ccccc1)c1ccccc1,1,train,2.3793304750871744,2.021254149729743,-2.0600175805006313,2.2158403496412977,-1.872535821013784,5.890295314581453,-0.10358332813962225,16.12847020936551,9.978779672865333,2.481856866149003,441.85810546150907,11.217332181807452,8.836451520739375,8.836451520739375,7.915014900172529,5.179077933369581,5.179077933369581,3.4484753723183124,3.4484753723183124,2.4042946530360703,2.4042946530360703,1.6625805996424097,1.6625805996424097,0.0,4.794537184071822,0.0,0.0,0.0,22.98616803659281,0.0,6.076020106833881,60.6636706846161,0.0,0.0,208.088815004,0.75,1.1875,1.5625,0.0,-2.1499999999999995,16,196.16399999999996,2.3793304750871744,10.37058180004308,5.078285571558233,2.2590458242412224,95.05524273661034,10.685524376417233,0.29853989882501825,10.685524376417233,0.14297665101461987,0.8287037037037035,0.14297665101461987,0.8287037037037035,-0.29853989882501825,3.3172000000000015,66.02700000000003,208.26,0,1,0,0,0,2,0,2,1,0,1,0,3,0,0,0,78,0.0,6.2861605231295545,0.0,0.0,0.0,0.0,4.794537184071822,0.0,0.0,0.0,60.6636706846161,22.77602762029714,0.0,0.0,2,4.794537184071822,11.859265053198822,0.0,0.0,0.0,0.0,0.0,77.86659377484399,0.0,0.0,9.5,0.0,0.0,0.0,0.0,6.2861605231295545,4.794537184071822,0.0,11.126902983393991,66.73969079144999,0.0,5.5731045300692665,0.0,17.07,0.0,0.0,10.685524376417233,0.0,3.067407407407408,0.0,19.816512660619807,2.4305555555555554,0.0,0.0,0,0,0,0,0,0,0,0,0,0,1,1,0,0,0,0,0,0,0,0,0,0,0,1,0,0,1,0,0,0,0,0,0,0,2,0,0,0,0,0,0,0,0,0,0,0,0,0,0,0,0,0,0,0,0,0,0,0,0,0,0,0,0,0,0,0,0,0,0,0,0,0,0,0,0,0,0,0,0,0,0,0,0,0,0,0.5583069477648117
(2-oxo-1-phenylpyrrolidin-3-yl)-Triphenylphosphanium,O=C1C([PH](c2ccccc2)(c2ccccc2)c2ccccc2)CCN1c1ccccc1,0,train,3.237724735202905,,,,,,,,,1.741252186641082,1050.1226351243392,21.097801070431426,17.394031101319065,18.394031101319065,15.31453371220751,10.845898476494055,12.92324874568368,8.07277469516908,12.11777433158107,6.483459583769737,11.796521238592769,5.152664118498928,10.602846262791852,7.262479190532857,4.794537184071822,0.0,11.566174180054812,0.0,18.652964303522147,15.913619688716722,0.0,35.23174507315853,90.99550602692418,0.0,423.175201082,0.5806451612903226,0.967741935483871,1.3870967741935485,0.10714285714285714,-3.219999999999999,31,397.2880000000002,3.237724735202905,19.72629851785462,8.492290112015967,3.377156965744446,184.0625592723625,14.0332208994709,,14.0332208994709,,0.05564247921390808,,-2.6197443861803986,,4.5183000000000035,133.74299999999994,423.49600000000015,0,2,0,1,1,4,0,4,1,0,3,0,5,0,1,1,154,0.0,0.0,0.0,0.0,0.0,184.41702564698107,0.0,0.0,0.0,0.0,0.0,0.0,0.0,0.0,5,4.794537184071822,34.770664883284645,0.0,0.0,0.0,12.079816073629315,11.444666136763052,121.32734136923226,0.0,0.0,16.967741935483872,20.8135294195672,5.687386274683562,0.0,7.262479190532857,18.110930585967388,4.794537184071822,0.0,6.4208216229260096,121.32734136923226,0.0,0.0,0.0,20.310000000000002,0.0,0.0,16.020558862433862,3.876837994457043,0.9370288485764677,0.2448387503149403,42.28314188869992,0.8597546611237086,0.758694491685563,-2.6197443861803986,0,0,0,0,0,0,0,0,0,0,1,1,0,0,0,1,0,0,0,0,0,0,0,0,0,0,0,1,0,1,0,0,0,0,4,0,0,0,0,0,0,0,0,0,0,0,0,0,0,0,0,0,0,0,0,0,0,0,0,0,0,0,0,0,1,0,0,0,0,0,0,0,0,0,0,0,0,0,0,0,0,0,0,0,0,0.4324829099257579
"3-Bromomethyl-5, 5'-dimethyl- dihydro-2(3H)-furanone",CC1(C)CC(CBr)C(=O)O1,1,train,2.0464076405394422,2.3842380417221363,-2.1384538143270753,2.304803099395845,-2.1702892792901767,9.089007744532214,-0.1474863151344385,79.91872963320513,9.99351680811033,2.6114906453636957,153.68509654639365,7.776020881938894,6.186024885499673,7.772021424614378,4.5496420362876435,3.338358783724032,4.4598276914704345,3.2361412255453312,3.8836216013205127,1.634460377789124,2.4160383300725594,1.19158730906669,1.6848389477837296,0.0,4.794537184071822,0.0,17.48826214509693,0.0,11.750911269987437,0.0,0.0,13.847474399381248,15.929943897949348,4.736862953800049,205.994241692,1.8,2.4,2.6,0.8571428571428571,-0.050000000000000044,10,195.97899999999996,2.0464076405394422,8.050502512562813,2.53089954251071,1.5094382916834541,69.06568749587197,10.968726851851851,0.45939687121884215,10.968726851851851,0.30996777463956443,0.06481481481481466,0.30996777463956443,-0.2405555555555554,-0.45939687121884215,1.723,42.07200000000002,207.06699999999998,0,2,0,1,1,0,0,0,2,0,3,0,1,0,1,1,58,4.736862953800049,5.601050810983688,0.0,0.0,0.0,5.9693052879518484,4.794537184071822,0.0,0.0,0.0,15.929943897949348,13.847474399381248,11.750911269987437,5.917906046161393,1,9.53140013787187,21.899249185901198,0.0,0.0,5.917906046161393,25.869346833290944,5.330089647061427,0.0,0.0,0.0,30.3,0.0,0.0,0.0,15.929943897949348,16.90044574599696,9.53140013787187,5.917906046161393,20.268296022307258,0.0,0.0,0.0,0.0,26.3,5.083240740740741,3.2674074074074073,10.968726851851851,0.7175231481481481,-0.2405555555555554,-0.0028935185185183787,0.0,0.8304398148148149,3.8761111111111113,0.0,0,0,0,0,0,0,0,0,0,0,1,1,0,0,0,0,0,0,0,0,0,0,0,0,0,1,0,0,0,0,0,0,0,0,0,0,0,0,0,0,1,1,0,0,1,0,0,0,0,0,0,0,0,0,1,0,0,0,0,0,0,0,0,0,0,0,0,0,0,0,0,0,0,0,0,0,0,0,0,0,0,0,0,0,0,0.4829916940988046
Norbornene fluoroalcohol,FOC1=C2CCC(C2)C1,1,train,2.4487006345837234,2.31375282179284,-2.0494355327512825,2.437904809234967,-1.93129930959806,5.203502058362519,-0.08888202616992837,19.313262534636948,10.053447635185064,2.223933599245484,162.29908606943383,6.267584713501616,5.191990157408906,5.191990157408906,4.398178147766922,3.3938325383654337,3.3938325383654337,2.916830229627444,2.916830229627444,2.3509757454571316,2.3509757454571316,1.8510043265632152,1.8510043265632152,0.0,4.526116353439163,0.0,0.0,11.67707091781757,19.26246486877803,11.993926152995275,0.0,0.0,4.941483308040573,0.0,128.063743128,1.4444444444444444,2.3333333333333335,2.6666666666666665,0.7142857142857143,-0.53,9,119.07399999999997,2.4487006345837234,5.270170381876186,1.723431282582924,0.6551812550180882,53.407210976468654,11.598009259259259,0.29902959269442375,11.598009259259259,0.14796880980585614,0.6307870370370374,0.14796880980585614,0.6307870370370374,-0.29902959269442375,2.3454000000000006,31.17699999999999,128.146,0,1,2,0,2,0,0,0,1,0,2,0,1,1,0,1,50,0.0,5.759164871656176,0.0,0.0,0.0,0.0,4.941483308040573,0.0,0.0,0.0,0.0,30.753475445008686,10.946937976365174,0.0,2,9.467599661479737,0.0,0.0,0.0,5.917906046161393,25.683286491704038,0.0,11.332269401725442,0.0,0.0,31.88888888888889,0.0,4.526116353439163,0.0,0.0,0.0,4.941483308040573,5.917906046161393,25.683286491704038,11.332269401725442,0.0,0.0,0.0,9.23,11.598009259259259,0.0,3.7246759259259257,0.0,1.2245370370370372,1.3444444444444446,0.0,4.275,0.0,0.0,0,0,0,0,0,0,0,0,0,0,0,0,0,0,0,0,0,0,0,0,0,0,0,0,0,0,2,0,0,0,0,0,0,0,0,0,2,0,0,0,0,0,0,0,1,0,0,0,0,0,0,0,0,0,0,0,0,0,0,0,0,0,0,0,0,0,0,0,0,0,0,0,0,0,0,0,0,0,0,0,0,0,0,0,0,0.52630182121758
"6-Ethenyldeca-hydro-5-hydroxy-4,6,9,10-tetramethyl-1-oxo-3a,9-propano-3ah-cyclopentacyclo-octen-8-yl [[(3-exo)-8-methyl-8-azabicyclo-[3.2.1]oct-3-yl]thio]-acetate",C=CC1(C)CC(OC(=O)CO)C2(C)C(C)CCC3(CCC(=O)C32)C(C)C1O,0,train,3.002969086045468,2.6774883332159933,-2.613934607109533,2.6745371470491213,-2.6271034581840444,5.854093752985169,-0.2074317148900779,16.554508759357798,9.435862654065117,2.2078318529962204,644.614394961669,20.198306133819766,17.033021145835093,17.033021145835093,12.563385687713046,10.212448124684359,10.212448124684359,9.722431676126586,9.722431676126586,8.704600334529879,8.704600334529879,6.697343092206779,6.697343092206779,35.614100966754926,19.802129157825057,0.0,28.951953554245897,12.841643245852019,19.26246486877803,0.0,6.076020106833881,6.923737199690624,27.35014728267037,4.736862953800049,378.2406241879999,1.3333333333333333,2.0,2.5925925925925926,0.8181818181818182,-1.2000000000000002,27,344.2370000000001,3.002969086045468,20.532104963511205,6.696912720962606,2.7236073553272044,161.72099587137282,13.125051571554547,0.4600212684845484,13.125051571554547,0.3315826065335953,0.043270056479382424,0.3315826065335953,-0.6860348954396573,-0.4600212684845484,2.8852000000000015,101.72660000000006,378.5090000000001,2,5,3,0,3,0,0,0,5,2,5,0,3,3,0,3,152,14.94991774348146,18.494093298626158,0.0,0.0,0.0,5.9693052879518484,4.794537184071822,4.794537184071822,0.0,6.578935683598497,33.770968905596376,42.934089053423605,23.16870860788096,6.103966387748303,3,24.538992111625106,11.752550234316788,0.0,0.0,33.99868954667451,72.00698968888915,6.606881964512918,12.654955790432378,0.0,0.0,49.7037037037037,0.0,0.0,0.0,0.0,40.78041976400772,14.325937321943691,33.99868954667451,59.79905691339255,12.654955790432378,0.0,0.0,0.0,83.83,5.769200207860922,0.0,25.184889140841523,20.60278366979508,-1.4271802957294026,-0.5202551282858836,0.0,4.099782218442931,11.54078018707483,0.0,0,2,2,0,0,0,0,0,0,0,2,2,0,0,0,0,0,0,0,0,0,0,0,0,0,0,0,0,0,0,0,0,0,0,0,0,0,0,0,0,1,1,0,0,0,0,0,0,0,0,0,1,1,0,0,0,0,0,0,0,0,0,0,0,0,0,0,0,0,0,0,0,0,0,0,0,0,0,0,0,0,0,0,0,0,0.5827082661209824
"1,3-Benzodioxazole-5- sulphonyl chloride",O=S(=O)(Cl)c1ccc2c(c1)OCO2,1,train,2.4742910348834903,2.1748449111044805,-1.9733473333750362,2.339606226941284,-1.927292326107645,8.133519576326721,0.1735715156261782,35.73294323602456,10.306844830434775,2.5400822943069588,439.8058062515911,9.474691494688166,6.358363514083967,7.930789041030149,6.071498210711325,3.4153932598934316,5.724735016720697,2.4529155137691863,5.018854792587812,1.6255713869262922,2.9771021051715545,1.0285270471651928,1.7948546336409732,9.050820825821479,8.417796984328938,0.0,11.688425781617603,11.49902366656781,0.0,18.19910120538483,0.0,0.0,0.0,20.156115167489588,219.95970732,1.2307692307692308,1.9230769230769231,2.6153846153846154,0.14285714285714285,-0.94,13,215.59299999999996,2.4742910348834903,8.649105764653184,2.781565115222628,1.568267983408064,79.4500724012422,10.901790753338373,0.4535943325341869,10.901790753338373,0.26094893075532444,0.0124228395061734,0.26094893075532444,-3.687731481481481,-0.4535943325341869,1.3428,45.60380000000002,220.63299999999998,0,4,0,1,1,1,0,1,4,0,6,0,1,0,0,0,70,9.473725907600098,0.0,11.49902366656781,6.792942306099827,9.050820825821479,0.0,0.0,8.417796984328938,0.0,0.0,0.0,12.13273413692322,16.7487563283511,4.895483475517775,2,17.891522891929036,19.733210085710965,0.0,0.0,0.0,4.895483475517775,6.792942306099827,18.19910120538483,0.0,11.49902366656781,14.538461538461538,9.473725907600098,0.0,11.49902366656781,10.682389259889488,15.210739290428766,9.050820825821479,0.0,0.0,23.094584680902603,0.0,0.0,0.0,52.60000000000001,31.798499622071052,0.0,0.0124228395061734,0.0,0.0,0.9359182098765437,4.220347222222222,0.0,0.11222222222222222,1.448367661879566,0,0,0,0,0,0,0,0,0,0,0,0,0,0,0,0,0,0,0,0,0,0,0,0,0,0,0,0,0,0,0,0,0,0,1,0,1,0,0,0,0,2,0,0,1,0,0,0,0,0,0,0,0,0,0,0,0,0,0,0,0,0,0,0,0,0,0,0,0,0,0,0,0,0,0,0,0,0,0,0,0,0,0,0,0,0.6706343134111323
4-Fluoro-2-Pyrrolidine-Carboxamide,NC(=O)C1CC(F)CN1,0,train,2.1392775377970388,2.264402805038333,-2.0037495576249538,2.0787769924739994,-2.355611244109971,5.7973046347744575,-0.11924030361303507,19.14420907741154,10.192827676235007,2.3885666997264847,128.12640240679954,6.8533711511285205,4.9324771334150626,4.9324771334150626,4.198377302757662,2.866665701237226,2.866665701237226,2.1961871702018274,2.1961871702018274,1.4206393820525434,1.4206393820525434,0.9093023219970829,0.9093023219970829,18.120695954009758,9.184952231746642,0.0,12.965578028838586,0.0,0.0,0.0,0.0,0.0,5.316788604006331,5.733667477162185,132.069891128,1.7777777777777777,2.4444444444444446,2.6666666666666665,0.8,-0.6400000000000001,9,123.066,2.1392775377970388,6.479617224880382,2.3069351319182694,1.384109508698065,52.409998715477506,12.26375,0.3683170851240042,12.26375,0.23417194416277248,0.2314814814814814,0.23417194416277248,-0.900462962962963,-0.3683170851240042,-0.8283,30.498099999999997,132.138,3,3,0,1,1,0,0,0,2,2,4,0,1,0,1,1,52,11.050456081168516,6.171675395510292,0.0,5.907179729351506,0.0,0.0,4.794537184071822,4.39041504767482,0.0,0.0,0.0,0.0,12.965578028838586,6.041840829147961,1,9.184952231746642,5.907179729351506,0.0,5.316788604006331,5.733667477162185,18.634337847584263,6.544756405912575,0.0,0.0,0.0,34.77777777777778,11.050456081168516,4.39041504767482,0.0,0.0,24.665452359922334,4.794537184071822,0.0,6.4208216229260096,0.0,0.0,0.0,0.0,55.120000000000005,12.26375,0.0,10.340185185185184,2.65625,4.891851851851852,-0.46282407407407367,-0.44444444444444486,-0.6689814814814816,0.25754629629629644,0.0,0,0,0,0,0,0,0,0,0,0,1,1,0,0,0,0,1,1,0,0,0,0,0,0,0,1,0,1,0,0,0,0,0,0,0,0,0,0,0,0,0,0,0,0,1,0,0,0,0,0,0,0,0,0,0,0,0,0,0,0,0,0,0,0,0,0,0,0,0,0,0,1,0,0,0,0,0,0,0,0,0,0,0,0,0,0.4890458464976567
1-(tert-Butoxycarbonyl)-4-fluoro-L-prolinamide,CC(C)(C)OC(=O)N1CC(F)CC1C(N)=O,0,train,2.436530829245824,2.401232627500192,-2.264002891979776,2.222974620548468,-2.4538282454312252,5.84656269744785,-0.1218315727899884,19.14421891842917,10.170099444680341,2.7087376662558333,300.9294922811471,12.508071689507775,9.696187309842749,9.696187309842749,7.2041959196710925,5.134843065258913,5.134843065258913,4.883854524949524,4.883854524949524,2.2064696566869726,2.2064696566869726,1.5767791184633795,1.5767791184633795,29.81498683593186,13.979489415818463,0.0,12.965578028838586,0.0,4.899909730850477,0.0,20.771211599071872,0.0,0.0,10.470530430962235,232.122320624,1.4375,2.0,2.4375,0.8,-1.33,16,215.11899999999997,2.436530829245824,12.738166325835037,4.269909831885305,3.079795010931358,93.71974810360652,13.120116213151928,0.4436720653085608,13.120116213151928,0.41057292465224654,0.04704743008314427,0.41057292465224654,-1.2175755857898716,-0.4436720653085608,0.8191999999999999,55.43540000000002,232.25499999999997,2,5,0,1,1,0,0,0,3,1,6,0,1,0,1,1,92,10.470530430962235,17.81456703564194,0.0,5.907179729351506,0.0,6.093240070938415,9.694446914922299,9.184952231746642,0.0,0.0,0.0,20.771211599071872,6.4208216229260096,6.544756405912575,1,18.716352369618512,12.00041980028992,0.0,4.899909730850477,5.733667477162185,45.00660025763982,6.544756405912575,0.0,0.0,0.0,25.625,5.733667477162185,9.184952231746642,0.0,0.0,41.259652972694916,9.53140013787187,0.0,27.19203322199788,0.0,0.0,0.0,0.0,72.63,18.183032879818594,0.0,23.738157123960693,0.0,4.4239257369614515,-0.7027692743764169,-0.8982870370370375,-1.962354497354497,4.968295068027211,0.0,0,0,0,0,0,0,0,0,0,0,2,2,0,0,0,1,0,1,0,0,1,0,0,0,0,1,0,2,0,0,0,0,0,0,0,0,0,0,0,0,0,1,0,0,1,0,0,0,0,0,0,0,0,0,0,0,0,0,0,0,0,0,0,0,0,0,0,0,0,0,0,1,0,0,0,0,0,0,0,0,0,0,0,0,0,0.7270216540889163
1-(tert-Butoxycarbonyl)-4-fluoro-L-proline,CC(C)(C)OC(=O)N1CC(F)CC1C(=O)O,0,train,2.436530829245824,2.411667026584735,-2.2600999531852426,2.2269309197943667,-2.429522212152635,5.80597982538421,-0.14160275040087722,19.14421943221084,10.173945510114377,2.7087376662558333,299.68437978331053,12.508071689507775,9.566050636153081,9.566050636153081,7.2041959196710925,5.069774728414079,5.069774728414079,4.819723265876207,4.819723265876207,2.163105047075712,2.163105047075712,1.5411622796002735,1.5411622796002735,29.877112394532205,13.979489415818463,0.0,12.965578028838586,0.0,4.899909730850477,0.0,20.771211599071872,0.0,0.0,9.843390348640755,233.106336212,1.4375,2.0,2.4375,0.8,-1.33,16,217.11099999999996,2.436530829245824,12.738166325835037,4.269909831885305,3.079795010931358,93.17409115878982,13.06456065759637,0.47970913974806484,13.06456065759637,0.41063524502163185,0.17204743008314427,0.41063524502163185,-1.2975755857898716,-0.47970913974806484,1.4185,53.876800000000024,233.23899999999998,1,5,0,1,1,0,0,0,3,1,6,0,1,0,1,1,92,9.843390348640755,17.81456703564194,0.0,0.0,0.0,12.062545358890263,4.899909730850477,13.979489415818463,0.0,0.0,0.0,20.771211599071872,6.4208216229260096,6.544756405912575,1,23.822879764459216,12.062545358890263,0.0,4.899909730850477,0.0,45.00660025763982,6.544756405912575,0.0,0.0,0.0,25.625,0.0,9.184952231746642,0.0,0.0,46.42830592613596,9.53140013787187,0.0,27.19203322199788,0.0,0.0,0.0,0.0,66.84,18.071921768707483,0.0,23.33537934618292,8.832540627362055,-0.7137537792894937,-1.202769274376417,-1.1205092592592598,-2.247354497354497,4.794545068027211,0.0,1,0,0,0,0,0,0,0,1,1,2,1,0,0,0,1,0,0,0,0,1,0,0,0,0,1,0,1,0,0,0,0,0,0,0,0,0,0,0,0,0,1,0,0,1,0,0,0,0,0,0,0,0,0,0,0,0,0,0,0,0,0,0,0,0,0,0,0,0,0,0,0,0,0,0,0,0,0,0,0,0,0,0,0,0,0.7433464869033972
(2-Bromo-5-propoxyphenyl)-(2-hydroxy-4-methoxyphenyl)methanone,CCCOc1ccc(Br)c(C(=O)c2ccc(OC)cc2O)c1,0,train,2.5291914199503354,2.1742599882291063,-2.1003014672612013,2.29699299707615,-2.0421127022454466,9.10330854965276,0.10303649617945718,79.91873116156818,10.018279640181476,2.358673362289295,682.3543098372418,16.11251969619286,12.428238117411626,14.01423465652633,10.562080607913936,6.905059419620781,7.698057689178134,4.702317969282358,5.556654868456881,3.104829071511413,3.796330277617791,1.9636084355807064,2.3902940856057926,0.0,9.901064578912528,0.0,17.09620827134584,28.142076638610135,6.4208216229260096,13.176164609739143,30.33183534230805,6.923737199690624,15.929943897949348,9.473725907600098,364.03102112399995,1.1363636363636365,1.8636363636363635,2.5,0.23529411764705882,-2.0100000000000002,22,348.08700000000016,2.5291914199503354,16.36205493393823,7.312920644092163,3.598150577301724,137.36360181443894,12.62724214222726,0.5070406809046687,12.62724214222726,0.19751842388199642,0.11469479612832778,0.19751842388199642,-0.2833550642479208,-0.5070406809046687,4.183100000000004,88.01930000000003,365.22300000000007,1,4,0,0,0,2,0,2,4,1,5,0,6,0,0,0,116,14.580253302440804,17.248535499851716,5.783244946364939,0.0,0.0,0.0,4.794537184071822,0.0,0.0,0.0,22.85368109763997,36.75265696523406,16.10253807599102,19.280130997487447,2,19.374790486512623,21.71318884431429,0.0,0.0,0.0,13.344558822616634,13.716679505790452,51.99782490999606,0.0,17.248535499851716,10.318181818181818,9.473725907600098,0.0,17.248535499851716,15.929943897949348,24.606451846996094,0.0,0.0,29.265998990082444,40.87092192660207,0.0,0.0,0.0,55.760000000000005,11.219678774025745,3.3665088813303097,12.62724214222726,10.008422316470206,0.65575131750231,0.7219010651462414,9.827705078945158,0.8875116229237281,2.6005582275956343,1.501387240500072,0,0,0,0,0,0,0,1,0,0,1,1,0,0,0,0,0,0,0,0,0,0,0,0,0,0,0,0,0,0,0,0,0,0,2,0,0,0,0,0,0,2,0,0,1,0,0,0,0,0,0,1,0,0,0,1,0,0,0,0,0,0,0,0,0,1,1,0,0,0,0,0,0,0,0,0,0,0,0,0,0,0,0,0,0,0.7805788554364099
"(3R,3aS,6aR)-Hexahydrofuro[2,3-b]furan-3-yl 4-nitrophenyl carbonate",O=C(Oc1ccc([N+](=O)[O-])cc1)OC1COC2OCCC12,1,train,3.042693977294134,2.436749805233146,-2.1470958550635815,2.3277189126536353,-2.273712654283831,5.6388605386189345,-0.3844508928177879,16.750303440151814,10.036660231658013,1.5509828758452129,543.955686681789,14.819626477379408,10.967723856634025,10.967723856634025,10.131030293135236,6.494239253364301,6.494239253364301,4.784420290780084,4.784420290780084,3.4815102858310696,3.4815102858310696,2.427287185653207,2.427287185653207,11.07867667835643,14.908855452837393,0.0,36.3556792357253,6.606881964512918,6.4208216229260096,24.26546827384644,0.0,0.0,0.0,18.947451815200196,295.06920175600004,1.2857142857142858,2.0476190476190474,2.761904761904762,0.46153846153846156,-2.19,21,282.14300000000003,3.042693977294134,13.777565172272135,5.663375976960647,2.955564039582367,119.24301435378587,11.701104969765684,0.5137197742753712,11.701104969765684,0.5137197742753712,0.03649145894456107,0.4277010574434449,-0.856478647014361,-0.4277010574434449,1.8715999999999997,67.79240000000003,295.24700000000007,0,8,0,2,2,1,0,1,7,0,8,0,3,0,2,2,112,18.947451815200196,11.853478221032208,6.290026729335213,0.0,5.687386274683562,6.155365629538759,10.114318268765572,4.794537184071822,0.0,0.0,0.0,18.553555759849232,12.13273413692322,24.054981024004903,3,28.665300048089687,11.842751904222322,0.0,0.0,5.917906046161393,18.814814740009524,13.213763929025836,34.37978654261202,0.0,5.749511833283905,27.142857142857142,4.736862953800049,10.481923458755384,5.749511833283905,0.0,36.68643372446578,14.210588861400147,16.032224314926964,6.4208216229260096,24.26546827384644,0.0,0.0,0.0,97.13000000000001,20.863314252524834,0.0,21.689315024626207,10.517771979811608,-0.07791069450430887,0.22050742644267207,5.182857195347275,-0.7681651159086231,0.8723099316603383,0.0,0,0,0,0,0,0,0,0,0,0,1,1,0,0,0,1,0,0,0,0,0,0,0,0,0,0,0,0,0,0,0,0,0,0,1,0,1,0,0,0,0,4,0,0,0,0,0,0,0,0,0,0,0,0,0,0,0,0,1,1,1,0,0,0,0,0,0,0,0,0,0,0,0,0,0,0,0,0,0,0,0,0,0,0,0,0.3631565188054588
Fluorescein isothiocyanate,O=C1OC2(c3ccc(O)cc3Oc3cc(O)ccc32)c2ccc(N=C=S)cc21,1,train,2.9438352973831514,2.532354962807149,-2.360369340165218,2.5671243099470544,-2.324156581064034,7.77823745560249,0.022393465364739542,32.091938210785095,9.773412887137805,1.8644317283561667,1177.960751856655,19.46589084732138,14.170786371061961,14.987282951989688,13.524042363888283,8.333273677529261,8.741521967993124,6.4666697831728275,6.649243969007883,4.931788416827465,5.023075509744993,3.8156799781226325,3.921089233461578,11.570356098935537,15.007591973753234,0.0,11.49902366656781,39.440215908039356,0.0,24.26546827384644,30.33183534230805,0.0,22.37154002780791,9.473725907600098,389.03579345200006,0.8928571428571429,1.5,2.107142857142857,0.047619047619047616,-3.669999999999999,28,378.3000000000001,2.9438352973831514,16.499790785793326,5.661359670478361,2.113625469295251,163.85993836427093,12.798967151675486,0.5078223799058899,12.798967151675486,0.3397559521646811,0.007146394370420861,0.3397559521646811,-1.267205805933484,-0.5078223799058899,4.400100000000002,102.71310000000001,389.3880000000001,2,6,0,2,2,3,0,3,7,2,7,0,1,0,0,0,136,19.68678069728151,22.99804733313562,5.601050810983688,0.0,0.0,5.9693052879518484,0.0,4.794537184071822,4.992404732635668,0.0,6.06636706846161,48.616075853816355,28.823088612014207,16.412099618506105,5,24.481317881353327,29.035826857807653,0.0,0.0,4.992404732635668,5.601050810983688,0.0,76.85110958294248,0.0,22.99804733313562,14.928571428571429,4.736862953800049,5.687386274683562,22.99804733313562,12.217873443046695,21.34362192975881,10.337913764783737,0.0,27.048343150859804,59.58970834879016,0.0,0.0,0.0,88.35000000000001,11.840551286936567,4.641860739786615,16.7291879459926,22.082235264209054,1.3341482032627878,0.16322440459706122,14.292125488548647,0.0,0.0,0.0,0,0,0,0,0,0,0,2,0,0,1,1,1,0,1,1,0,0,0,0,0,0,0,0,0,0,0,0,0,0,0,0,0,0,3,0,6,0,0,0,1,2,0,0,0,0,0,0,0,0,1,0,0,0,0,0,0,0,0,0,0,0,0,0,0,2,2,0,0,0,0,0,0,0,0,0,0,0,0,0,0,0,0,0,0,0.3643415947155104
"3-(2,3-Dihydro-1H-inden-2-yl)-1-[1-(2-methyl-1,3-oxazol-4-yl)-2-(4-morpholinyl)-2-oxoethyl]-6-[1-methylpropyl]-2,5-piperazinedione",CCC(C)C1C(=O)NC(C2Cc3ccccc3C2)C(=O)N1C(C(=O)N1CCOCC1)c1coc(C)n1,0,train,3.5180337918670355,2.5154876080538187,-2.461565292352478,2.361670531537493,-2.6837923356293145,6.000791157644405,-0.16266409772802082,16.478001807595763,9.861821637801945,1.5408813284175884,1115.6887299040977,25.396612267639515,21.10613239902128,21.10613239902128,17.384249150759292,12.865206059420263,12.865206059420263,10.130758724846613,10.130758724846613,7.875325254854495,7.875325254854495,5.766548603934419,5.766548603934419,18.12552248744388,14.383611552215466,0.0,29.557351280377304,57.15039352650337,0.0,22.289975709883525,11.823646930541102,25.980208536304467,22.43350126187676,9.154013890853395,494.25292018799996,1.1666666666666667,1.8333333333333333,2.4166666666666665,0.5555555555555556,-3.2,36,460.3200000000003,3.5180337918670355,24.49246219281663,10.04540465661463,4.404846813883377,210.72158022278856,14.306131267321742,0.44892446672157427,14.306131267321742,0.25145318053119103,0.07183665595868005,0.25145318053119103,-1.0376126438229616,-0.44892446672157427,2.0396199999999993,130.73970000000003,494.5920000000003,1,9,1,2,3,1,1,2,6,1,9,0,6,0,2,2,192,24.27062195656068,24.040772648783438,11.932564751173869,11.814359458703011,5.907179729351506,0.0,14.383611552215466,4.983978520947208,0.0,0.0,44.5337642961537,35.8043583215688,20.013250011515773,13.213763929025836,5,23.537625443068862,17.721539188054518,0.0,20.100586586654494,11.835812092322787,58.159198955293775,26.303276740850986,53.240186169753855,0.0,0.0,24.416666666666668,5.316788604006331,0.0,0.0,0.0,70.89229556984958,31.96211775186753,18.75954929201341,49.02169175172357,34.945782206538844,0.0,0.0,0.0,104.98,10.924258310251588,0.0,49.61761128992459,3.049350355883094,2.7594802427143708,-0.5195102297627547,5.617949083971707,3.5313834997574176,7.352810780593312,0.0,0,0,0,0,0,1,0,0,0,0,3,3,0,0,0,3,1,0,0,0,0,0,0,0,0,0,0,3,0,0,1,0,0,0,1,0,1,0,0,0,0,1,0,0,0,0,0,0,0,0,0,0,0,0,0,0,1,0,0,0,0,0,1,0,0,0,0,0,0,0,1,0,0,0,0,0,0,0,0,0,0,0,0,0,0,0.6590905550793447
"2-Methyl-4H-3,1-benzoxazin-4-one",Cc1nc2ccccc2c(=O)o1,1,train,2.036777585452674,1.997542063458769,-1.9398827470891422,2.05319202280119,-2.015257359071819,5.759958975746478,0.4668918379923944,16.399287716815824,10.238742186092036,2.992175260155925,473.15738428454847,8.55204176387779,6.5731112531861875,6.5731112531861875,5.770856947829096,3.6369363003853787,3.6369363003853787,2.537490044389532,2.537490044389532,1.6422652310184422,1.6422652310184422,1.1253243006078173,1.1253243006078173,0.0,4.794537184071822,0.0,5.625586319077987,16.793648854106966,0.0,0.0,25.122838405075452,6.06636706846161,4.983978520947208,4.417150937053347,161.047678464,1.3333333333333333,2.0833333333333335,2.9166666666666665,0.1111111111111111,-1.6400000000000001,12,154.10399999999996,2.036777585452674,7.033229517952786,2.444115948613411,0.9925660340304953,68.6639966706281,11.19287037037037,0.408197016264038,11.19287037037037,0.3463091920477348,0.32120370370370344,0.3463091920477348,-0.32120370370370344,-0.408197016264038,1.49642,45.01600000000001,161.15999999999994,0,3,0,0,0,1,1,2,3,0,3,0,0,0,0,0,60,4.417150937053347,0.0,5.890723922025908,0.0,0.0,5.625586319077987,0.0,9.778515705019029,0.0,0.0,12.13273413692322,12.13273413692322,6.923737199690624,10.902924932081056,2,4.417150937053347,10.902924932081056,0.0,4.983978520947208,0.0,6.923737199690624,0.0,40.57631569902215,0.0,0.0,10.416666666666666,5.625586319077987,0.0,0.0,0.0,4.983978520947208,0.0,6.923737199690624,5.890723922025908,33.47715639497161,0.0,10.902924932081056,0.0,43.1,4.823703703703703,0.0,15.262685185185184,0.5306481481481482,0.36513888888888923,0.4015740740740743,7.122361111111111,0.0,1.6605555555555556,0.0,0,0,0,0,0,1,0,0,0,0,0,0,0,0,0,1,0,0,0,0,0,0,0,0,0,0,0,0,0,0,1,0,0,0,1,0,1,0,0,0,0,0,0,0,0,0,0,0,0,0,0,0,0,0,0,0,0,0,0,0,0,0,0,0,1,0,0,0,0,0,0,0,0,0,0,0,0,0,0,0,0,0,0,0,0,0.5875755448876046
"1,2-Benzisothiazolin-3-one",O=c1[nH]sc2ccccc12,1,train,2.340584889374277,1.957097092028184,-1.7935317021758892,2.110377197732696,-1.9440589040636354,7.127374372166803,1.4633101011614995,32.13709358400223,10.275013733951184,3.070614737543394,400.8983534112405,6.974691494688164,5.12589765768623,5.942394238613956,4.877010097711744,2.939722704885421,3.7562192858131467,2.0294077079628905,2.8774824040542004,1.3853720267189216,2.2487386743995885,0.8995326187474075,1.6294480125370845,0.0,4.794537184071822,0.0,5.559266895052007,0.0,10.086144130933896,11.532486611566675,0.0,24.26546827384644,4.3735399814164495,0.0,151.00918478,1.3,2.1,2.9,0.0,-1.09,10,146.14999999999998,2.340584889374277,5.6765355505299455,1.9519932802068964,0.6749474353313213,61.27569099157935,10.933564814814815,0.2767135777754371,10.933564814814815,0.2654063560757832,0.014444444444444704,0.2654063560757832,0.014444444444444704,-0.2767135777754371,1.5896,42.445700000000016,151.18999999999997,1,2,0,0,0,1,1,2,2,1,3,0,0,0,0,0,50,0.0,0.0,0.0,0.0,5.559266895052007,0.0,9.16807716548827,0.0,0.0,0.0,23.665220748489894,12.13273413692322,0.0,10.086144130933896,2,0.0,21.61863074250057,0.0,4.3735399814164495,0.0,0.0,0.0,34.61927235297027,0.0,0.0,10.4,5.559266895052007,0.0,0.0,11.532486611566675,4.3735399814164495,0.0,0.0,0.0,29.060005457918262,0.0,10.086144130933896,0.0,32.86,3.6835185185185186,1.3764351851851848,10.933564814814815,0.7847222222222225,0.014444444444444704,0.0,7.540648148148149,0.0,0.0,0.0,0,0,0,0,0,1,1,0,0,0,0,0,0,0,0,0,1,0,0,0,0,1,0,0,0,0,0,0,0,0,0,0,0,0,1,0,1,0,0,0,0,0,0,0,0,0,0,0,0,0,0,0,0,0,0,0,0,0,0,0,0,0,0,0,0,0,0,0,0,0,0,0,0,0,0,0,0,0,0,0,0,0,0,0,0,0.608972746434495
b-Phellandrene,C=C1C=CC(C(C)C)CC1,1,train,1.8845053612018057,2.1218188001800016,-2.200960385241257,2.2529021218560086,-2.080272935284311,5.185758294795128,0.42925898737321033,14.175533428011427,9.853106468487853,2.5258468116199273,151.42124551085627,7.560477932315068,6.930721420318147,6.930721420318147,4.698377302757663,4.058730744624476,4.058730744624476,3.4639117278324174,3.4639117278324174,2.2342110433350846,2.2342110433350846,1.3468557071572798,1.3468557071572798,0.0,0.0,0.0,0.0,0.0,11.835812092322787,18.414747775921285,0.0,0.0,32.5784502966475,0.0,136.125200512,1.6,2.3,2.7,0.6,-0.52,10,120.10999999999997,1.8845053612018057,7.585485232067512,3.0462804076265617,1.7285097165599768,63.63869283950128,3.921140400604686,0.09584268561450067,3.921140400604686,-0.02040247065844886,0.7956944444444444,0.02040247065844886,0.7956944444444444,-0.09584268561450067,3.1648000000000023,45.84200000000003,136.23799999999997,0,0,1,0,1,0,0,0,0,0,0,0,1,0,0,0,56,0.0,0.0,0.0,0.0,0.0,0.0,0.0,0.0,0.0,0.0,38.151554826716776,24.677455338174806,0.0,0.0,1,0.0,0.0,0.0,0.0,11.835812092322787,26.689117645233267,0.0,24.304080427335524,0.0,0.0,25.9,0.0,0.0,0.0,0.0,0.0,0.0,11.835812092322787,26.689117645233267,24.304080427335524,0.0,0.0,0.0,0.0,0.0,0.0,0.0,0.0,1.2887962962962964,1.5924537037037036,0.0,6.96925925925926,8.482824074074074,0.0,0,0,0,0,0,0,0,0,0,0,0,0,0,0,0,0,0,0,0,0,0,0,0,0,0,0,3,0,0,0,0,0,0,0,0,0,0,0,0,0,0,0,0,0,0,0,0,0,0,0,0,0,0,0,0,0,0,0,0,0,0,0,0,0,0,0,0,0,0,0,0,0,0,0,0,0,0,0,0,0,0,0,0,0,0,0.5191194593010068
4-isopropenyl-1-methyl-6-methylene-cyclohexene,C=C1CC(C(=C)C)CC=C1C,1,train,1.9415183650407188,2.1443808646763434,-2.2182123604490034,2.3014870047397324,-2.0656490603767748,5.30811807623681,0.6015488436843238,14.19557717388037,9.833636427224057,2.6982942003127257,218.19280948873626,8.430721420318147,7.483127663125442,7.483127663125442,5.109060905280621,4.1127553123610365,4.1127553123610365,3.4737927388235663,3.4737927388235663,2.4559553856207055,2.4559553856207055,1.3805401280915488,1.3805401280915488,0.0,0.0,0.0,0.0,5.917906046161393,12.841643245852019,16.7193135902078,0.0,0.0,33.081365873412125,0.0,148.125200512,1.6363636363636365,2.272727272727273,2.727272727272727,0.45454545454545453,-0.78,11,132.12099999999998,1.9415183650407188,8.31784735812133,3.080884117573751,1.8268530577554927,69.31403192171362,4.018425925925926,0.09983792256787494,4.018425925925926,-0.01335355154889144,0.6446296296296294,0.01335355154889144,0.6446296296296294,-0.09983792256787494,3.4750000000000023,50.43500000000003,148.249,0,0,1,0,1,0,0,0,0,0,0,0,1,0,0,0,60,0.0,0.0,0.0,0.0,0.0,0.0,0.0,0.0,0.0,0.0,35.953205064238674,32.60702369139466,0.0,0.0,1,0.0,0.0,0.0,0.0,5.917906046161393,26.689117645233267,0.0,35.953205064238674,0.0,0.0,24.727272727272727,0.0,0.0,0.0,0.0,0.0,0.0,5.917906046161393,26.689117645233267,35.953205064238674,0.0,0.0,0.0,0.0,0.0,0.0,0.0,0.0,3.932083333333334,0.6446296296296294,0.0,4.530787037037037,12.225833333333332,0.0,0,0,0,0,0,0,0,0,0,0,0,0,0,0,0,0,0,0,0,0,0,0,0,0,0,0,4,0,0,0,0,0,0,0,0,0,0,0,0,0,0,0,0,0,0,0,0,0,0,0,0,0,0,0,0,0,0,0,0,0,0,0,0,0,0,0,0,0,0,0,0,0,0,0,0,0,0,0,0,0,0,0,0,0,0,0.4993408721310805
p-tert-Butylphenyl Glycidyl Ether,CC(C)(C)c1ccc(OCC2CO2)cc1,1,train,2.9733885244582905,2.2263263114335725,-2.186094895071746,2.2416797140057985,-2.105203618995247,5.305952045362937,0.26267316122277456,16.604243777695533,9.870932571780031,1.961588002134354,317.38434399782966,10.888905057061262,9.617461489248953,9.617461489248953,7.054661458305718,5.405040460790718,5.405040460790718,5.040723430215882,5.040723430215882,2.558603119069395,2.558603119069395,1.4045986882279546,1.4045986882279546,0.0,0.0,0.0,5.414990469396779,12.71084835226122,12.356393797796823,5.563451491696996,0.0,12.13273413692322,32.903945735995094,9.473725907600098,206.130679816,1.2666666666666666,1.8666666666666667,2.3333333333333335,0.5384615384615384,-1.02,15,188.14099999999996,2.9733885244582905,10.496220113689636,3.855963838413779,2.9633252663798926,91.20725722575776,5.572577475434619,0.49079586631195044,5.572577475434619,0.11895819877642322,0.20648167831947584,0.11895819877642322,0.20648167831947584,-0.49079586631195044,2.761700000000001,60.377000000000045,206.28499999999997,0,2,0,1,1,1,0,1,2,0,2,0,3,0,1,1,82,9.473725907600098,18.460360185545127,0.0,0.0,0.0,0.0,0.0,0.0,0.0,0.0,32.903945735995094,23.111176098016994,0.0,6.606881964512918,2,9.473725907600098,0.0,0.0,0.0,0.0,32.29016845621695,13.213763929025836,29.828919765543436,0.0,5.749511833283905,20.066666666666666,4.736862953800049,0.0,5.749511833283905,0.0,19.31773031677414,10.151853423196828,0.0,26.334663090768867,24.26546827384644,0.0,0.0,0.0,21.759999999999998,10.655781131897204,0.0,0.0,0.0,1.5375205105190224,0.9291666666666669,8.317563303099018,0.3261968931090953,8.15043816137566,0.0,0,0,0,0,0,0,0,0,0,0,0,0,0,0,0,0,0,0,0,0,0,0,0,0,0,0,0,0,0,0,0,0,0,0,1,0,0,0,0,1,0,2,0,0,0,0,0,0,0,0,0,0,0,0,0,0,0,0,0,0,0,0,0,0,0,0,0,0,0,0,0,0,0,0,0,0,0,0,0,0,0,0,0,0,0,0.709232127531685
Saccharin,O=C1NS(=O)(=O)c2ccccc21,0,train,2.2463860304542727,2.3077600735324943,-1.9096007388319969,2.2025393919578407,-2.2020483575205905,7.902903465651516,0.09848879362106747,32.23328200241572,10.199577865141196,2.8283976971285636,449.4742221869951,8.767584713501616,5.942394238613956,6.758890819541683,5.610990332435968,3.2730560382187543,4.756219285813147,2.430782423040201,4.081606549286133,1.648263738250526,3.0374138089944016,1.1205547209407536,2.2925143191171244,15.930470882759089,13.212334168400758,0.0,10.45893496721477,0.0,0.0,12.13273413692322,12.13273413692322,4.722094864452088,0.0,0.0,182.99901402,1.1666666666666667,1.8333333333333333,2.5,0.0,-1.3599999999999999,12,178.14799999999997,2.2463860304542727,7.297762662226473,2.071155482694469,0.8306518805869457,69.26267425643123,11.131481481481481,0.2681635002335224,11.131481481481481,0.2658977654618521,0.0648148148148151,0.2658977654618521,-3.554328703703702,-0.2681635002335224,0.11869999999999997,41.094000000000015,183.18800000000002,1,4,0,1,1,1,0,1,3,1,5,0,0,0,0,0,62,0.0,4.895483475517775,0.0,0.0,15.930470882759089,0.0,4.794537184071822,13.139891848781026,0.0,0.0,12.13273413692322,12.13273413692322,0.0,5.563451491696996,2,13.212334168400758,15.930470882759089,0.0,4.722094864452088,0.0,4.895483475517775,0.0,29.828919765543436,0.0,0.0,18.5,4.722094864452088,0.0,0.0,0.0,14.324976713680442,10.023291153407584,0.0,10.357988675768818,29.160951749364212,0.0,0.0,0.0,63.24,24.154814814814813,0.0,11.055671296296296,0.0,0.21990740740740788,-0.5503703703703706,6.090972222222222,0.0,0.0,-3.554328703703702,0,0,0,0,0,0,0,0,0,0,1,1,0,0,0,0,1,0,0,0,0,0,0,0,0,0,0,1,0,0,0,0,0,0,1,0,1,0,0,0,0,0,0,0,0,0,0,0,0,0,0,0,0,0,0,0,0,0,0,0,0,0,0,0,0,0,0,0,0,0,0,0,0,0,0,0,1,0,0,0,0,0,0,0,0,0.6209172077165801
6-Methylcoumarin,Cc1ccc2oc(=O)ccc2c1,0,valid,2.0535871031739292,1.9461053808711304,-1.9511191797360168,2.120754369730522,-1.9340284747085306,5.762921844883101,0.5607338122637434,16.391867669642515,10.15392492305055,2.873950478406101,468.46742834865574,8.55204176387779,6.703247926875856,6.703247926875856,5.7540201954234895,3.7610899099313397,3.7610899099313397,2.7957114075377905,2.7957114075377905,1.774813882611415,1.774813882611415,1.1912878572930334,1.1912878572930334,0.0,4.794537184071822,0.0,5.625586319077987,5.583020141642242,10.949675706161791,6.06636706846161,6.06636706846161,25.122838405075452,0.0,4.417150937053347,160.052429496,1.1666666666666667,2.0,2.8333333333333335,0.1,-1.5699999999999998,12,152.10799999999998,2.0535871031739292,7.099295165750825,2.482514050089481,1.1149835727166937,69.44434868968159,10.801690759637188,0.42272912090276565,10.801690759637188,0.33569032002142013,0.2996730914588055,0.33569032002142013,-0.2996730914588055,-0.42272912090276565,2.10142,47.22100000000001,160.172,0,2,0,0,0,1,1,2,2,0,2,0,0,0,0,0,60,4.417150937053347,5.583020141642242,0.0,0.0,0.0,5.625586319077987,0.0,4.794537184071822,0.0,0.0,11.629818560158606,25.122838405075452,11.452591282926406,0.0,2,4.417150937053347,10.969244356107037,0.0,0.0,0.0,6.923737199690624,0.0,46.31541033715485,0.0,0.0,10.416666666666666,5.625586319077987,0.0,0.0,0.0,0.0,0.0,6.923737199690624,5.563451491696996,39.54352346343322,0.0,10.969244356107037,0.0,30.21,4.961064814814815,0.0,10.801690759637188,0.9672222222222224,1.5100018896447474,0.0,8.922175925925925,0.0,2.004511054421769,0.0,0,0,0,0,0,0,0,0,0,0,0,0,0,0,0,0,0,0,0,0,0,0,0,0,0,0,0,0,0,0,1,0,0,0,1,0,1,0,0,0,0,0,0,0,0,0,0,0,0,0,0,0,0,0,0,0,0,0,0,0,0,0,0,0,0,0,0,0,0,0,0,0,0,0,0,0,0,0,0,0,0,0,0,0,0,0.5522573011862888
Coumarin,O=c1ccc2ccccc2o1,0,valid,2.0412258289597847,1.9156250367947982,-1.9089597537978225,2.084059962520827,-1.928547830971929,5.751853717034213,0.5608287894433639,16.391861403051642,10.226050366187646,2.935350797972025,428.5108208761056,7.681798275874712,5.7805981960654815,5.7805981960654815,5.360173345306137,3.35040630740838,3.35040630740838,2.2922570838438423,2.2922570838438423,1.5285353991729589,1.5285353991729589,1.0113830342838968,1.0113830342838968,0.0,4.794537184071822,0.0,5.625586319077987,5.583020141642242,5.386224214464796,6.06636706846161,12.13273413692322,18.19910120538483,0.0,4.417150937053347,146.036779432,1.0,1.8181818181818181,2.727272727272727,0.0,-1.57,11,140.09699999999998,2.0412258289597847,6.160248407637458,2.234974333040861,1.02612164813026,63.07940657528498,10.716763038548752,0.4227294736611369,10.716763038548752,0.3356903161643383,0.3021296296296294,0.3356903161643383,-0.3021296296296294,-0.4227294736611369,1.793,42.484000000000016,146.14499999999998,0,2,0,0,0,1,1,2,2,0,2,0,0,0,0,0,54,4.417150937053347,5.583020141642242,0.0,0.0,0.0,5.625586319077987,0.0,4.794537184071822,0.0,0.0,18.19910120538483,12.13273413692322,11.452591282926406,0.0,2,4.417150937053347,10.969244356107037,0.0,0.0,0.0,0.0,0.0,46.818325913919466,0.0,0.0,10.181818181818182,5.625586319077987,0.0,0.0,0.0,0.0,0.0,0.0,0.0,45.609890531894834,0.0,10.969244356107037,0.0,30.21,4.9060648148148145,0.0,10.716763038548752,0.9510185185185187,0.33675925925925965,0.0,10.589394368858654,0.0,0.0,0.0,0,0,0,0,0,0,0,0,0,0,0,0,0,0,0,0,0,0,0,0,0,0,0,0,0,0,0,0,0,0,0,0,0,0,1,0,1,0,0,0,0,0,0,0,0,0,0,0,0,0,0,0,0,0,0,0,0,0,0,0,0,0,0,0,1,0,0,0,0,0,0,0,0,0,0,0,0,0,0,0,0,0,0,0,0,0.5302216682110639
Diglycidyl ether of Bisphenol A,CC(C)(c1ccc(OCC2CO2)cc1)c1ccc(OCC2CO2)cc1,1,valid,3.538518076914491,2.2533934246823906,-2.2623083404337017,2.3316370599298613,-2.1843925582608295,5.4140926615239495,0.2625683106641122,16.608276331741305,9.779995210509616,1.412414127527279,636.1808377852377,17.27781011412252,14.734922978497904,14.734922978497904,12.109322916611436,8.810080921581438,8.810080921581438,7.206446860431767,7.206446860431767,4.828531103543978,4.828531103543978,2.809197376455912,2.809197376455912,0.0,0.0,0.0,17.622923244893386,13.213763929025836,24.712787595593646,11.126902983393991,0.0,24.26546827384644,38.112942673227685,18.947451815200196,340.16745924799994,0.76,1.12,1.44,0.42857142857142855,-2.0399999999999996,25,316.22700000000003,3.538518076914491,16.429607147181514,6.6951835052370585,4.1418404924704655,148.21549496609953,5.71853905023548,0.4907958631214473,5.71853905023548,0.11895859086927378,0.08703664336104788,0.11895859086927378,-0.08703664336104788,-0.4907958631214473,3.567700000000002,95.48200000000006,340.4190000000001,0,4,0,2,2,2,0,2,4,0,4,0,8,0,2,2,132,18.947451815200196,36.920720371090255,0.0,0.0,0.0,0.0,0.0,0.0,0.0,0.0,38.112942673227685,35.392371257240434,5.414990469396779,13.213763929025836,4,18.947451815200196,0.0,0.0,0.0,0.0,31.470397644274627,26.427527858051672,59.65783953108687,0.0,11.49902366656781,21.68,9.473725907600098,0.0,11.49902366656781,0.0,38.63546063354828,14.888716376996877,0.0,24.974377382775238,48.53093654769288,0.0,0.0,0.0,43.519999999999996,21.771647467615388,0.0,0.0,0.0,2.417723949147561,1.7798015521866675,16.684574379644722,0.5617185025238771,7.367867482215115,0.0,0,0,0,0,0,0,0,0,0,0,0,0,0,0,0,0,0,0,0,0,0,0,0,0,0,0,0,0,0,0,0,0,0,0,2,0,0,0,0,2,0,4,0,0,0,0,0,0,0,0,0,0,0,0,0,0,0,0,0,0,0,0,0,0,0,0,0,0,0,0,0,0,0,0,0,0,0,0,0,0,0,0,0,0,0,0.689246342446574
"5-({4-[(2,3-Dimethyl-2H-indazol-6-yl)(methyl)amino]-2-pyrimidinyl}amino)-2-methylbenzenesulfonamide",Cc1ccc(Nc2nccc(N(C)c3ccc4c(C)n(C)nc4c3)n2)cc1S(N)(=O)=O,0,valid,3.0113151908564273,2.138001082628912,-2.186517517428513,2.2770620949599025,-2.14090418986874,7.888201546999665,0.5969758965366715,32.23311738455445,10.163238008702447,1.627309736469276,1396.378075971583,22.336134335324456,17.656965271598015,18.47346185252574,14.630048858775128,9.539109615311027,11.08542909323259,7.358217830081463,8.888062772385465,5.236889034523945,6.289766090233646,3.370209800003597,4.178268778672682,10.023291153407584,8.417796984328938,0.0,4.895483475517775,23.01703982520208,22.284239201613083,6.06636706846161,31.31968197668853,48.79989503642549,20.383427454201783,5.138973737607942,437.16339397600007,1.096774193548387,1.8709677419354838,2.6129032258064515,0.19047619047619047,-3.5,31,414.34500000000014,3.0113151908564273,20.759876377317926,7.637285318559557,4.072096,180.14391638303977,11.779825719936824,0.3292362474958191,11.779825719936824,0.2378871662978541,0.05993496598696968,0.2378871662978541,-3.8219773298611472,-0.3292362474958191,3.1390400000000005,121.38090000000004,437.52900000000017,3,9,0,0,0,2,2,4,8,2,10,0,5,0,0,0,160,10.216698334856808,5.817862777835028,0.0,15.97163043439408,0.0,0.0,4.681802935145184,18.540749242884086,10.082660329248245,0.0,6.06636706846161,55.809128301847906,42.74711229564783,10.412184193134037,4,8.417796984328938,44.06719069367729,0.0,19.74844178534064,12.186645720285131,18.742957874899023,17.264370317534,59.9187925373898,0.0,0.0,11.64516129032258,15.355672072464749,23.140974608188646,0.0,0.0,35.21391075234676,17.070963136084774,13.847474399381248,11.257379486545457,53.556896526362124,0.0,10.902924932081056,0.0,119.03,25.419306893387812,0.0,10.79515830455717,13.994250458882703,4.047340546796058,1.0061256115100365,12.77812542477374,1.6382820111069119,3.725197471821334,0.01287994383090263,0,0,0,0,0,4,0,0,0,0,0,0,0,0,0,5,1,1,0,0,0,0,0,0,0,0,0,0,0,4,3,0,0,0,2,0,1,0,0,0,0,0,0,0,0,0,0,0,0,0,0,0,0,0,0,0,0,0,0,0,0,0,0,0,0,0,0,0,0,0,0,0,0,0,0,0,1,0,0,0,0,0,0,0,0,0.4921501033338167
"N-(2-Chloro-4-pyrimidinyl)-2,3-dimethyl-2H-indazol-6-amine",Cc1c2ccc(Nc3ccnc(Cl)n3)cc2nn1C,0,valid,2.6468644583524803,2.0551881791240203,-2.04530484712476,2.2269990944639084,-1.9393665359428736,6.278644335510035,0.7508389222778414,35.49570149077951,10.17251502117913,1.9746253489766266,749.8734328737628,13.405412915006313,10.55357020095719,11.309499146975645,9.131030293135236,5.822471050142361,6.2004355231515875,4.27685721281486,4.614918914706267,3.0292540994817627,3.211359532249468,1.9614080144319792,2.108804347797733,0.0,0.0,0.0,5.283586320044258,5.817862777835028,22.284239201613083,0.0,12.263210640074686,36.85231332289782,20.383427454201783,11.600939890232516,273.078123064,1.263157894736842,2.1052631578947367,2.8947368421052633,0.15384615384615385,-2.14,19,261.631,2.6468644583524803,11.922863157563292,4.512098560693943,2.242430448362489,114.799703915433,5.752342205842987,0.34002580352828415,5.752342205842987,0.22378583213233674,0.22199871924078285,0.22378583213233674,0.22199871924078285,-0.34002580352828415,3.068720000000001,75.77570000000001,273.72700000000003,1,5,0,0,0,1,2,3,5,1,6,0,2,0,0,0,96,5.316788604006331,5.817862777835028,0.0,5.283586320044258,0.0,0.0,4.681802935145184,9.967957041894415,5.098681808301038,0.0,0.0,42.790145363769575,30.012054038287086,5.516700717616262,3,0.0,34.00911387483216,0.0,19.74844178534064,7.04767198267719,6.923737199690624,5.316788604006331,41.43982616035223,0.0,0.0,10.894736842105264,5.316788604006331,11.50524905251859,0.0,11.600939890232516,19.74844178534064,7.04767198267719,6.923737199690624,5.693927994848461,30.462311845459517,5.283586320044258,10.902924932081056,0.0,55.63,1.8710336881666247,5.752342205842987,7.933841115928057,9.000157750342936,3.01125026245066,0.6592620937263796,7.785634448223734,1.6122142437221803,2.0482432069093326,1.9371320957982214,0,0,0,0,0,4,0,0,0,0,0,0,0,0,0,4,1,0,0,0,0,0,0,0,0,0,0,0,0,2,2,0,0,0,1,0,1,0,0,0,0,0,0,0,1,0,0,0,0,0,0,0,0,0,0,0,0,0,0,0,0,0,0,0,0,0,0,0,0,0,0,0,0,0,0,0,0,0,0,0,0,0,0,0,0,0.7292519408373344
"N-(2-Chloro-4-pyrimidinyl)-N,2,3-trimethyl-2H-indazol-6-amine",Cc1c2ccc(N(C)c3ccnc(Cl)n3)cc2nn1C,0,valid,2.726012336109775,2.0985595587739008,-2.1752149368935707,2.2655286099693095,-2.108222999463317,6.27871079686743,0.7508024838120713,35.49570154258053,10.163482187749645,2.0543797981507486,780.3303530679891,14.27565640300939,11.50078379645715,12.256712742475603,9.558550648063802,6.216898241142276,6.594862714151504,4.653356441043339,4.991418142934746,3.456677322213183,3.638782754980888,2.1734382267185866,2.316373294648836,0.0,0.0,0.0,5.283586320044258,0.0,28.102101979448108,0.0,6.196843571613076,41.87615783673487,28.056743118347686,11.600939890232516,287.093773128,1.25,2.05,2.8,0.21428571428571427,-2.14,20,273.642,2.726012336109775,12.871765135404022,4.756465263886079,2.0977033764278485,121.37461751642493,5.830984181151629,0.32925643117090153,5.830984181151629,0.22379267137112294,0.23991538590744965,0.22379267137112294,0.23991538590744965,-0.32925643117090153,3.09302,80.55600000000003,287.754,0,5,0,0,0,1,2,3,5,0,6,0,2,0,0,0,102,4.899909730850477,5.817862777835028,0.0,5.283586320044258,0.0,0.0,4.681802935145184,9.967957041894415,5.098681808301038,0.0,0.0,42.790145363769575,37.05972602096428,5.516700717616262,3,0.0,34.00911387483216,0.0,19.74844178534064,7.04767198267719,6.923737199690624,11.947581713527667,41.43982616035223,0.0,0.0,11.0,4.899909730850477,11.50524905251859,0.0,11.600939890232516,26.796113768017825,7.04767198267719,6.923737199690624,5.693927994848461,30.462311845459517,5.283586320044258,10.902924932081056,0.0,46.84,1.8849225770555136,5.830984181151629,10.05504481963176,5.895814401892444,3.1242160598807427,0.7472250566893425,7.9835511148904,1.6434642437221803,2.0584472885419856,3.8874413676551125,0,0,0,0,0,4,0,0,0,0,0,0,0,0,0,5,0,0,0,0,0,0,0,0,0,0,0,0,0,2,2,0,0,0,1,0,1,0,0,0,0,0,0,0,1,0,0,0,0,0,0,0,0,0,0,0,0,0,0,0,0,0,0,0,0,0,0,0,0,0,0,0,0,0,0,0,0,0,0,0,0,0,0,0,0,0.6796381930421442
"1,6-Bis(2,3-epoxypropoxy)-hexane",C(CCCOCC1CO1)CCOCC1CO1,1,valid,3.143966852697016,2.2200485985582326,-2.0309105288977354,2.0999387205664584,-2.035747600519492,4.671592956231045,0.105205188040189,16.607559855675078,10.185058048440625,1.217409947370139,157.85757378684062,11.054195474990921,9.85876151210018,9.85876151210018,7.949489742783179,6.3364484902153615,6.3364484902153615,4.4747270791571125,4.4747270791571125,2.739575407592976,2.739575407592976,1.5198929124732368,1.5198929124732368,0.0,0.0,0.0,0.0,12.207932775496605,52.482935032929525,12.841643245852019,0.0,0.0,0.0,18.947451815200196,230.151809184,0.75,1.1875,1.5625,1.0,-0.16,16,208.12799999999996,3.143966852697016,12.300954293871056,7.221422346514046,6.428421436975131,97.19613289716129,5.452221795360323,0.3786629647450922,5.452221795360323,0.1042198377960117,0.4009657060006361,0.1042198377960117,0.4009657060006361,-0.3786629647450922,1.3776,59.586000000000055,230.30399999999995,0,4,0,2,2,0,0,0,4,0,4,0,11,0,2,2,94,18.947451815200196,12.207932775496605,0.0,0.0,0.0,0.0,0.0,0.0,0.0,0.0,12.841643245852019,12.841643245852019,13.213763929025836,26.427527858051672,2,18.947451815200196,0.0,0.0,0.0,0.0,37.89121926720065,39.641291787077506,0.0,0.0,0.0,27.0,0.0,0.0,0.0,0.0,51.84922456257411,18.947451815200196,0.0,25.683286491704038,0.0,0.0,0.0,0.0,43.519999999999996,21.01067481540425,0.0,0.0,0.0,0.0,0.0,0.0,5.566353023238359,5.089638828024054,0.0,0,0,0,0,0,0,0,0,0,0,0,0,0,0,0,0,0,0,0,0,0,0,0,0,0,0,0,0,0,0,0,0,0,0,0,0,0,0,0,2,0,4,0,0,0,0,0,0,0,0,0,0,0,0,0,0,0,0,0,0,0,0,0,0,0,0,0,0,0,0,0,0,0,0,0,0,0,0,0,0,0,0,0,7,0,0.3971007314150625
5-Chloro-6-methoxy-4-methyl-8-nitro-2(1h)quinolinone,COc1cc([N+](=O)[O-])c2[nH]c(=O)cc(C)c2c1Cl,1,valid,2.2748455853594294,2.205433777739372,-2.0863603295661917,2.3818736766190183,-2.069747737525328,6.371781296478998,-0.38281209617774337,35.4956917409424,10.088521336859856,3.0546877543822255,708.2359221806403,13.4472292782632,9.612871768743888,10.368800714762344,8.451596160381719,4.9989345252316815,5.376898998240909,3.735645954576863,4.1136104275860905,2.6165227072819683,2.9917655638856244,1.83815051380582,2.213393370409476,10.482577943869678,14.908855452837393,0.0,21.976232139325056,10.949675706161791,0.0,19.242531678200752,6.923737199690624,0.0,4.983978520947208,16.337802844032566,268.02508444800003,1.4444444444444444,2.111111111111111,2.6666666666666665,0.18181818181818182,-2.0799999999999996,18,259.58399999999995,2.2748455853594294,12.37884121634838,4.303058984910836,1.8009083288277337,106.293909139904,11.392364496724616,0.4949050040361213,11.392364496724616,0.29670627365000246,0.10722222222222277,0.29670627365000246,-0.5867438271604941,-0.4949050040361213,2.40672,67.52210000000001,268.65599999999995,1,6,0,0,0,1,1,2,4,1,7,0,2,0,0,0,94,9.720841474747257,11.266212550900168,0.0,5.559266895052007,5.687386274683562,0.0,14.908855452837393,0.0,0.0,0.0,11.600939890232516,12.487188691387619,11.452591282926406,23.12210897229814,2,9.660174002617719,28.191251096997135,0.0,4.983978520947208,0.0,6.923737199690624,7.109797541277533,43.186941290250935,0.0,5.749511833283905,10.61111111111111,10.296129848852056,5.687386274683562,5.749511833283905,11.600939890232516,17.01708711104241,0.0,17.038055468456196,5.563451491696996,16.927271320995043,5.022633313741326,10.902924932081056,0.0,85.22999999999999,5.000736725245654,6.106354560342655,24.242848560720585,11.66310405643739,0.007345836482742563,0.20001448727639204,2.525223922902494,0.0,1.6593442932728646,1.3728053350970018,0,0,0,0,0,1,1,0,0,0,0,0,0,0,0,1,1,0,0,0,0,1,0,0,0,0,0,0,0,0,1,0,0,0,1,0,1,0,0,0,0,1,0,0,1,0,0,0,0,0,0,0,0,0,0,1,0,0,1,1,1,0,0,0,0,0,0,0,0,0,0,0,0,1,0,0,0,0,0,0,0,0,0,0,0,0.6693120827013825
6-Methoxy-4-methyl-2(1H)-quinolinone,COc1ccc2[nH]c(=O)cc(C)c2c1,0,valid,2.1693678012139985,2.00132146640468,-2.03635534144335,2.1988002657641563,-2.041482043657493,5.825972063196462,0.41514342066979837,16.46529077015391,10.113173036979127,2.8174887154176984,528.2888365506734,10.129392033067417,8.12589765768623,8.12589765768623,6.702708600407233,4.381880721829938,4.381880721829938,3.2281152814152363,3.2281152814152363,2.2570450409433143,2.2570450409433143,1.5287978455127842,1.5287978455127842,0.0,4.794537184071822,0.0,5.559266895052007,0.0,22.21588825706196,0.0,13.176164609739143,25.122838405075456,4.983978520947208,4.736862953800049,189.078978592,1.2857142857142858,2.0714285714285716,2.7857142857142856,0.18181818181818182,-1.77,14,178.12599999999998,2.1693678012139985,8.811833472450036,3.178135834949779,1.369129520892922,81.33766719052252,11.171926099143363,0.49674297705057724,11.171926099143363,0.2481659895085613,0.06928996598639436,0.2481659895085613,-0.06928996598639436,-0.49674297705057724,1.8451199999999999,55.857700000000015,189.214,1,3,0,0,0,1,1,2,2,1,3,0,1,0,0,0,72,9.720841474747257,5.749511833283905,0.0,5.559266895052007,0.0,0.0,4.794537184071822,0.0,0.0,0.0,0.0,30.68628989677245,16.96929200054267,7.109797541277533,2,4.736862953800049,10.902924932081056,0.0,4.983978520947208,0.0,6.923737199690624,7.109797541277533,40.182723844667265,0.0,5.749511833283905,10.428571428571429,10.296129848852056,0.0,5.749511833283905,0.0,12.093776062224741,0.0,6.923737199690624,5.563451491696996,29.060005457918262,0.0,10.902924932081056,0.0,42.09,5.115505243764172,0.0,13.942639440035276,1.0175462962962964,1.7348304043839764,0.7987490551776268,7.183194444444444,0.0,1.9137037037037037,1.6271647455278406,0,0,0,0,0,1,1,0,0,0,0,0,0,0,0,0,1,0,0,0,0,1,0,0,0,0,0,0,0,0,1,0,0,0,1,0,1,0,0,0,0,1,0,0,0,0,0,0,0,0,0,0,0,0,0,1,0,0,0,0,0,0,0,0,0,0,0,0,0,0,0,0,0,1,0,0,0,0,0,0,0,0,0,0,0,0.7433578427764436
Imidazolidinyl urea,O=C(NCNC(=O)NC1C(=O)NC(=O)N1CO)NC1C(=O)NC(=O)N1CO,1,valid,3.016614703779122,2.396273880551824,-2.208740603886011,2.0464245926962383,-2.5567513684658825,6.054301695414448,-0.12288811462123381,16.289038583679087,10.4350175264655,1.7542659621350019,627.2776763681841,20.137463722575188,13.514365006721908,13.514365006721908,12.77729466307721,7.315074630019022,7.315074630019022,5.093550833985677,5.093550833985677,3.440269138603504,3.440269138603504,2.142534675089959,2.142534675089959,68.40069341622245,28.76722310443093,0.0,0.0,9.799819461700954,0.0,0.0,0.0,10.633577208012662,21.267154416025324,10.213054789681411,388.10910947199994,0.8148148148148148,1.1851851851851851,1.5185185185185186,0.45454545454545453,-3.660000000000001,27,372.16900000000015,3.016614703779122,19.66192528605641,8.145896891671464,4.304007377122316,149.7534504114468,11.688613784637415,0.3761125431161364,11.688613784637415,0.3275824924959159,0.4578495842781556,0.3275824924959159,-1.4281148002130146,-0.3761125431161364,-4.802299999999996,80.7048,388.2970000000001,8,16,0,2,2,0,0,0,8,8,16,0,6,0,2,2,148,31.480209205706736,13.461633494998969,12.331551224269054,0.0,11.814359458703011,24.124458049352288,30.022471037857258,19.178148736287287,0.0,0.0,0.0,0.0,0.0,6.6686911888991425,2,38.98027789411234,35.9388175080553,0.0,41.70055108573894,0.0,12.331551224269054,20.130324683898113,0.0,0.0,0.0,21.703703703703702,31.900731624037984,19.178148736287287,0.0,0.0,88.41356766760484,9.589074368143644,0.0,0.0,0.0,0.0,0.0,0.0,221.54,0.0,0.0,70.2438357486895,30.235809214429622,0.0,-1.702018377225115,-3.671297012247936,-2.856229600426029,-2.0834333065533803,0.0,0,2,2,0,0,0,0,0,0,0,6,6,0,0,0,2,6,0,0,0,0,0,0,0,0,0,0,10,0,0,0,0,0,0,0,0,0,0,0,0,0,0,0,0,0,0,0,0,2,0,0,0,0,0,0,0,0,0,0,0,0,0,0,0,0,0,0,0,0,0,0,0,0,0,0,0,0,0,0,0,0,0,0,0,4,0.16239688930051904
Atrazine,CCNc1nc(Cl)nc(NC(C)C)n1,0,valid,2.009943793612083,2.039543556466544,-2.0871596956586553,2.092596373340384,-2.1412727245392422,6.2795199499905765,0.8658849320392111,35.49570124224517,10.403312066001147,2.831956367804246,301.7831548601487,10.55204176387779,8.504062309885276,9.25999125590373,6.613392202930193,4.534658867758374,4.912623340767602,3.0810228346371993,3.4190845365286058,1.3607873809962805,1.529818231941984,0.9100064857776695,1.0701148058523666,0.0,0.0,0.0,11.325427149192219,11.896678561972989,6.544756405912575,0.0,0.0,20.771211599071872,25.585512770854283,11.600939890232516,215.09377312799998,1.2142857142857142,1.8571428571428572,2.4285714285714284,0.625,-1.1,14,201.576,2.009943793612083,10.977519379844964,4.95024333881867,3.3341936893355397,88.3180482284173,5.726967750062987,0.3543182635074518,5.726967750062987,0.2284970869222609,0.19361111111111162,0.2284970869222609,0.19361111111111162,-0.3543182635074518,1.7770999999999997,57.75940000000002,215.68800000000002,2,5,0,0,0,0,1,1,5,2,6,0,4,0,0,0,78,10.633577208012662,0.0,0.0,17.180264882017248,0.0,0.0,0.0,0.0,14.951935562841623,0.0,0.0,32.372151489304386,12.586597235060536,0.0,1,0.0,23.497618452205504,0.0,14.951935562841623,0.0,26.813052428219834,17.178333613925236,5.283586320044258,0.0,0.0,10.357142857142858,10.633577208012662,11.896678561972989,0.0,11.600939890232516,27.53853279790216,0.0,0.0,20.771211599071872,0.0,5.283586320044258,0.0,0.0,62.730000000000004,0.0,5.726967750062987,12.00588498362308,6.226630763416479,0.0,0.9922222222222223,0.2666140715545475,0.0,6.72612465356513,0.0,0,0,0,0,0,3,0,0,0,0,0,0,0,0,0,3,2,0,0,0,0,0,0,0,0,0,0,0,0,2,0,0,0,0,0,0,0,0,0,0,0,0,0,0,1,0,0,0,0,0,0,0,0,0,0,0,0,0,0,0,0,0,0,0,0,0,0,0,0,0,0,0,0,0,0,0,0,0,0,0,0,0,0,0,0,0.8018633186326394
"2,4,6-Trichloro- 1,3,5-triazine",Clc1nc(Cl)nc(Cl)n1,1,valid,1.5880914479405832,1.9703415221859533,-1.8834575283654893,2.0823308972777608,-1.868737067398194,6.330323660701475,1.0484176138085328,35.497998230247234,11.065049862514815,3.165670309917317,175.06517765499825,6.8533711511285205,3.9755342055275555,6.243321043582919,4.1815405503520555,1.9085874960137146,3.0424809150413967,1.1425027494620783,2.1566878551362985,0.5535462764185549,1.060638829255665,0.30338712360275727,0.9134917464082576,0.0,0.0,0.0,15.850758960132776,0.0,0.0,0.0,0.0,0.0,14.951935562841623,34.802819670697545,182.91578004,0.6666666666666666,0.8888888888888888,1.1111111111111112,0.0,-0.1200000000000001,9,184.413,1.5880914479405832,6.992612612612612,2.64283599179222,1.9304030200999895,66.0001457429815,5.319135802469135,0.2274598147645861,5.319135802469135,0.2274598147645861,4.440892098500626e-16,0.18683236521778415,4.440892098500626e-16,-0.18683236521778415,1.8318000000000003,34.857,184.413,0,3,0,0,0,0,1,1,3,0,6,0,0,0,0,0,48,0.0,0.0,0.0,15.850758960132776,0.0,0.0,0.0,0.0,14.951935562841623,0.0,0.0,34.802819670697545,0.0,0.0,1,0.0,34.802819670697545,0.0,14.951935562841623,0.0,0.0,0.0,15.850758960132776,0.0,0.0,9.666666666666666,0.0,0.0,0.0,34.802819670697545,14.951935562841623,0.0,0.0,0.0,0.0,15.850758960132776,0.0,0.0,38.67,0.0,15.957407407407405,10.375925925925927,1.7763568394002505e-15,0.0,0.0,0.0,0.0,0.0,0.0,0,0,0,0,0,3,0,0,0,0,0,0,0,0,0,3,0,0,0,0,0,0,0,0,0,0,0,0,0,0,0,0,0,0,0,0,0,0,0,0,0,0,0,0,3,0,0,0,0,0,0,0,0,0,0,0,0,0,0,0,0,0,0,0,0,0,0,0,0,0,0,0,0,0,0,0,0,0,0,0,0,0,0,0,0,0.6173674400620878
"7,12-Dimethyl-benz[a]anthracene",Cc1c2ccccc2c(C)c2c1ccc1ccccc12,1,valid,2.5144025276065487,2.0996934175908857,-2.137216973589546,2.3556394139830323,-1.8880438582354118,6.159107148777676,1.5326591408768433,14.136545359776548,9.899873747819132,2.3825782969541596,961.5588177778453,13.689869965382487,11.77350269189626,11.77350269189626,9.770856947829099,7.065384140902211,7.065384140902211,5.504842698560234,5.504842698560234,4.443108480106471,4.443108480106471,3.4049319341902993,3.4049319341902993,0.0,0.0,0.0,0.0,0.0,0.0,43.44424827018277,0.0,0.0,74.51114508399735,0.0,256.125200512,0.5,1.1,1.85,0.1,-2.339999999999999,20,240.21999999999994,2.5144025276065487,11.483652947411134,4.076023614773041,1.4213973098015722,118.20628094349581,2.270277777777778,0.06162899004742313,2.270277777777778,-0.006705142749393252,1.3173899281934998,0.006705142749393252,1.3173899281934998,-0.06162899004742313,5.763040000000005,88.43400000000005,256.348,0,0,0,0,0,4,0,4,0,0,0,0,0,0,0,0,96,0.0,0.0,0.0,0.0,0.0,0.0,0.0,0.0,0.0,0.0,60.6636706846161,57.29172266956402,0.0,0.0,4,0.0,32.31734528678877,0.0,0.0,0.0,13.847474399381248,0.0,71.7905736680101,0.0,0.0,11.5,0.0,0.0,0.0,0.0,0.0,0.0,13.847474399381248,11.126902983393991,60.6636706846161,0.0,32.31734528678877,0.0,0.0,0.0,0.0,0.0,8.18978552532124,2.7684750566893426,0.0,21.89349867724868,0.0,4.481574074074073,0.0,0,0,0,0,0,0,0,0,0,0,0,0,0,0,0,0,0,0,0,0,0,0,0,0,0,0,0,0,0,0,2,0,0,0,4,0,4,0,0,0,0,0,0,0,0,0,0,0,0,0,0,0,0,0,0,0,0,0,0,0,0,0,0,0,0,0,0,0,0,0,0,0,0,0,0,0,0,0,0,0,0,0,0,0,0,0.2768651942293679
Bandrowski's base,N=C1CC(=Nc2ccc(N)cc2)C(=N)CC1=Nc1ccc(N)cc1,1,valid,2.5608363571502606,2.229081068319335,-2.1768657918975367,2.2029546904054293,-2.3164314012840794,6.617449578205137,1.3179941541525553,14.815574654407435,9.919488465398631,1.8125870522902834,770.5826533771233,17.10408352775558,13.082143445269272,13.082143445269272,11.508040390846979,7.528725432654475,7.528725432654475,5.610719370050881,5.610719370050881,3.699430386421501,3.699430386421501,2.375739969023955,2.375739969023955,0.0,0.0,0.0,0.0,47.06315580630194,11.374772549367124,0.0,48.53093654769288,0.0,9.984809465271336,22.285902165907416,318.159294576,0.625,0.9583333333333334,1.2916666666666667,0.1111111111111111,-3.28,24,300.24,2.5608363571502606,15.609425461218011,6.454937022136405,3.545012254854659,139.51344722268666,8.20483108675569,0.3987267657985331,8.20483108675569,0.06817379723515468,0.3025947971781304,0.06817379723515468,0.3025947971781304,-0.3987267657985331,3.5295400000000017,100.58619999999999,318.384,6,6,1,0,1,2,0,2,6,4,6,0,2,1,0,1,120,22.285902165907416,0.0,0.0,0.0,0.0,0.0,9.984809465271336,0.0,0.0,0.0,0.0,48.53093654769288,24.21641579521914,34.22151256044993,3,0.0,45.59628510981705,10.818567211583044,0.0,9.984809465271336,12.841643245852019,11.46733495432437,48.53093654769288,0.0,0.0,18.333333333333332,11.46733495432437,22.74954509873425,0.0,0.0,22.846740011082808,0.0,10.818567211583044,12.841643245852019,58.515746012964215,0.0,0.0,0.0,124.46000000000001,0.0,0.0,8.935794077655551,16.40966217351138,16.095523772517616,0.0,14.287163715292532,0.6051895943562613,0.0,0.0,0,0,0,2,0,0,0,0,0,0,0,0,0,0,2,2,2,2,0,0,0,0,0,0,0,0,0,0,0,2,0,0,0,0,2,0,0,0,0,0,0,0,0,0,0,0,0,0,0,0,0,0,0,0,0,0,0,0,0,0,0,0,0,0,0,0,0,0,0,0,0,0,0,0,0,0,0,0,0,0,0,0,0,0,0,0.6323546690915474
"Phenylmethyl 2-(4-fluoro-2-methylphenyl)-4-oxo-3,4-dihydro-1 (2H)-pyridine-carboxylate",Cc1cc(F)ccc1C1CC(=O)C=CN1C(=O)OCc1ccccc1,0,valid,2.6034941692661797,2.303115767252316,-2.3104866742506935,2.312396762024742,-2.347087106561682,5.920356851122669,-0.11579134167142789,19.142145365352683,9.938559174701794,1.7991754458455014,816.9459081521833,17.811190308942127,13.814989463359757,13.814989463359757,12.041713895658194,8.004790532448437,8.004790532448437,5.950333891417183,5.950333891417183,4.158144534470213,4.158144534470213,2.879012584280277,2.879012584280277,12.135080900086376,13.979489415818463,0.0,24.62816937484976,5.563451491696996,11.126902983393991,29.30861886442803,12.990104268152233,30.33183534230805,0.0,4.736862953800049,339.127071656,1.24,2.0,2.72,0.2,-2.9499999999999993,25,321.2220000000001,2.6034941692661797,16.89206067574051,7.298718628776461,3.936862390663794,145.0745585577444,13.36940130684303,0.4442846969192834,13.36940130684303,0.41423507437017115,0.0825607649191702,0.41423507437017115,-0.5404369803476936,-0.4442846969192834,4.300520000000003,91.10800000000003,339.36600000000004,0,4,0,1,1,2,0,2,3,0,5,0,3,0,0,0,128,4.736862953800049,12.424102805558812,5.783244946364939,0.0,0.0,6.093240070938415,9.694446914922299,9.184952231746642,0.0,0.0,36.39820241076966,41.82284591853871,12.620776512746458,6.041840829147961,3,18.716352369618512,11.876485017303354,0.0,4.899909730850477,0.0,25.993281616277514,0.0,83.31448686048411,0.0,0.0,16.8,0.0,9.184952231746642,0.0,0.0,16.77639474815383,16.13828210238479,12.740958040736519,29.153016927164956,60.80691154434721,0.0,0.0,0.0,46.61,18.737899747886114,0.0,25.733443291700414,0.0,2.298285782913309,-0.43243836426289284,13.192394895966462,2.399212805492568,1.904535173637356,0.0,0,0,0,0,0,0,0,0,0,0,2,2,0,0,0,1,0,0,0,0,0,0,0,0,0,0,1,1,0,0,1,0,0,0,2,0,0,0,0,0,0,1,0,0,1,0,0,0,0,0,0,1,0,0,0,0,0,0,0,0,0,0,0,0,0,0,0,0,0,0,0,0,0,0,0,0,0,0,0,0,0,0,0,0,0,0.8374366218220213
b-Terpinene,C=C1CC=C(C(C)C)CC1,0,valid,1.8845053612018057,2.0764728762165805,-2.166595863400125,2.2537857244610904,-1.9943402678164412,5.172104496928699,0.681467522741396,14.135810800165004,9.893171917871623,2.55965502240118,160.87712379549453,7.560477932315068,6.983127663125442,6.983127663125442,4.698377302757663,4.054512660405836,4.054512660405836,3.3878637859736447,3.3878637859736447,2.1617360536912265,2.1617360536912265,1.3250477188612924,1.3250477188612924,0.0,0.0,0.0,0.0,0.0,12.338727669087403,18.414747775921285,5.5731045300692665,0.0,26.502430189813627,0.0,136.125200512,1.4,2.1,2.5,0.6,-0.52,10,120.10999999999997,1.8845053612018057,7.585485232067512,3.0462804076265617,1.7285097165599768,63.63869283950128,3.9633626228269083,0.09953701585395143,3.9633626228269083,-0.013861592502948404,0.743611111111111,0.013861592502948404,0.743611111111111,-0.09953701585395143,3.308900000000002,45.91200000000003,136.23799999999997,0,0,1,0,1,0,0,0,0,0,0,0,1,0,0,0,56,0.0,0.0,0.0,0.0,0.0,0.0,0.0,0.0,0.0,0.0,37.648639249952154,25.18037091493942,0.0,0.0,1,0.0,0.0,0.0,0.0,5.917906046161393,33.10993926815928,0.0,23.80116485057091,0.0,0.0,19.5,0.0,0.0,0.0,0.0,0.0,0.0,5.917906046161393,33.10993926815928,23.80116485057091,0.0,0.0,0.0,0.0,0.0,0.0,0.0,0.0,3.0109259259259264,0.743611111111111,0.0,5.921157407407407,8.490972222222222,0.0,0,0,0,0,0,0,0,0,0,0,0,0,0,0,0,0,0,0,0,0,0,0,0,0,0,0,3,0,0,0,0,0,0,0,0,0,0,0,0,0,0,0,0,0,0,0,0,0,0,0,0,0,0,0,0,0,0,0,0,0,0,0,0,0,0,0,0,0,0,0,0,0,0,0,0,0,0,0,0,0,0,0,0,0,0,0.48503449155951595
"1,1-Dimethylethyl3-[[[[(3s)-2,3,4,5-tetrahydro-1-[2-[(1-methylethyl)pheny lamino]-2-oxoethyl]-2,4-dioxo-5-phenyl-1h-1,5-benzodiazepin-3-yl]amino]carbonyl]amino]benzoate",CC(C)N(C(=O)CN1C(=O)C(NC(=O)Nc2cccc(C(=O)OC(C)(C)C)c2)C(=O)N(c2ccccc2)c2ccccc21)c1ccccc1,1,valid,3.1360033692125397,2.427106057709994,-2.307426230347251,2.3784408883571007,-2.5676846233227746,6.246858907263231,-0.12937162259727658,16.552803198681765,10.138261670243114,1.4980972499952816,1855.3903015904343,35.29395349313804,28.04524269426212,28.04524269426212,23.335226212806326,15.912907268675804,15.912907268675804,12.729503107973168,12.729503107973168,7.551426702494544,7.551426702494544,5.528817181643727,5.528817181643727,42.00242730503715,23.97268592035911,0.0,23.199858324880022,22.74954509873425,0.0,15.866186530162565,98.4675261514617,44.179309741689295,10.633577208012662,4.736862953800049,661.2900339679999,0.7959183673469388,1.4081632653061225,2.0408163265306123,0.23684210526315788,-5.969999999999998,49,622.4470000000001,3.1360033692125397,34.36688491685742,14.427602594135164,7.951914945625792,285.0064252932642,14.42815988913232,0.4563692233333005,14.42815988913232,0.3382191538581886,0.20634890040982246,0.3382191538581886,-1.7234537912450996,-0.4563692233333005,6.285100000000006,188.99989999999954,661.7590000000004,2,11,0,1,1,4,0,4,6,2,11,0,8,0,0,0,252,20.270349892663187,12.145807216896262,6.041840829147961,5.907179729351506,11.814359458703011,12.00041980028992,24.18343101391642,9.589074368143644,0.0,0.0,54.59730361615449,89.21598961460764,23.103999653198645,16.93822404106412,5,28.709548874159157,58.158890361762246,0.0,5.316788604006331,0.0,52.303418467732726,26.561274202470337,114.75805872400603,0.0,0.0,14.53061224489796,25.333306400564094,33.231468557489634,0.0,0.0,53.95144786353662,19.120474506015515,0.0,44.97667467422194,109.19460723230902,0.0,0.0,0.0,128.36,5.43637095685544,0.0,73.07973700674377,5.162199983820031,1.5304170049891723,-2.4731395996385657,27.936602345930538,0.0,8.577812301299634,0.0,0,0,0,0,0,0,0,0,0,0,5,5,0,0,0,3,2,0,0,0,0,0,0,0,0,0,0,5,0,5,0,0,0,0,4,0,1,0,0,0,1,1,0,0,0,0,0,0,0,0,0,0,0,0,0,0,0,0,0,0,0,0,0,0,4,0,0,0,0,0,0,0,0,0,0,0,0,0,0,0,0,0,0,0,1,0.16893028131215082
"2,6-Dimethoxy-4-methyl-8-nitro-5-[3-(trifluoromethyl)-phenoxy]quinoline",COc1cc(C)c2c(Oc3cccc(C(F)(F)F)c3)c(OC)cc([N+](=O)[O-])c2n1,1,valid,2.665349713771954,2.309608111984078,-2.160010247258422,2.449189417368644,-2.046008526981864,5.973098428565182,-0.38282222526777193,19.41318699127352,10.066973441719988,2.2718497495991636,1099.3752753795563,21.344570503761734,15.53366367748467,15.53366367748467,13.650415571030873,8.211976379714512,8.211976379714512,6.016961963381694,6.016961963381694,4.161430179423486,4.161430179423486,2.846212329006537,2.846212329006537,16.663061057958142,23.285563411790033,0.0,39.718835043051705,5.563451491696996,18.19910120538483,32.418696287939895,6.923737199690624,0.0,4.983978520947208,14.210588861400147,408.09330624,1.103448275862069,1.8275862068965518,2.413793103448276,0.21052631578947367,-3.5600000000000005,29,393.21200000000016,2.665349713771954,20.181400266895597,7.45530929955113,3.863428654376541,162.33979591562832,13.01528385696107,0.49254903839678,13.01528385696107,0.4160450755876346,0.013960695389266808,0.4160450755876346,-4.549764822736053,-0.49254903839678,5.279720000000003,97.75640000000006,408.33200000000016,0,7,0,0,0,2,1,3,6,0,10,0,5,0,0,0,152,14.210588861400147,5.749511833283905,17.01572438418407,5.879988336435371,5.687386274683562,6.176298517443475,10.114318268765572,4.983978520947208,13.171245143024459,0.0,6.06636706846161,30.686289896772447,6.06636706846161,36.15894890599614,3,32.30514505324228,16.590311206764618,0.0,4.983978520947208,0.0,13.100035717134098,14.219595082555067,57.639423662929225,0.0,23.128523836287084,11.379310344827585,14.210588861400147,18.858631417708022,23.128523836287084,0.0,24.126884652319944,6.176298517443475,17.038055468456196,11.126902983393991,36.39820241076966,0.0,10.902924932081056,0.0,83.72,55.04586695060029,0.0,15.01865837739034,11.752794852253725,-0.7663014479207648,0.035683198759047574,6.927468112787151,-4.549764822736053,1.6475155895691609,2.6380791892971027,0,0,0,0,0,1,0,0,0,0,0,0,0,0,0,2,0,0,0,0,0,0,0,0,0,3,0,0,0,0,1,0,0,0,2,0,1,0,0,0,0,3,0,0,3,0,0,0,0,0,0,0,0,0,0,2,0,0,1,1,1,0,0,0,0,0,0,0,0,0,0,0,0,1,0,0,0,0,0,0,0,0,0,0,0,0.4219199909391674
"2,6-Dimethoxy-4-methyl-5-[3-(trifluoromethyl)phenoxy]-8-quinolinamine",COc1cc(C)c2c(Oc3cccc(C(F)(F)F)c3)c(OC)cc(N)c2n1,0,valid,2.626389561352529,2.3052578442427945,-2.1702604368493414,2.4356217105450186,-2.0456621837149562,5.987272289053924,-0.13722040907653835,19.413183490353145,10.068405851241835,2.203274849801105,1003.6369263448933,19.767220234572108,14.847303770246612,14.847303770246612,12.739731968507913,7.911896344889235,7.911896344889235,5.82995356851215,5.82995356851215,4.014334248711554,4.014334248711554,2.747641453747042,2.747641453747042,11.73975000914047,13.171245143024459,0.0,17.248535499851716,22.470299543199992,17.696185628620217,32.418696287939895,12.990104268152233,0.0,4.983978520947208,19.944256338562333,378.11912706400005,1.037037037037037,1.7777777777777777,2.4074074074074074,0.21052631578947367,-3.16,27,361.2140000000001,2.626389561352529,18.625735509781553,6.863769777906807,3.552760330559568,153.0267108901412,12.984866042452344,0.4927362813726089,12.984866042452344,0.4160450755876341,0.017976374191652322,0.4160450755876341,-4.474723500422003,-0.4927362813726089,4.953720000000002,95.51440000000004,378.35000000000014,2,5,0,0,0,2,1,3,5,1,8,0,4,0,0,0,142,19.944256338562333,11.266212550900168,11.49902366656781,5.879988336435371,0.0,6.176298517443475,0.0,4.983978520947208,13.171245143024459,0.0,6.06636706846161,30.686289896772447,12.13273413692322,30.85665706340042,3,27.381834004424604,16.590311206764618,0.0,4.983978520947208,0.0,13.100035717134098,19.953262559717253,47.52510539416365,0.0,23.128523836287084,11.481481481481481,19.944256338562333,18.858631417708022,23.128523836287084,0.0,19.203573603502274,6.176298517443475,6.923737199690624,11.126902983393991,36.39820241076966,0.0,10.902924932081056,0.0,66.6,55.243661126121744,0.0,4.325800107079869,0.5324645691609979,6.727785475390545,0.8957927981543612,7.80113881798383,-4.474723500422003,1.7960416666666665,2.9020389398639965,0,0,0,1,0,1,0,0,0,0,0,0,0,0,0,1,0,1,0,0,0,0,0,0,0,3,0,0,0,1,1,0,0,0,2,0,1,0,0,0,0,3,0,0,3,0,0,0,0,0,0,0,0,0,0,2,0,0,0,0,0,0,0,0,0,0,0,0,0,0,0,0,0,1,0,0,0,0,0,0,0,0,0,0,0,0.6506336150996272
"N-[(1-Butyl-4-piperidinyl)methyl]-3,4-dihydro-2H-[1,3]oxazino[3,2-a]indole-10-carboxamide",CCCCN1CCC(CNC(=O)c2c3n(c4ccccc24)CCCO3)CC1,0,valid,3.0572941991973037,2.2644945825625697,-2.3149989888970977,2.341302862427053,-2.386536936509773,6.093536205659089,0.0930763038366568,16.489238649310778,9.961716164281292,1.4100377543685116,790.1969527911887,18.639617433688315,16.3758497109278,16.3758497109278,13.275188245478668,10.521803396987021,10.521803396987021,7.8995495244344855,7.8995495244344855,6.001442024077062,6.001442024077062,4.3843157093954614,4.3843157093954614,0.0,4.794537184071822,0.0,5.907179729351506,18.08823950237131,49.382760515092734,32.22804289761662,0.0,18.19910120538483,27.773902250800397,4.736862953800049,369.241627232,1.2222222222222223,2.037037037037037,2.8518518518518516,0.5909090909090909,-2.01,27,338.26100000000014,3.0572941991973037,18.357813569920662,8.340685009361474,3.836306232140408,161.21449003669795,13.025209993930233,0.4781696509096653,13.025209993930233,0.25691051058508607,0.009502385958464421,0.25691051058508607,0.009502385958464421,-0.4781696509096653,3.665700000000003,108.45520000000008,369.50900000000024,1,5,0,2,2,1,1,2,4,1,5,0,6,0,1,1,146,19.520660936448213,5.563451491696996,0.0,5.879988336435371,5.907179729351506,0.0,4.794537184071822,0.0,0.0,0.0,31.54366002800146,57.30182882406476,18.475737026289945,12.123582682129179,4,9.53140013787187,16.810104661432565,0.0,14.783797982648164,5.917906046161393,45.57260172023325,32.78590758816322,29.828919765543436,0.0,5.879988336435371,18.25925925925926,10.05365155780638,0.0,5.879988336435371,0.0,48.16009669615655,6.544756405912575,5.917906046161393,49.385833990089495,24.26546827384644,0.0,10.902924932081056,0.0,46.5,8.052311419748774,0.0,15.588090963836816,4.205458605807147,1.8122815786044226,1.3352297412407093,8.135747794836657,5.8847198538508,8.15282670874134,0.0,0,0,0,0,0,1,0,0,0,0,1,1,0,0,0,2,1,0,0,0,1,0,0,0,0,0,0,1,0,0,1,0,0,0,1,0,3,0,0,0,0,1,0,0,0,0,0,0,0,0,0,0,0,0,0,0,0,0,0,0,0,0,0,0,1,0,0,0,0,1,0,0,0,0,0,0,0,0,0,0,0,0,0,0,0,0.8451213946791862
Phthalic anhydride,O=C1OC(=O)c2ccccc21,1,valid,2.298182054237924,2.2771683307071737,-1.8572692351146738,2.177337174342343,-1.9630707749607519,6.140682042811673,0.04435876006121096,16.583527533622924,10.119205015064287,2.6946772551637395,307.94533670670984,7.8449349826912425,5.534145948150093,5.534145948150093,5.287693700234703,3.1438468501173524,3.1438468501173524,2.2225608117292057,2.2225608117292057,1.5522872463818063,1.5522872463818063,1.03326467700445,1.03326467700445,11.938610575903697,9.589074368143644,0.0,0.0,11.126902983393991,0.0,0.0,24.26546827384644,0.0,4.736862953800049,0.0,148.01604398799998,0.9090909090909091,1.3636363636363635,1.8181818181818181,0.0,-1.6399999999999997,11,144.08499999999998,2.298182054237924,6.094932395164055,1.919461805555555,0.7411703067794468,62.59204562435536,10.83287037037037,0.385656968792507,10.83287037037037,0.3464040041676593,0.3587962962962967,0.3464040041676593,-0.5503703703703706,-0.385656968792507,0.9972,36.18800000000001,148.11699999999996,0,3,0,1,1,1,0,1,3,0,3,0,0,0,0,0,54,4.736862953800049,0.0,0.0,0.0,0.0,11.938610575903697,0.0,9.589074368143644,0.0,0.0,12.13273413692322,12.13273413692322,0.0,11.126902983393991,2,14.325937321943691,11.938610575903697,0.0,0.0,0.0,0.0,0.0,35.392371257240434,0.0,0.0,14.545454545454545,0.0,0.0,0.0,0.0,11.938610575903697,4.736862953800049,0.0,20.715977351537635,24.26546827384644,0.0,0.0,0.0,43.370000000000005,4.353796296296296,0.0,21.66574074074074,0.0,0.7175925925925934,-1.1007407407407412,6.530277777777777,0.0,0.0,0.0,0,0,0,0,0,0,0,0,0,0,2,2,0,0,0,0,0,0,0,0,0,0,0,0,0,0,0,0,0,0,0,0,0,0,1,0,1,0,0,0,2,1,0,0,0,0,0,0,0,0,0,0,0,0,2,0,0,0,0,0,0,0,0,0,0,0,0,0,0,0,0,0,0,0,0,0,0,0,0,0,0,0,0,0,0,0.40682134573792267
"Benzene-1,3,4-tricarboxylic anhydride",O=C(O)c1ccc2c(c1)C(=O)OC2=O,1,valid,2.4225345587433567,2.2961434145406,-1.9436013107090457,2.20427918850744,-1.9963518972093643,6.149862481724872,0.044316472358201256,16.583618612488817,10.061806436352407,2.6076190147194995,460.2701600541333,10.292528739883947,6.812257564924288,6.812257564924288,6.592224152875015,3.732261395622222,3.732261395622222,2.7424925652368244,2.7424925652368244,1.8917413497565392,1.8917413497565392,1.218312825022042,1.218312825022042,17.907915863855546,14.383611552215466,0.0,16.690354475090988,0.0,6.06636706846161,12.13273413692322,0.0,0.0,4.736862953800049,5.106527394840706,192.005873228,1.1428571428571428,1.7857142857142858,2.4285714285714284,0.0,-2.17,14,188.09399999999997,2.4225345587433567,8.429238558789956,2.661276897501684,1.064715507657232,77.91274359099175,11.014760015117158,0.4776389647179754,11.014760015117158,0.346430669403182,0.00916666666666699,0.346430669403182,-1.1528250188964477,-0.4776389647179754,0.6954,43.1473,192.12599999999995,1,5,0,1,1,1,0,1,4,1,5,0,1,0,0,0,70,9.843390348640755,0.0,0.0,0.0,0.0,17.907915863855546,0.0,14.383611552215466,0.0,0.0,0.0,18.19910120538483,0.0,16.690354475090988,2,24.22700190085622,17.907915863855546,0.0,0.0,0.0,0.0,0.0,34.88945568047582,0.0,0.0,13.714285714285714,0.0,0.0,0.0,0.0,23.01444325869625,4.736862953800049,0.0,31.07396602730645,18.19910120538483,0.0,0.0,0.0,80.66999999999999,4.295606575963719,0.0,32.53329695767196,8.631200396825395,0.07435185185185289,-2.6851965230536665,3.65074074074074,0.0,0.0,0.0,0,0,0,0,1,0,0,0,1,1,3,2,0,0,0,0,0,0,0,0,0,0,0,0,0,0,0,0,0,0,0,0,0,0,1,0,1,0,0,0,2,1,0,0,0,0,0,0,0,0,0,0,0,0,2,0,0,0,0,0,0,0,0,0,0,0,0,0,0,0,0,0,0,0,0,0,0,0,0,0,0,0,0,0,0,0.5226781971464654
"2-[4-({2,6-Dimethoxy-4-methyl-5-[3-(trifluoromethyl)phenoxy]-8-quinolinyl}amino)pentyl]-1H-isoindole-1,3(2H)-dione",COc1cc(C)c2c(Oc3cccc(C(F)(F)F)c3)c(OC)cc(NC(C)CCCN3C(=O)c4ccccc4C3=O)c2n1,0,valid,3.2220529529710054,2.3446451898764935,-2.2176058630221664,2.4483218175327286,-2.3111323919041937,6.208594163165676,-0.13722882534087266,19.41319747849484,10.051982092781213,1.4019679731445331,1671.2186635702408,30.888176099202234,24.041735366992437,24.041735366992437,20.510588916337007,13.646534825713006,13.646534825713006,10.283427438063063,10.283427438063063,7.28379747819875,7.28379747819875,5.168967918347608,5.168967918347608,11.73975000914047,22.760319511168102,0.0,35.899980360331355,57.7518090974269,12.13273413692322,31.252238950328763,36.39820241076966,13.847474399381248,10.300767124953538,14.210588861400147,593.2137557200001,0.9534883720930233,1.6511627906976745,2.2790697674418605,0.28125,-4.8,43,563.3620000000003,3.2220529529710054,29.684131084207454,11.827420153142926,5.925037407253152,245.92541810033848,13.35535096756625,0.49273615528309345,13.35535096756625,0.4160450755876341,0.007520296762720591,0.4160450755876341,-4.52816064008252,-0.49273615528309345,7.248320000000006,155.22969999999972,593.6020000000002,1,8,0,1,1,3,1,4,7,1,11,0,10,0,0,0,224,19.527377465406477,11.266212550900168,11.49902366656781,5.879988336435371,11.814359458703011,6.176298517443475,14.48898409899412,4.983978520947208,13.171245143024459,0.0,18.19910120538483,62.584404479238316,24.719331371983756,41.98356004679441,5,36.970908372568246,28.404670665467627,0.0,9.883888251797686,0.0,38.90725699182471,26.081140092473973,82.9174766514041,0.0,23.128523836287084,13.69767441860465,19.527377465406477,18.858631417708022,23.128523836287084,0.0,48.504440028116306,6.176298517443475,6.923737199690624,51.60826078047427,60.6636706846161,0.0,10.902924932081056,0.0,89.99,57.12196041769296,0.0,31.30292095225546,3.9725204869030835,1.7848178838466628,0.2662438984154287,14.666859869057529,-3.357653315414079,4.053970905824954,2.9383589014179954,0,0,0,0,0,1,0,0,0,0,2,2,0,0,0,2,1,0,0,0,0,0,0,0,0,3,0,2,0,1,1,0,0,0,3,0,2,0,0,0,0,3,0,0,3,0,0,0,1,0,0,0,0,0,0,2,0,0,0,0,0,0,0,0,0,0,0,0,0,0,0,0,0,1,0,0,0,0,0,0,0,0,0,0,0,0.1938368438310596
4-Chloro-6- iodoquinazoline,Clc1ncnc2ccc(I)cc12,1,valid,2.065241529731591,1.9950865075704765,-1.973061496025618,2.202678181458596,-1.8318395877134852,14.111916641817453,1.221004372548288,126.91270431160147,10.23877611457177,2.8771445584268402,430.327416202102,8.55204176387779,5.959757213776873,8.873184450971651,5.770856947829096,3.329609719716093,4.786323338313481,2.325949889359423,3.929595195996547,1.5487518568308898,2.520933030822136,0.9973742575279197,1.6835840724909357,0.0,0.0,0.0,0.0,5.153109816892792,14.473107203146455,6.3273200747645415,0.0,18.19910120538483,32.55882766896247,11.600939890232516,289.910773808,1.25,2.0833333333333335,2.9166666666666665,0.0,-0.42000000000000004,12,286.45900000000006,2.065241529731591,8.190654608597187,3.141802958942123,1.3832230251498265,88.11746796105051,5.874567901234567,0.236235394495429,5.874567901234567,0.1397995032974734,0.5125148148148153,0.1397995032974734,0.5125148148148153,-0.236235394495429,2.8878000000000013,57.265000000000015,290.49100000000004,0,2,0,0,0,1,1,2,2,0,4,0,0,0,0,0,60,0.0,11.480429891657334,0.0,0.0,0.0,0.0,0.0,9.967957041894415,0.0,0.0,11.600939890232516,40.789971832452885,8.956406485530191,5.516700717616262,2,0.0,45.09473544938163,0.0,9.967957041894415,0.0,0.0,0.0,33.24971336810756,0.0,0.0,10.5,0.0,0.0,0.0,34.191810517300574,9.967957041894415,0.0,3.5701822710653963,0.0,24.52642128014937,5.153109816892792,10.902924932081056,0.0,25.78,1.135925925925926,8.104919349962206,7.9836728395061725,1.4209098765432107,0.8846444444444448,0.0,5.897932098765432,1.4697732426303856,0.0,0.0,0,0,0,0,0,2,0,0,0,0,0,0,0,0,0,2,0,0,0,0,0,0,0,0,0,0,0,0,0,0,0,0,0,0,1,0,1,0,0,0,0,0,0,0,2,0,0,0,0,0,0,0,0,0,0,0,0,0,0,0,0,0,0,0,0,0,0,0,0,0,0,0,0,0,0,0,0,0,0,0,0,0,0,0,0,0.5506113987536942
"8-Hydroxy-5-{1-hydroxy-2-[(2-{4-[(4-methoxy-3-phenylphenyl)amino]phenyl}ethyl)amino]ethyl}-1,2-dihydroquinolin-2-one",COc1ccc(Nc2ccc(CCNCC(O)c3ccc(O)c4[nH]c(=O)ccc34)cc2)cc1-c1ccccc1,0,valid,2.9670182521297974,2.136071134322072,-2.152507325718793,2.332966000308738,-2.2362857148287394,5.870491992191609,0.17632189512407406,16.46588341440249,10.023034417703066,1.162754280156045,1615.243305970838,27.191659197566093,21.64719869171093,21.64719869171093,19.012371688496547,12.84733774959075,12.84733774959075,9.358108285525775,9.358108285525775,6.720837275992761,6.720837275992761,4.681447250513994,4.681447250513994,6.103966387748303,15.007591973753232,0.0,11.308778728335913,29.555889235603203,34.67200898897103,17.696185628620217,19.242531678200752,30.33183534230805,58.08212520819114,4.736862953800049,521.231456472,0.8974358974358975,1.6666666666666667,2.4358974358974357,0.15625,-4.589999999999999,39,490.36900000000037,2.9670182521297974,26.034486105836397,11.854331991498182,6.116484792684607,226.2919680235125,11.615639524213634,0.5057497405236867,11.615639524213634,0.24800068674371564,0.020211666965014086,0.24800068674371564,-0.781618719217436,-0.5057497405236867,5.5186000000000055,155.92169999999976,521.6170000000002,5,7,0,0,0,4,1,5,6,5,7,0,10,0,0,0,198,30.567473472441325,11.49902366656781,0.0,5.559266895052007,0.0,0.0,4.794537184071822,0.0,0.0,0.0,48.53093654769288,72.12050198316084,34.9355717299031,18.730464646642098,5,14.94991774348146,22.277697481448183,0.0,10.300767124953538,0.0,12.524788010674312,25.516098957109016,118.54258015790363,0.0,22.6259266499618,11.846153846153847,20.929707056864714,11.374772549367124,11.49902366656781,0.0,35.3963436637313,6.4208216229260096,0.0,17.230869371142294,101.85641027945762,0.0,22.029827915475046,0.0,106.60999999999999,5.562920821292927,0.0,14.244797756869595,28.166862231904407,5.946984867310439,0.8068671033280537,30.697647577550544,0.02129425030375154,1.0371607942808012,1.6821312638261432,0,1,1,0,0,1,1,1,0,0,0,0,0,0,0,0,3,0,0,0,0,1,0,0,0,0,0,0,0,2,0,0,0,0,4,0,1,0,0,0,0,1,0,0,0,0,0,0,0,0,0,0,0,0,0,1,0,0,0,0,0,0,0,0,0,1,1,0,0,0,0,0,0,1,0,0,0,0,0,0,0,0,0,1,0,0.15505342589358093
Benzo[a]pyrene,c1ccc2c(c1)cc1ccc3cccc4ccc2c1c34,1,valid,2.518598159082093,2.0941152955904125,-2.122889117513373,2.375276775749176,-1.8460058247375422,6.282882235162646,1.782678161355739,14.126846279404466,9.910302212042632,2.230840176230173,1069.7218869027129,13.10408352775558,10.928203230275512,10.928203230275512,9.915816237971967,6.970084679281463,6.970084679281463,5.453738644055911,5.453738644055911,4.370903899401219,4.370903899401219,3.4894938406919622,3.4894938406919622,0.0,0.0,0.0,0.0,0.0,0.0,43.089793715718365,0.0,0.0,72.79640482153933,0.0,252.093900384,0.4,1.1,2.0,0.0,-2.5999999999999988,20,240.21999999999994,2.518598159082093,10.21902349550179,3.486521567643158,1.1630091486510117,116.13708612657338,2.309074074074074,0.06162863921924358,2.309074074074074,-0.0020351483441468734,1.3179454837490554,0.0020351483441468734,1.3179454837490554,-0.06162863921924358,5.737200000000003,87.65200000000004,252.31599999999997,0,0,0,0,0,5,0,5,0,0,0,0,0,0,0,0,92,0.0,0.0,0.0,0.0,0.0,0.0,0.0,0.0,0.0,0.0,66.73003775307771,49.15616078417998,0.0,0.0,5,0.0,43.089793715718365,0.0,0.0,0.0,0.0,0.0,72.79640482153933,0.0,0.0,12.0,0.0,0.0,0.0,0.0,0.0,0.0,0.0,0.0,72.79640482153933,0.0,43.089793715718365,0.0,0.0,0.0,0.0,0.0,10.820693972033258,0.0,0.0,26.512639361300074,0.0,0.0,0.0,0,0,0,0,0,0,0,0,0,0,0,0,0,0,0,0,0,0,0,0,0,0,0,0,0,0,0,0,0,0,0,0,0,0,5,0,2,0,0,0,0,0,0,0,0,0,0,0,0,0,0,0,0,0,0,0,0,0,0,0,0,0,0,0,0,0,0,0,0,0,0,0,0,0,0,0,0,0,0,0,0,0,0,0,0,0.24345418372476169
"1,2-cyclohexane dicarboxylic anhydride",O=C1OC(=O)C2CCCCC12,1,valid,2.298182054237924,2.443803550252297,-2.1760615075024186,2.3563534614384998,-2.209340305028095,5.960103949824651,-0.15330249307354404,16.586228082330543,9.810531693413187,2.194698933936096,187.3827102814694,7.8449349826912425,6.207872534517032,6.207872534517032,5.287693700234703,4.043676764378412,4.043676764378412,3.237576455038065,3.237576455038065,2.5726423426278586,2.5726423426278586,1.9456238547155498,1.9456238547155498,0.0,9.589074368143644,0.0,23.774422668226485,0.0,25.683286491704038,0.0,0.0,0.0,4.736862953800049,0.0,154.06299417999998,1.0,1.4545454545454546,1.9090909090909092,0.75,-0.8600000000000001,11,144.08499999999998,2.298182054237924,6.825900679776567,2.324812567850392,0.9505771843626296,64.71877295114176,10.97587962962963,0.3926921861297524,10.97587962962963,0.3169642612298978,0.10069444444444486,0.3169642612298978,-0.2919444444444441,-0.3926921861297524,0.8761999999999999,36.547000000000004,154.165,0,3,1,1,2,0,0,0,3,0,3,0,0,1,1,2,60,4.736862953800049,0.0,0.0,0.0,0.0,11.938610575903697,9.589074368143644,0.0,0.0,0.0,12.841643245852019,12.841643245852019,0.0,11.835812092322787,2,14.325937321943691,11.938610575903697,0.0,0.0,11.835812092322787,25.683286491704038,0.0,0.0,0.0,0.0,36.72727272727273,0.0,0.0,0.0,0.0,11.938610575903697,14.325937321943691,11.835812092322787,25.683286491704038,0.0,0.0,0.0,0.0,43.370000000000005,4.53037037037037,0.0,21.95175925925926,0.0,0.0,-0.7852777777777782,0.0,3.803148148148148,0.0,0.0,0,0,0,0,0,0,0,0,0,0,2,2,0,0,0,0,0,0,0,0,0,0,0,0,0,0,0,0,0,0,0,0,0,0,0,0,1,0,0,0,2,1,0,0,0,0,0,0,0,0,0,0,0,0,2,0,0,0,0,0,0,0,0,0,0,0,0,0,0,0,0,0,0,0,0,0,0,0,0,0,0,0,0,0,0,0.3839231753549698
3-Fluoro-5-(3-pyridinyl)benzen-amine,Nc1cc(F)cc(-c2cccnc2)c1,1,valid,2.175555298668474,2.001594280694615,-2.0179705485007284,2.212140594506949,-1.8808215664973855,5.659773874715756,0.6287845043825833,19.14214291966468,10.076141997615936,2.521303589694852,420.045448941794,9.966255326250886,7.443980222026194,7.443980222026194,6.7540201954234895,4.220122894018919,4.220122894018919,3.0149394595879326,3.0149394595879326,1.9149834495801619,1.9149834495801619,1.312517147753538,1.312517147753538,0.0,4.39041504767482,0.0,5.817220841045894,5.687386274683562,11.126902983393991,12.13273413692322,24.52642128014937,6.06636706846161,4.983978520947208,5.733667477162185,188.074976508,1.1428571428571428,2.0,2.642857142857143,0.0,-1.9,14,179.13299999999998,2.175555298668474,8.687378357904551,3.4562772809132802,1.712456747404844,81.21357140644643,13.013239795918366,0.39862684383272157,13.013239795918366,0.1253769589544821,0.3297656840513983,0.1253769589544821,-0.3297656840513983,-0.39862684383272157,2.4699,54.04340000000001,188.205,2,2,0,0,0,1,1,2,2,1,3,0,1,0,0,0,70,5.733667477162185,5.817220841045894,0.0,0.0,0.0,0.0,4.983978520947208,4.39041504767482,0.0,0.0,6.06636706846161,29.828919765543436,23.644524909606712,0.0,2,4.39041504767482,5.687386274683562,0.0,4.983978520947208,0.0,0.0,5.733667477162185,48.54274332658009,0.0,11.126902983393991,10.071428571428571,5.733667477162185,10.077801322358383,0.0,0.0,4.983978520947208,0.0,5.817220841045894,0.0,42.725522485534206,0.0,11.126902983393991,0.0,38.91,13.013239795918366,0.0,3.957125850340136,0.0,7.562431027966744,-0.3297656840513983,8.116048752834466,3.347586923658352,0.0,0.0,0,0,0,1,0,1,0,0,0,0,0,0,0,0,0,1,0,1,0,0,0,0,0,0,0,0,0,0,0,1,0,0,0,0,1,0,0,0,0,0,0,0,0,0,1,0,0,0,0,0,0,0,0,0,0,0,0,0,0,0,0,0,0,0,0,0,0,0,0,0,0,0,0,1,0,0,0,0,0,0,0,0,0,0,0,0.698007124243444
1-(4-Ethoxyphenyl)-2-[4-(methylsulfonyl)phenyl]ethanone,CCOc1ccc(C(=O)Cc2ccc(S(C)(=O)=O)cc2)cc1,0,valid,2.4769856287075407,2.0965634582371653,-2.0528878034567155,2.154315436991878,-2.041128682143622,7.903034334013536,0.0992679472196423,32.227745957275275,10.030387506074135,2.07990090051739,744.2508766097855,16.164925939000156,12.574257168209419,13.390753749137145,10.397196713406814,6.949577166552737,8.840988704610991,4.973459205224482,6.989194779967332,3.203481282339034,4.331951509565725,2.0456763355364465,2.676146848222533,9.837253136417502,13.212334168400758,0.0,17.099550044808723,12.170333456209914,17.568732508492303,12.13273413692322,36.39820241076966,6.923737199690624,0.0,4.736862953800049,318.09258005600003,1.0,1.5909090909090908,2.090909090909091,0.23529411764705882,-2.1399999999999992,22,300.25000000000006,2.4769856287075407,16.234316656080026,6.747221860084726,4.1777440521861235,130.2136736088813,12.206014778596625,0.49388933530099033,12.206014778596625,0.17501814465948626,0.018375850340135447,0.17501814465948626,-3.2093040874220455,-0.49388933530099033,2.914200000000001,85.19730000000004,318.394,0,4,0,0,0,2,0,2,4,0,5,0,6,0,0,0,116,4.736862953800049,5.749511833283905,15.62049808278244,0.0,0.0,0.0,4.794537184071822,8.417796984328938,0.0,0.0,12.13273413692322,48.88539110215728,18.24004229813441,11.502365440030694,2,17.949197122200808,15.62049808278244,0.0,0.0,0.0,18.24004229813441,12.862651148024323,59.65783953108687,0.0,5.749511833283905,11.181818181818182,4.736862953800049,0.0,5.749511833283905,0.0,27.0636930787182,16.25807475934351,0.0,22.845177367156435,53.42642002321065,0.0,0.0,0.0,60.440000000000005,28.124163476015408,0.0,12.460427997878586,0.0,1.3906734877593014,0.7145457477961097,13.390212860932559,1.3939581500837603,2.485322366956323,-3.2093040874220455,0,0,0,0,0,0,0,0,0,0,1,1,0,0,0,0,0,0,0,0,0,0,0,0,0,0,0,0,0,0,0,0,0,0,2,0,0,0,0,0,0,1,0,0,0,0,0,0,0,0,0,1,1,0,0,0,0,0,0,0,0,0,0,0,0,0,0,0,0,0,0,0,0,0,0,0,0,1,0,0,0,0,0,0,0,0.7684245044512243
Oxyfluorfen,CCOc1cc(Oc2ccc(C(F)(F)F)cc2Cl)ccc1[N+](=O)[O-],0,valid,2.4829837634988077,2.307165174709666,-2.117913009671692,2.3796313138905822,-2.041580699387723,6.316819162247897,-0.3854430638477218,35.49569192759346,10.179782649943041,2.310390332223276,764.8697632211208,17.905412915006313,12.263273045716621,13.019201991735077,11.218563918452736,6.67890621034087,7.056870683350097,4.5646757401569555,4.971875866897562,2.9148257148080474,3.210195280025086,1.8667901991416924,2.085908666860956,16.663061057958142,23.285563411790033,0.0,34.56543705278952,0.0,18.19910120538483,18.19910120538483,6.923737199690624,0.0,0.0,21.074665797832616,361.032870172,1.1666666666666667,1.875,2.4166666666666665,0.2,-2.4800000000000004,24,350.61500000000007,2.4829837634988077,17.86735258022078,6.958713609514642,4.077771673086987,139.26326228592475,12.604438717932517,0.48701558136223,12.604438717932517,0.41596645288570944,0.011079512051734186,0.41596645288570944,-4.5162058785737536,-0.48701558136223,5.458000000000003,80.79340000000002,361.70300000000003,0,5,0,0,0,2,0,2,4,0,9,0,5,0,0,0,128,9.473725907600098,11.49902366656781,0.0,5.749511833283905,0.0,11.863684792127037,10.114318268765572,0.0,13.171245143024459,0.0,11.600939890232516,31.18920547353706,12.13273413692322,22.11627781876891,2,27.568282099442225,17.28832616491608,0.0,0.0,0.0,13.100035717134098,6.606881964512918,57.098605484973554,0.0,17.248535499851716,11.208333333333334,9.473725907600098,18.858631417708022,17.248535499851716,11.600939890232516,11.530193013330589,6.176298517443475,10.114318268765572,12.487188691387619,36.39820241076966,5.022633313741326,0.0,0.0,61.599999999999994,48.377255926229836,5.803534221816298,10.297638361304324,10.673813976641947,-1.1516007924187932,0.12010277567817318,6.400109126984127,-4.5162058785737536,1.8564633934489543,0.0,0,0,0,0,0,0,0,0,0,0,0,0,0,0,0,1,0,0,0,0,0,0,0,0,0,3,0,0,0,0,0,0,0,0,2,0,0,0,0,0,0,2,0,0,4,0,0,0,0,0,0,0,0,0,0,0,0,0,1,1,0,0,0,0,0,0,0,0,0,0,0,0,0,0,0,0,0,0,0,0,0,0,0,0,0,0.523882483430846
1-[3-(Cyclopentyloxy)-4-methoxy-phenyl]-4-oxocyclohexane carbonitrile,COc1ccc(C2(C#N)CCC(=O)CC2)cc1OC1CCCC1,0,valid,3.0886013631108815,2.3696259666863786,-2.3079046155764877,2.4149028422850862,-2.301061001551662,5.79616781401036,-0.12048823625340094,16.52131269189334,9.699516452292121,1.8954231092081595,615.9921629159226,16.286246282559798,13.638213793142434,13.638213793142434,11.164963666373183,8.44867379931856,8.44867379931856,6.622540350504842,6.622540350504842,5.187292046808444,5.187292046808444,3.6728795119433078,3.6728795119433078,5.414990469396779,10.056428738810308,0.0,11.887211334113243,31.432798324987942,24.15460657083292,12.841643245852019,7.109797541277533,18.19910120538483,6.069221312792274,9.473725907600098,313.167793596,1.173913043478261,1.8695652173913044,2.4782608695652173,0.5789473684210527,-2.02,23,290.213,3.0886013631108815,15.859752401338886,6.617387968009723,3.1925371268214464,136.9451805401207,11.541492291412025,0.4928693347140555,11.541492291412025,0.16139913682346846,0.24085123246829543,0.16139913682346846,-0.575429185563114,-0.4928693347140555,3.9210800000000026,86.64400000000005,313.3970000000001,0,4,2,0,2,1,0,1,4,0,4,0,4,2,0,2,122,9.473725907600098,5.783244946364939,11.49902366656781,0.0,0.0,0.0,4.794537184071822,0.0,5.261891554738487,0.0,6.06636706846161,56.22111536617628,12.841643245852019,24.697975711214887,3,14.268263091671919,5.783244946364939,5.261891554738487,0.0,0.0,62.88552984055316,7.109797541277533,23.762552697081826,0.0,17.568244979360085,20.956521739130434,9.473725907600098,0.0,11.49902366656781,0.0,18.997008875390776,10.209527653468601,11.33111286753076,56.930024475105085,18.19910120538483,0.0,0.0,0.0,59.31999999999999,11.557644767783657,0.0,11.541492291412025,9.749483575837742,0.37021612811791416,1.6906170290915072,8.246410226127487,6.959362065520525,0.0,1.6347739161091435,0,0,0,0,0,0,0,0,0,0,1,1,0,0,0,1,0,0,0,0,0,0,0,0,0,0,0,0,0,0,0,0,0,0,1,0,0,0,0,0,0,2,0,0,0,0,0,0,0,0,0,1,1,0,0,1,0,1,0,0,0,0,0,0,0,0,0,0,0,0,0,0,0,0,0,0,0,0,0,0,0,0,0,0,0,0.8450006553044479
"2,6,6-Trimethyl-1,3-cyclohexadiene-1-carbaldehyde",CC1=C(C=O)C(C)(C)CC=C1,1,valid,1.856285709107184,2.2454900776900417,-2.2705490180223893,2.344854030905981,-2.1806310338774995,5.776238568466121,-0.10534485139595039,16.12919232479452,9.763725585863464,3.0952289656389746,231.2573321994735,8.483127663125442,7.34740587921929,7.34740587921929,5.0765154898253195,3.9081875439756124,3.9081875439756124,3.7049155154620887,3.7049155154620887,2.267828992811643,2.267828992811643,1.516286880484908,1.516286880484908,0.0,4.794537184071822,0.0,5.414990469396779,0.0,23.853191206194097,0.0,0.0,12.999757306524504,19.92349450621513,0.0,150.104465068,1.5454545454545454,2.1818181818181817,2.5454545454545454,0.5,-0.8500000000000001,11,136.10899999999998,1.856285709107184,8.248522167487685,2.647957716563736,1.419972451790634,67.80021493954504,10.694189814814816,0.2982229351068166,10.694189814814816,0.14634354328277985,0.04224537037037046,0.14634354328277985,0.04224537037037046,-0.2982229351068166,2.4879000000000007,46.30200000000003,150.221,0,1,1,0,1,0,0,0,1,0,1,0,1,0,0,0,60,0.0,6.2861605231295545,0.0,0.0,0.0,0.0,4.794537184071822,0.0,0.0,0.0,25.99951461304901,24.33265382208268,5.5731045300692665,0.0,1,4.794537184071822,6.2861605231295545,0.0,0.0,5.414990469396779,27.19203322199788,0.0,23.298249273806295,0.0,0.0,22.09090909090909,0.0,0.0,0.0,0.0,6.2861605231295545,4.794537184071822,5.414990469396779,27.19203322199788,23.298249273806295,0.0,0.0,0.0,17.07,0.0,0.0,10.694189814814816,0.0,2.094328703703704,0.0,0.0,6.105717592592592,6.189097222222221,0.0,0,0,0,0,0,0,0,0,0,0,1,1,0,0,0,0,0,0,0,0,0,0,0,1,0,0,4,0,0,0,0,0,0,0,0,0,0,0,0,0,0,0,0,0,0,0,0,0,0,0,0,0,0,0,0,0,0,0,0,0,0,0,0,0,0,0,0,0,0,0,0,0,0,0,0,0,0,0,0,0,0,0,0,0,0,0.5247132375688095
a-Phellandrenea,CC1=CCC(C(C)C)C=C1,1,valid,1.8845053612018057,2.095234342326821,-2.1743104731031124,2.22020333398203,-2.0591761981558174,5.208922709055588,0.46600966325676835,14.148802839573362,9.879774559346037,2.5208223884923484,160.87712379549453,7.560477932315068,7.093858127134677,7.093858127134677,4.698377302757663,4.048547388496604,4.048547388496604,3.450831644257482,3.450831644257482,2.174607263849746,2.174607263849746,1.2383493642236623,1.2383493642236623,0.0,0.0,0.0,0.0,0.0,11.835812092322787,11.993926152995275,0.0,0.0,38.999271919573516,0.0,136.125200512,1.5,2.2,2.6,0.6,-0.52,10,120.10999999999997,1.8845053612018057,7.585485232067512,3.0462804076265617,1.7285097165599768,63.63869283950127,2.3333333333333335,0.08101334941193364,2.3333333333333335,-0.017238881312243114,0.7812037037037035,0.017238881312243114,0.7812037037037035,-0.08101334941193364,3.1648000000000023,45.84200000000003,136.238,0,0,1,0,1,0,0,0,0,0,0,0,1,0,0,0,56,0.0,0.0,0.0,0.0,0.0,0.0,0.0,0.0,0.0,0.0,37.64863924995216,25.180370914939417,0.0,0.0,1,0.0,0.0,0.0,0.0,11.835812092322787,27.19203322199788,0.0,23.80116485057091,0.0,0.0,25.2,0.0,0.0,0.0,0.0,0.0,0.0,11.835812092322787,27.19203322199788,23.80116485057091,0.0,0.0,0.0,0.0,0.0,0.0,0.0,0.0,1.4137962962962964,1.5734259259259256,0.0,8.123842592592593,6.7222685185185185,0.0,0,0,0,0,0,0,0,0,0,0,0,0,0,0,0,0,0,0,0,0,0,0,0,0,0,0,4,0,0,0,0,0,0,0,0,0,0,0,0,0,0,0,0,0,0,0,0,0,0,0,0,0,0,0,0,0,0,0,0,0,0,0,0,0,0,0,0,0,0,0,0,0,0,0,0,0,0,0,0,0,0,0,0,0,0,0.5191194593010068
a-Terpinene,CC1=CC=C(C(C)C)CC1,1,valid,1.8845053612018057,2.050897364358657,-2.1406977817553234,2.2255157411690827,-1.9718490161095867,5.23057696675683,0.6999942536260679,14.11012493248254,9.918888555376054,2.6429867035096573,170.4773317567079,7.560477932315068,7.146264369941973,7.146264369941973,4.698377302757663,4.061166056683572,4.061166056683572,3.409301499263133,3.409301499263133,2.1315216309498695,2.1315216309498695,1.2385952279010248,1.2385952279010248,0.0,0.0,0.0,0.0,0.0,5.917906046161393,18.414747775921285,5.5731045300692665,0.0,32.923251812739636,0.0,136.125200512,1.2,1.9,2.3,0.6,-0.52,10,120.10999999999997,1.8845053612018057,7.585485232067512,3.0462804076265617,1.7285097165599768,63.63869283950128,2.28125,0.07300932613049105,2.28125,-0.025687994602429993,0.7401388888888888,0.025687994602429993,0.7401388888888888,-0.07300932613049105,3.308900000000002,45.91200000000003,136.238,0,0,1,0,1,0,0,0,0,0,0,0,1,0,0,0,56,0.0,0.0,0.0,0.0,0.0,0.0,0.0,0.0,0.0,0.0,37.14572367318755,25.683286491704035,0.0,0.0,1,0.0,0.0,0.0,0.0,5.917906046161393,33.61285484492389,0.0,23.298249273806295,0.0,0.0,18.8,0.0,0.0,0.0,0.0,0.0,0.0,5.917906046161393,33.61285484492389,23.298249273806295,0.0,0.0,0.0,0.0,0.0,0.0,0.0,0.0,3.1203703703703707,0.7401388888888888,0.0,7.07574074074074,6.730416666666667,0.0,0,0,0,0,0,0,0,0,0,0,0,0,0,0,0,0,0,0,0,0,0,0,0,0,0,0,4,0,0,0,0,0,0,0,0,0,0,0,0,0,0,0,0,0,0,0,0,0,0,0,0,0,0,0,0,0,0,0,0,0,0,0,0,0,0,0,0,0,0,0,0,0,0,0,0,0,0,0,0,0,0,0,0,0,0,0.518498177076054
2-Mercapto-benzothiazole,Sc1nc2ccccc2s1,1,valid,2.2720099222969816,1.9575065947263506,-1.7987030148961476,2.226575467788403,-1.6250768779648561,7.824894338422305,1.3149896763876006,32.16748141248478,10.336452502376758,2.876510166944625,320.1335934262614,6.974691494688164,5.112076558222282,6.823000330149924,4.860173345306137,2.9064189529034263,4.1701291293311105,1.9641643512762017,3.7209858313108573,1.2825956784868282,2.4954524254089576,0.8600477782998868,1.9683782380832333,0.0,0.0,0.0,0.0,0.0,9.856356398289808,4.6999199164691,11.336785877934735,24.26546827384644,17.6127676689602,0.0,166.98634116,1.3,2.1,2.9,0.0,-0.54,10,162.218,2.2720099222969816,6.188259160820243,2.251704688280161,0.9135671399846704,68.12814556599189,4.195864197530865,0.2299088901113106,4.195864197530865,0.1475581173137966,0.8344444444444445,0.1475581173137966,0.8344444444444445,-0.2299088901113106,2.585,46.87200000000002,167.25799999999998,0,1,0,0,0,1,1,2,3,1,3,0,0,0,0,0,50,0.0,4.339655680673546,0.0,0.0,0.0,0.0,0.0,4.983978520947208,0.0,23.96557502594773,12.13273413692322,12.13273413692322,0.0,10.216620634085363,2,0.0,34.18219566003309,0.0,4.983978520947208,0.0,4.339655680673546,0.0,24.26546827384644,0.0,0.0,10.5,0.0,0.0,0.0,23.96557502594773,4.983978520947208,0.0,0.0,0.0,28.605123954519986,0.0,10.216620634085363,0.0,12.89,2.0358333333333336,5.755462962962962,4.195864197530865,0.0,1.039351851851852,0.0,8.029043209876543,0.0,0.0,0.0,0,0,0,0,0,1,0,0,0,0,0,0,0,0,0,1,0,0,0,0,0,0,1,0,0,0,0,0,0,0,0,0,0,0,1,0,1,0,0,0,0,0,0,0,0,0,0,0,0,0,0,0,0,0,0,0,0,0,0,0,0,0,0,0,1,0,0,0,0,0,0,0,0,0,0,0,0,0,0,0,1,0,0,0,0,0.5949719307160367
"5,5-Dimethyl-3-methylenedihydro-2(3H)-furanone",C=C1CC(C)(C)OC1=O,1,valid,1.7919017249340732,2.3320823929987884,-2.1305034919182364,2.2749851429107193,-2.1695654167768392,5.898941195938295,-0.1432393179170189,16.559460329029335,10.04037190029464,2.764555313432089,149.7549643540721,7.068914100752346,5.730710143300821,5.730710143300821,4.011637233826859,2.9230326074756157,2.9230326074756157,2.929542276018959,2.929542276018959,1.2967762883403928,1.2967762883403928,0.9452566628738196,0.9452566628738196,0.0,4.794537184071822,0.0,11.570356098935537,11.993926152995275,0.0,0.0,0.0,13.847474399381248,6.578935683598497,4.736862953800049,126.06807956,1.6666666666666667,2.2222222222222223,2.3333333333333335,0.5714285714285714,-0.79,9,116.07499999999997,1.7919017249340732,6.331802679658953,1.593356035760765,1.1215149730006346,54.508536858046355,10.667939814814815,0.4559634483388466,10.667939814814815,0.3335901372240646,0.24999999999999978,0.3335901372240646,-0.31134259259259256,-0.4559634483388466,1.2681,33.92799999999999,126.15499999999997,0,2,0,1,1,0,0,0,2,0,2,0,0,0,1,1,50,4.736862953800049,5.601050810983688,0.0,0.0,0.0,5.9693052879518484,0.0,4.794537184071822,0.0,0.0,6.578935683598497,13.847474399381248,11.993926152995275,0.0,1,9.53140013787187,5.9693052879518484,0.0,0.0,0.0,25.869346833290944,0.0,12.152040213667764,0.0,0.0,24.22222222222222,0.0,0.0,0.0,0.0,11.570356098935537,9.53140013787187,0.0,20.268296022307258,12.152040213667764,0.0,0.0,0.0,26.3,4.922453703703704,0.0,10.667939814814815,0.0,0.2719907407407409,-0.24999999999999978,0.0,0.6585648148148149,7.312384259259259,0.0,0,0,0,0,0,0,0,0,0,0,1,1,0,0,0,0,0,0,0,0,0,0,0,0,0,0,0,0,0,0,0,0,0,0,0,0,0,0,0,0,1,1,0,0,0,0,0,0,0,0,0,0,0,0,1,0,0,0,0,0,0,0,0,0,0,0,0,0,0,0,0,0,0,0,0,0,0,0,0,0,0,0,0,0,0,0.3606266003032826
Benzoquinone,O=C1C=CC(=O)C=C1,1,valid,1.769973094021975,1.9739666414554409,-1.870287104564143,1.9015159231408583,-1.9660018741243597,6.13683010204205,-0.11340376745434773,16.141941543428903,10.167714954495258,2.8264765530384865,148.70521621571413,5.983127663125442,4.125897657686229,4.125897657686229,3.787693700234704,2.2296154955097816,2.2296154955097816,1.4714045207910322,1.4714045207910322,0.8237323731023262,0.8237323731023262,0.4396439643289409,0.4396439643289409,0.0,9.589074368143644,0.0,11.566489892729878,0.0,0.0,24.304080427335524,0.0,0.0,0.0,0.0,108.021129368,0.75,1.0,1.25,0.0,-1.1800000000000002,8,104.06399999999998,1.769973094021975,4.966627565982405,1.7381205361963379,0.9041418956093399,46.50196858200238,10.282777777777778,0.2899605742541529,10.282777777777778,0.17841302955150296,0.12074074074074037,0.17841302955150296,-0.12074074074074037,-0.2899605742541529,0.25059999999999993,28.29399999999999,108.09599999999999,0,2,1,0,1,0,0,0,2,0,2,0,0,0,0,0,40,0.0,0.0,11.566489892729878,0.0,0.0,0.0,9.589074368143644,0.0,0.0,0.0,0.0,24.304080427335524,0.0,0.0,1,9.589074368143644,11.566489892729878,0.0,0.0,0.0,0.0,0.0,24.304080427335524,0.0,0.0,17.5,0.0,0.0,0.0,0.0,11.566489892729878,9.589074368143644,0.0,0.0,24.304080427335524,0.0,0.0,0.0,34.14,0.0,0.0,20.565555555555555,0.0,0.0,-0.24148148148148074,0.0,5.0092592592592595,0.0,0.0,0,0,0,0,0,0,0,0,0,0,2,2,0,0,0,0,0,0,0,0,0,0,0,0,0,0,4,0,0,0,0,0,0,0,0,0,0,0,0,0,0,0,0,0,0,0,0,0,0,0,0,2,0,0,0,0,0,0,0,0,0,0,0,0,0,0,0,0,0,0,0,0,0,0,0,0,0,0,0,0,0,0,0,0,0,0.4166812385860659
"3-Methyl-4-phenyl-1,2,5-thiadiazole-1,1-dioxide",C=C1NS(=O)(=O)N=C1c1ccccc1,1,valid,2.412856565904793,2.2295637135417956,-1.9832874567317396,2.1389017897861504,-2.147352658416403,7.88521072514006,0.5938676557109902,32.23855434009368,10.099291241065341,2.5204089555815616,502.87330883815537,10.181798275874712,7.265816594026226,8.082313174953951,6.584116878898292,3.957875455266533,5.397938784067172,2.8616010974893435,4.198432108212645,1.7967160074847175,2.724001884234853,1.2250809800527547,2.134737657356925,10.209329170397666,8.417796984328938,0.0,0.0,11.408724315826536,5.563451491696996,0.0,12.13273413692322,18.19910120538483,15.69874154113201,0.0,208.030648496,1.2142857142857142,1.8571428571428572,2.357142857142857,0.0,-1.6199999999999997,14,200.17799999999997,2.412856565904793,8.955564001331664,2.9520833120658434,1.5365108370946485,82.17213334948507,11.065262188208617,0.34244782325992046,11.065262188208617,0.34244782325992046,0.31592592592592617,0.26351654028623395,-3.554377362055932,-0.26351654028623395,0.8374000000000003,54.17450000000002,208.24200000000002,1,4,0,1,1,1,0,1,2,1,5,0,1,0,0,0,72,0.0,5.711685002770702,0.0,0.0,0.0,10.209329170397666,4.722094864452088,0.0,8.417796984328938,4.397710993081425,36.91077102590655,0.0,5.563451491696996,5.697039313055833,2,8.417796984328938,15.921014173168368,0.0,4.722094864452088,4.397710993081425,0.0,0.0,48.171261830659375,0.0,0.0,18.857142857142858,4.722094864452088,0.0,0.0,0.0,14.12948198709964,10.209329170397666,0.0,5.563451491696996,47.005521332043806,0.0,0.0,0.0,58.53,27.896145124716554,0.0,0.0,0.0,1.4378472222222232,0.0,9.05050925925926,0.0,3.5865424225245652,-3.554377362055932,0,0,0,0,0,0,0,0,0,0,0,0,0,0,0,1,1,0,0,0,0,0,0,0,0,0,1,0,0,0,0,0,0,0,1,0,0,0,0,0,0,0,0,0,0,0,0,0,0,0,0,0,0,0,0,0,0,0,0,0,0,0,0,0,0,0,0,0,0,0,0,0,0,0,0,0,0,0,0,0,0,0,0,0,0,0.7429838337158
"1,1-Dimethylethyl[(1s)-2-[4-[(2-methyl-4-thiazolyl)methoxy]phenyl]-1-(2s)-oxiranylethyl]-carbamate",Cc1nc(COc2ccc(CC(NC(=O)OC(C)(C)C)C3CO3)cc2)cs1,0,valid,3.3413604236596197,2.3447827043160285,-2.2268202459529935,2.2101456883323602,-2.427864507360618,7.09118825974455,0.04947798904613386,32.133480782214875,10.035249499098091,1.5265634685351746,763.0340547747168,19.440946820939043,16.151227275706297,16.967723856634024,12.781808200191533,9.022243281323426,9.90189609257832,7.619118649322014,8.68134564641196,3.9422901693877748,4.764615830243134,2.6297182727325263,3.2270169787917498,11.694290881922104,4.794537184071822,0.0,12.145807216896262,19.634585551951847,22.014515016682125,0.0,11.336785877934735,57.340479843074846,10.300767124953538,14.210588861400147,390.16132831199997,1.3703703703703705,2.074074074074074,2.6296296296296298,0.5,-2.1199999999999997,27,364.2970000000001,3.3413604236596197,19.63633769132653,8.26977798099883,6.5180188449465355,163.40906065392488,12.053293628910998,0.48727401066288856,12.053293628910998,0.4074736861134788,0.04291657873947052,0.4074736861134788,-0.5199612532512836,-0.48727401066288856,3.8651200000000037,104.22670000000006,390.5050000000001,1,6,0,1,1,1,1,2,6,1,7,0,7,0,1,1,146,19.527377465406477,24.061410996528814,0.0,0.0,0.0,6.093240070938415,0.0,9.778515705019029,0.0,11.336785877934735,12.13273413692322,51.811956050308716,5.380062770465915,23.350274485362107,3,19.005126045471968,17.43002594887315,0.0,10.300767124953538,0.0,58.46951041408137,6.606881964512918,45.91053422771057,0.0,5.749511833283905,17.25925925925926,10.05365155780638,4.794537184071822,5.749511833283905,11.336785877934735,35.430958584278486,22.501429495039027,6.923737199690624,37.0362147824701,29.645531044312357,0.0,0.0,0.0,72.98,16.50845496514227,1.6177268850350022,16.442697273653053,5.9661030588960475,1.5193858582724367,0.7951171089545912,7.783290049363281,0.3037097764056219,8.646848357611029,0.0,0,0,0,0,0,1,0,0,0,0,1,1,0,0,0,1,1,0,0,0,0,0,0,0,1,0,0,1,0,0,1,0,0,0,1,0,0,0,0,1,0,3,0,0,0,0,0,0,0,0,0,0,0,0,0,0,0,0,0,0,0,0,0,0,0,0,0,0,0,0,0,0,0,0,0,0,0,0,0,0,1,0,0,0,0,0.7268447561904953
2-Acetylcyclohexanone,CC(=O)C1CCCCC1=O,0,valid,1.8787445285930133,2.2478869533437065,-2.162732013821847,2.2021562087011017,-2.244621867653946,6.011300125338594,-0.13269550014568735,16.1493981943026,9.85539022308919,2.560569717698811,160.64052645972987,7.560477932315068,6.222273974863542,6.222273974863542,4.71521405516327,3.7474002407106255,3.7474002407106255,2.8753310262942278,2.8753310262942278,2.045354764343888,2.045354764343888,1.4128847607675517,1.4128847607675517,0.0,9.589074368143644,0.0,17.48439593889127,6.4208216229260096,19.26246486877803,6.923737199690624,0.0,0.0,0.0,0.0,140.083729624,1.5,2.2,2.6,0.75,-0.66,10,128.08599999999998,1.8787445285930133,7.447066381156318,2.9507189858388343,1.4347501308139252,60.611058875164105,11.014907407407406,0.2992200454030579,11.014907407407406,0.14282132484989424,0.046018518518519125,0.14282132484989424,-0.255787037037037,-0.2992200454030579,1.3347,37.646,140.18200000000002,0,2,1,0,1,0,0,0,2,0,2,0,1,1,0,1,56,0.0,11.566489892729878,0.0,0.0,0.0,0.0,9.589074368143644,0.0,0.0,0.0,6.4208216229260096,19.765380445542643,6.4208216229260096,5.917906046161393,1,9.589074368143644,11.566489892729878,0.0,0.0,5.917906046161393,32.60702369139466,0.0,0.0,0.0,0.0,26.5,0.0,0.0,0.0,0.0,11.566489892729878,9.589074368143644,5.917906046161393,32.60702369139466,0.0,0.0,0.0,0.0,34.14,0.0,0.0,21.803287037037038,0.0,0.0,-0.05814814814814717,0.0,3.4137037037037032,1.507824074074074,0.0,0,0,0,0,0,0,0,0,0,0,2,2,0,0,0,0,0,0,0,0,0,0,0,0,0,0,0,0,0,0,0,0,0,0,0,0,0,0,0,0,0,0,0,0,0,0,0,0,0,0,0,2,2,0,0,0,0,0,0,0,0,0,0,0,0,0,0,0,0,0,0,0,0,0,0,0,0,0,0,0,0,0,0,0,0,0.5148292116113189
"Ethyl (Z)-a-[[2-(tert-butoxy)-1,1-dimethyl-2-oxoethoxy]imino]-2-(tritylamino)thiazol-4-acetate",CCOC(=O)C(=NOC(C)(C)C(=O)OC(C)(C)C)c1csc(NC(c2ccccc2)(c2ccccc2)c2ccccc2)n1,0,test,3.4427534107744813,2.3821717900422756,-2.3640108176495764,2.402651851390952,-2.3996294772187126,7.13567651836781,-0.17937826717991753,32.133491923979676,9.769364326059897,1.7677560972513389,1448.5035520068227,31.089364901994127,25.288628022003657,26.105124602931383,20.45931076288562,14.034473714049085,14.914126525303981,11.274828360077656,12.132931211935672,6.386035868265511,7.143756935070166,4.367342177467361,5.118008859262425,28.67963745025442,9.589074368143644,0.0,18.01249496213208,5.131558479839333,16.690354475090988,25.184260277315985,33.07501156922841,54.59730361615449,46.870703741526526,19.29529301228394,599.2453922840001,0.813953488372093,1.302325581395349,1.744186046511628,0.29411764705882354,-4.499999999999998,43,562.4570000000002,3.4427534107744813,31.4359849034693,13.20890343049772,7.4774534235196395,256.2698475337571,13.013199261281644,0.46111443660703083,13.013199261281644,0.36220672421325567,0.1266755010916043,0.36220672421325567,-1.4670555628603834,-0.46111443660703083,6.951200000000007,169.1236999999995,599.753,1,8,0,0,0,3,1,4,9,1,9,0,11,0,0,0,224,19.62810309534306,16.833904058215495,5.131558479839333,11.31273581375439,0.0,11.938610575903697,0.0,14.573052889090851,0.0,11.336785877934735,96.15121875367473,58.23277767323472,5.380062770465915,6.606881964512918,4,23.900388859480373,34.11863993644847,0.0,4.983978520947208,5.15571272675054,58.28345007249445,11.923670568519249,118.75985126732957,0.0,0.0,12.372093023255815,5.316788604006331,5.131558479839333,0.0,11.336785877934735,40.4432576861019,29.439314111863716,0.0,63.92670566808318,101.53128152414064,0.0,0.0,0.0,99.11000000000001,10.721822244947504,1.3137517076644958,36.10294733999997,10.005566580326906,0.10524253045225551,-1.3419079465886639,30.351827624725104,0.0,10.157416585139085,0.0,0,0,0,0,0,1,0,0,0,0,2,2,0,0,0,2,1,0,0,0,0,0,0,0,0,0,0,0,0,1,0,0,0,0,3,0,0,0,0,0,2,2,0,0,0,0,0,0,0,0,0,0,0,0,0,0,0,0,0,0,0,0,0,1,0,0,0,0,0,0,0,0,0,0,0,0,0,0,0,0,1,0,0,0,0,0.08619148067476451
6-Iodo-quinazolin-4-ol,O=c1[nH]cnc2ccc(I)cc12,0,test,2.065241529731591,1.9742380892536664,-1.9402247948591558,2.0999947172211675,-2.0539087901856186,14.111916567026197,1.1703309669957442,126.9127043095663,10.235137390956108,2.9751805964734155,477.68670929752926,8.55204176387779,6.042827435731551,8.200325726907874,5.770856947829096,3.4016210755410836,4.480370221129245,2.393131605450688,3.638763824637495,1.602504802026039,2.273495905352128,1.040903609886799,1.5321031889481942,0.0,4.794537184071822,0.0,5.559266895052007,5.386224214464796,9.086882988681658,6.3273200747645415,0.0,18.19910120538483,32.55882766896247,0.0,271.94466078000005,1.4166666666666667,2.25,3.0833333333333335,0.0,-0.9099999999999999,12,267.005,2.065241529731591,7.724338135338695,2.8545312856830303,1.219184674162102,81.97572383421259,11.232037037037037,0.3126132733232051,11.232037037037037,0.25808954987949717,0.08470740740740701,0.25808954987949717,-0.08470740740740701,-0.3126132733232051,1.5277,55.08070000000001,272.045,1,3,0,0,0,1,1,2,2,1,4,0,0,0,0,0,60,4.983978520947208,0.0,0.0,0.0,5.559266895052007,0.0,4.794537184071822,4.983978520947208,0.0,0.0,0.0,40.789971832452885,3.5701822710653963,17.2302450068456,2,0.0,33.49379555914911,0.0,9.967957041894415,0.0,0.0,0.0,38.450407630338596,0.0,0.0,10.416666666666666,5.559266895052007,0.0,0.0,22.590870627068057,9.967957041894415,0.0,3.5701822710653963,0.0,29.320958464221192,0.0,10.902924932081056,0.0,45.75,1.0403703703703706,2.1639934240362813,17.787777777777777,0.6429629629629632,0.6506314814814822,0.0,5.586712962962963,1.4142176870748298,0.0,0.0,0,0,0,0,0,2,1,0,0,0,0,0,0,0,0,1,1,0,0,0,0,1,0,0,0,0,0,0,0,0,0,0,0,0,1,0,1,0,0,0,0,0,0,0,1,0,0,0,0,0,0,0,0,0,0,0,0,0,0,0,0,0,0,0,0,0,0,0,0,0,0,0,0,0,0,0,0,0,0,0,0,0,0,0,0,0.7390473318970496
"1,2,3,5,6,7-Hexahydro-2-thioxo-4h-cyclopentapyrimi-din-4-one",O=c1[nH]c(=S)[nH]c2c1CCC2,0,test,2.337841088205032,2.1332735488093046,-1.9467818249911333,2.1374007700596693,-2.130486203106387,7.709718376386159,0.8975735028858319,32.091998328329616,10.25858808308987,2.7990031063957677,390.1624266002858,7.8449349826912425,5.93781692448737,6.754313505415096,5.270856947829096,3.615355071650411,4.023603362114274,2.7189084622436845,3.1271567527075472,1.983399710067182,2.187523855299114,1.4790903547408516,1.6949878776721872,0.0,4.794537184071822,0.0,5.559266895052007,4.771065770590158,30.519844355323485,0.0,0.0,0.0,9.967957041894415,12.217873443046695,168.035733876,1.2727272727272727,2.090909090909091,2.909090909090909,0.42857142857142855,-0.9000000000000001,11,160.15699999999998,2.337841088205032,6.7882558233909585,2.303348636240885,1.03036993778217,68.47999661829923,11.189675925925926,0.33559422559935104,11.189675925925926,0.2545870246911283,0.012731481481480955,0.2545870246911283,-0.012731481481480955,-0.33559422559935104,0.92119,44.27240000000001,168.22099999999998,2,3,1,0,1,0,1,1,2,2,4,0,0,0,0,0,58,4.983978520947208,0.0,4.771065770590158,0.0,5.559266895052007,0.0,9.778515705019029,0.0,0.0,0.0,0.0,31.480338311824724,11.257379486545457,0.0,2,0.0,12.217873443046695,0.0,9.967957041894415,0.0,19.26246486877803,0.0,26.382249336259445,0.0,0.0,14.909090909090908,5.559266895052007,0.0,0.0,12.217873443046695,9.967957041894415,12.841643245852019,4.771065770590158,17.678201109471466,4.794537184071822,0.0,0.0,0.0,48.65,0.4404166666666669,4.829629629629629,16.751712962962962,0.0,1.9014814814814822,0.0,0.0,2.910092592592593,0.0,0.0,0,0,0,0,0,2,2,0,0,0,0,0,0,0,0,0,2,0,0,0,0,2,0,0,0,0,0,0,0,0,1,0,0,0,0,0,1,0,0,0,0,0,0,0,0,0,0,0,0,0,0,0,0,0,0,0,0,0,0,0,0,0,0,0,0,0,0,0,0,0,0,0,0,0,0,0,0,0,0,0,0,0,0,0,0,0.5658429735253989
"(4E)-4-(Ethoxymethylene)-2-phenyl-1,3-oxazol-5(4H)-one",CCOC=C1N=C(c2ccccc2)OC1=O,1,test,2.6929044392803867,2.2369282614258466,-1.9655706611989145,2.1531360903666976,-2.046328981158772,6.10442493525506,-0.1296818392830003,16.553619435291633,10.205806853726044,2.232088986676556,448.5914941262542,11.380468888623982,8.84316686321585,8.84316686321585,7.808861750289881,4.990428944490402,4.990428944490402,3.130934260754357,3.130934260754357,2.0028770128155564,2.0028770128155564,1.2588919549719488,1.2588919549719488,5.9693052879518484,4.794537184071822,0.0,5.697039313055833,12.504627308870528,5.563451491696996,6.26208044842079,0.0,37.255572541998674,4.992404732635668,9.473725907600098,217.073893212,1.375,2.125,2.8125,0.16666666666666666,-2.1,16,206.13599999999997,2.6929044392803867,10.418895545245709,4.6129365420065165,2.1076593968485864,93.2095566650808,11.378784486016627,0.498948234122177,11.378784486016627,0.3665503430698589,0.19509542705971294,0.3665503430698589,-0.47934901738473124,-0.498948234122177,1.8679,58.78000000000003,217.22400000000002,0,4,0,1,1,1,0,1,4,0,4,0,3,0,0,0,82,9.473725907600098,6.26208044842079,5.697039313055833,5.897745344357611,0.0,5.9693052879518484,0.0,9.786941916707491,0.0,0.0,18.19910120538483,19.056471336613843,5.563451491696996,6.606881964512918,2,14.268263091671919,11.86705063230946,0.0,0.0,4.992404732635668,6.923737199690624,6.606881964512918,47.85440659548167,0.0,0.0,17.1875,0.0,0.0,0.0,0.0,18.473932596822376,14.268263091671919,0.0,12.487188691387619,47.28335983642034,0.0,0.0,0.0,47.89,10.021906179138321,0.0,15.4366085600907,0.0,0.9689366024187456,-0.16309618291761074,9.259047776518015,1.3177314814814816,2.3255322499370115,0.0,0,0,0,0,0,0,0,0,0,0,1,1,0,0,1,1,0,0,0,0,0,0,0,0,0,0,0,0,0,0,0,0,0,0,1,0,0,0,0,0,1,2,0,0,0,0,0,0,0,0,0,0,0,0,1,0,0,0,0,0,0,0,0,0,0,0,0,0,0,0,0,0,0,0,0,0,0,0,0,0,0,0,0,0,0,0.440863480829874
1-[5-[(4-Fluorophenyl)methyl]-2-furanyl]ethanone,CC(=O)c1ccc(Cc2ccc(F)cc2)o1,0,test,2.7002478246060995,2.0614673304228015,-1.9735314306523855,2.136783995704605,-1.8810440440678158,5.907305051546905,0.09854481324602228,19.142140901630587,10.119789992217203,2.1404015971820334,496.90607527365455,11.543605595440512,8.865669450261256,8.865669450261256,7.647867045540842,4.9905122609558346,4.9905122609558346,3.6253881126319145,3.6253881126319145,2.300255647874017,2.300255647874017,1.4655798815382797,1.4655798815382797,0.0,9.184952231746642,0.0,11.600465787410833,17.94131646067489,5.563451491696996,19.056471336613843,24.26546827384644,0.0,0.0,4.417150937053347,218.074307812,1.1875,1.875,2.4375,0.15384615384615385,-1.9000000000000001,16,207.13899999999995,2.7002478246060995,10.61225823428797,4.308014195548167,2.3663767241789806,92.70471043579765,12.66731770372418,0.4576460862760761,12.66731770372418,0.19442867952744927,0.09226284958427766,0.19442867952744927,-0.25683342781557017,-0.4576460862760761,3.212100000000002,57.91850000000002,218.22699999999998,0,2,0,0,0,1,1,2,2,0,3,0,3,0,0,0,82,4.417150937053347,11.577468259920336,11.54349236523938,0.0,0.0,0.0,4.794537184071822,4.39041504767482,0.0,0.0,12.13273413692322,29.828919765543436,13.344558822616634,0.0,2,13.602103168799989,5.783244946364939,0.0,0.0,0.0,13.344558822616634,0.0,59.29936958126143,0.0,0.0,10.375,0.0,4.39041504767482,0.0,0.0,5.783244946364939,6.4208216229260096,5.817220841045894,28.802220713208325,40.81535334782301,0.0,0.0,0.0,30.21,18.003262762303166,0.0,11.01246179065443,0.0,0.9498630007558581,0.7147183904425982,9.631135519022424,0.5630555555555555,1.4588363145993015,0.0,0,0,0,0,0,0,0,0,0,0,1,1,0,0,0,0,0,0,0,0,0,0,0,0,0,0,0,0,0,0,0,0,0,0,1,0,0,0,0,0,0,0,1,0,1,0,0,0,0,0,0,1,1,0,0,0,0,0,0,0,0,0,0,0,0,0,0,0,0,0,0,0,0,0,0,0,0,0,0,0,0,0,0,0,0,0.74027833203005
5-Chloro-2-methyl- 4-isothiazolin-3-one,Cn1sc(Cl)cc1=O,1,test,1.85084532640743,1.9315918326790282,-1.7684754803202911,2.090698975808412,-2.0495364167610433,7.105531391783758,0.9809814548835427,35.49601684411077,10.736528070114367,3.353742348224104,238.4315036874941,6.146264369941973,4.219024918626537,5.791450445572718,3.6983773027576627,2.027975375243095,3.179336510386296,1.3754421550031624,3.17687244882326,0.7714528352920065,1.8336545230251702,0.3901302692424371,1.35182086455779,0.0,4.794537184071822,0.0,5.559266895052007,4.336329015745631,0.0,21.555514788288882,7.04767198267719,0.0,0.0,11.600939890232516,148.970212428,1.875,2.5,2.625,0.25,-0.28,8,145.57,1.85084532640743,5.849533678756477,1.9132501670750717,0.9277368402660483,55.472206287717746,10.528749999999999,0.2684361906662577,10.528749999999999,0.26136902041164733,0.0416666666666663,0.26136902041164733,-0.0416666666666663,-0.2684361906662577,1.1002,34.57,149.602,0,2,0,0,0,0,1,1,3,0,4,0,0,0,0,0,44,0.0,4.336329015745631,0.0,0.0,5.559266895052007,0.0,8.751198292332418,0.0,0.0,0.0,11.600939890232516,11.532486611566675,13.1140390511388,0.0,1,0.0,23.133426501799192,0.0,3.9566611082605965,7.04767198267719,0.0,0.0,20.75650016333107,0.0,0.0,9.75,5.559266895052007,0.0,0.0,23.133426501799192,3.9566611082605965,7.04767198267719,0.0,0.0,10.860904252533432,4.336329015745631,0.0,0.0,22.0,2.0138888888888893,6.702299382716049,10.528749999999999,0.0,-0.0416666666666663,0.0,1.3950617283950617,0.0,0.0,1.6794444444444445,0,0,0,0,0,1,0,0,0,0,0,0,0,0,0,1,0,0,0,0,0,0,0,0,0,0,0,0,0,0,1,0,0,0,0,0,0,0,0,0,0,0,0,0,1,0,0,0,0,0,0,0,0,0,0,0,0,0,0,0,0,0,0,0,0,0,0,0,0,0,0,0,0,0,0,0,0,0,0,0,0,0,0,0,0,0.5416689624731026
Rifamycin,COC1C=COC2(C)Oc3c(C)c(O)c4c(O)c(cc(O)c4c3C2=O)NC(=O)C(C)=CC=CC(C)C(O)C(C)C(O)C(C)C(OC(C)=O)C1C,0,test,3.3283860424650658,2.4926022629199913,-2.375653851146083,2.5327623013013305,-2.461721983747849,6.210807119589901,-0.16022232813672863,16.706126739872662,9.781263441913843,1.8693313017242579,1762.7932298373184,37.40253024603415,29.676709779401595,29.676709779401595,23.353873929914784,16.40686874156114,16.40686874156114,13.423588764061174,13.423588764061174,9.83719675122348,9.83719675122348,6.650013219098128,6.650013219098128,88.78286635172938,39.91624852641899,0.0,38.909354050360314,0.0,6.06636706846161,53.218867002128576,39.84698901243026,0.0,5.316788604006331,18.947451815200196,697.309825944,0.94,1.6,2.22,0.4864864864864865,-4.59,50,650.4020000000003,3.3283860424650658,38.21579362372484,14.716429805530586,7.026882703064288,290.34581149907626,13.924884041685365,0.5071951602551354,13.924884041685365,0.31210919168325385,0.0709238690091516,0.31210919168325385,-1.981137710670244,-0.5071951602551354,4.754120000000005,183.81519999999963,697.7780000000002,6,13,0,3,3,2,0,2,12,6,13,0,2,0,0,0,272,49.79687739341005,23.35250188760002,5.749511833283905,0.0,11.690424675716445,11.756416440522445,14.383611552215466,0.0,0.0,0.0,45.92300911926414,19.92349450621513,67.21804342999701,41.21104159251105,5,58.86370034161918,34.119564667281445,0.0,0.0,23.671624184645573,85.59287430108878,12.426586145283864,53.33253545768118,0.0,22.99804733313562,30.9,10.05365155780638,5.687386274683562,22.99804733313562,0.0,80.50514118271316,23.79966322954379,30.595361384336194,64.38760056530016,42.20563247428719,0.0,10.772448428929591,0.0,201.30999999999997,23.19028572011112,0.0,39.231796847190104,58.152312320004974,-0.0928870242764841,-7.98714434366036,1.0616543911887457,3.6195106203559204,12.475442219541922,1.4323625828773978,0,2,2,0,0,0,0,3,0,0,3,3,0,0,0,0,1,0,0,0,0,0,0,0,0,0,2,1,0,1,0,0,0,0,2,0,14,0,0,0,1,4,0,0,0,0,0,0,0,0,0,1,1,0,0,1,0,0,0,0,0,0,0,0,0,3,3,0,0,0,0,0,0,0,0,0,0,0,0,0,0,0,0,0,0,0.14308740870723383
"3-[(2R)-3-[[2-(2,3-Dihydro-1H-inden-2-yl)-1,1-dimethyl-ethyl]amino]-2-hydroxypropoxy]-4,5-difluoro-benzene propanoic acid",CC(C)(CC1Cc2ccccc2C1)NCC(O)COc1cc(CCC(=O)O)cc(F)c1F,0,test,3.1306643373102223,2.281092597004053,-2.302681575743715,2.3153050172131766,-2.4557829084305633,5.666484510527538,-0.13647897952040602,19.159829420690066,9.882762198130099,1.471870135892262,922.5343038824391,23.30275414050485,18.535402339768943,18.535402339768943,15.125830774556489,10.95130618901288,10.95130618901288,9.260219497398165,9.260219497398165,5.864174336141437,5.864174336141437,4.345017705051755,4.345017705051755,23.707713357791942,18.681894674262168,0.0,37.28171870194476,11.48135753785839,25.328831937239638,17.193270051855603,0.0,0.0,43.42973127723402,9.843390348640755,447.222114912,1.21875,1.875,2.5,0.48,-2.509999999999999,32,416.27400000000017,3.1306643373102223,24.1387262611962,10.404232658034317,6.742073156806873,186.97138148259086,14.032336177473226,0.4876400372954091,14.032336177473226,0.3031777965628402,0.061732899560956955,0.3031777965628402,-1.1478114642696415,-0.4876400372954091,3.8950000000000022,117.85530000000008,447.5220000000002,3,5,1,0,1,2,0,2,4,3,7,0,11,0,0,0,174,20.26670634748779,12.71084835226122,11.5667326743298,5.817220841045894,0.0,5.9693052879518484,4.794537184071822,4.39041504767482,4.39041504767482,0.0,24.26546827384644,74.27175554926089,18.50450328122193,0.0,3,28.525285022902928,5.9693052879518484,0.0,5.316788604006331,5.917906046161393,57.594474154142944,13.151638370425493,64.72299856795243,0.0,5.749511833283905,14.90625,10.05365155780638,8.78083009534964,5.749511833283905,0.0,40.9768900881904,24.05700205284985,17.55234772825318,43.37947212032425,36.39820241076966,0.0,0.0,0.0,78.78999999999999,33.155561354973294,0.0,10.70442395154925,22.421745052475785,2.9284165244754554,-3.066034824427973,10.732292890420599,1.9973726804326284,4.20955570343429,0.0,1,1,1,0,0,0,0,0,1,1,1,0,0,1,0,0,1,0,0,0,0,0,0,0,0,0,0,0,0,0,1,0,0,0,2,0,1,0,0,0,0,1,0,0,2,0,0,0,0,0,0,0,0,0,0,0,0,0,0,0,0,0,0,0,0,0,0,0,0,0,0,0,0,0,0,0,0,0,0,0,0,0,0,0,0,0.4871015516165532
4-Isopropenyl-1-methyl-2-methylene-cyclohexane,C=C1CC(C(=C)C)CCC1C,0,test,1.9415183650407188,2.20446764219893,-2.2814615872369934,2.344314038912667,-2.1444323397618104,5.105106311646259,0.4041178519718446,14.257387904016115,9.771868456326867,2.527424900472302,176.47733175670794,8.430721420318147,7.69023444431199,7.69023444431199,5.109060905280621,4.440105581550663,4.440105581550663,3.8840463706547226,3.8840463706547226,2.8505762686141125,2.8505762686141125,1.6956753957850024,1.6956753957850024,0.0,0.0,0.0,0.0,0.0,11.835812092322787,30.40867392891656,0.0,0.0,27.00534576657824,0.0,150.140850576,1.4545454545454546,2.090909090909091,2.5454545454545454,0.6363636363636364,-0.52,11,132.12099999999998,1.9415183650407188,8.575419847328245,3.251343976069107,1.9529769535300223,70.00363495389787,4.086712962962963,0.09984938620172107,4.086712962962963,-0.017122269934260352,0.7210185185185184,0.017122269934260352,0.7210185185185184,-0.09984938620172107,3.5549000000000026,50.45900000000004,150.26500000000001,0,0,1,0,1,0,0,0,0,0,0,0,1,1,0,1,62,0.0,0.0,0.0,0.0,0.0,0.0,0.0,0.0,0.0,0.0,31.227817627026152,38.022014160791436,0.0,0.0,1,0.0,0.0,0.0,0.0,11.835812092322787,33.10993926815928,0.0,24.304080427335528,0.0,0.0,32.0,0.0,0.0,0.0,0.0,0.0,0.0,11.835812092322787,33.10993926815928,24.304080427335528,0.0,0.0,0.0,0.0,0.0,0.0,0.0,0.0,2.7521296296296303,1.4623148148148144,0.0,3.794027777777778,12.491527777777778,0.0,0,0,0,0,0,0,0,0,0,0,0,0,0,0,0,0,0,0,0,0,0,0,0,0,0,0,2,0,0,0,0,0,0,0,0,0,0,0,0,0,0,0,0,0,0,0,0,0,0,0,0,0,0,0,0,0,0,0,0,0,0,0,0,0,0,0,0,0,0,0,0,0,0,0,0,0,0,0,0,0,0,0,0,0,0,0.5013191053988383
4-Isopropyl-1-methylene-cyclohexane,C=C1CCC(C(C)C)CC1,0,test,1.8845053612018057,2.171650325582713,-2.2566070562234914,2.3104557285317204,-2.1274870685297276,4.979641309911244,0.31132889644120804,14.228426311466727,9.800318029769961,2.3261287072464856,112.0,7.560477932315068,7.19023444431199,7.19023444431199,4.698377302757663,4.365190624420133,4.365190624420133,3.8314468604317624,3.8314468604317624,2.68017258116062,2.68017258116062,1.7150433363265345,1.7150433363265345,0.0,0.0,0.0,0.0,0.0,11.835812092322787,31.256391021773304,0.0,0.0,20.426410082979746,0.0,138.140850576,1.3,1.8,2.2,0.8,-0.26,10,120.10999999999997,1.8845053612018057,7.842669404517453,3.2259267218540595,1.8624614328483438,64.32829587168553,4.007945956160242,0.09986143674544383,4.007945956160242,-0.032026278660920345,0.8824999999999998,0.032026278660920345,0.8824999999999998,-0.09986143674544383,3.3888000000000025,45.93600000000002,138.25399999999996,0,0,1,0,1,0,0,0,0,0,0,0,1,1,0,1,58,0.0,0.0,0.0,0.0,0.0,0.0,0.0,0.0,0.0,0.0,25.999514613049012,37.51909858402682,0.0,0.0,1,0.0,0.0,0.0,0.0,11.835812092322787,39.53076089108529,0.0,12.152040213667764,0.0,0.0,22.1,0.0,0.0,0.0,0.0,0.0,0.0,11.835812092322787,39.53076089108529,12.152040213667764,0.0,0.0,0.0,0.0,0.0,0.0,0.0,0.0,1.469351851851852,1.8598148148148144,0.0,5.332037037037037,8.67212962962963,0.0,0,0,0,0,0,0,0,0,0,0,0,0,0,0,0,0,0,0,0,0,0,0,0,0,0,0,1,0,0,0,0,0,0,0,0,0,0,0,0,0,0,0,0,0,0,0,0,0,0,0,0,0,0,0,0,0,0,0,0,0,0,0,0,0,0,0,0,0,0,0,0,0,0,0,0,0,0,0,0,0,0,0,0,0,0,0.48713518305010645
Cytosine,Nc1cc[nH]c(=O)n1,0,test,1.6423714487439025,1.8138617302841922,-1.8292631938107573,1.8214683323662084,-2.0975447918611976,5.2216869789154226,1.084402158845362,16.144452276266115,10.611540484958075,3.277417459528498,228.72507399518807,5.983127663125442,4.087512693532698,4.087512693532698,3.787693700234704,2.1006964778496617,2.1006964778496617,1.3194924203280405,1.3194924203280405,0.6915472890871058,0.6915472890871058,0.385132490170772,0.385132490170772,5.689743398203474,4.794537184071822,0.0,5.817862777835028,0.0,0.0,12.263210640074686,0.0,0.0,9.967957041894415,5.733667477162185,111.04326178,1.75,2.5,2.875,0.0,-1.32,8,106.064,1.6423714487439025,4.829700598802395,1.6512034657775698,0.8412053770519652,45.37211187844646,10.243611111111111,0.38348374622158604,10.243611111111111,0.3463487166265731,0.24421296296296324,0.3463487166265731,-0.412037037037037,-0.38348374622158604,-0.6479000000000001,29.270099999999996,111.104,3,4,0,0,0,0,1,1,3,2,4,0,0,0,0,0,42,10.717645998109393,5.817862777835028,0.0,0.0,0.0,5.689743398203474,0.0,4.794537184071822,4.983978520947208,0.0,0.0,6.06636706846161,6.196843571613076,0.0,1,0.0,5.817862777835028,0.0,9.967957041894415,0.0,0.0,5.733667477162185,22.74749122234998,0.0,0.0,9.0,11.423410875365658,5.817862777835028,0.0,0.0,9.967957041894415,0.0,0.0,0.0,17.057747824146507,0.0,0.0,0.0,71.77000000000001,0.0,0.0,15.909305555555555,0.0,4.715462962962962,0.24421296296296324,1.5152777777777777,1.449074074074074,0.0,0.0,0,0,0,1,0,2,1,0,0,0,0,0,0,0,0,1,1,1,0,0,0,1,0,0,0,0,0,0,0,1,0,0,0,0,0,0,0,0,0,0,0,0,0,0,0,0,0,0,0,0,0,0,0,0,0,0,0,0,0,0,0,0,0,0,0,0,0,0,0,0,0,0,0,0,0,0,0,0,0,0,0,0,0,0,0,0.4670416161550293
Dimethyl 4-cyano-4-(3-cyclopentyloxy-4-methoxyphenyl)-pimelate,COC(=O)CCC(C#N)(CCC(=O)OC)c1ccc(OC)c(OC2CCCC2)c1,0,test,3.2636042650670842,2.347488069647734,-2.276571121695986,2.3980509577621887,-2.270303252596639,5.703453930782179,-0.14060709454139755,16.529816938661796,9.740320954328661,2.367474290593225,728.1596507869455,21.27781011412251,17.36295866453402,17.36295866453402,13.973024078863633,9.87754281594208,9.87754281594208,7.236130442230185,7.236130442230185,5.493204602708581,5.493204602708581,3.677289034494568,3.677289034494568,17.353601045300476,14.850965922882128,0.0,31.78725287945234,17.062475158264807,25.683286491704038,14.219595082555067,25.308898746662365,0.0,6.069221312792274,18.947451815200196,403.199487648,1.0344827586206897,1.6206896551724137,2.103448275862069,0.5909090909090909,-2.7499999999999996,29,374.24300000000017,3.2636042650670842,22.53819122969447,10.701195892076933,5.8629023597948935,171.43445059589723,11.729585954803307,0.492869334714055,11.729585954803307,0.30507272856219736,0.06555287855883085,0.30507272856219736,-1.053137518896448,-0.492869334714055,3.6843800000000027,105.66900000000007,403.47500000000025,0,7,1,0,1,1,0,1,7,0,7,0,10,1,0,1,158,18.947451815200196,0.0,11.49902366656781,0.0,0.0,11.938610575903697,9.589074368143644,0.0,5.261891554738487,0.0,6.06636706846161,56.22111536617627,12.841643245852019,38.917570793769954,2,28.536526183343838,11.938610575903697,5.261891554738487,0.0,0.0,62.88552984055316,21.3293926238326,23.762552697081826,0.0,17.568244979360085,14.137931034482758,9.473725907600098,0.0,11.49902366656781,0.0,39.3719695874846,24.47779074514052,11.33111286753076,56.930024475105085,18.19910120538483,0.0,0.0,0.0,94.85000000000001,21.05950457579471,0.0,23.459171909606614,10.076486599269337,-0.3710976473922907,0.35958739025658226,7.693386794532628,4.9450876389695555,0.0,4.194539405629531,0,0,0,0,0,0,0,0,0,0,2,2,0,0,0,1,0,0,0,0,0,0,0,0,0,0,0,0,0,0,0,0,0,0,1,0,0,0,0,0,2,4,0,0,0,0,0,0,0,0,0,0,0,0,0,3,0,1,0,0,0,0,0,0,0,0,0,0,0,0,0,0,0,0,0,0,0,0,0,0,0,0,0,0,0,0.5499286990220765
"1-[1-3-(1,3-Benzodioxol-5-yl)-(2-benzyloxy-4- methoxyphenyl)-1- hydroxy-6- propoxy-2-indanoyl]-3,4- dimethyl-5-phenyl-imidazolidinone",CCCOc1ccc2c(c1)C(O)(c1ccc(OC)cc1OCc1ccccc1)C(C(=O)N1C(=O)N(C)C(C)C1c1ccccc1)C2c1ccc2c(c1)OCO2,0,test,3.867622843272312,2.608841939573421,-2.3715070873595714,2.593027959514596,-2.4833788742359535,5.9985444852864465,-0.14109581304945926,16.696947020896218,9.744002023890094,1.3671525902793829,2212.129698538193,38.26864498782619,31.3068621358545,31.3068621358545,26.737769099787688,18.633378012254674,18.633378012254674,14.26614754104353,14.26614754104353,11.117430437149363,11.117430437149363,8.296034069194583,8.296034069194583,35.41699797414401,9.901064578912528,4.794537184071822,19.441665099760705,57.60824709772042,17.54772460632,4.899909730850477,37.25648046019003,110.90934749476706,0.0,23.684314769000245,740.309766368,0.8363636363636363,1.5636363636363637,2.309090909090909,0.28888888888888886,-5.999999999999998,55,696.501,3.867622843272312,36.0,14.675709342560554,6.19921875,320.3210896393391,15.844261385543406,0.4966244095065308,15.844261385543406,0.3269300573511427,0.07309935617408536,0.3269300573511427,-2.0384432870370364,-0.4966244095065308,7.813100000000008,205.5427999999994,740.8530000000002,1,10,1,2,3,5,0,5,8,1,10,0,11,0,1,1,282,33.69075189469143,29.45646827534832,11.49902366656781,12.700122035451333,0.0,6.031114512338072,9.694446914922299,4.794537184071822,0.0,0.0,79.72014202122996,77.56001869187128,24.59539658899719,31.718267210247767,8,38.37991653198459,11.938294241689578,0.0,9.799819461700954,5.917906046161393,50.47781650226118,27.55729379456747,148.6416832509526,0.0,28.747559166419524,22.454545454545453,23.684314769000245,4.794537184071822,28.747559166419524,0.0,60.44377572194666,17.002469959568426,5.917906046161393,65.60875184779857,115.26097430077064,0.0,0.0,0.0,107.00000000000001,29.82769027917646,0.0,33.11805061205245,13.89213813303099,1.9359672403051098,-0.01565893780162031,34.25606001691091,0.7796500441428427,4.685504470232598,3.270598141950262,0,1,0,0,0,0,0,0,0,0,2,2,0,0,0,2,0,0,0,1,0,0,0,0,0,0,0,3,0,0,0,0,0,0,5,0,2,0,0,0,0,5,0,0,0,0,0,0,1,0,0,0,0,0,0,1,0,0,0,0,0,0,0,0,0,0,0,0,0,0,0,0,0,0,0,0,0,0,0,0,0,0,0,0,1,0.14626244442791564
Vinylpyridine,C=Cc1ccncc1,1,test,1.9034911933164034,1.762308334088099,-1.842553365255332,1.944712620294521,-1.688530606737363,5.442275674493293,1.3224813374697877,14.600745746974114,10.26901082002032,2.9910469146846212,167.00151696675914,5.819990956308912,4.541071722634634,4.541071722634634,3.931851652578137,2.4573381404092913,2.4573381404092913,1.484671074065223,1.484671074065223,0.9418062315200266,0.9418062315200266,0.49952760829066645,0.49952760829066645,0.0,0.0,0.0,0.0,0.0,5.563451491696996,0.0,18.469707250060033,12.13273413692322,11.562914204545706,0.0,105.057849224,1.375,2.0,2.375,0.0,-1.11,8,98.08399999999999,1.9034911933164034,5.035137880986937,2.262450086021194,0.936277398677246,48.69133229705243,3.8455555555555554,0.2646926541665777,3.8455555555555554,0.027325478776349495,1.1111111111111112,0.027325478776349495,1.1111111111111112,-0.2646926541665777,1.7246000000000001,34.328,105.13999999999999,0,1,0,0,0,0,1,1,1,0,1,0,1,0,0,0,40,0.0,0.0,0.0,0.0,0.0,0.0,4.983978520947208,0.0,0.0,0.0,12.654955790432378,17.696185628620217,12.393687143226153,0.0,1,0.0,6.076020106833881,0.0,4.983978520947208,0.0,0.0,0.0,36.66880845544487,0.0,0.0,8.5,0.0,0.0,0.0,0.0,4.983978520947208,0.0,0.0,5.563451491696996,31.10535696374787,0.0,6.076020106833881,0.0,12.89,0.0,0.0,3.8455555555555554,0.0,1.1111111111111112,0.0,3.8194444444444446,5.287407407407407,3.603148148148148,0.0,0,0,0,0,0,1,0,0,0,0,0,0,0,0,0,1,0,0,0,0,0,0,0,0,0,0,0,0,0,0,0,0,0,0,0,0,0,0,0,0,0,0,0,0,0,0,0,0,0,0,0,0,0,0,0,0,0,0,0,0,0,0,0,0,0,0,0,0,0,0,0,0,0,1,0,0,0,0,0,0,0,0,0,0,0,0.5295933337569039
"Ethyl 2,6-dichloro-5-fluoro-b-oxo-3-pyridinepropanoate",CCOC(=O)CC(=O)c1cc(F)c(Cl)nc1Cl,0,test,2.2303006773016687,2.183965621316316,-2.0380166680691065,2.210749399904807,-2.1214707131778487,6.346690442238259,-0.1414719133272355,35.49684558834519,10.122460947621338,2.8936712982739907,465.10938671821526,12.999635521070495,8.797415717481949,10.30927360951886,7.951596160381718,4.6567717068671275,5.412700652885583,3.0043478169622264,3.7203739918628607,1.7973342201367115,2.350502650999285,1.0795152260331877,1.5063060575926526,29.14370251518148,13.979489415818463,0.0,17.323443273102704,0.0,6.06636706846161,0.0,6.923737199690624,0.0,9.720841474747257,23.20187978046503,278.986526696,1.411764705882353,2.0588235294117645,2.6470588235294117,0.3,-1.2000000000000002,17,272.018,2.2303006773016687,13.86329113924051,5.930712902954297,3.6428580013220366,106.68441895871048,13.083553398211135,0.46563727668623955,13.083553398211135,0.31318504559013965,0.15979604959267668,0.31318504559013965,-0.8719670939363395,-0.46563727668623955,2.663400000000001,59.79550000000002,280.082,0,4,0,0,0,0,1,1,4,0,7,0,4,0,0,0,92,4.736862953800049,11.573931439818802,16.753575604303627,0.0,0.0,5.9693052879518484,9.589074368143644,9.374393568622027,0.0,0.0,23.20187978046503,12.990104268152233,0.0,12.170333456209914,1,18.716352369618512,34.95443001478182,0.0,4.983978520947208,0.0,13.344558822616634,6.606881964512918,27.753259034990087,0.0,0.0,10.117647058823529,0.0,4.39041504767482,0.0,23.20187978046503,23.343410719776912,9.53140013787187,5.817220841045894,23.70254749838545,6.06636706846161,10.306219633785584,0.0,0.0,56.260000000000005,17.668332134808654,10.99429634787544,26.07319844244282,-0.6727933411018721,-0.1929446963970769,-2.2465583007894505,0.8464540816326531,-0.5175472411186699,1.7697847948697216,0.0,0,0,0,0,0,1,0,0,0,0,2,2,0,0,0,1,0,0,0,0,0,0,0,0,0,0,0,0,0,0,0,0,0,0,0,0,0,0,0,0,1,1,0,0,3,0,0,0,0,0,0,1,1,0,0,0,0,0,0,0,0,0,0,0,0,0,0,0,0,0,0,0,0,1,0,0,0,0,0,0,0,0,0,0,0,0.3680276692959112
Pyridine,c1ccncc1,1,test,1.719973094021975,1.5802944386426927,-1.6965670219787747,1.732473300656735,-1.5825292175016334,4.877321733390167,1.330989291374726,14.597243061746529,10.51881465602454,3.000000000000001,75.86113958768547,4.242640687119286,3.333964941448087,3.333964941448087,3.0,1.8497311128276561,1.8497311128276561,1.024563864689584,1.024563864689584,0.5664874085517706,0.5664874085517706,0.31260202740993526,0.31260202740993526,0.0,0.0,0.0,0.0,0.0,0.0,0.0,12.393687143226153,18.19910120538483,4.983978520947208,0.0,79.04219916,0.8333333333333334,1.5,1.6666666666666667,0.0,-0.8500000000000001,6,74.062,1.719973094021975,3.3441747572815532,1.5525827127910268,0.5490008483363183,36.651051100443475,3.7847222222222223,0.264736970888988,3.7847222222222223,0.026728768295261177,1.75,0.026728768295261177,1.75,-0.264736970888988,1.0816,24.236999999999995,79.10199999999998,0,1,0,0,0,0,1,1,1,0,1,0,0,0,0,0,30,0.0,0.0,0.0,0.0,0.0,0.0,4.983978520947208,0.0,0.0,0.0,6.06636706846161,12.13273413692322,12.393687143226153,0.0,1,0.0,0.0,0.0,4.983978520947208,0.0,0.0,0.0,30.592788348610984,0.0,0.0,8.0,0.0,0.0,0.0,0.0,4.983978520947208,0.0,0.0,0.0,30.592788348610984,0.0,0.0,0.0,12.89,0.0,0.0,3.7847222222222223,0.0,0.0,0.0,5.715277777777778,3.5,0.0,0.0,0,0,0,0,0,1,0,0,0,0,0,0,0,0,0,1,0,0,0,0,0,0,0,0,0,0,0,0,0,0,0,0,0,0,0,0,0,0,0,0,0,0,0,0,0,0,0,0,0,0,0,0,0,0,0,0,0,0,0,0,0,0,0,0,0,0,0,0,0,0,0,0,0,1,0,0,0,0,0,0,0,0,0,0,0,0.4531479654842905
Clotrimazole,Clc1ccccc1C(c1ccccc1)(c1ccccc1)n1ccnc1,1,test,3.2063001130879054,2.3890468838456584,-2.3739979004122422,2.4272523634031593,-2.3678361100349234,6.311501660041601,0.5146156596467804,35.49569183415235,9.764475614110422,2.153583648156872,908.2706613028778,17.11467340730599,13.587346240232787,14.343275186251242,12.331370464613116,8.177435400812115,8.555399873821344,5.892261019834486,6.299461146575091,4.538475267103274,4.868063488143322,3.485757822956155,3.7582400295250897,5.538925252383345,0.0,0.0,0.0,0.0,21.71298778883231,0.0,6.196843571613076,42.85599898868567,64.14838178489305,11.600939890232516,344.10802622400007,0.72,1.28,1.8,0.045454545454545456,-2.8399999999999994,25,327.709,3.2063001130879054,15.673998801944185,6.577182238233219,2.5530431664020705,151.9096739675235,6.691467151675484,0.31890279301670854,6.691467151675484,0.1225856102871701,0.585949074074074,0.1225856102871701,-0.585949074074074,-0.31890279301670854,5.376700000000004,101.84300000000002,344.845,0,2,0,0,0,3,1,4,2,0,3,0,4,0,0,0,122,4.567099647791355,5.538925252383345,0.0,0.0,0.0,0.0,0.0,4.983978520947208,0.0,0.0,90.46371178023347,17.193270051855603,22.979771948664474,6.3273200747645415,4,0.0,11.600939890232516,0.0,9.551078168738563,0.0,5.538925252383345,0.0,125.36313396528558,0.0,0.0,11.4,0.0,0.0,0.0,11.600939890232516,9.551078168738563,5.538925252383345,0.0,16.690354475090988,103.65014617645325,5.022633313741326,0.0,0.0,17.82,2.1238888888888887,6.691467151675484,4.314171390778534,0.7258390022675739,2.6980015432098776,0.0,28.831421170319974,5.64298863063744,0.0,0.0,0,0,0,0,0,2,0,0,0,0,0,0,0,0,0,2,0,0,0,0,0,0,0,0,0,0,0,0,0,0,0,0,0,0,3,0,0,0,0,0,0,0,0,0,1,0,0,1,0,0,0,0,0,0,0,0,0,0,0,0,0,0,0,0,0,0,0,0,0,0,0,0,0,0,0,0,0,0,0,0,0,0,0,0,0,0.45454498474207145
"8-[(4-Amino-3-nitrophenyl)azo]-7-hydroxy-N,N,N-trimethyl-2-naphthalenaminium chloride (Basic brown 17, B007) (SCCP0683/03)",C[N+](C)(C)c1ccc2c(c1)C(=NNc1ccc(N)c([N+](=O)[O-])c1)C(=O)C=C2,0,test,2.602230067881818,2.2288206512698894,-2.2464508275709454,2.2727113054058767,-2.3479702914282883,6.518709625686938,-0.3834062186640483,16.628455943158315,9.935643871978158,1.9989091950211284,1002.8900946565558,19.76722023457211,15.2625380805981,15.2625380805981,12.663722363586341,8.230766974944775,8.230766974944775,7.084516970879816,7.084516970879816,4.238191318683957,4.238191318683957,2.696175039225811,2.696175039225811,4.923311048817671,14.908855452837393,0.0,22.869702498502765,15.733868624075182,11.250837766380558,18.208754243757102,12.142387175295491,39.342117153416396,10.527198922850108,5.733667477162185,366.15606592008993,1.1111111111111112,1.8518518518518519,2.5185185185185186,0.15789473684210525,-3.52,27,346.2410000000001,2.602230067881818,18.276450689924566,6.654425587346755,3.7001345686795046,155.88717230668186,12.377606030066346,0.3931654405542779,12.377606030066346,0.2937377987675139,0.06278925619834741,0.2937377987675139,-0.5645022903049597,-0.3931654405542779,2.7858,107.71750000000003,366.40100000000007,3,8,1,0,1,2,0,2,6,2,8,0,4,0,0,0,138,5.733667477162185,17.086457552137826,0.0,5.783244946364939,5.687386274683562,0.0,24.817677707642403,0.0,5.101407525739722,0.0,6.076020106833881,35.90493987237732,17.696185628620217,31.7537132715328,3,9.717848232889493,40.32049515470377,0.0,4.483030857694624,5.101407525739722,0.0,32.302474822304134,63.715443769763105,0.0,0.0,14.925925925925926,15.642489731967196,22.74954509873425,0.0,0.0,37.56125694598488,4.794537184071822,10.114318268765572,11.126902983393991,47.57563004334326,0.0,6.076020106833881,0.0,110.62,0.5933037399609369,0.0,22.83713427663755,15.248618594321362,11.421179653551311,-0.23749637818090163,10.160635625998179,3.2123831461214216,0.0,6.097574674923472,0,0,0,1,0,0,0,0,0,0,1,1,0,0,0,3,1,1,0,0,0,0,0,0,0,0,1,0,0,2,0,0,0,0,2,0,1,0,0,0,0,0,0,0,0,0,1,0,0,0,0,1,0,0,0,0,0,0,1,1,0,0,0,0,0,0,0,0,0,0,0,0,0,0,1,0,0,0,0,0,0,0,0,0,0,0.37405485554488205
"2,4-Dichloro-pyrimidine",Clc1ccnc(Cl)n1,1,test,1.6423714487439025,1.8757483904387255,-1.846084955997176,2.0419656423167787,-1.7741574650258547,6.311569585043408,1.1683931397881626,35.49684683746841,10.689918150121319,3.077660437970554,171.89811391899892,5.983127663125442,3.805056675397622,5.316914567434531,3.787693700234704,1.9289922239344715,2.6849211699529265,1.1483953753253546,1.873705818398457,0.5921960550608814,0.9848050709711804,0.3145485494166965,0.6416025473288361,0.0,0.0,0.0,5.283586320044258,5.153109816892792,0.0,6.196843571613076,6.06636706846161,0.0,9.967957041894415,23.20187978046503,147.959503424,1.375,2.125,2.5,0.0,-0.3400000000000001,8,146.964,1.6423714487439025,5.790548302872062,2.2864033023417307,1.3171462863658383,56.47723153515332,5.4094135802469125,0.2264241507451052,5.4094135802469125,0.2232370812527344,0.17824074074074114,0.2232370812527344,0.17824074074074114,-0.2264241507451052,1.7833999999999997,32.052,148.98000000000002,0,2,0,0,0,0,1,1,2,0,4,0,0,0,0,0,42,0.0,5.153109816892792,0.0,5.283586320044258,0.0,0.0,0.0,9.967957041894415,0.0,0.0,11.600939890232516,17.667306958694127,6.196843571613076,0.0,1,0.0,23.20187978046503,0.0,9.967957041894415,0.0,0.0,0.0,22.699906777011737,0.0,0.0,9.25,0.0,0.0,0.0,23.20187978046503,9.967957041894415,0.0,0.0,0.0,12.263210640074686,10.436696136937051,0.0,0.0,25.78,0.0,10.747716049382714,7.203240740740741,0.5439814814814823,0.0,0.0,1.5629320987654323,1.4976851851851851,0.0,0.0,0,0,0,0,0,2,0,0,0,0,0,0,0,0,0,2,0,0,0,0,0,0,0,0,0,0,0,0,0,0,0,0,0,0,0,0,0,0,0,0,0,0,0,0,2,0,0,0,0,0,0,0,0,0,0,0,0,0,0,0,0,0,0,0,0,0,0,0,0,0,0,0,0,0,0,0,0,0,0,0,0,0,0,0,0,0.414601424008041
beta-Propiolactone,O=C1CCO1,1,test,1.2987949406953987,2.1045834530573435,-2.08608541664894,1.9651599578448802,-2.1821013992180123,5.732167825633094,-0.1567441318124078,16.555213734915384,10.382519326839192,2.3224050495909916,51.91340299823497,3.698670612749268,2.730710143300821,2.730710143300821,2.393846850117352,1.5504768156519497,1.5504768156519497,0.9704701804574841,0.9704701804574841,0.5692359281787078,0.5692359281787078,0.1853954059492991,0.1853954059492991,0.0,4.794537184071822,0.0,5.9693052879518484,13.027703587438928,0.0,0.0,0.0,0.0,4.736862953800049,0.0,72.021129368,1.8,2.2,2.2,0.6666666666666666,-0.53,5,68.03099999999999,1.2987949406953987,2.693713646532438,0.707536304055025,0.25060486148478145,29.738371432644183,9.677083333333334,0.46496255683013876,9.677083333333334,0.30876178270908533,0.06481481481481444,0.30876178270908533,-0.06481481481481444,-0.46496255683013876,-0.06669999999999998,15.576,72.063,0,2,0,1,1,0,0,0,2,0,2,0,0,0,1,1,28,4.736862953800049,6.606881964512918,0.0,0.0,0.0,5.9693052879518484,4.794537184071822,0.0,0.0,0.0,0.0,0.0,0.0,6.4208216229260096,1,9.53140013787187,5.9693052879518484,0.0,0.0,0.0,6.4208216229260096,6.606881964512918,0.0,0.0,0.0,20.4,0.0,0.0,0.0,0.0,12.576187252464766,9.53140013787187,0.0,6.4208216229260096,0.0,0.0,0.0,0.0,26.3,4.291666666666667,0.0,9.677083333333334,0.0,0.0,-0.06481481481481444,0.0,0.6249999999999999,0.6377314814814814,0.0,0,0,0,0,0,0,0,0,0,0,1,1,0,0,0,0,0,0,0,0,0,0,0,0,0,0,0,0,0,0,0,0,0,0,0,0,0,0,0,0,1,1,0,0,0,0,0,0,0,0,0,0,0,0,1,0,0,0,0,0,0,0,0,0,0,0,0,0,0,0,0,0,0,0,0,0,0,0,0,0,0,0,0,0,0,0.37438135799613564
"2,3,3a,4,5,6a-Hexahydrofuro[5,4-b]furan-3-yl N-[3-(1,3-benzodioxol-5-ylsulfonyl-isobutyl-amino)-2-hydroxy-1-[[4-[(2-methylthiazol-4-yl)methoxy]phenyl]methyl]propyl]carbamate",Cc1nc(COc2ccc(CC(NC(=O)OC3COC4OCCC34)C(O)CN(CC(C)C)S(=O)(=O)c3ccc4c(c3)OCO4)cc2)cs1,0,test,3.8623460594854047,2.43938391883794,-2.3064129077354267,2.3524905718119182,-2.513871395954776,7.887440947559492,-0.09069698689166637,32.23344577065269,10.004983418860856,1.1791790381050995,1665.9473581376078,33.83792356750807,27.072129999749514,28.705123161604966,23.04488366238698,15.958629385462078,18.278345525517604,12.512528926614243,15.512690903645856,8.384856356851062,11.034812909632688,5.961483343874132,8.196281568328272,40.65633155832578,18.318861563241466,0.0,49.64145427320447,36.88312105180356,16.26500318339822,16.437950128219452,17.403152946396347,50.416742643384225,10.300767124953538,28.421177722800294,703.2233365120001,1.125,1.9166666666666667,2.6666666666666665,0.5151515151515151,-3.4699999999999993,48,662.5080000000002,3.8623460594854047,34.39484633324297,14.967321162302962,8.208804811264612,283.66456635704196,13.908083991277413,0.4872740106628886,13.908083991277413,0.4073228324629909,0.010628449256438133,0.4073228324629909,-4.067033965507786,-0.4872740106628886,3.8657200000000023,174.48929999999953,703.8360000000002,2,13,0,3,3,2,1,3,12,2,15,0,14,0,2,2,260,38.84449372164733,18.460360185545127,17.789050395903022,16.816233459507412,0.0,6.093240070938415,0.0,18.196312689347966,4.305215991296233,11.336785877934735,25.980208536304467,55.51220625724747,24.535942650752677,46.8745123593025,6,46.74003928604175,27.453317102280735,0.0,14.60598311624977,11.835812092322787,69.65502061893436,33.096219046950814,64.1096354330954,0.0,17.248535499851716,21.333333333333332,19.527377465406477,4.794537184071822,17.248535499851716,11.336785877934735,86.54277834328208,37.26158360224666,18.75954929201341,36.533299205705475,52.740115725214956,0.0,0.0,0.0,154.98,62.5799362893283,1.5579227515993088,17.667739305342337,17.381307628251324,1.6351612904161397,1.3240244338047469,10.831432393622825,-2.003068907796881,6.6759121142730224,-4.067033965507786,0,1,1,0,0,1,0,0,0,0,1,1,0,0,0,2,1,0,0,0,0,0,0,0,1,0,0,1,0,0,1,0,0,0,2,0,2,0,0,0,0,6,0,0,0,0,0,0,0,0,0,0,0,0,0,0,0,0,0,0,0,0,0,0,0,0,0,0,0,0,0,0,0,0,0,0,1,0,0,0,1,0,0,0,0,0.2515725085832118
"3,4-Dihydrocoumarin",O=C1CCc2ccccc2O1,1,test,2.0412258289597847,2.1455152988828705,-2.13444730622208,2.2328063989803737,-2.1471382713371368,5.746993987499234,-0.13474342305800308,16.53702203549619,10.071090453670026,2.4141310245037473,291.36913671997195,7.681798275874712,6.040111220059325,6.040111220059325,5.360173345306137,3.6468294860719683,3.6468294860719683,2.5817932312743013,2.5817932312743013,1.794863898397839,1.794863898397839,1.220336112770788,1.220336112770788,0.0,4.794537184071822,0.0,5.9693052879518484,6.4208216229260096,17.73378494790691,0.0,0.0,24.26546827384644,0.0,4.736862953800049,148.052429496,1.1818181818181819,2.0,2.909090909090909,0.2222222222222222,-1.31,11,140.09699999999998,2.0412258289597847,6.4033600114109595,2.381380891498966,1.1134056202963443,64.79546563870821,10.80356859410431,0.42622503582831417,10.80356859410431,0.3110281485201333,0.12157407407407383,0.3110281485201333,-0.12157407407407383,-0.42622503582831417,1.5382,40.39800000000002,148.16099999999997,0,2,0,1,1,1,0,1,2,0,2,0,0,0,0,0,56,4.736862953800049,5.749511833283905,0.0,0.0,0.0,5.9693052879518484,4.794537184071822,0.0,0.0,0.0,18.19910120538483,18.050640183084614,0.0,6.4208216229260096,2,9.53140013787187,5.9693052879518484,0.0,0.0,0.0,12.841643245852019,0.0,29.828919765543436,0.0,5.749511833283905,15.454545454545455,4.736862953800049,0.0,5.749511833283905,0.0,5.9693052879518484,11.21535880699783,0.0,11.984273114623004,24.26546827384644,0.0,0.0,0.0,26.3,4.992870370370371,0.0,10.80356859410431,0.0,1.1315740740740743,0.6041203703703708,7.64244992441421,1.3254166666666665,0.0,0.0,0,0,0,0,0,0,0,0,0,0,1,1,0,0,0,0,0,0,0,0,0,0,0,0,0,0,0,0,0,0,1,0,0,0,1,0,1,0,0,0,1,1,0,0,0,0,0,0,0,0,0,0,0,0,0,0,0,0,0,0,0,0,0,0,1,0,0,0,0,0,0,0,0,0,0,0,0,0,0,0,0,0,0,0,0,0.4117582021029618
Clarithromycin,CCC1OC(=O)C(C)C(OC2CC(C)(OC)C(O)C(C)O2)C(C)C(OC2OC(C)CC(N(C)C)C2O)C(C)(OC)CC(C)C(=O)C(C)C(O)C1(C)O,0,test,3.0876165198947456,2.537054024100332,-2.4951675312364783,2.4145387611041023,-2.6118361836308894,5.83298630336243,-0.3189889737864468,16.71601186227507,9.735154500174579,2.2219520946543754,1187.5764542086656,39.67047943846528,33.89898375426513,33.89898375426513,23.986178967401734,18.882883103712757,18.882883103712757,16.631470852723787,16.631470852723787,12.26882579953749,12.26882579953749,8.584995247874591,8.584995247874591,101.75190007845703,30.015183947506465,0.0,37.19151703203923,6.4208216229260096,0.0,21.14333228224569,48.46616039783436,32.842728095586104,0.0,33.15804067660034,747.476891268,0.8461538461538461,1.4423076923076923,1.9807692307692308,0.9473684210526315,-1.3000000000000005,52,678.4120000000001,3.0876165198947456,45.09200083534669,17.659166368284723,9.37792232192957,310.2792452855395,14.174015769358707,0.45893658117067837,14.174015769358707,0.3111884202896951,0.1107890752592231,0.3111884202896951,-1.964602514028765,-0.45893658117067837,2.439700000000004,191.0481999999994,747.9640000000002,4,14,0,3,3,0,0,0,14,4,14,0,8,0,3,3,304,58.484059986813634,29.696194920593534,12.580053458670426,0.0,0.0,5.9693052879518484,9.589074368143644,0.0,0.0,0.0,27.694948798762496,74.90023203227615,44.43597567311321,47.639839606870275,3,63.1732246241068,11.752550234316788,0.0,4.899909730850477,23.671624184645573,179.17743631136617,28.314939047909448,0.0,0.0,0.0,49.01923076923077,0.0,0.0,0.0,0.0,149.65028641519538,42.747115044743985,23.671624184645573,94.92065848861026,0.0,0.0,0.0,0.0,182.91,43.86754276257445,0.0,30.070550212700443,45.554949847812736,-4.244220018389807,-4.469379090464671,-0.2831510558060053,-8.729879224204524,17.05158608857152,6.765333810539196,0,4,3,0,0,0,0,0,0,0,2,2,0,0,0,1,0,0,0,1,0,0,0,0,0,0,0,0,0,0,0,0,0,0,0,0,0,0,0,0,1,7,0,0,0,0,0,0,0,0,0,1,1,0,1,2,0,0,0,0,0,0,0,0,0,0,0,0,0,0,0,0,0,0,0,0,0,0,0,0,0,0,0,0,0,0.2658294280815995
"N-[2-(Diethylamino)ethyl]-2-[[(4-fluorophenyl)-methyl]thio]-4,5,6,7-tetrahydro-4-oxo-n-[[4'-(trifluoromethyl)-[1,1'-biphenyl]-4-yl]methyl]-1h-cyclopentapyrim-idine-1-acetamide",CCN(CC)CCN(Cc1ccc(-c2ccc(C(F)(F)F)cc2)cc1)C(=O)Cn1c(SCc2ccc(F)cc2)nc(=O)c2c1CCC2,1,test,3.567255414237264,2.2981671760542035,-2.2780318998056814,2.312325764810477,-2.4019397094636084,7.979358151355023,-0.1372631595104106,32.16655696742579,10.019256154693648,1.3730470416699108,1719.0859702614616,33.55346651713189,26.524728187569313,27.34122476849704,22.549395056597223,15.818459231637199,16.804057791290685,11.593826544753123,12.53632518561286,8.581549531664942,9.629092952751481,5.791759830234443,6.758016906711777,11.73975000914047,27.15073455884292,0.0,23.828423871361984,54.51210553555123,54.02735104161383,36.027353223237554,12.13273413692322,33.73247765248827,23.731362651178934,0.0,666.265160336,0.8723404255319149,1.4893617021276595,2.106382978723404,0.3611111111111111,-3.959999999999999,47,628.481,3.567255414237264,34.37661032440187,15.29497606449987,8.695424272268129,275.98327481176506,14.094120862143532,0.41591021979081055,14.094120862143532,0.41591021979081055,0.031004126492631068,0.3355369353680266,-4.391851248012803,-0.3355369353680266,7.219800000000008,176.56799999999953,666.785,0,6,1,0,1,3,1,4,6,0,11,0,13,0,0,0,248,14.366919109492308,12.36197724695847,5.156436481820707,5.907179729351506,5.559266895052007,6.176298517443475,9.589074368143644,4.39041504767482,18.155223663971668,0.0,74.14029589646525,78.8712519212376,36.64450231102997,5.563451491696996,5,22.3561973747711,17.66906467874262,0.0,19.350897630439515,0.0,63.2850406859954,26.1790256236503,116.91516370334553,0.0,11.126902983393991,12.829787234042554,5.559266895052007,17.56166019069928,0.0,11.761884949391115,51.43710298344132,42.65484536593925,5.817220841045894,48.2160299839437,82.74737848743187,0.0,11.126902983393991,0.0,58.440000000000005,54.39010644340617,1.3590442753945124,35.443119081347064,0.47028927769789375,3.7870419014536436,0.04121269583838982,18.751105008096346,-2.2449834268177624,7.419731410250404,0.0,0,0,0,0,0,2,0,0,0,0,1,1,0,0,0,4,0,0,0,1,0,0,0,0,0,3,0,1,0,0,0,0,0,0,3,0,1,0,0,0,0,0,0,0,4,0,0,0,0,0,0,0,0,0,0,0,0,0,0,0,0,0,0,0,0,0,0,0,0,0,0,0,0,0,0,1,0,0,0,0,0,0,0,0,0,0.0857457012101552
6-[(2-Methyl-3-pyridinyl)oxy]-3-pyridinamine,Cc1ncccc1Oc1ccc(N)cn1,1,test,2.246599507404596,2.010384292030414,-2.056238085178903,2.2095055267052963,-1.9240535471473976,5.374636518167946,0.4566187574421462,16.488481336939877,10.332158161732306,2.221797193855133,453.64514268212207,10.673362107437434,8.344127365791161,8.344127365791161,7.254020195423489,4.565235338432209,4.565235338432209,3.1187803301915333,3.1187803301915333,1.9321909967718511,1.9321909967718511,1.1421267846294885,1.1421267846294885,0.0,0.0,0.0,0.0,17.316886444402837,5.693927994848461,0.0,24.52642128014937,19.056471336613843,9.967957041894415,10.470530430962235,201.090211972,1.2,2.066666666666667,2.7333333333333334,0.09090909090909091,-2.1,15,190.14099999999996,2.246599507404596,9.45483670617463,3.9580050950421333,2.2240594191567666,87.7461713283702,5.534953703703703,0.4371414844182103,5.534953703703703,0.21890931889537216,0.5141666666666671,0.21890931889537216,0.5141666666666671,-0.4371414844182103,2.1595199999999997,57.697400000000016,201.22899999999998,2,4,0,0,0,0,2,2,4,1,4,0,2,0,0,0,76,10.470530430962235,0.0,5.749511833283905,5.879988336435371,0.0,0.0,4.983978520947208,4.983978520947208,0.0,0.0,0.0,25.122838405075452,12.263210640074686,17.5781578411451,2,4.736862953800049,5.687386274683562,0.0,9.967957041894415,0.0,6.923737199690624,5.733667477162185,42.35308341192105,0.0,11.629500169719275,9.933333333333334,10.470530430962235,5.687386274683562,11.629500169719275,0.0,9.967957041894415,0.0,6.923737199690624,5.693927994848461,36.65915541707259,0.0,0.0,0.0,61.03,5.534953703703703,0.0,8.155036218190979,0.0,6.965281347106744,1.2176587301587307,7.134735607205846,3.277419270177207,1.8815817901234568,0.0,0,0,0,1,0,2,0,0,0,0,0,0,0,0,0,2,0,1,0,0,0,0,0,0,0,0,0,0,0,1,1,0,0,0,0,0,0,0,0,0,0,1,0,0,0,0,0,0,0,0,0,0,0,0,0,0,0,0,0,0,0,0,0,0,0,0,0,0,0,0,0,0,0,2,0,0,0,0,0,0,0,0,0,0,0,0.8082999490633103
"2,3,4,5-Tetrahydro-N-(1-methylethyl)-2,4-dioxo-N,5-diphenyl-3-[(phenylmethoxy)-imino]-1H-1,5-benzodiazepine-1-acetamide",CC(C)N(C(=O)Cn1c(=O)c(=NOCc2ccccc2)c(=O)n(-c2ccccc2)c2ccccc21)c1ccccc1,0,test,3.071684277979428,2.2191492621778877,-2.2693390529286717,2.1872575465126247,-2.466272316907578,5.940776540707032,-0.11905784237535579,16.627604290643845,10.193967056146217,1.739571367961306,1848.6996842321341,28.769009466755715,22.8830664900209,22.8830664900209,19.952397498181153,13.3681111902138,13.3681111902138,9.748091369122228,9.748091369122228,6.623923981925474,6.623923981925474,4.7697303060397465,4.7697303060397465,16.47576423841032,14.383611552215466,0.0,25.10065892892496,22.40817398459965,5.563451491696996,9.13419929558271,41.29811214162014,92.7102462893822,5.15571272675054,4.8375885837366335,546.22670544,0.7560975609756098,1.3170731707317074,1.951219512195122,0.15151515151515152,-5.2399999999999975,41,516.3870000000004,3.071684277979428,27.33155204871078,12.297019737668741,5.864044581085285,236.55103563599934,14.099255165028975,0.39011538508332905,14.099255165028975,0.2902401674216648,0.06671659187820089,0.2902401674216648,-0.7230920361971938,-0.39011538508332905,4.6265000000000045,159.66299999999956,546.6270000000003,0,8,0,0,0,4,1,5,7,0,8,0,8,0,0,0,206,9.73749831458711,13.151638370425493,0.0,11.26441017765781,11.118533790104014,0.0,23.517810847798174,0.0,0.0,0.0,84.0184846167515,55.8091283018479,17.416613378515084,11.033401435232523,5,9.632125767808455,22.627967439267593,0.0,9.13419929558271,5.15571272675054,33.0409535989547,4.899909730850477,146.88926439902158,0.0,5.687386274683562,11.536585365853659,21.375673969260795,5.687386274683562,0.0,0.0,21.083219854082177,22.78376413823395,0.0,19.410925891078243,130.00576139566482,0.0,16.720787709916088,0.0,85.9,2.7374674036281172,0.0,49.13377987314051,3.6379933512788867,1.5809663442476847,-0.30600270792686013,34.46984390046474,0.0,3.5792851685002587,0.0,0,0,0,0,0,2,0,0,0,0,1,1,0,0,0,4,0,0,0,0,0,0,0,0,0,0,0,1,0,1,0,0,0,0,4,0,1,0,0,0,0,0,0,0,0,0,0,0,0,0,0,0,0,0,0,0,0,0,0,0,0,0,0,0,4,0,0,0,0,0,0,0,0,0,0,0,0,0,0,0,0,0,0,0,0,0.26583112497935635
"(16-b)-21-(Acetyloxy)-17-hydroxy-16-methylpregna-1,4,9(11)-triene-3,20-dione",CC(=O)OCC(=O)C1(O)C(C)CC2C3CCC4=CC(=O)C=CC4(C)C3=CCC21C,0,test,2.87720300552045,2.6676269424252217,-2.532470119764577,2.6591737563285243,-2.5732681562094504,6.011143166289991,-0.16674250520607853,16.53598960253448,9.510628270720241,1.7117091499403365,879.701908574648,21.18986996538248,17.657192547615534,17.657192547615534,13.536383371414038,10.575849859522588,10.575849859522588,9.746911110137482,9.746911110137482,8.36141680883976,8.36141680883976,6.73689222702839,6.73689222702839,22.768591514697256,19.49013894705617,0.0,35.55883551875881,6.4208216229260096,19.26246486877803,18.069946259829155,12.152040213667762,19.92349450621513,12.999757306524504,4.736862953800049,398.20932406,1.3103448275862069,2.0344827586206895,2.7241379310344827,0.625,-2.01,29,368.2590000000002,2.87720300552045,20.270409019300757,6.494900740100012,2.6598678995311134,171.43313123011606,13.023557417068195,0.4577416988992421,13.023557417068195,0.3025656741331984,0.05287455689218867,0.3025656741331984,-1.509386993995129,-0.4577416988992421,3.3237000000000023,107.72880000000005,398.4990000000002,1,5,4,0,4,0,0,0,5,1,5,0,3,2,0,2,156,9.843390348640755,5.601050810983688,12.390126910877857,5.783244946364939,0.0,5.9693052879518484,14.383611552215466,0.0,0.0,0.0,37.14572367318754,62.51278204354661,17.75371813848418,0.0,4,24.227001900856216,17.535795180681728,0.0,0.0,28.583699077277736,58.979286101450214,6.606881964512918,35.45028948747406,0.0,0.0,42.93103448275862,0.0,0.0,0.0,0.0,34.85025535101904,19.120474506015512,28.583699077277736,53.378235290466534,35.45028948747406,0.0,0.0,0.0,80.67000000000002,4.945329156292672,0.0,36.09138443550651,11.677144487807368,0.14471540794029103,-0.6206794766230641,0.0,10.819810736270734,7.025628586138822,0.0,0,1,0,0,0,0,0,0,0,0,3,3,0,0,0,0,0,0,0,0,0,0,0,0,0,0,6,0,0,0,0,0,0,0,0,0,5,0,0,0,1,1,0,0,0,0,0,0,0,0,0,2,1,0,0,0,0,0,0,0,0,0,0,0,0,0,0,0,0,0,0,0,0,0,0,0,0,0,0,0,0,0,0,0,0,0.5826128694446833
"Disperse Violet 1 (1,4-diamino-9,10-anthracenedione)",Nc1ccc(N)c2c1C(=O)c1ccccc1C2=O,1,test,2.3845423711466234,2.319101864423864,-2.1953039567800694,2.3327765583626245,-2.2314082041900436,6.311416613902736,0.09800778030463028,16.144324714379245,9.82312028179141,2.4094150669454457,644.9353339687133,12.861442840636295,9.435298734444734,9.435298734444734,8.609060905280622,5.473632431366075,5.473632431366075,4.197849008302866,4.197849008302866,3.1402407090676236,3.1402407090676236,2.272608196040421,2.272608196040421,0.0,9.589074368143644,0.0,34.068165425490996,11.126902983393991,0.0,0.0,36.39820241076966,0.0,0.0,11.46733495432437,238.07422756,0.6666666666666666,1.0555555555555556,1.4444444444444444,0.0,-2.6199999999999997,18,228.16599999999994,2.3845423711466234,10.528695443753058,3.434031110454225,1.1976128029572313,103.21537599493796,12.338796296296298,0.3981071411239471,12.338796296296298,0.19616848543915347,0.2210185185185185,0.19616848543915347,-0.24537037037037002,-0.3981071411239471,1.6264,68.5738,238.246,4,4,1,0,1,2,0,2,4,2,4,0,0,0,0,0,88,11.46733495432437,0.0,11.566489892729878,0.0,0.0,0.0,9.589074368143644,0.0,0.0,0.0,24.26546827384644,12.13273413692322,22.501675532761116,11.126902983393991,3,9.589074368143644,22.941262442097003,0.0,0.0,0.0,0.0,11.46733495432437,58.65200837755764,0.0,0.0,13.11111111111111,11.46733495432437,11.374772549367124,0.0,0.0,11.566489892729878,0.0,0.0,31.842880334931625,36.39820241076966,0.0,0.0,0.0,86.18,0.0,0.0,24.677592592592596,0.0,13.356974678760395,-0.49074074074074003,9.789506802721089,0.0,0.0,0.0,0,0,0,2,0,0,0,0,0,0,2,2,0,0,0,0,0,2,0,0,0,0,0,0,0,0,0,0,0,2,0,0,0,0,2,0,2,0,0,0,0,0,0,0,0,0,0,0,0,0,0,2,0,0,0,0,0,0,0,0,0,0,0,0,0,0,0,0,0,0,0,0,0,0,0,0,0,0,0,0,0,0,0,0,0,0.5826021477539958
N-Isopropyl-n-phenyl-2-(2-phenylamino-phenylamino)-acetamide,CC(C)N(C(=O)CNc1ccccc1Nc1ccccc1)c1ccccc1,1,test,2.6868667391020207,2.1835667201523936,-2.271031021944994,2.250403095226484,-2.4019049212905275,5.966869815181054,-0.11685712594328414,16.15394068166083,10.1866631304763,1.7145303441996924,863.0615300589172,19.06226716449869,15.72282270499476,15.72282270499476,13.147867045540842,9.170061424280394,9.170061424280394,6.583200615826662,6.583200615826662,4.229379578765148,4.229379578765148,2.9979833644122875,2.9979833644122875,0.0,4.794537184071822,0.0,18.493776964412042,0.0,22.74954509873425,0.0,0.0,103.67652308869431,10.633577208012662,0.0,359.19976242,0.8148148148148148,1.3703703703703705,2.0,0.17391304347826086,-3.2699999999999987,27,334.27300000000014,2.6868667391020207,18.518978916304615,8.898346677329592,4.882027748876445,160.39138224107126,12.871094769327994,0.3744507705780439,12.871094769327994,0.24601675487386673,0.03306867808851921,0.24601675487386673,0.03306867808851921,-0.3744507705780439,5.283700000000004,113.72040000000003,359.47300000000007,2,4,0,0,0,3,0,3,3,2,4,0,7,0,0,0,138,15.533486938863138,0.0,0.0,5.907179729351506,0.0,0.0,4.794537184071822,0.0,0.0,0.0,48.53093654769288,50.245676810150904,17.416613378515084,17.9195289552797,3,4.794537184071822,28.656724828085753,0.0,0.0,0.0,19.88931522852921,22.078243344775714,84.92913895846256,0.0,0.0,10.481481481481481,15.533486938863138,22.74954509873425,0.0,0.0,18.493776964412042,4.794537184071822,0.0,13.847474399381248,84.92913895846256,0.0,0.0,0.0,44.370000000000005,0.0,0.0,14.690774946954601,6.677197077713853,3.7499478206878107,0.03306867808851921,27.745671057054075,0.0,4.270007086167801,0.0,0,0,0,0,0,0,0,0,0,0,1,1,0,0,0,1,2,0,0,0,0,0,0,0,0,0,0,1,0,4,0,0,0,0,3,0,0,0,0,0,0,0,0,0,0,0,0,0,0,0,0,0,0,0,0,0,0,0,0,0,0,0,0,0,4,0,0,0,0,0,0,0,0,0,0,0,0,0,0,0,0,0,0,0,0,0.6028040340678773
Quinoxyfen,Fc1ccc(Oc2ccnc3cc(Cl)cc(Cl)c23)cc1,0,test,2.40622052046577,2.095649695091703,-2.0963712306634354,2.3524455066204624,-1.8865048755954612,6.3851077253570985,0.48546617672786246,35.49683537166788,10.173876989365422,2.09445289144513,774.675566551701,14.11251969619286,10.10815745850851,11.62001535054542,9.631030293135236,5.805076898828161,6.5610058448466155,4.146808036609997,4.990443943822588,2.7615633998661537,3.2778724717247565,1.889015492351585,2.464813235065288,0.0,4.39041504767482,0.0,5.817220841045894,32.44721522613152,0.0,12.13273413692322,36.52867891392113,0.0,4.983978520947208,27.938742734265084,306.996697456,1.0,1.75,2.5,0.0,-1.8399999999999994,20,300.075,2.40622052046577,13.157378117913831,5.270174036252378,2.550486487436766,124.27542292443916,12.885649368435264,0.45654814231430296,12.885649368435264,0.1393661555358449,0.3178234998638432,0.1393661555358449,-0.3178234998638432,-0.45654814231430296,5.473000000000002,78.23700000000002,308.139,0,2,0,0,0,2,1,3,2,0,5,0,2,0,0,0,100,4.736862953800049,17.316244507613703,0.0,0.0,0.0,0.0,4.983978520947208,4.39041504767482,0.0,0.0,23.20187978046503,42.46456947923127,11.219476885354403,15.925558245822383,3,9.127278001474869,34.10480471254609,0.0,4.983978520947208,0.0,0.0,0.0,64.52390051937289,0.0,11.49902366656781,10.75,4.736862953800049,4.39041504767482,11.49902366656781,23.20187978046503,4.983978520947208,0.0,5.817220841045894,0.0,48.661413050844345,10.045266627482652,10.902924932081056,0.0,22.12,18.618779564958317,12.141452125182282,4.210379083732258,1.6338291945948882,0.6408441463004957,0.7453167747645271,10.79328028330674,1.6050077160493825,0.0,0.0,0,0,0,0,0,1,0,0,0,0,0,0,0,0,0,1,0,0,0,0,0,0,0,0,0,0,0,0,0,0,0,0,0,0,2,0,1,0,0,0,0,1,0,0,3,0,0,0,0,0,0,0,0,0,0,0,0,0,0,0,0,0,0,0,0,0,0,0,0,0,0,0,0,1,0,0,0,0,0,0,0,0,0,0,0,0.6257420278237986
Benzoyl peroxide,O=C(OOC(=O)c1ccccc1)c1ccccc1,1,test,2.45954581445281,2.124493953985027,-2.0231231205253652,2.04617460148268,-2.110875835953792,5.916642034989024,-0.18714366028486248,17.21803723263011,10.211052374294182,1.9296630435110773,482.7351541205121,12.794682450997078,9.406495853751712,9.406495853751712,8.770856947829095,5.304530452640312,5.304530452640312,3.4736324313660756,3.4736324313660756,2.212024039232289,2.212024039232289,1.3203836344848499,1.3203836344848499,11.938610575903697,9.589074368143644,0.0,0.0,11.126902983393991,0.0,0.0,60.6636706846161,0.0,9.775141906512223,0.0,242.0579088,0.6111111111111112,0.9444444444444444,1.2777777777777777,0.0,-2.6199999999999988,18,232.14999999999995,2.45954581445281,11.853492048583622,5.63191006693438,2.946780724478822,103.69781152919381,11.480995212899975,0.3858305218093092,11.480995212899975,0.3858305218093092,0.3179274796338294,0.2415045197669399,-0.7084434051398334,-0.2415045197669399,2.615400000000001,63.71500000000003,242.23000000000002,0,4,0,0,0,2,0,2,4,0,4,0,2,0,0,0,90,0.0,0.0,0.0,0.0,0.0,11.938610575903697,0.0,19.364216274655867,0.0,0.0,36.39820241076966,24.26546827384644,0.0,11.126902983393991,2,19.364216274655867,11.938610575903697,0.0,0.0,0.0,0.0,0.0,71.7905736680101,0.0,0.0,9.555555555555555,0.0,0.0,0.0,0.0,11.938610575903697,9.775141906512223,0.0,20.715977351537635,60.6636706846161,0.0,0.0,0.0,52.6,0.0,0.0,31.873585285966236,0.0,0.6358549592676588,-1.4168868102796668,16.574113231712438,0.0,0.0,0.0,0,0,0,0,0,0,0,0,0,0,2,2,0,0,0,0,0,0,0,0,0,0,0,0,0,0,0,0,0,0,0,0,0,0,2,0,0,0,0,0,0,0,0,0,0,0,0,0,0,0,0,0,0,0,0,0,0,0,0,0,0,0,0,0,0,0,0,0,0,0,0,0,0,0,0,0,0,0,0,0,0,0,0,0,0,0.5996635086620677
"2-[1-(4-Bromophenyl)-1-phenylethoxy]-N,N-dimethyl-ethanamine hydrochloride",CN(C)CCOC(C)(c1ccccc1)c1ccc(Br)cc1,1,test,2.479893626974933,2.2917012445333467,-2.3159661614628457,2.333746070663489,-2.3068824958332503,9.102994520046208,-0.010129025286879626,79.91873113767001,9.877445143261093,2.3144370213061753,553.1908264086571,15.294682450997078,12.843792344052778,14.429788883167483,10.02069250059882,7.1244872809169895,7.917485550474342,5.55790435689206,6.473579885683749,3.6489762986196843,4.177641811657919,2.2897994399089048,2.5541321964280224,5.601050810983688,0.0,0.0,0.0,6.606881964512918,16.580927413441984,5.563451491696996,0.0,6.06636706846161,90.37987134153772,4.736862953800049,347.088476424,0.9523809523809523,1.5238095238095237,2.0952380952380953,0.3333333333333333,-1.1599999999999997,21,326.10799999999995,2.479893626974933,16.214667054719076,7.209084008379485,4.159384516501913,135.41907651729224,6.295445011337868,0.36450715102684356,6.295445011337868,0.11532700863218961,0.43256944444444434,0.11532700863218961,-0.43256944444444434,-0.36450715102684356,4.2908000000000035,91.54400000000005,348.284,0,2,0,0,0,2,0,2,2,0,3,0,6,0,0,0,112,9.636772684650527,5.601050810983688,0.0,0.0,0.0,0.0,0.0,0.0,0.0,0.0,58.39451337718062,44.27871828536221,11.017475921744989,6.606881964512918,2,4.736862953800049,15.929943897949348,0.0,4.899909730850477,0.0,12.524788010674312,27.246982335779872,70.1969261153809,0.0,0.0,14.142857142857142,0.0,0.0,0.0,15.929943897949348,32.14689206663035,10.337913764783737,0.0,18.050640183084614,59.07002313198691,0.0,0.0,0.0,12.47,7.374105384437726,3.4926749050362416,2.131939300411523,0.0,1.902370086923659,0.0,18.751356817418323,0.0,3.7307948711892167,4.11675863458331,0,0,0,0,0,0,0,0,0,0,0,0,0,0,0,1,0,0,0,1,0,0,0,0,0,0,0,0,0,0,0,0,0,0,2,0,0,0,0,0,0,1,0,0,1,0,0,0,0,0,0,0,0,0,0,0,0,0,0,0,0,0,0,0,0,0,0,0,0,0,0,0,0,0,0,0,0,0,0,0,0,0,0,0,0,0.7721840332077665
"N-{[(1,1-Dimethylethyl)oxy] carbonyl}-4-fluoro- b-(4-fluorophenyl)-L- phenylalanine",CC(C)(C)OC(=O)NC(C(=O)O)C(c1ccc(F)cc1)c1ccc(F)cc1,0,test,2.553780935176849,2.334660105187365,-2.2737292008111285,2.2907575719648823,-2.467444169264494,5.816135119607618,-0.13941286600936587,19.143520217585447,9.846742755531022,2.441692801292148,752.7265784640655,20.18986996538248,15.201390104806263,15.201390104806263,12.56436926497723,8.298836133491355,8.298836133491355,7.042911470563434,7.042911470563434,3.729866469710469,3.729866469710469,2.6397540266346984,2.6397540266346984,41.257784727275094,23.47643185833399,0.0,0.0,11.126902983393991,0.0,48.53093654769288,20.771211599071872,0.0,5.316788604006331,4.736862953800049,377.143864592,0.9259259259259259,1.3333333333333333,1.6666666666666667,0.3,-2.959999999999999,27,356.2190000000001,2.553780935176849,20.35310924884402,8.157624283361866,5.7709662040863625,155.51979041198481,13.305380083864481,0.47969029329487156,13.305380083864481,0.407903212172748,0.45043225623582805,0.407903212172748,-1.406692176870749,-0.47969029329487156,4.074600000000002,95.43650000000004,377.38700000000006,2,5,0,0,0,2,0,2,3,2,7,0,5,0,0,0,144,15.160178952647085,23.277333322223438,0.0,0.0,0.0,12.062545358890263,0.0,18.369904463493285,0.0,0.0,24.26546827384644,56.1635828563123,5.917906046161393,0.0,2,28.213294812134038,12.062545358890263,0.0,5.316788604006331,0.0,38.33200928536491,0.0,71.29228121317867,0.0,0.0,12.518518518518519,5.316788604006331,13.575367279421462,0.0,0.0,28.811964393862617,9.53140013787187,11.634441682091788,37.81602062862726,48.53093654769288,0.0,0.0,0.0,75.63,31.75588404444014,0.0,24.036317502309565,12.055368795666416,0.08973785864208006,-3.1500993043886254,9.07073365457294,-0.8989598555471556,4.957683970971308,0.0,1,0,0,0,0,0,0,0,1,1,2,1,0,0,0,0,1,0,0,0,0,0,0,0,1,0,0,1,0,0,0,0,0,0,2,0,0,0,0,0,0,1,0,0,2,0,0,0,0,0,0,0,0,0,0,0,0,0,0,0,0,0,0,0,0,0,0,0,0,0,0,0,0,0,0,0,0,0,0,0,0,0,0,0,0,0.8234797896125753
"2,2-bis-[4-(2-hydroxy-3methacryloxypropoxy)phenyl)]-propane",C=C(C)C(=O)OCC(O)COc1ccc(C(C)(C)c2ccc(OCC(O)COC(=O)C(=C)C)cc2)cc1,1,test,2.8764284887898373,2.2313918200563814,-2.2640126639733076,2.330074615325981,-2.252018021602242,5.86830801982042,-0.14269035597225355,16.554013179733698,9.779987490232484,1.877587845478461,984.5904139393878,27.58721119088101,21.86006031279864,21.86006031279864,17.39479173679511,11.878677542399002,11.878677542399002,9.360993867277148,9.360993867277148,5.547333932547652,5.547333932547652,3.173544870047468,3.173544870047468,24.146543351400304,19.802129157825057,0.0,42.988727387586984,11.49902366656781,11.126902983393991,13.847474399381248,0.0,48.53093654769288,27.005345766578245,18.947451815200196,512.2410181119999,0.7027027027027027,1.027027027027027,1.3243243243243243,0.3793103448275862,-3.619999999999999,37,476.3110000000004,2.8764284887898373,29.609309286992286,13.622317391889109,9.401610188100538,217.67899982844187,11.403237271556089,0.4907593256007408,11.403237271556089,0.33270017778611866,0.015179725577892711,0.33270017778611866,-0.9512750176532612,-0.4907593256007408,3.730500000000003,139.5615999999999,512.5990000000004,2,8,0,0,0,2,0,2,8,2,8,0,14,0,0,0,200,29.160506604881604,50.13448430011608,0.0,0.0,0.0,11.938610575903697,0.0,9.589074368143644,0.0,0.0,51.27081404042468,49.239845656621675,16.561199529535312,0.0,2,38.749580973025246,11.938610575903697,0.0,0.0,0.0,45.31787204365588,26.427527858051672,83.96191995842241,0.0,11.49902366656781,12.702702702702704,9.473725907600098,0.0,11.49902366656781,0.0,60.78712599913338,24.477790745140517,0.0,38.821851782156486,72.83501697502841,0.0,0.0,0.0,111.52000000000001,21.04729548572032,0.0,22.806474543112177,19.908495635551418,2.332813504411987,0.06572387334839647,15.107462769172239,-1.902550035306522,13.884284223989987,0.0,0,2,2,0,0,0,0,0,0,0,2,2,0,0,0,0,0,0,0,0,0,0,0,0,0,0,0,0,0,0,0,0,0,0,2,0,0,0,0,0,2,4,0,0,0,0,0,0,0,0,0,0,0,0,0,0,0,0,0,0,0,0,0,0,0,0,0,0,0,0,0,0,0,0,0,0,0,0,0,0,0,0,0,0,0,0.29099587386903125
Penicillin G,CC1(C)SC2C(NC(=O)Cc3ccccc3)C(=O)N2C1C(=O)O,1,test,2.741987834077,2.6362075433410004,-2.4313369018698796,2.5022450893783805,-2.7029184926640664,8.013146257169781,-0.16058803827234672,32.16690614916111,9.956816977411952,1.66490359617118,661.3038986246086,16.775656403009393,12.853329287558925,13.669825868486651,10.809367635193633,7.371634471739616,8.25128728299451,6.30570597673362,8.076591116106181,4.198926417267647,5.770457012115132,3.151138395146921,4.776534984756248,22.800009399465328,19.490138947056174,0.0,23.60905389459776,0.0,5.563451491696996,16.66179468024159,0.0,44.179309741689295,5.316788604006331,0.0,334.09872805599997,1.3043478260869565,1.9565217391304348,2.5652173913043477,0.4375,-2.02,23,316.25300000000004,2.741987834077,15.859752401338886,5.559882097428595,2.692385835603269,137.78076788790858,12.26831884605694,0.4796728023655438,12.26831884605694,0.3273993847026587,0.2021415186444946,0.3273993847026587,-1.0070258455769816,-0.4796728023655438,0.8607999999999998,85.80450000000005,334.39700000000005,2,6,0,2,2,1,0,1,4,2,7,0,4,0,2,2,122,15.323225729697514,17.45755447126466,0.0,11.814359458703011,0.0,5.9693052879518484,9.589074368143644,4.794537184071822,0.0,11.761884949391115,30.33183534230805,19.410925891078243,4.747022453217559,6.4208216229260096,3,19.490138947056174,29.545549696045974,0.0,10.216698334856808,0.0,42.47287294678948,0.0,35.89528683400505,0.0,0.0,28.0,5.316788604006331,0.0,0.0,11.761884949391115,49.994678796828254,20.804433175141472,0.0,19.410925891078243,30.33183534230805,0.0,0.0,0.0,86.71000000000001,-0.5783058915140893,1.4237074305030653,37.19097428557031,11.789438746504457,0.8717091967960027,-1.5549260303422452,7.784420219356601,0.2021415186444946,3.6208405244813973,0.0,1,0,0,0,0,0,0,0,1,1,3,2,0,0,0,1,1,0,0,0,0,0,0,0,0,0,0,2,0,0,0,0,0,0,1,0,1,0,0,0,0,0,0,0,0,0,0,0,0,0,0,0,0,1,0,0,0,0,0,0,0,0,0,0,0,0,0,0,0,0,0,0,0,0,0,1,0,0,0,0,0,0,0,0,0,0.7977632704521287
2-Amino-di- phenylamine,Nc1ccccc1Nc1ccccc1,1,test,2.2310011570908137,1.957856581632167,-2.0760380528426072,2.2113658983938147,-1.944902776987256,5.715679654210869,1.546522442154268,14.893588292989573,10.224479049585891,2.2369588843757167,409.67672290326936,9.803118619434356,7.77350269189626,7.77350269189626,6.860173345306137,4.526709006307399,4.526709006307399,3.078275852433816,3.078275852433816,2.013585898964747,2.013585898964747,1.2878322211115603,1.2878322211115603,0.0,0.0,0.0,0.0,0.0,17.062158824050687,0.0,0.0,54.59730361615449,5.316788604006331,5.733667477162185,184.100048384,0.7857142857142857,1.4285714285714286,2.142857142857143,0.0,-1.9599999999999995,14,172.14599999999996,2.2310011570908137,8.62997327712748,3.8326337366924568,1.8534424380864267,83.37825020618176,5.805891912320484,0.3970467379191822,5.805891912320484,0.06174168238244453,0.7605120937263797,0.06174168238244453,0.7605120937263797,-0.3970467379191822,3.0124000000000013,60.57910000000002,184.24200000000002,3,2,0,0,0,2,0,2,2,2,2,0,2,0,0,0,70,11.050456081168516,0.0,0.0,0.0,0.0,0.0,0.0,0.0,0.0,0.0,30.33183534230805,24.26546827384644,5.687386274683562,11.374772549367124,2,0.0,17.062158824050687,0.0,0.0,0.0,0.0,11.050456081168516,54.59730361615449,0.0,0.0,9.714285714285714,11.050456081168516,17.062158824050687,0.0,0.0,0.0,0.0,0.0,0.0,54.59730361615449,0.0,0.0,0.0,38.05,0.0,0.0,0.0,3.247175925925926,8.55631141345427,0.0,17.696512660619803,0.0,0.0,0.0,0,0,0,1,0,0,0,0,0,0,0,0,0,0,0,0,1,1,0,0,0,0,0,0,0,0,0,0,0,3,0,0,0,0,2,0,0,0,0,0,0,0,0,0,0,0,0,0,0,0,0,0,0,0,0,0,0,0,0,0,0,0,0,0,3,0,0,0,0,0,0,0,0,0,0,0,0,0,0,0,0,0,0,0,0,0.7039159820290822
2-(4-tert-Amylcyclohexyl)acetaldehyde,CCC(C)(C)C1CCC(CC=O)CC1,1,test,2.1918539187892767,2.308355217184708,-2.381500469911813,2.4193469956988687,-2.2748296432270276,5.491827384031566,-0.10849098926918967,16.128782811143704,9.67135140149614,2.3847950232704274,175.67458432968016,10.604448006685088,9.882939785152029,9.882939785152029,6.597683539880498,6.0345273095533285,6.0345273095533285,5.462152880485929,5.462152880485929,4.2927143594590245,4.2927143594590245,2.6043831553478674,2.6043831553478674,0.0,4.794537184071822,0.0,0.0,11.332896515558172,18.624888192216957,32.10410811463005,0.0,0.0,20.771211599071872,0.0,196.182715388,1.2142857142857142,1.7857142857142858,2.2142857142857144,0.9230769230769231,-0.33,14,172.14199999999997,2.1918539187892767,11.743152889539138,4.9502791643201665,2.8293187147311185,88.2742473471034,10.407681366528093,0.3033915026147105,10.407681366528093,0.1197666600426316,0.5061001275510206,0.1197666600426316,0.5061001275510206,-0.3033915026147105,3.818000000000003,60.20100000000005,196.33399999999995,0,1,1,0,1,0,0,0,1,0,1,0,4,1,0,1,82,4.794537184071822,6.2861605231295545,0.0,0.0,0.0,0.0,0.0,0.0,0.0,0.0,27.19203322199788,42.934089053423605,6.4208216229260096,0.0,1,4.794537184071822,6.2861605231295545,0.0,0.0,17.250802561719567,59.29614133662794,0.0,0.0,0.0,0.0,28.785714285714285,0.0,0.0,0.0,0.0,6.2861605231295545,4.794537184071822,17.250802561719567,59.29614133662794,0.0,0.0,0.0,0.0,17.07,0.0,0.0,10.407681366528093,0.0,0.5061001275510206,1.5757482993197276,0.0,8.36469348387503,7.062443389392794,0.0,0,0,0,0,0,0,0,0,0,0,1,1,0,0,0,0,0,0,0,0,0,0,0,1,0,0,0,0,0,0,0,0,0,0,0,0,0,0,0,0,0,0,0,0,0,0,0,0,0,0,0,0,0,0,0,0,0,0,0,0,0,0,0,0,0,0,0,0,0,0,0,0,0,0,0,0,0,0,0,0,0,0,0,0,0,0.6246819464802319
"1,2-Diaminocyclohexane",NC1CCCCC1N,1,test,1.7681772153059907,2.159564519311292,-2.2377178543648455,2.137568242197156,-2.428708434153513,4.793302439833972,0.38454772463944936,14.776233798081124,9.918978583831917,2.2794002709583667,62.92878689342031,5.983127663125442,5.137828201504694,5.137828201504694,3.804530452640311,3.3164965809277263,3.3164965809277263,2.612166271417987,2.612166271417987,1.8748582618842164,1.8748582618842164,1.1882320055112356,1.1882320055112356,0.0,0.0,0.0,12.083681658295921,0.0,12.841643245852019,12.841643245852019,0.0,0.0,0.0,11.46733495432437,114.11569844799999,0.875,1.25,1.5,1.0,-0.08,8,100.07999999999998,1.7681772153059907,6.046262626262625,2.464484911550468,1.2017292597512377,50.23791184030878,5.653240740740741,0.32631547498587804,5.653240740740741,0.019178905912253002,0.2812499999999998,0.019178905912253002,0.2812499999999998,-0.32631547498587804,0.21499999999999997,34.41879999999999,114.19200000000001,4,2,1,0,1,0,0,0,2,2,2,0,0,1,0,1,48,11.46733495432437,0.0,0.0,0.0,0.0,0.0,0.0,0.0,0.0,0.0,12.841643245852019,12.841643245852019,12.083681658295921,0.0,1,0.0,0.0,0.0,0.0,11.46733495432437,37.76696814999996,0.0,0.0,0.0,0.0,39.75,11.46733495432437,0.0,0.0,0.0,12.083681658295921,0.0,0.0,25.683286491704038,0.0,0.0,0.0,0.0,52.04,0.0,0.0,0.0,0.0,11.306481481481482,0.0,0.5624999999999996,4.797685185185186,0.0,0.0,0,0,0,0,0,0,0,0,0,0,0,0,0,0,0,0,0,2,0,0,0,0,0,0,0,0,0,0,0,0,0,0,0,0,0,0,0,0,0,0,0,0,0,0,0,0,0,0,0,0,0,0,0,0,0,0,0,0,0,0,0,0,0,0,0,0,0,0,0,0,0,0,0,0,0,0,0,0,0,0,0,0,0,0,0,0.4728906846937374
"3-Aminomethyl- 3,5,5-trimethylcyclohexyl amine",CC1(C)CC(N)CC(C)(CN)C1,1,test,1.815771377090293,2.3837013176459627,-2.4471113614521873,2.4413649004075624,-2.450186539522056,4.928970837675649,0.0903632603957125,14.70252464567349,9.627432529247095,2.6956765704316275,165.2215145706365,9.405777393935816,8.560477932315068,8.560477932315068,5.368720584270269,4.825845157691292,4.825845157691292,5.524102520531192,5.524102520531192,2.967891898294998,2.967891898294998,2.870090864151448,2.870090864151448,0.0,0.0,0.0,5.414990469396779,11.456831298544738,19.386399651764595,6.4208216229260096,0.0,0.0,20.771211599071872,11.46733495432437,170.17829870399999,1.25,1.8333333333333333,2.25,1.0,-0.08,12,148.12399999999997,1.815771377090293,10.003892617449665,3.001951825646205,2.2049518837522175,75.69768029789522,6.005972222222223,0.3299292473891286,6.005972222222223,0.004952820900678953,0.2789351851851851,0.004952820900678953,0.2789351851851851,-0.3299292473891286,1.4888000000000001,52.76880000000003,170.29999999999998,4,2,1,0,1,0,0,0,2,2,2,0,1,1,0,1,72,11.46733495432437,0.0,0.0,0.0,0.0,0.0,0.0,0.0,0.0,0.0,20.771211599071872,36.63720221348416,6.041840829147961,0.0,1,0.0,0.0,0.0,0.0,22.297315893117926,46.07551729699786,6.544756405912575,0.0,0.0,0.0,41.25,11.46733495432437,0.0,0.0,0.0,12.586597235060536,0.0,10.829980938793557,40.0336764678499,0.0,0.0,0.0,0.0,52.04,0.0,0.0,0.0,0.0,12.430925925925926,0.0,0.3493518518518518,3.444166666666667,7.608888888888889,0.0,0,0,0,0,0,0,0,0,0,0,0,0,0,0,0,0,0,2,0,0,0,0,0,0,0,0,0,0,0,0,0,0,0,0,0,0,0,0,0,0,0,0,0,0,0,0,0,0,0,0,0,0,0,0,0,0,0,0,0,0,0,0,0,0,0,0,0,0,0,0,0,0,0,0,0,0,0,0,0,0,0,0,0,0,0,0.6261594026520271
"3, 3', 4', 5-Tetrachloro-salicylanilide",O=C(Nc1ccc(Cl)c(Cl)c1)c1cc(Cl)cc(Cl)c1O,1,test,2.377566869781278,2.154639351118684,-2.0887560303804174,2.3182179007976296,-2.118425922612815,6.418608630670427,0.10196211317913736,35.499846341679685,10.151346584526708,2.303596744135613,688.3116405882265,14.861442840636295,9.75407112394886,12.777786908022678,9.37991785310972,5.326394299092202,6.838252191129112,3.8667913629695443,5.5248275236633475,2.4502734684769485,3.695636126294113,1.5113839789513395,2.3028899085394308,5.907179729351506,9.901064578912528,0.0,21.358229952463553,15.732652902166215,0.0,18.19910120538483,12.13273413692322,0.0,5.316788604006331,46.40375956093006,348.923089184,0.95,1.65,2.3,0.0,-1.1300000000000001,20,343.9600000000001,2.377566869781278,15.262485731993742,6.101844697795464,3.30222136375284,134.5721223833321,12.071118354749306,0.5055446215125275,12.071118354749306,0.25902837112641186,0.0029735834663078275,0.25902837112641186,-0.5645471151423529,-0.5055446215125275,5.258100000000002,82.54200000000002,351.0160000000001,2,3,0,0,0,2,0,2,2,2,7,0,2,0,0,0,104,10.423315998847038,5.749511833283905,0.0,0.0,5.907179729351506,0.0,4.794537184071822,0.0,0.0,0.0,46.40375956093006,30.33183534230805,10.710019588424888,20.631351432920976,2,9.901064578912528,57.998325564965135,0.0,0.0,0.0,0.0,5.316788604006331,55.98582008897034,0.0,5.749511833283905,10.4,5.316788604006331,5.687386274683562,5.749511833283905,46.40375956093006,11.013707124192212,0.0,0.0,10.357988675768818,30.33183534230805,20.090533254965305,0.0,0.0,49.33,0.0,23.19183049270621,12.071118354749306,13.249431654348982,0.39673185941043165,-0.903781249125164,7.272446665688007,0.0,0.0,0.0,0,0,0,0,0,0,0,1,0,0,1,1,0,0,0,0,1,0,0,0,0,0,0,0,0,0,0,1,0,1,0,0,0,0,2,0,0,0,0,0,0,0,0,0,4,0,0,0,0,0,0,0,0,0,0,0,0,0,0,0,0,0,0,0,0,1,1,0,0,0,0,0,0,0,0,0,0,0,0,0,0,0,0,0,0,0.7757257779528131
"5-Chloro-2,6-dimethoxy-4-methylquinoline",COc1cc(C)c2c(Cl)c(OC)ccc2n1,0,test,2.284103173721462,2.1025657998350606,-2.0933337225130115,2.3444690785223115,-1.9249664460097178,6.367338665728126,0.3988415136616193,35.49569161611403,10.10610929550795,2.7908292211816783,540.0200654382234,11.706742302257043,9.37372545700579,10.129654403024245,7.668233757796585,4.8489745751087465,5.226939048117973,3.4574463775123983,3.835410850521626,2.4785545179029147,2.853797374506571,1.6856394058372448,2.0716429357598907,0.0,0.0,0.0,0.0,16.652133483460602,16.46637642377805,0.0,20.285962151016676,19.056471336613843,4.983978520947208,21.074665797832616,237.055656304,1.1875,1.9375,2.5625,0.25,-1.4799999999999998,16,225.58999999999997,2.284103173721462,11.018857476883834,4.178771047010906,1.672387332835167,98.95789866126393,6.236707766439908,0.49517325592348754,6.236707766439908,0.21327617851745448,0.5891050957420005,0.21327617851745448,0.5891050957420005,-0.49517325592348754,3.213820000000001,64.59400000000004,237.68599999999998,0,3,0,0,0,1,1,2,3,0,4,0,2,0,0,0,84,9.473725907600098,5.749511833283905,0.0,5.879988336435371,0.0,0.0,0.0,4.983978520947208,0.0,0.0,11.600939890232516,24.619922828310838,11.452591282926406,24.758929113912657,2,9.473725907600098,22.503864822313574,0.0,4.983978520947208,0.0,6.923737199690624,14.219595082555067,28.78518601082315,0.0,11.629500169719275,10.5,9.473725907600098,0.0,11.629500169719275,11.600939890232516,19.203573603502274,0.0,6.923737199690624,5.563451491696996,18.19910120538483,5.022633313741326,10.902924932081056,0.0,31.35,10.287774943310659,6.236707766439908,4.328556311413454,1.4948793776769973,1.8272222222222227,1.2458027840765942,5.527546296296296,0.0,1.9700925925925925,3.1925288170823887,0,0,0,0,0,1,0,0,0,0,0,0,0,0,0,1,0,0,0,0,0,0,0,0,0,0,0,0,0,0,1,0,0,0,1,0,1,0,0,0,0,2,0,0,1,0,0,0,0,0,0,0,0,0,0,2,0,0,0,0,0,0,0,0,0,0,0,0,0,0,0,0,0,1,0,0,0,0,0,0,0,0,0,0,0,0.8038222324422102
"5-Chloro-2,6- dimethoxy-4- methyl-8- nitroquinoline",COc1cc(C)c2c(Cl)c(OC)cc([N+](=O)[O-])c2n1,1,test,2.37536270909757,2.219255688491172,-2.1016774033579853,2.399978075388013,-1.9791387632335107,6.372176987807778,-0.38281221334949134,35.4956917944017,10.085864130812674,2.9650764209225873,672.5623495674774,14.154336059449747,10.560085364243848,11.316014310262304,8.989600962842504,5.354396411195503,5.732360884204731,3.8741671943114997,4.252131667320726,2.76512135522478,3.1403642118284356,1.8762871183283842,2.2465421285423117,4.923311048817671,10.114318268765572,0.0,16.95359882558373,16.288845864641495,5.563451491696996,20.285962151016676,12.990104268152233,0.0,4.983978520947208,21.074665797832616,282.0407345120001,1.3157894736842106,2.0,2.526315789473684,0.25,-2.08,19,271.59499999999997,2.37536270909757,13.35397241709184,4.8902447845026495,2.1452844095497525,113.61087438376371,11.131392195767196,0.4949049791950495,11.131392195767196,0.2989114691203828,0.16828703703703685,0.2989114691203828,-0.5207716049382713,-0.4949049791950495,3.122020000000002,71.24840000000002,282.683,0,6,0,0,0,1,1,2,5,0,7,0,3,0,0,0,100,9.473725907600098,5.749511833283905,5.516700717616262,5.879988336435371,5.687386274683562,0.0,10.114318268765572,4.983978520947208,0.0,0.0,11.600939890232516,12.487188691387619,11.452591282926406,30.231906513575673,2,14.397036956417768,28.191251096997135,0.0,4.983978520947208,0.0,6.923737199690624,14.219595082555067,32.83313721112711,0.0,11.629500169719275,10.526315789473685,9.473725907600098,5.687386274683562,11.629500169719275,11.600939890232516,24.126884652319944,0.0,17.038055468456196,5.563451491696996,12.13273413692322,5.022633313741326,10.902924932081056,0.0,74.49,10.086306689342404,6.190769242882338,14.718713939279416,11.927012314184934,0.7497685185185191,0.5465435248173349,2.92452947845805,0.0,1.7793442932728647,2.85478977702192,0,0,0,0,0,1,0,0,0,0,0,0,0,0,0,2,0,0,0,0,0,0,0,0,0,0,0,0,0,0,1,0,0,0,1,0,1,0,0,0,0,2,0,0,1,0,0,0,0,0,0,0,0,0,0,2,0,0,1,1,1,0,0,0,0,0,0,0,0,0,0,0,0,1,0,0,0,0,0,0,0,0,0,0,0,0.6384982405372006
2-Chloro-6-methoxy-4-methylquinoline,COc1ccc2nc(Cl)cc(C)c2c1,0,test,2.1693678012139985,2.018870258691471,-2.044015794326483,2.2377653166269496,-1.8673949015475755,6.294751355377515,0.4151472290290084,35.495696133904694,10.114414271854786,2.7527237278402135,481.91638039267156,10.129392033067417,8.042827435731551,8.798756381750007,6.702708600407233,4.313952408602577,4.691916881611805,3.144957002094688,3.5322057432763834,2.1914300447758737,2.3850544153667217,1.4592189673750382,1.7139351014358848,0.0,0.0,0.0,0.0,5.153109816892792,22.21588825706196,0.0,7.109797541277533,31.189205473537065,4.983978520947208,16.337802844032566,207.04509162,1.2857142857142858,2.0714285714285716,2.7857142857142856,0.18181818181818182,-1.2800000000000002,14,197.57999999999996,2.1693678012139985,9.281840729627959,3.4634056507124074,1.5310359439737424,87.47941131736044,5.85525141898323,0.49674295488580894,5.85525141898323,0.12954833795210532,0.527932256235828,0.12954833795210532,0.527932256235828,-0.49674295488580894,3.2052200000000015,58.04200000000002,207.66,0,2,0,0,0,1,1,2,2,0,3,0,1,0,0,0,72,4.736862953800049,10.902621650176698,0.0,0.0,0.0,0.0,0.0,4.983978520947208,0.0,0.0,11.600939890232516,36.75265696523406,5.386224214464796,12.626498258893795,2,4.736862953800049,22.503864822313574,0.0,4.983978520947208,0.0,6.923737199690624,7.109797541277533,34.982029582436226,0.0,5.749511833283905,10.5,4.736862953800049,0.0,5.749511833283905,11.600939890232516,12.093776062224741,0.0,6.923737199690624,5.563451491696996,24.26546827384644,5.153109816892792,10.902924932081056,0.0,22.12,5.146755243764172,5.85525141898323,4.221766187956664,1.6054785525321245,2.0089814814814817,0.8377059712774,7.60662037037037,0.0,2.009259259259259,1.6526259588197418,0,0,0,0,0,1,0,0,0,0,0,0,0,0,0,1,0,0,0,0,0,0,0,0,0,0,0,0,0,0,1,0,0,0,1,0,1,0,0,0,0,1,0,0,1,0,0,0,0,0,0,0,0,0,0,1,0,0,0,0,0,0,0,0,0,0,0,0,0,0,0,0,0,1,0,0,0,0,0,0,0,0,0,0,0,0.6703593204869044
6-Methoxy-4-methyl-8-quinolinamine,COc1cc(N)c2nccc(C)c2c1,0,test,2.191017318982083,2.0389198347497888,-2.0648555166882434,2.267927034151244,-1.928662919520285,5.922794748509758,0.41537240658017455,16.46532808528545,10.095991558089214,2.8333435108548954,479.91638039267156,10.129392033067417,8.24221323191195,8.24221323191195,6.71954535281284,4.409562264095146,4.409562264095146,3.2406419524276515,3.2406419524276515,2.301627286886369,2.301627286886369,1.5053206306228417,1.5053206306228417,0.0,0.0,0.0,0.0,5.687386274683562,22.21588825706196,0.0,19.37300818135222,19.056471336613843,4.983978520947208,10.470530430962235,188.094963004,1.3571428571428572,2.142857142857143,2.857142857142857,0.18181818181818182,-1.7699999999999996,14,176.134,2.191017318982083,8.811833472450036,3.178135834949779,1.2667253288419447,82.51603578749148,5.858981481481481,0.4966623921741311,5.858981481481481,0.12118034712543406,0.655601851851852,0.12118034712543406,0.655601851851852,-0.4966623921741311,2.1340200000000005,57.44440000000002,188.23000000000002,2,3,0,0,0,1,1,2,3,1,3,0,1,0,0,0,72,10.470530430962235,5.749511833283905,0.0,0.0,0.0,0.0,4.983978520947208,0.0,0.0,0.0,0.0,24.61992282831084,17.649434854539482,18.313884533577358,2,4.736862953800049,16.59031120676462,0.0,4.983978520947208,0.0,6.923737199690624,12.84346501843972,29.9593962686949,0.0,5.749511833283905,10.428571428571429,10.470530430962235,5.687386274683562,5.749511833283905,0.0,12.093776062224741,0.0,6.923737199690624,5.563451491696996,24.395944776997904,0.0,10.902924932081056,0.0,48.14,5.150334467120182,0.0,4.236426681783825,1.0456944444444447,8.50662037037037,0.7695370370370371,5.6984259259259264,1.7643877551020408,2.030648148148148,1.6312585034013605,0,0,0,1,0,1,0,0,0,0,0,0,0,0,0,1,0,1,0,0,0,0,0,0,0,0,0,0,0,1,1,0,0,0,1,0,1,0,0,0,0,1,0,0,0,0,0,0,0,0,0,0,0,0,0,1,0,0,0,0,0,0,0,0,0,0,0,0,0,0,0,0,0,1,0,0,0,0,0,0,0,0,0,0,0,0.6972614854160273
Benzyl benzoate,O=C(OCc1ccccc1)c1ccccc1,1,test,2.38093377205471,2.0480473964671226,-2.0379939350217584,2.050541625298987,-2.0414055003791383,5.887324126113749,0.047249893002534016,16.532863837879532,10.196822405449995,1.9460332806831828,448.67626205276036,11.217332181807452,8.797106054010534,8.797106054010534,7.860173345306138,5.121844020697869,5.121844020697869,3.4277565765980063,3.4277565765980063,2.2222457898845973,2.2222457898845973,1.3806850731217148,1.3806850731217148,0.0,4.794537184071822,0.0,5.9693052879518484,12.170333456209914,5.563451491696996,0.0,12.13273413692322,48.53093654769288,0.0,4.736862953800049,212.083729624,0.875,1.4375,2.0625,0.07142857142857142,-2.0899999999999994,16,200.15199999999996,2.38093377205471,10.42855960264156,5.121140695118211,2.7009160415731115,94.49344888390488,11.595771447467875,0.45722281014698424,11.595771447467875,0.3379551839851819,0.2875434618291759,0.3379551839851819,-0.2875434618291759,-0.45722281014698424,3.0436000000000014,62.00350000000004,212.248,0,2,0,0,0,2,0,2,2,0,2,0,3,0,0,0,80,4.736862953800049,6.606881964512918,0.0,0.0,0.0,5.9693052879518484,0.0,4.794537184071822,0.0,0.0,48.53093654769288,17.696185628620217,0.0,5.563451491696996,2,9.53140013787187,5.9693052879518484,0.0,0.0,0.0,6.606881964512918,0.0,71.7905736680101,0.0,0.0,9.75,0.0,0.0,0.0,0.0,5.9693052879518484,11.343744918312968,0.0,15.921440167465814,60.6636706846161,0.0,0.0,0.0,26.3,5.175185185185185,0.0,11.595771447467875,0.0,1.57427059712774,-0.2875434618291759,18.628261054421767,0.0,0.31405517762660606,0.0,0,0,0,0,0,0,0,0,0,0,1,1,0,0,0,0,0,0,0,0,0,0,0,0,0,0,0,0,0,0,0,0,0,0,2,0,0,0,0,0,1,1,0,0,0,0,0,0,0,0,0,0,0,0,0,0,0,0,0,0,0,0,0,0,0,0,0,0,0,0,0,0,0,0,0,0,0,0,0,0,0,0,0,0,0,0.7307975714616393
Dicyclohexylcarbod iimide,C(=NC1CCCCC1)=NC1CCCCC1,1,test,2.3184475853381055,2.1203310156816055,-2.165243558972341,2.2074451721122155,-2.102356310727443,5.4168858509886855,0.4378610029346165,14.862319953550596,9.958273330293602,1.7724612352891178,206.92050794163038,10.347088693804373,9.620195541244644,9.620195541244644,7.449489742783179,6.596604536849732,6.596604536849732,4.941866784215904,4.941866784215904,3.6300093668578106,3.6300093668578106,2.616908974503488,2.616908974503488,0.0,0.0,0.0,0.0,12.083681658295921,0.0,64.20821622926012,0.0,0.0,15.993189001415962,0.0,206.17829870399999,0.6,1.0,1.4,0.9230769230769231,-0.6200000000000001,15,184.15699999999995,2.3184475853381055,10.883245902249218,6.070247359278961,3.79075080441142,92.89753906525064,4.460612244897959,0.22228827928165304,4.460612244897959,0.08978508792903878,0.5334171863189721,0.08978508792903878,0.5334171863189721,-0.22228827928165304,3.825700000000003,63.60900000000005,206.33299999999997,0,2,2,0,2,0,0,0,2,0,2,0,2,2,0,2,84,0.0,0.0,0.0,0.0,0.0,0.0,0.0,9.984809465271336,0.0,0.0,38.524929737556064,25.683286491704038,0.0,18.092061194440547,2,0.0,6.008379536144625,0.0,0.0,9.984809465271336,76.29189788755603,0.0,0.0,0.0,0.0,24.533333333333335,0.0,0.0,0.0,0.0,18.092061194440547,0.0,0.0,64.20821622926012,9.984809465271336,0.0,0.0,0.0,24.72,0.0,0.0,8.921224489795918,0.0,0.0,0.0,4.041649187452759,13.20379298941799,0.0,0.0,0,0,0,0,0,0,0,0,0,0,0,0,0,0,2,2,0,0,0,0,0,0,0,0,0,0,0,0,0,0,0,0,0,0,0,0,0,0,0,0,0,0,0,0,0,0,0,0,0,0,0,0,0,0,0,0,0,0,0,0,0,0,0,0,0,0,0,0,0,0,0,0,0,0,0,0,0,0,0,0,0,0,0,0,0,0.6134805030612402
"Ethyl (3-endo)-8- methyl-8- azabicyclo[3,2,1]- octane-3-acetate",CCOC(=O)CC1CC2CCC(C1)N2C,1,test,2.433511233923614,2.383766938798409,-2.3542574909147183,2.3813830364493285,-2.39964249806264,5.6918211498779305,-0.14431739193953588,16.531882794578088,9.884660694547462,1.8372625248975798,227.77661841421016,10.836498814253964,9.738401671115849,9.738401671115849,7.202708600407234,6.07893300507982,6.07893300507982,4.897041499341551,4.897041499341551,3.9565331285253196,3.9565331285253196,3.1464769316379146,3.1464769316379146,0.0,4.794537184071822,0.0,5.9693052879518484,18.94560963360032,12.083681658295921,25.683286491704038,0.0,6.923737199690624,11.947581713527667,4.736862953800049,211.157228912,1.3333333333333333,1.9333333333333333,2.466666666666667,0.9166666666666666,-0.5700000000000001,15,190.13699999999997,2.433511233923614,10.931669782501954,4.518288187849228,2.3319372415038764,91.77685297888779,11.390720427059712,0.46596161977452255,11.390720427059712,0.30555186230787773,0.007913832199546222,0.30555186230787773,-0.007913832199546222,-0.46596161977452255,1.8124,58.54700000000005,211.30499999999995,0,3,0,2,2,0,0,0,3,0,3,0,3,0,2,2,86,9.636772684650527,0.0,0.0,0.0,0.0,5.9693052879518484,4.794537184071822,0.0,0.0,0.0,0.0,45.57260172023324,18.504503281221933,6.606881964512918,2,9.53140013787187,5.9693052879518484,0.0,4.899909730850477,5.917906046161393,51.1115269726166,13.654553947190108,0.0,0.0,0.0,35.46666666666667,0.0,0.0,0.0,0.0,36.607450624288354,9.53140013787187,5.917906046161393,39.02784531432067,0.0,0.0,0.0,0.0,29.54,5.009802768329554,0.0,13.892361347316704,0.0,0.0,0.5594472789115646,1.4503269085411938,5.646123708742756,2.383487890526581,2.225116764298312,0,0,0,0,0,0,0,0,0,0,1,1,0,0,0,1,0,0,0,0,0,0,0,0,0,0,0,0,0,0,0,0,0,0,0,0,2,0,0,0,1,1,0,0,0,0,0,0,0,0,0,0,0,0,0,0,0,0,0,0,0,0,0,0,0,0,0,0,0,1,0,0,0,0,0,0,0,0,0,0,0,0,0,0,0,0.666781092905475
Endo-tropine-3- mesylate,CN1C2CCC1CC(OS(C)(=O)=O)C2,1,test,2.3153556206094077,2.3930395684762606,-2.3487824836214566,2.352191272221957,-2.4281702157054132,7.8551180077863725,0.07103262797230445,32.239807692986474,10.010106851334847,1.9979040648379964,300.01875639366216,10.344934982691242,8.64068468967048,9.457181270598205,6.455308359696608,5.057051668636838,6.873548249564564,4.444228438529828,6.044926818723567,3.3658581071328606,3.987608564102322,2.68733169766775,3.3388542871295592,10.118126859033554,8.417796984328938,0.0,6.103966387748303,12.083681658295921,19.097412429363423,12.841643245852019,0.0,0.0,11.947581713527667,4.183085432649707,219.092914404,1.2142857142857142,1.7142857142857142,2.142857142857143,1.0,-0.13000000000000006,14,202.16999999999996,2.3153556206094077,10.38990598638096,3.466950616677331,2.0956413045573377,85.3549067934988,10.978914871504157,0.30027105861151926,10.978914871504157,0.2641542489686873,0.0845370370370373,0.2641542489686873,-3.278821806500378,-0.30027105861151926,0.5877999999999999,53.523800000000044,219.30599999999995,0,4,0,2,2,0,0,0,4,0,5,0,2,0,2,2,82,4.899909730850477,0.0,0.0,0.0,10.118126859033554,0.0,4.183085432649707,0.0,8.417796984328938,0.0,0.0,32.730958474381225,12.083681658295921,12.359735571259707,2,12.600882416978646,10.118126859033554,0.0,4.899909730850477,0.0,43.87093453774827,13.303441166188595,0.0,0.0,0.0,38.857142857142854,0.0,0.0,0.0,0.0,44.808795927412234,14.30121229168326,0.0,25.683286491704038,0.0,0.0,0.0,0.0,46.61,27.011163076341646,0.0,2.3632331821617534,0.0,0.0,0.0,1.0564814814814811,5.140603741496598,0.0,-1.1548148148148147,0,0,0,0,0,0,0,0,0,0,0,0,0,0,0,1,0,0,0,0,0,0,0,0,0,0,0,0,0,0,0,0,0,0,0,0,2,0,0,0,0,0,0,0,0,0,0,0,0,0,0,0,0,0,0,0,0,0,0,0,0,0,0,0,0,0,0,0,0,1,0,0,0,0,0,0,0,0,0,0,0,0,0,0,0,0.6376432598460838
"(3-Endo)-8-methyl- 8-azabicyclo[3,2,1]- octan-3-ol",CN1C2CCC1CC(O)C2,1,test,2.2031375922241963,2.3684563062894957,-2.332948496430019,2.33283150899121,-2.4127333884604925,4.925661072949577,0.05031877196863341,16.26655538900211,10.010394723697717,2.0906094133137447,123.21928094887363,7.1378282015046945,6.454905123314985,6.454905123314985,4.770856947829096,4.17130000752462,4.17130000752462,3.6756942867697378,3.6756942867697378,3.073351299596147,3.073351299596147,2.3827734455246974,2.3827734455246974,0.0,5.106527394840706,0.0,6.103966387748303,12.083681658295921,12.841643245852019,12.841643245852019,0.0,0.0,11.947581713527667,0.0,141.1153641,1.2,1.7,2.2,1.0,-0.08,10,126.09399999999997,2.2031375922241963,6.619056743012787,2.2076442514077925,0.8665906722870332,61.83625094394671,9.38111111111111,0.3930070377805947,9.38111111111111,0.056963339097271894,0.005833333333333579,0.056963339097271894,-0.005833333333333579,-0.3930070377805947,0.6038999999999999,39.81380000000001,141.21399999999997,1,2,0,2,2,0,0,0,2,1,2,0,0,0,2,2,58,10.006437125691182,0.0,0.0,0.0,0.0,0.0,0.0,0.0,0.0,0.0,0.0,32.730958474381225,12.083681658295921,6.103966387748303,2,5.106527394840706,0.0,0.0,4.899909730850477,0.0,43.87093453774827,7.04767198267719,0.0,0.0,0.0,48.0,0.0,0.0,0.0,0.0,35.241757154412596,0.0,0.0,25.683286491704038,0.0,0.0,0.0,0.0,23.47,0.0,0.0,2.437222222222222,9.38111111111111,0.0,0.0,1.3773148148148144,4.615648148148148,0.0,2.1887037037037036,0,1,1,0,0,0,0,0,0,0,0,0,0,0,0,1,0,0,0,0,0,0,0,0,0,0,0,0,0,0,0,0,0,0,0,0,2,0,0,0,0,0,0,0,0,0,0,0,0,0,0,0,0,0,0,0,0,0,0,0,0,0,0,0,0,0,0,0,0,1,0,0,0,0,0,0,0,0,0,0,0,0,0,0,0,0.5338490714346451
2-Benzyl-tert-butylamino-3'-hydroxymethyl-4'-hydroxyaceto-phenone,CC(C)(C)N(CC(=O)c1ccc(O)c(CO)c1)Cc1ccccc1,1,test,2.543484496885372,2.24184681648265,-2.3487614465570306,2.212385562414503,-2.434079664739727,5.975652399057752,0.07931707926829755,16.266706056718423,10.008909028707084,2.18365680313341,689.7753034689551,17.74227620818978,14.49001157404039,14.49001157404039,11.307880315929772,8.059398684797769,8.059398684797769,6.93726302166968,6.93726302166968,4.071224487765818,4.071224487765818,2.4842813434954873,2.4842813434954873,0.0,15.007591973753234,0.0,30.22332040245768,17.671659389306566,5.563451491696996,6.06636706846161,12.13273413692322,30.33183534230805,25.67112132992235,0.0,327.18344366,1.0833333333333333,1.75,2.3333333333333335,0.35,-2.1699999999999995,24,302.22400000000005,2.543484496885372,18.172741653106847,7.599638476728112,4.66324864971018,142.91785751537302,12.66648746535651,0.5075833242039194,12.66648746535651,0.17636236633561805,0.005567652470385598,0.17636236633561805,-0.2917125002038874,-0.5075833242039194,3.3679000000000023,94.96510000000004,327.42400000000004,2,4,0,0,0,2,0,2,4,2,4,0,6,0,0,0,128,10.213054789681411,5.749511833283905,5.783244946364939,0.0,0.0,0.0,9.694446914922299,0.0,0.0,0.0,30.33183534230805,44.5337642961537,23.210584641689913,13.151638370425493,2,15.007591973753234,5.783244946364939,0.0,4.899909730850477,0.0,39.46177522188071,6.544756405912575,65.22129102278387,0.0,5.749511833283905,11.708333333333334,0.0,0.0,5.749511833283905,0.0,32.979891125192744,13.151638370425493,0.0,42.25610325823468,48.53093654769288,0.0,0.0,0.0,60.77000000000001,0.0,0.0,14.787660934744267,18.889941258021096,1.8562467642653435,-0.0263248267435221,14.66649003595349,0.0,6.909319167092661,0.0,0,1,1,0,0,0,0,1,0,0,1,1,0,0,0,1,0,0,0,0,0,0,0,0,0,0,0,0,0,0,0,0,0,0,2,0,0,0,0,0,0,0,0,0,0,0,0,0,0,0,0,1,1,0,0,0,0,0,0,0,0,0,0,0,0,1,0,0,0,0,0,0,0,0,0,0,0,0,0,0,0,0,0,0,0,0.7987385650011551
4(or3)-(4-hydroxy-4-methylphenyl)-3-cyclohexen-1-carboxyaldehyde,CC(C)(O)CCCC1=CCC(C=O)CC1,1,test,2.168751506275566,2.1499468118533565,-2.1969377975164597,2.259245174456183,-2.176063834416949,5.5393609554668135,-0.11079325156406743,16.280989763089753,9.874566351141164,2.231519597710934,235.41073293730346,11.311554787871636,9.830153380651986,9.830153380651986,7.010149914563001,5.866722569245051,5.866722569245051,5.19889989984812,5.19889989984812,3.0244394785294206,3.0244394785294206,2.007465158733565,2.007465158733565,5.601050810983688,9.901064578912528,0.0,5.917906046161393,0.0,44.81109026068562,5.5731045300692665,0.0,13.847474399381248,6.076020106833881,0.0,210.161979944,1.6,2.3333333333333335,2.8,0.7692307692307693,-0.6300000000000001,15,188.14099999999996,2.168751506275566,12.439589422407792,5.452699510576978,5.121934543344645,92.37887806711514,10.549770501213954,0.39047179825916556,10.549770501213954,0.12288948660555035,0.2528081301965228,0.12288948660555035,-0.5411126464474676,-0.39047179825916556,2.8530000000000015,61.636800000000044,210.31699999999998,1,2,1,0,1,0,0,0,2,1,2,0,5,0,0,0,86,9.901064578912528,6.2861605231295545,0.0,0.0,0.0,0.0,0.0,0.0,0.0,0.0,11.649124636903148,52.37240413693732,5.917906046161393,5.601050810983688,1,9.901064578912528,6.2861605231295545,0.0,0.0,5.917906046161393,57.973454947921,0.0,11.649124636903148,0.0,0.0,22.333333333333332,0.0,0.0,0.0,0.0,16.99373872895395,4.794537184071822,5.917906046161393,52.37240413693732,11.649124636903148,0.0,0.0,0.0,37.3,0.0,0.0,10.549770501213954,9.561452352928724,0.9286558720710512,0.2528081301965228,0.0,9.25359796233308,3.7037151812566673,0.0,0,1,0,0,0,0,0,0,0,0,1,1,0,0,0,0,0,0,0,0,0,0,0,1,0,0,2,0,0,0,0,0,0,0,0,0,0,0,0,0,0,0,0,0,0,0,0,0,0,0,0,0,0,0,0,0,0,0,0,0,0,0,0,0,0,0,0,0,0,0,0,0,0,0,0,0,0,0,0,0,0,0,0,0,0,0.5593683378002619
Carvoxime,C=C(C)C1CCC(C)=C(N=O)C1,1,test,2.045916443788426,2.1914338715166815,-2.2189740368578543,2.326381263605138,-2.0860198727954913,5.180163916924914,0.5175882660203754,16.25128095244548,9.840608435452344,2.7369210475086807,240.22313440311711,9.137828201504695,7.7612392798996375,7.7612392798996375,5.647065707741407,4.322012870887395,4.322012870887395,3.604386531292923,3.604386531292923,2.607301814903676,2.607301814903676,1.580529975509664,1.580529975509664,0.0,4.907065243988282,0.0,0.0,5.917906046161393,30.532608711903126,5.5731045300692665,0.0,13.847474399381248,11.755817611457152,0.0,165.1153641,1.6666666666666667,2.3333333333333335,2.8333333333333335,0.6,-0.9199999999999999,12,150.11599999999999,2.045916443788426,9.170252707581227,3.654513294260848,1.8134756049808134,73.33342482373176,10.400941987906274,0.14514988036213014,10.400941987906274,0.0843707897180902,0.4735185185185182,0.0843707897180902,0.4735185185185182,-0.14514988036213014,3.4030000000000022,50.650000000000034,165.23599999999996,0,2,1,0,1,0,0,0,2,0,2,0,2,0,0,0,66,0.0,0.0,0.0,0.0,0.0,0.0,0.0,0.0,0.0,4.907065243988282,12.152040213667764,49.77783177224859,0.0,5.697039313055833,1,0.0,0.0,0.0,0.0,11.094787974020047,33.10993926815928,0.0,28.329249300781143,0.0,0.0,24.0,0.0,0.0,0.0,0.0,0.0,0.0,10.824971290149676,33.10993926815928,28.599065984651517,0.0,0.0,0.0,29.43,0.0,0.0,10.400941987906274,3.049675925925926,3.069814814814815,0.4735185185185182,0.0,2.9200925925925927,7.919289493575207,0.0,0,0,0,0,0,0,0,0,0,0,0,0,0,0,0,1,0,0,0,0,0,0,0,0,0,0,3,0,0,0,0,0,0,0,0,0,0,0,0,0,0,0,0,0,0,0,0,0,0,0,0,0,0,0,0,0,0,0,0,0,0,1,0,0,0,0,0,0,0,0,0,0,0,0,0,0,0,0,0,0,0,0,0,0,0,0.4551504791528776
Limonene,C=C(C)C1CC=C(C)CC1,1,test,1.8845053612018057,2.112764568855536,-2.1947080392011387,2.2685335574867986,-2.0430862491844914,5.092421184055847,0.5403280569003356,14.167726438908842,9.860904675999704,2.495412226862891,162.8771237954945,7.560477932315068,6.983127663125442,6.983127663125442,4.698377302757663,4.009201921767763,4.009201921767763,3.368130306120973,3.368130306120973,2.3348909117743473,2.3348909117743473,1.4128424251168994,1.4128424251168994,0.0,0.0,0.0,0.0,0.0,5.917906046161393,24.835569398847294,5.5731045300692665,0.0,26.502430189813627,0.0,136.125200512,1.7,2.4,2.8,0.6,-0.52,10,120.10999999999997,1.8845053612018057,7.585485232067512,3.0462804076265617,1.7285097165599768,63.63869283950128,3.974574829931973,0.099849370815529,3.974574829931973,-0.017096319446087898,0.7673148148148148,0.017096319446087898,0.7673148148148148,-0.099849370815529,3.308900000000002,45.91200000000003,136.23799999999997,0,0,1,0,1,0,0,0,0,0,0,0,1,0,0,0,56,0.0,0.0,0.0,0.0,0.0,0.0,0.0,0.0,0.0,0.0,23.80116485057091,39.02784531432067,0.0,0.0,1,0.0,0.0,0.0,0.0,5.917906046161393,33.10993926815928,0.0,23.80116485057091,0.0,0.0,25.8,0.0,0.0,0.0,0.0,0.0,0.0,5.917906046161393,33.10993926815928,23.80116485057091,0.0,0.0,0.0,0.0,0.0,0.0,0.0,0.0,2.9039351851851856,0.7673148148148148,0.0,6.16587962962963,8.329537037037037,0.0,0,0,0,0,0,0,0,0,0,0,0,0,0,0,0,0,0,0,0,0,0,0,0,0,0,0,3,0,0,0,0,0,0,0,0,0,0,0,0,0,0,0,0,0,0,0,0,0,0,0,0,0,0,0,0,0,0,0,0,0,0,0,0,0,0,0,0,0,0,0,0,0,0,0,0,0,0,0,0,0,0,0,0,0,0,0.48503449155951595
3-Isopropyl-6-methylcyclohexene,CC1C=CC(C(C)C)CC1,0,test,1.8845053612018057,2.142269940291347,-2.224519436466497,2.26230819885686,-2.109408427464016,4.9682256085113945,0.3832255066480937,14.197704026428658,9.83128152189988,2.447496685048003,122.0,7.560477932315068,7.300964908321225,7.300964908321225,4.698377302757663,4.381880721829937,4.381880721829937,3.8474058792192882,3.8474058792192882,2.4984843404402683,2.4984843404402683,1.5357434278316577,1.5357434278316577,0.0,0.0,0.0,0.0,0.0,17.75371813848418,12.841643245852019,0.0,0.0,32.923251812739636,0.0,138.140850576,1.2,1.9,2.3,0.8,-0.26,10,120.10999999999997,1.8845053612018057,7.842669404517453,3.2259267218540595,1.8624614328483438,64.32829587168553,2.4016203703703702,0.08540662031144873,2.4016203703703702,-0.02100893064446518,0.8287037037037035,0.02100893064446518,0.8287037037037035,-0.08540662031144873,3.2447000000000017,45.86600000000002,138.254,0,0,1,0,1,0,0,0,0,0,0,0,1,0,0,0,58,0.0,0.0,0.0,0.0,0.0,0.0,0.0,0.0,0.0,0.0,32.923251812739636,30.5953613843362,0.0,0.0,1,0.0,0.0,0.0,0.0,17.75371813848418,33.61285484492389,0.0,12.152040213667762,0.0,0.0,33.2,0.0,0.0,0.0,0.0,0.0,0.0,17.75371813848418,33.61285484492389,12.152040213667762,0.0,0.0,0.0,0.0,0.0,0.0,0.0,0.0,0.0,2.5231018518518513,0.0,7.557222222222222,6.919675925925926,0.0,0,0,0,0,0,0,0,0,0,0,0,0,0,0,0,0,0,0,0,0,0,0,0,0,0,0,2,0,0,0,0,0,0,0,0,0,0,0,0,0,0,0,0,0,0,0,0,0,0,0,0,0,0,0,0,0,0,0,0,0,0,0,0,0,0,0,0,0,0,0,0,0,0,0,0,0,0,0,0,0,0,0,0,0,0,0.48785717615227214
Perillaldehyde,C=C(C)C1CC=C(C=O)CC1,1,test,2.0456060352867365,2.131318882640043,-2.1887463148567345,2.2641338875094354,-2.0615540774153622,5.728022011803019,-0.10466608005898154,16.12905509616325,9.859204250971512,2.5382249567113235,200.91831683475925,8.267584713501616,6.9687262227789315,6.9687262227789315,5.236382105218447,4.033579316758092,4.033579316758092,3.2145437230292417,3.2145437230292417,2.294330179114891,2.294330179114891,1.4090665302303933,1.4090665302303933,0.0,4.794537184071822,0.0,0.0,5.917906046161393,31.12172992197685,5.5731045300692665,0.0,6.076020106833881,13.502672883289122,0.0,150.104465068,1.8181818181818181,2.5454545454545454,2.909090909090909,0.5,-0.8500000000000001,11,136.10899999999998,2.0456060352867365,8.248522167487685,3.5146720351602596,2.0380175146227497,67.80021493954504,10.345718537414966,0.298269086986623,10.345718537414966,0.1452026233325739,0.6099074074074073,0.1452026233325739,0.6099074074074073,-0.298269086986623,2.4879000000000007,46.30200000000003,150.22099999999995,0,1,1,0,1,0,0,0,1,0,1,0,2,0,0,0,60,0.0,6.2861605231295545,0.0,0.0,0.0,0.0,4.794537184071822,0.0,0.0,0.0,18.228060320501644,37.67721264469931,0.0,0.0,1,4.794537184071822,6.2861605231295545,0.0,0.0,5.917906046161393,26.186202068468653,0.0,23.80116485057091,0.0,0.0,24.09090909090909,0.0,0.0,0.0,0.0,6.2861605231295545,4.794537184071822,5.917906046161393,26.186202068468653,23.80116485057091,0.0,0.0,0.0,17.07,0.0,0.0,10.345718537414966,0.0,2.202499055177627,0.6099074074074073,0.0,6.0365362811791385,5.972005385487528,0.0,0,0,0,0,0,0,0,0,0,0,1,1,0,0,0,0,0,0,0,0,0,0,0,1,0,0,3,0,0,0,0,0,0,0,0,0,0,0,0,0,0,0,0,0,0,0,0,0,0,0,0,0,0,0,0,0,0,0,0,0,0,0,0,0,0,0,0,0,0,0,0,0,0,0,0,0,0,0,0,0,0,0,0,0,0,0.43632859417527453
"3-Amino-2,3,4,5-tetrahydro-N-(1-methylethyl)-2,4-dioxo-N,5-diphenyl-1H-1,5-benzodiazepine-1-acetamide",CC(C)N(C(=O)CN1C(=O)C(N)C(=O)N(c2ccccc2)c2ccccc21)c1ccccc1,0,test,2.897061488761465,2.3961463793697653,-2.305233716053538,2.372793176510865,-2.5285117804438215,6.23286639024624,-0.1286417659058064,16.17345719346416,10.159654991483663,1.766981431133665,1164.4241107956639,23.534804948073713,18.588447015301654,18.588447015301654,15.896754605515326,10.819701681440677,10.819701681440677,8.09300301442175,8.09300301442175,5.559172308452215,5.559172308452215,4.068168050998748,4.068168050998748,17.85620028785097,14.383611552215466,0.0,18.493776964412042,17.062158824050687,5.687386274683562,9.799819461700954,41.29811214162014,62.37841094707412,0.0,5.733667477162185,442.20049069199996,0.8484848484848485,1.393939393939394,2.0,0.19230769230769232,-3.969999999999998,33,416.3110000000003,2.897061488761465,22.232041989786932,9.25902446576936,4.22700727410371,192.56325530102276,13.453357618912271,0.31201577062816477,13.453357618912271,0.25777595415717575,0.13116063967164293,0.25777595415717575,-1.4355264760225095,-0.31201577062816477,3.4668000000000028,129.42239999999998,442.5190000000001,2,7,0,1,1,3,0,3,4,1,7,0,5,0,0,0,168,10.633577208012662,6.544756405912575,6.041840829147961,5.907179729351506,11.814359458703011,0.0,24.18343101391642,0.0,0.0,0.0,48.53093654769288,50.245676810150904,17.416613378515084,11.374772549367124,4,14.383611552215466,40.471084286788766,0.0,0.0,5.733667477162185,25.93115605767717,21.244485598464006,84.92913895846256,0.0,0.0,15.93939393939394,20.433396669713616,22.74954509873425,0.0,0.0,36.34997725226302,14.383611552215466,0.0,13.847474399381248,84.92913895846256,0.0,0.0,0.0,86.95,0.0,0.0,44.47484326490008,0.0,8.421962568723032,-1.4300591377250809,23.78571587863795,0.0,3.5808707587973467,0.0,0,0,0,0,0,0,0,0,0,0,3,3,0,0,0,3,0,1,0,0,0,0,0,0,0,0,0,3,0,4,0,0,0,0,3,0,1,0,0,0,0,0,0,0,0,0,0,0,0,0,0,0,0,0,0,0,0,0,0,0,0,0,0,0,4,0,0,0,0,0,0,0,0,0,0,0,0,0,0,0,0,0,0,0,0,0.6132635407476562
Oripavine,COC1=CC=C2C3Cc4ccc(O)c5c4C2(CCN3C)C1O5,1,test,2.877063019373112,2.6138033051510416,-2.522883629771737,2.6172480987503506,-2.58061049591852,5.668328682618162,0.07347191789529395,16.541573291296803,9.570780482768473,1.8588647717217346,750.9443181266521,15.060113453385565,12.796345730625042,12.796345730625042,10.663869018582144,7.8501935708179476,7.8501935708179476,6.762877693158376,6.762877693158376,5.952173136219742,5.952173136219742,4.949107917584636,4.949107917584636,0.0,5.106527394840706,0.0,17.26846869042899,11.791352662431866,25.14556452342077,16.70000751346326,13.176164609739143,6.076020106833881,24.089968888823158,9.473725907600098,297.136493468,1.3636363636363635,2.227272727272727,3.0454545454545454,0.4444444444444444,-1.9400000000000002,22,278.202,2.877063019373112,12.588833084924154,3.8737937876011737,1.2044774147741724,129.18933569518398,10.302826593600404,0.5042463002907034,10.302826593600404,0.16909416953143433,0.14254629629629645,0.16909416953143433,-0.1538425925925926,-0.5042463002907034,2.1215,82.11480000000005,297.354,1,4,2,2,4,1,0,1,4,1,4,0,1,0,1,1,114,14.580253302440804,5.759164871656176,17.602990054316113,0.0,0.0,0.0,4.899909730850477,0.0,0.0,0.0,12.142387175295491,49.713014831503536,11.605292320844956,12.524788010674312,5,14.580253302440804,0.0,0.0,4.899909730850477,0.0,30.402440932145062,20.7022259298673,46.743946735710416,0.0,11.49902366656781,34.45454545454545,4.736862953800049,0.0,11.49902366656781,0.0,42.85447027245474,16.57267504612284,0.0,17.547724606320003,35.61704375231643,0.0,0.0,0.0,41.93000000000001,11.843251842403628,0.0,2.4380654761904763,10.302826593600404,3.77764172335601,1.769872448979592,4.245853647014361,6.106485496976568,1.0351162131519276,3.8975532249937013,0,0,0,0,0,0,0,1,0,0,0,0,0,0,0,1,0,0,0,1,1,0,0,0,0,0,2,0,0,0,0,0,0,0,1,0,0,0,0,0,0,2,0,0,0,0,0,0,0,0,0,0,0,0,0,1,0,0,0,0,0,0,0,0,0,1,1,0,0,1,0,0,0,0,0,0,0,0,0,0,0,0,0,0,0,0.8619960546588812
Squaric acid,O=c1c(O)c(O)c1=O,1,test,1.8342822215997983,2.171626048141597,-1.922556851771952,2.1318657920496387,-2.2797635538779804,5.4227640333189635,0.3838112909009961,16.320599308165544,10.247719734598382,3.475186346280545,248.08888381429273,6.309401076758503,3.710923771927642,3.710923771927642,3.6427344100918364,1.855461885963821,1.855461885963821,1.3554618859638212,1.3554618859638212,0.8606847025661051,0.8606847025661051,0.36765256440848304,0.36765256440848304,22.35660445036889,9.589074368143644,0.0,0.0,0.0,0.0,0.0,0.0,0.0,0.0,10.213054789681411,113.99530854400001,0.875,1.125,1.25,0.0,-1.32,8,112.03999999999999,1.8342822215997983,4.829700598802395,1.0906804696376717,0.29409617711914104,43.3219397041121,9.954351851851852,0.50136067140132,9.954351851851852,0.2747622861780558,0.8240740740740737,0.2747622861780558,-1.0115740740740737,-0.50136067140132,-1.3062000000000002,24.6836,114.05599999999998,2,4,0,0,0,1,0,1,4,2,4,0,0,0,0,0,42,10.213054789681411,0.0,0.0,11.49902366656781,10.857580783801081,0.0,9.589074368143644,0.0,0.0,0.0,0.0,0.0,0.0,0.0,1,10.213054789681411,0.0,0.0,0.0,0.0,0.0,0.0,20.446655151944725,0.0,11.49902366656781,10.0,10.857580783801081,0.0,11.49902366656781,0.0,10.213054789681411,0.0,0.0,0.0,9.589074368143644,0.0,0.0,0.0,74.6,0.0,0.0,19.908703703703704,16.429259259259258,-2.0231481481481475,-1.648148148148148,0.0,0.0,0.0,0.0,0,0,0,0,0,0,0,2,0,0,0,0,0,0,0,0,0,0,0,0,0,0,0,0,0,0,0,0,0,0,0,0,0,0,0,0,0,0,0,0,0,0,0,0,0,0,0,0,0,0,0,0,0,0,0,0,0,0,0,0,0,0,0,0,0,0,0,0,0,0,0,0,0,0,0,0,0,0,0,0,0,0,0,0,0,0.41062432692118694
"1,3-bis(2,5-dimethylphenyl)propane-1,3-dione",Cc1ccc(C)c(C(=O)CC(=O)c2cc(C)ccc2C)c1,0,test,2.4348835256626833,2.1665965910228167,-2.080313734373284,2.1704107984003986,-2.1110280247945403,6.140729783817436,0.08933445792015673,16.148597280117066,9.944242914263635,2.248306279564267,650.0014474005184,15.568549621822843,12.98770497725203,12.98770497725203,9.879917853109719,7.091422815075582,7.091422815075582,5.659880711664787,5.659880711664787,3.70807470008139,3.70807470008139,2.4087780401159113,2.4087780401159113,0.0,9.589074368143644,0.0,17.987311515655886,11.126902983393991,22.253805966787983,0.0,0.0,64.09315120953215,0.0,0.0,280.14632988,0.7142857142857143,1.0952380952380953,1.4761904761904763,0.2631578947368421,-2.2199999999999993,21,260.20699999999994,2.4348835256626833,15.174225254339698,6.04413408662973,3.4583192486473306,125.36613632642478,12.376860355253214,0.29367153928870493,12.376860355253214,0.17038063692593672,0.07481481481481511,0.17038063692593672,-0.10916099773242616,-0.29367153928870493,4.375980000000004,85.11000000000004,280.367,0,2,0,0,0,2,0,2,2,0,2,0,4,0,0,0,108,0.0,0.0,11.566489892729878,0.0,0.0,0.0,9.589074368143644,0.0,0.0,0.0,35.392371257240434,50.9545859190797,11.126902983393991,6.4208216229260096,2,9.589074368143644,11.566489892729878,0.0,0.0,0.0,34.11577042168851,0.0,69.77891136095164,0.0,0.0,10.476190476190476,0.0,0.0,0.0,0.0,11.566489892729878,0.0,27.694948798762496,49.390604941251624,36.39820241076966,0.0,0.0,0.0,34.14,0.0,0.0,24.75372071050643,0.0,5.187324787939868,-0.21832199546485231,11.495325228856974,-0.07481481481481511,7.690099416309733,0.0,0,0,0,0,0,0,0,0,0,0,2,2,0,0,0,0,0,0,0,0,0,0,0,0,0,0,0,0,0,0,4,0,0,0,2,0,0,0,0,0,0,0,0,0,0,0,0,0,0,0,0,2,2,0,0,0,0,0,0,0,0,0,0,0,0,0,0,0,0,0,0,0,0,0,0,0,0,0,0,0,0,0,0,0,0,0.615095123252618
"1-(2',3',4',5'-Tetramethylphenyl)-3-(4'-tetrabutylphenyl)- propane-1,3-dione",CCCCc1ccc(C(=O)CC(=O)c2cc(C)c(C)c(C)c2C)cc1,0,test,2.609682368052793,2.1755492863485424,-2.130620875626198,2.2263096853636757,-2.1135170002487964,6.13730349591264,0.08936048633855435,16.148580736809024,9.90382234164715,2.139483565254287,782.7303563133171,18.56011345338556,16.031675051622045,16.031675051622045,11.845443010499071,9.074732717665777,9.074732717665777,6.939631585153044,6.939631585153044,5.197794173503938,5.197794173503938,3.08296065390966,3.08296065390966,0.0,9.589074368143644,0.0,17.987311515655886,11.126902983393991,35.95281934386902,11.126902983393991,0.0,51.103046941379915,13.847474399381248,0.0,336.208930136,0.84,1.48,2.08,0.391304347826087,-2.2199999999999993,25,308.25100000000003,2.609682368052793,19.10934362579321,8.24194422798444,4.445892275447591,150.82590478401121,12.652441191965002,0.2936826512664952,12.652441191965002,0.1703907713395467,0.07233371126228261,0.1703907713395467,-0.10896051167380505,-0.2936826512664952,5.718580000000006,103.72200000000004,336.475,0,2,0,0,0,2,0,2,2,0,2,0,7,0,0,0,132,0.0,0.0,11.566489892729878,0.0,0.0,0.0,9.589074368143644,0.0,0.0,0.0,37.61002709646307,74.42021657156108,11.126902983393991,6.4208216229260096,2,9.589074368143644,11.566489892729878,0.0,0.0,0.0,60.30197249015714,0.0,69.27599578418702,0.0,0.0,10.76,0.0,0.0,0.0,0.0,11.566489892729878,6.4208216229260096,27.694948798762496,74.71943687849127,30.33183534230805,0.0,0.0,0.0,34.14,0.0,0.0,25.1334533329325,0.0,6.958137396367708,-0.20270170092320128,9.60805880820852,3.267067227013982,10.235984936400493,0.0,0,0,0,0,0,0,0,0,0,0,2,2,0,0,0,0,0,0,0,0,0,0,0,0,0,0,0,0,0,0,2,0,0,0,2,0,0,0,0,0,0,0,0,0,0,0,0,0,0,0,0,2,2,0,0,0,0,0,0,0,0,0,0,0,0,0,0,0,0,0,0,0,0,0,0,0,0,0,0,0,0,0,0,0,0,0.4785775540425373
2-Chloro-1-[(3- fluorophenyl)- methoxy]-4-nitrobenzene,O=[N+]([O-])c1ccc(OCc2cccc(F)c2)c(Cl)c1,1,test,2.3690901448930557,2.098855951403776,-2.074599690934469,2.287398415572015,-1.9677714079936117,6.317877583900773,-0.38444185020418453,35.495691616992225,10.205931743399839,2.0954265644340193,618.5873665151106,13.828062645816686,9.67644607842393,10.432375024442386,9.0585506480638,5.37247338960784,5.750437862617067,3.790430281897073,4.197630408637679,2.4096488912944416,2.7050184565114797,1.5082086511018904,1.7375462849780579,4.923311048817671,14.504733316440392,0.0,23.134122393983702,11.3129633249809,0.0,30.33183534230805,12.13273413692322,0.0,0.0,16.337802844032566,281.02549904800003,1.263157894736842,2.0526315789473686,2.6842105263157894,0.07692307692307693,-2.1399999999999992,19,272.598,2.3690901448930557,13.29538834458379,5.666808716098972,3.4170397958950205,113.0887620217722,12.95742815518038,0.48733762160510413,12.95742815518038,0.2706926864469706,0.10823559670781835,0.2706926864469706,-0.5394521396712948,-0.48733762160510413,3.966300000000002,68.83840000000002,281.66999999999996,0,4,0,0,0,2,0,2,3,0,6,0,4,0,0,0,98,4.736862953800049,18.173614638842718,0.0,0.0,5.687386274683562,0.0,10.114318268765572,4.39041504767482,0.0,0.0,23.733674027155736,23.762552697081826,12.13273413692322,9.945944362558997,2,14.050589050292539,17.28832616491608,0.0,0.0,0.0,6.606881964512918,0.0,68.98219339448106,0.0,5.749511833283905,10.210526315789474,4.736862953800049,10.077801322358383,5.749511833283905,11.600939890232516,4.923311048817671,6.606881964512918,15.931539109811467,5.563451491696996,42.46456947923127,5.022633313741326,0.0,0.0,52.370000000000005,18.348783975286203,5.867452951345146,10.006255767624364,10.689784815836854,0.5393750000000006,-0.03479227702712495,9.893366996715361,0.0,0.13421721466364334,0.0,0,0,0,0,0,0,0,0,0,0,0,0,0,0,0,1,0,0,0,0,0,0,0,0,0,0,0,0,0,0,0,0,0,0,2,0,0,0,0,0,0,1,0,0,2,0,0,0,0,0,0,0,0,0,0,0,0,0,1,1,1,0,0,0,0,0,0,0,0,0,0,0,0,0,0,0,0,0,0,0,0,0,0,0,0,0.6292976617069095
N-{2-(Benzyloxy)-5-[(1R)-2-bromo-1-hydroxyethyl]phenyl}formamide,O=CNc1cc(C(O)CBr)ccc1OCc1ccccc1,0,test,2.5383210252589197,2.1024571579426543,-2.1404192225003937,2.288950197752775,-2.039507867450757,9.089032771500362,-0.10497773136034814,79.91872980637676,10.099260569496407,2.15676259624833,589.3308896202717,15.079139501373252,11.329390903706267,12.915387442820972,10.24071340286802,6.491831096364153,7.613300004110555,4.4621603229828075,5.10964069875799,2.9861426917600844,3.599444906513758,1.881418383307159,2.255241352555961,6.103966387748303,9.901064578912528,0.0,0.0,35.34741651735493,5.563451491696996,0.0,18.19910120538483,30.33183534230805,21.24673250195568,4.736862953800049,349.031355472,1.2380952380952381,2.0,2.6666666666666665,0.1875,-1.8499999999999996,21,334.0840000000001,2.5383210252589197,15.53717066172441,7.80659217121402,4.307790927021696,131.4349766541435,10.713001972023887,0.48672790482210804,10.713001972023887,0.2111142847762711,0.41143038233812024,0.2111142847762711,-0.624652425529951,-0.48672790482210804,3.2622000000000018,85.65650000000002,350.21200000000005,2,4,0,0,0,2,0,2,3,2,5,0,7,0,0,0,110,15.160178952647087,12.356393797796823,0.0,6.410095306116121,0.0,0.0,4.794537184071822,0.0,0.0,0.0,52.328146308719006,23.259637120317212,5.330089647061427,11.791352662431866,2,14.637927532712578,28.02742547874903,0.0,0.0,0.0,12.71084835226122,10.646878251067758,59.65783953108687,0.0,5.749511833283905,11.714285714285714,10.05365155780638,5.687386274683562,5.749511833283905,15.929943897949348,16.846712348018254,11.40141914858474,0.0,17.230869371142294,48.53093654769288,0.0,0.0,0.0,58.56,5.729385038737718,3.223675078020732,10.713001972023887,12.845042072792795,2.292444202989839,0.5661810279667425,15.001226139889143,-0.03238591475897623,0.41143038233812024,0.0,0,1,1,0,0,0,0,0,0,0,1,1,0,0,0,0,1,0,0,0,0,0,0,0,0,1,0,1,0,1,0,0,0,0,2,0,0,0,0,0,0,1,0,0,1,0,0,0,0,0,0,0,0,0,0,0,0,0,0,0,0,0,0,0,0,0,0,0,0,0,0,0,0,0,0,0,0,0,0,0,0,0,0,0,0,0.5953163599299461
Butyl glycidyl ether,CCCCOCC1CO1,1,test,2.632239954675807,2.2123874772282246,-1.9720491321936588,2.078679936719478,-2.0139450331778725,4.6634863372489095,0.11384693115136023,16.60361346581999,10.355462542905306,1.7060432961664127,69.31640245632484,6.52709773749546,5.92938075605009,5.92938075605009,4.431851652578137,3.6253310262942287,3.6253310262942287,2.3838101489852828,2.3838101489852828,1.348341094389762,1.348341094389762,0.6254452556214224,0.6254452556214224,0.0,0.0,0.0,0.0,6.103966387748303,19.820645893538753,12.841643245852019,0.0,0.0,6.923737199690624,9.473725907600098,130.099379688,1.6666666666666667,2.4444444444444446,3.0,1.0,-0.08,9,116.07499999999997,2.632239954675807,7.032107623318386,3.854020551508844,3.4885012769209114,56.15016301969372,5.272962962962962,0.37866314766971576,5.272962962962962,0.10421983778829538,0.4322741874527587,0.10421983778829538,0.4322741874527587,-0.37866314766971576,1.2019,35.467,130.18699999999998,0,2,0,1,1,0,0,0,2,0,2,0,5,0,1,1,54,9.473725907600098,6.103966387748303,0.0,0.0,0.0,0.0,0.0,0.0,0.0,0.0,13.344558822616634,6.4208216229260096,6.606881964512918,13.213763929025836,1,9.473725907600098,0.0,0.0,0.0,0.0,25.869346833290948,19.820645893538753,0.0,0.0,0.0,24.333333333333332,0.0,0.0,0.0,0.0,25.924612281287057,9.473725907600098,0.0,19.765380445542643,0.0,0.0,0.0,0.0,21.759999999999998,10.236661233938019,0.0,0.0,0.0,0.0,0.0,0.0,2.8194208238851095,4.777251275510205,0.0,0,0,0,0,0,0,0,0,0,0,0,0,0,0,0,0,0,0,0,0,0,0,0,0,0,0,0,0,0,0,0,0,0,0,0,0,0,0,0,1,0,2,0,0,0,0,0,0,0,0,0,0,0,0,0,0,0,0,0,0,0,0,0,0,0,0,0,0,0,0,0,0,0,0,0,0,0,0,0,0,0,0,0,2,0,0.41179651664686584
"1,5-Dimethyl-4-phenyl-2-imidazolidinone",CC1C(c2ccccc2)NC(=O)N1C,0,test,2.47477872513307,2.3356386577119412,-2.180132588660052,2.2454440642512914,-2.2721847238265593,5.771544038496066,0.2178571892634102,16.16826120727706,10.019508674727279,2.255360624211657,336.40058500982263,10.129392033067417,8.396913770291203,8.396913770291203,6.698377302757662,4.781860902464575,4.781860902464575,3.6893531888107907,3.6893531888107907,2.8513211584289175,2.8513211584289175,1.7862275621591768,1.7862275621591768,0.0,4.794537184071822,0.0,18.114796170633994,0.0,5.563451491696996,0.0,4.899909730850477,37.37950732498524,12.240525803696954,0.0,190.110613068,1.2857142857142858,1.9285714285714286,2.4285714285714284,0.36363636363636365,-1.5099999999999998,14,176.134,2.47477872513307,9.061051450131087,3.328490539016864,1.3463066670029828,83.72150049180595,11.383039965986395,0.32910324674275415,11.383039965986395,0.31751771227189496,0.005882464096750084,0.31751771227189496,0.005882464096750084,-0.32910324674275415,1.7712,54.93970000000003,190.24599999999995,1,3,0,1,1,1,0,1,1,1,3,0,1,0,1,1,74,10.216698334856808,0.0,0.0,0.0,0.0,6.031114512338072,0.0,4.794537184071822,0.0,0.0,30.33183534230805,12.487188691387619,7.04767198267719,12.083681658295921,2,4.794537184071822,6.031114512338072,0.0,10.216698334856808,0.0,19.007418857986547,7.04767198267719,35.89528683400505,0.0,0.0,26.428571428571427,5.316788604006331,4.794537184071822,0.0,0.0,24.0205370550137,0.0,0.0,18.52902952053558,30.33183534230805,0.0,0.0,0.0,32.34,0.0,0.0,13.11683626228269,2.956666666666667,1.1645370370370371,0.0,10.388441515495087,0.0,2.0511574074074073,1.822361111111111,0,0,0,0,0,0,0,0,0,0,1,1,0,0,0,1,1,0,0,1,0,0,0,0,0,0,0,2,0,0,0,0,0,0,1,0,0,0,0,0,0,0,0,0,0,0,0,0,0,0,0,0,0,0,0,0,0,0,0,0,0,0,0,0,0,0,0,0,0,0,0,0,0,0,0,0,0,0,0,0,0,0,0,0,1,0.718812974169064
"1,5-Dimethyl-3-(1-oxo-2-propenyl)-4-phenyl-2-imidazolidinone",C=CC(=O)N1C(=O)N(C)C(C)C1c1ccccc1,1,test,2.6309203066579028,2.441250506615248,-2.2264793135921583,2.338180292774651,-2.3456667022059747,6.01463209721062,-0.12387763047182354,16.19236673181053,10.002307420127993,2.4501663718768096,483.82717567188774,13.284092571446669,10.536832706631198,10.536832706631198,8.574586062669974,5.849645823407487,5.849645823407487,4.401967754192396,4.401967754192396,3.4069735570883517,3.4069735570883517,2.2981618680339353,2.2981618680339353,0.0,9.589074368143644,0.0,24.0219758999855,0.0,5.563451491696996,10.975929837684358,11.947581713527667,37.255572541998674,6.578935683598497,0.0,244.121177752,1.3333333333333333,1.9444444444444444,2.5,0.2857142857142857,-2.0999999999999996,18,228.16599999999997,2.6309203066579028,12.35936766919926,4.643197690359834,1.7947556272840839,106.49821738945062,12.083039965986394,0.3271800815661063,12.083039965986394,0.3271800815661063,0.05203703703703755,0.32217219238555134,-0.35643235071806445,-0.32217219238555134,2.1962,68.84700000000004,244.29400000000004,0,4,0,1,1,1,0,1,2,0,4,0,2,0,1,1,94,4.899909730850477,0.0,0.0,0.0,5.907179729351506,6.031114512338072,9.694446914922299,4.794537184071822,0.0,0.0,36.91077102590655,18.5632087982215,7.04767198267719,12.083681658295921,2,9.589074368143644,11.938294241689578,0.0,9.799819461700954,0.0,19.007418857986547,7.04767198267719,48.55024262443742,0.0,0.0,23.333333333333332,0.0,4.794537184071822,0.0,0.0,34.827626515215684,4.794537184071822,0.0,18.52902952053558,42.98679113274043,0.0,0.0,0.0,40.620000000000005,0.0,0.0,26.795987339380197,0.0,0.9563888888888892,-0.35643235071806445,8.990477450239354,1.1802777777777775,5.392320168808264,1.7076473922902493,0,0,0,0,0,0,0,0,0,0,2,2,0,0,0,2,0,0,0,1,0,0,0,0,0,0,0,3,0,0,0,0,0,0,1,0,0,0,0,0,0,0,0,0,0,0,0,0,1,0,0,0,0,0,0,0,0,0,0,0,0,0,0,0,0,0,0,0,0,0,0,0,0,0,0,0,0,0,0,0,0,0,0,0,1,0.7481883058836855
R-Carvone,C=C(C)C1CC=C(C)C(=O)C1,1,test,1.9415183650407188,2.1848636909861057,-2.1849000791082176,2.2473150392370114,-2.1406912755071246,5.95362334604606,-0.11608864504400998,16.138252661053713,9.85209690172811,2.698294200312726,223.02727634487292,8.430721420318147,7.184269172402757,7.184269172402757,5.1090609052806215,3.963326066999694,3.963326066999694,3.293415683440302,3.293415683440302,2.2771000214588746,2.2771000214588746,1.276399386610389,1.276399386610389,0.0,4.794537184071822,0.0,5.783244946364939,12.338727669087403,17.56703068306454,0.0,0.0,19.92349450621513,6.578935683598497,0.0,150.104465068,1.7272727272727273,2.3636363636363638,2.8181818181818183,0.5,-0.8500000000000001,11,136.10899999999998,1.9415183650407188,8.248522167487685,3.0354524341669897,1.7934452549147415,67.80021493954504,11.199537037037038,0.2945568590881993,11.199537037037038,0.15836923542949272,0.28171296296296333,0.15836923542949272,0.28171296296296333,-0.2945568590881993,2.4879000000000007,46.30200000000003,150.22099999999998,0,1,1,0,1,0,0,0,1,0,1,0,1,0,0,0,60,0.0,0.0,5.783244946364939,0.0,0.0,0.0,4.794537184071822,0.0,0.0,0.0,18.228060320501644,31.759306598537915,6.4208216229260096,0.0,1,4.794537184071822,5.783244946364939,0.0,0.0,5.917906046161393,26.689117645233267,0.0,23.80116485057091,0.0,0.0,24.727272727272727,0.0,0.0,0.0,0.0,5.783244946364939,4.794537184071822,5.917906046161393,26.689117645233267,23.80116485057091,0.0,0.0,0.0,17.07,0.0,0.0,11.199537037037038,0.0,2.0459259259259266,0.6763425925925928,0.0,3.6763425925925923,7.735185185185185,0.0,0,0,0,0,0,0,0,0,0,0,1,1,0,0,0,0,0,0,0,0,0,0,0,0,0,0,3,0,0,0,0,0,0,0,0,0,0,0,0,0,0,0,0,0,0,0,0,0,0,0,0,1,1,0,0,0,0,0,0,0,0,0,0,0,0,0,0,0,0,0,0,0,0,0,0,0,0,0,0,0,0,0,0,0,0,0.5247132375688095
2-Methoxy-4-methyl-4-(prop-2-en-1-yl)cyclohex-2-en-1-one,C=CCC1(C)C=C(OC)C(=O)CC1,1,test,2.1014366384674705,2.2886405760935387,-2.2841331057146657,2.3508614108555888,-2.225875702533003,5.939220758311344,-0.1193100846818985,16.472510229991524,9.77092983652907,2.8599793995934584,252.81589364765125,9.897341225498538,8.299624244053168,8.299624244053168,6.110302208067465,4.5210036028249,4.5210036028249,3.7827183039224455,3.7827183039224455,2.5081190973553698,2.5081190973553698,1.654921971140497,1.654921971140497,0.0,4.794537184071822,0.0,11.198235415761719,12.179986494582185,12.841643245852019,0.0,7.109797541277533,12.152040213667762,13.502672883289122,4.736862953800049,180.115029752,1.7692307692307692,2.4615384615384617,3.0,0.5454545454545454,-1.05,13,164.11899999999997,2.1014366384674705,10.033682008368201,3.773296003341426,2.20381121977877,79.27870228344854,11.298244520030234,0.49334674235075543,11.298244520030234,0.19655680707136197,0.05655092592592603,0.19655680707136197,0.05655092592592603,-0.49334674235075543,2.4620000000000006,52.25400000000003,180.24699999999993,0,2,1,0,1,0,0,0,2,0,2,0,3,0,0,0,72,4.736862953800049,0.0,11.542409818021115,0.0,0.0,0.0,4.794537184071822,0.0,0.0,6.578935683598497,12.999757306524504,24.33265382208268,6.4208216229260096,7.109797541277533,1,9.53140013787187,5.783244946364939,0.0,0.0,5.414990469396779,26.186202068468653,7.109797541277533,24.490140768922434,0.0,0.0,28.153846153846153,0.0,0.0,0.0,0.0,12.893042487642472,9.53140013787187,5.414990469396779,26.186202068468653,24.490140768922434,0.0,0.0,0.0,26.3,5.022449452003023,0.0,11.298244520030234,0.0,0.05655092592592603,0.6246641156462593,0.0,6.196385109599396,5.840016061980348,1.545023148148148,0,0,0,0,0,0,0,0,0,0,1,1,0,0,0,0,0,0,0,0,0,0,0,0,0,0,3,0,0,0,0,0,0,0,0,0,0,0,0,0,0,1,0,0,0,0,0,0,0,0,0,1,1,0,0,1,0,0,0,0,0,0,0,0,0,0,0,0,0,0,0,0,0,0,0,0,0,0,0,0,0,0,0,0,0,0.6235025127865143
"2,3-Dihydro-1,3-oxazol-2-one",O=c1[nH]cco1,1,test,1.8638263900908159,1.724535791968733,-1.5083107074605742,1.6246194094645534,-1.9138831970453316,4.583483357728364,0.5150337223279656,16.399500422005524,11.006424759385043,3.4062460774815033,146.55605588687166,4.405777393935816,2.9711971193069777,2.9711971193069777,2.893846850117352,1.5159590187875254,1.5159590187875254,0.8523956062150504,0.8523956062150504,0.4443053145503935,0.4443053145503935,0.2319019230097094,0.2319019230097094,5.756062822229453,4.794537184071822,0.0,0.0,0.0,0.0,12.460006567252133,0.0,0.0,9.401129458000554,0.0,85.016378336,1.8333333333333333,2.6666666666666665,2.8333333333333335,0.0,-0.99,6,82.03799999999998,1.8638263900908159,3.209600798403194,1.0058388819521538,0.33667406790125154,33.60690246456407,9.847222222222221,0.4165197155851117,9.847222222222221,0.4156762894931913,0.4074074074074072,0.4156762894931913,-0.4074074074074072,-0.4165197155851117,-0.03209999999999996,19.328699999999998,85.062,1,3,0,0,0,0,1,1,2,1,3,0,0,0,0,0,32,4.417150937053347,6.263162995639057,0.0,0.0,0.0,5.756062822229453,4.983978520947208,4.794537184071822,0.0,0.0,0.0,0.0,6.196843571613076,0.0,1,4.417150937053347,0.0,0.0,4.983978520947208,0.0,0.0,0.0,23.01060657355341,0.0,0.0,8.666666666666666,5.756062822229453,0.0,0.0,0.0,4.983978520947208,0.0,0.0,0.0,21.6716946883773,0.0,0.0,0.0,46.0,4.222222222222222,0.0,12.125,0.0,0.0,-0.4074074074074072,0.0,2.7268518518518516,0.0,0.0,0,0,0,0,0,1,1,0,0,0,0,0,0,0,0,0,1,0,0,0,0,1,0,0,0,0,0,0,0,0,0,0,0,0,0,0,0,0,0,0,0,0,0,0,0,0,0,0,0,0,0,0,0,0,0,0,0,0,0,0,0,0,1,0,0,0,0,0,0,0,0,0,0,0,0,0,0,0,0,0,0,0,0,0,0,0.4803817043825224
Streptomycin sulfate,CNC1C(OC2C(OC3C(O)C(O)C(NC(=N)N)C(O)C3NC(=N)N)OC(C)C2(O)C=O)OC(CO)C(O)C1O,0,test,3.130220139184528,2.604157801677403,-2.471721950515858,2.374424990694151,-2.7330165052670488,5.755031198164238,-0.314326243503687,16.7608618143993,9.808141816541907,1.937768964383141,921.2315144237485,30.10156533771294,21.693797978229206,21.693797978229206,18.707869428399547,12.413815659140928,12.413815659140928,9.969745482301567,9.969745482301567,7.455998326992015,7.455998326992015,5.176510365280368,5.176510365280368,109.76831534883331,40.540228947956756,0.0,6.2861605231295545,0.0,0.0,13.971409182367815,0.0,0.0,15.950365812018994,41.23335398110761,581.2656696879999,0.9,1.475,2.0,0.8571428571428571,-2.27,40,542.2680000000003,3.130220139184528,32.24716440618017,12.713947053534865,6.00299760394404,227.8960090819965,12.063107092588133,0.3935665288175553,12.063107092588133,0.18776120915708883,0.13572250801146923,0.18776120915708883,-2.3877797760901114,-0.3935665288175553,-7.741760000000005,131.39890000000003,581.5800000000004,16,19,1,2,3,0,0,0,15,14,19,0,9,1,2,3,230,82.1108443454285,42.72776471423811,36.38637393027133,0.0,0.0,0.0,15.613104395654865,0.0,0.0,0.0,0.0,13.971409182367815,0.0,36.940337227453405,3,59.48768076315695,18.205269660617226,10.818567211583044,15.950365812018994,11.46733495432437,98.16606144652333,13.654553947190108,0.0,0.0,0.0,47.425,27.417700766343362,0.0,0.0,0.0,158.84783961852497,23.741988999272017,10.818567211583044,6.923737199690624,0.0,0.0,0.0,0.0,331.43000000000006,22.932235618238295,0.0,12.063107092588133,96.37050003247514,8.378429573779606,-1.2874605997613022,-3.953146685451933,-17.280916102818335,0.6126061977362411,1.4146448732141512,0,7,6,0,0,0,0,0,0,0,1,1,0,0,0,0,5,2,0,1,0,0,0,1,0,0,0,0,0,0,0,0,0,0,0,0,0,0,0,0,0,4,0,2,0,0,0,0,0,0,0,0,0,0,0,0,0,0,0,0,0,0,0,0,0,0,0,0,0,0,0,0,0,0,0,0,0,0,0,0,0,0,0,0,0,0.06821995634343438
"2-(3,4-Dimethylphenyl)-5-methyl-2,4-dihydro-3H-pyrazol-3-one",Cc1cc(=O)n(-c2ccc(C)c(C)c2)[nH]1,1,test,2.501468379278541,2.0267928718953825,-2.046908015442048,2.1137886556304144,-2.130437173381582,5.385697433566359,0.8334769414709968,16.142063371770597,10.107540028653428,2.5921132257169557,548.9900294582484,10.999635521070495,9.164862962722324,9.164862962722324,7.075387400469408,4.94032867938408,4.94032867938408,3.8813633935074567,3.8813633935074567,2.597215438299462,2.597215438299462,1.5699612759875774,1.5699612759875774,0.0,4.794537184071822,0.0,5.559266895052007,0.0,11.381314269532023,11.126902983393991,10.748170003606795,32.046575604766076,12.022419007991662,0.0,202.110613068,1.0666666666666667,1.8,2.3333333333333335,0.25,-1.7699999999999998,15,188.14499999999998,2.501468379278541,9.772438771927312,3.422047088068702,1.7261655375402125,88.35207922575543,11.568407501889645,0.29532499495111253,11.568407501889645,0.2709274778948369,0.017821239606953698,0.2709274778948369,-0.017821239606953698,-0.29532499495111253,2.0908599999999997,60.60070000000003,202.257,1,3,0,0,0,1,1,2,2,1,3,0,1,0,0,0,78,0.0,0.0,0.0,0.0,5.559266895052007,0.0,9.893218992372859,4.681802935145184,0.0,0.0,6.06636706846161,44.03084871938908,11.760295063310071,5.687386274683562,2,0.0,0.0,0.0,9.780484743446221,0.0,20.771211599071872,0.0,51.44010333121272,0.0,5.687386274683562,10.6,5.559266895052007,0.0,0.0,0.0,9.780484743446221,0.0,20.771211599071872,16.82083097824245,29.060005457918262,0.0,5.687386274683562,0.0,37.79,1.5573148148148146,0.0,11.568407501889645,3.011454081632653,4.159177059712775,0.0,7.564302721088435,0.0,5.9726771541950106,0.0,0,0,0,0,0,2,1,0,0,0,0,0,0,0,0,1,1,0,0,0,0,1,0,0,0,0,0,0,0,0,3,0,0,0,1,0,0,0,0,0,0,0,0,0,0,0,0,0,0,0,0,0,0,0,0,0,0,0,0,0,0,0,0,0,0,0,0,0,0,0,0,0,0,0,0,0,0,0,0,0,0,0,0,0,0,0.7550656071292783
"5-methyl-2-phenyl-2,4-dihydro-pyrazol-3-one (Phenylmethylpyrazole;  A039)",Cc1cc(=O)n(-c2ccccc2)[nH]1,1,test,2.4687839518996553,1.9943725023900558,-1.988671284648193,2.01625422927341,-2.1243457991951384,5.297794763707923,0.8352198179460157,16.142058918545096,10.309648576477903,2.593240566041836,453.2770268105901,9.259148545064338,7.319563501101578,7.319563501101578,6.270856947829097,4.112978410194454,4.112978410194454,2.9483506916152376,2.9483506916152376,1.8629171863887772,1.8629171863887772,1.282342522844612,1.282342522844612,0.0,4.794537184071822,0.0,5.559266895052007,0.0,11.381314269532023,4.681802935145184,6.06636706846161,37.255572541998674,5.098681808301038,0.0,174.07931294,1.2307692307692308,1.9230769230769231,2.4615384615384617,0.1,-1.7699999999999998,13,164.123,2.4687839518996553,7.857386378147379,2.9356784233252684,1.4021561421113946,75.62219499696222,11.37217970521542,0.2953251547645785,11.37217970521542,0.2709273179142175,0.024351851851851736,0.2709273179142175,-0.024351851851851736,-0.2953251547645785,1.4740199999999999,51.12670000000002,174.20300000000003,1,3,0,0,0,1,1,2,2,1,3,0,1,0,0,0,66,0.0,0.0,0.0,0.0,5.559266895052007,0.0,9.893218992372859,4.681802935145184,0.0,0.0,18.19910120538483,19.056471336613843,11.760295063310071,5.687386274683562,2,0.0,0.0,0.0,9.780484743446221,0.0,6.923737199690624,0.0,52.44593448474195,0.0,5.687386274683562,10.23076923076923,5.559266895052007,0.0,0.0,0.0,9.780484743446221,0.0,6.923737199690624,5.693927994848461,41.192739594841484,0.0,5.687386274683562,0.0,37.79,1.5231481481481481,0.0,11.37217970521542,2.9647685185185186,1.706623204837491,0.0,11.071335978835979,0.0,1.8619444444444444,0.0,0,0,0,0,0,2,1,0,0,0,0,0,0,0,0,1,1,0,0,0,0,1,0,0,0,0,0,0,0,0,1,0,0,0,1,0,0,0,0,0,0,0,0,0,0,0,0,0,0,0,0,0,0,0,0,0,0,0,0,0,0,0,0,0,1,0,0,0,0,0,0,0,0,0,0,0,0,0,0,0,0,0,0,0,0,0.6981208487644515
"[4S-[1(E),4alpha,5alpha]]-1-[3-[2-[4-Methoxy-2-(phenylmethoxy)-benzoyl]-4-propoxyphenyl]-1-oxo-2-propenyl]-3,4-dimethyl-5-phenyl-2-imidazoli-dinone",CCCOc1ccc(C=CC(=O)N2C(=O)N(C)C(C)C2c2ccccc2)c(C(=O)c2ccc(OC)cc2OCc2ccccc2)c1,0,test,3.3255974268663313,2.444322462692638,-2.22899855928123,2.3508857989086698,-2.347217208525245,6.133310736199103,-0.12384434420934258,16.485274688499718,9.9623373860019,1.4900041988460948,1720.1731168617562,32.63081678632152,26.51224266113526,26.51224266113526,22.316100803337427,15.312912659180942,15.312912659180942,11.094183135483382,11.094183135483382,8.050627197770995,8.050627197770995,5.4452905825584015,5.4452905825584015,11.949020558499466,14.383611552215466,0.0,24.46308225236389,40.54577193945562,17.54772460632,10.975929837684358,61.53160177240875,74.51114508399735,0.0,14.210588861400147,618.2729869359999,0.8478260869565217,1.5434782608695652,2.239130434782609,0.23684210526315788,-5.369999999999998,46,580.4260000000003,3.3255974268663313,32.03621453493506,14.606617012411823,6.963565198701018,269.36131048258676,14.234549642442477,0.49662399417872194,14.234549642442477,0.3271803639488039,0.21873547028707585,0.3271803639488039,-0.4758402805494948,-0.49662399417872194,7.331000000000008,177.1124999999995,618.7300000000001,0,8,0,1,1,4,0,4,6,0,8,0,12,0,1,1,236,19.110498592250625,23.855417464364635,5.783244946364939,0.0,5.907179729351506,6.031114512338072,14.48898409899412,4.794537184071822,0.0,0.0,73.65377495276834,60.376401678387936,24.753510649669675,31.363812655783367,5,28.59420041361561,23.797559294888398,0.0,9.799819461700954,0.0,38.95885964511609,20.76435148846764,130.95515066070467,0.0,17.248535499851716,16.130434782608695,14.210588861400147,4.794537184071822,17.248535499851716,0.0,54.32755096737107,11.40141914858474,0.0,58.921931494012014,103.13789320221969,0.0,6.076020106833881,0.0,85.38000000000001,17.422264945833323,0.0,43.94602646127079,0.0,2.9699529614732163,0.656629188392305,28.369258304327783,3.7216822427856964,4.667890216298136,3.246295679618745,0,0,0,0,0,0,0,0,0,0,3,3,0,0,0,2,0,0,0,1,0,0,0,0,0,0,0,3,0,0,0,0,0,0,4,0,0,0,0,0,0,3,0,0,0,0,0,0,1,0,0,1,0,0,0,1,0,0,0,0,0,0,0,0,0,0,0,0,0,0,0,0,0,0,0,0,0,0,0,0,0,0,0,0,1,0.12211627584494834
Maleic anhydride,O=C1C=CC(=O)O1,1,test,1.866819311165902,2.097859250257716,-1.7956867295697316,1.9206841589140158,-1.9626092089339306,6.0443233982096265,-0.14963804942004813,16.581153432390582,10.56589909526938,2.759543614305127,129.013897004163,5.276020881938894,3.379445409770841,3.379445409770841,3.287693700234704,1.7271801834506855,1.7271801834506855,1.0734665934069978,1.0734665934069978,0.5566833238403335,0.5566833238403335,0.30326770397238334,0.30326770397238334,11.938610575903697,9.589074368143644,0.0,0.0,0.0,12.152040213667762,0.0,0.0,0.0,4.736862953800049,0.0,98.00039392400001,1.1428571428571428,1.5714285714285714,1.7142857142857142,0.0,-1.12,7,96.04099999999998,1.866819311165902,4.050068027210885,1.1831255636579145,0.6518570434692983,39.575232614900294,9.92361111111111,0.38657527747879944,9.92361111111111,0.3383914445416827,0.5787037037037035,0.3383914445416827,-0.5787037037037035,-0.38657527747879944,-0.3740000000000001,20.238999999999997,98.057,0,3,0,1,1,0,0,0,3,0,3,0,0,0,0,0,36,4.736862953800049,0.0,0.0,0.0,0.0,11.938610575903697,0.0,9.589074368143644,0.0,0.0,0.0,0.0,12.152040213667762,0.0,1,14.325937321943693,11.938610575903697,0.0,0.0,0.0,0.0,0.0,12.152040213667762,0.0,0.0,17.714285714285715,0.0,0.0,0.0,0.0,11.938610575903697,14.325937321943693,0.0,0.0,12.152040213667762,0.0,0.0,0.0,43.370000000000005,3.9722222222222223,0.0,19.84722222222222,0.0,0.0,-1.157407407407407,0.0,2.1712962962962963,0.0,0.0,0,0,0,0,0,0,0,0,0,0,2,2,0,0,0,0,0,0,0,0,0,0,0,0,0,0,0,0,0,0,0,0,0,0,0,0,0,0,0,0,2,1,0,0,0,0,0,0,0,0,0,0,0,0,2,0,0,0,0,0,0,0,0,0,0,0,0,0,0,0,0,0,0,0,0,0,0,0,0,0,0,0,0,0,0,0.30631220581862406
"2-(4-Oxopentyl)-1H-isoindole-1,3(2H)-dione",CC(=O)CCCN1C(=O)c2ccccc2C1=O,0,test,2.54443023466034,2.3384175072013593,-2.120641403369144,2.219948970012222,-2.304285152390944,6.208297239274919,-0.11667151624791625,16.17995593184786,10.119205015064292,2.1062739435883873,458.1928715158273,12.41384908344359,9.602679887209694,9.602679887209694,8.109060905280622,5.55671745699549,5.55671745699549,4.113095367157368,4.113095367157368,2.7887447497128717,2.7887447497128717,1.9283351308508916,1.9283351308508916,0.0,14.383611552215466,0.0,17.59760440506795,30.513302635158585,0.0,11.823646930541102,24.26546827384644,0.0,0.0,0.0,231.089543276,1.1176470588235294,1.6470588235294117,2.1176470588235294,0.3076923076923077,-1.9699999999999995,17,218.14699999999996,2.54443023466034,11.513497683888872,4.49116102597209,2.1087513544272083,99.22456673707867,11.90303335222978,0.3000297806309726,11.90303335222978,0.26104255485418587,0.07093432434702329,0.26104255485418587,-0.2554147770219195,-0.3000297806309726,1.6518,61.72400000000003,231.251,0,4,0,1,1,1,0,1,3,0,4,0,4,0,0,0,88,4.794537184071822,5.783244946364939,0.0,0.0,11.814359458703011,0.0,14.48898409899412,0.0,0.0,0.0,12.13273413692322,25.477292959539852,12.965578028838586,11.126902983393991,2,14.383611552215466,17.59760440506795,0.0,4.899909730850477,0.0,19.765380445542643,6.544756405912575,35.392371257240434,0.0,0.0,14.058823529411764,0.0,0.0,0.0,0.0,29.042270541831,4.794537184071822,0.0,40.48135779708028,24.26546827384644,0.0,0.0,0.0,54.45,0.0,0.0,35.83239575459814,0.0,0.917268518518519,-0.4398952296968157,6.784964989082052,0.9248086734693874,1.813790627362056,0.0,0,0,0,0,0,0,0,0,0,0,3,3,0,0,0,1,0,0,0,0,0,0,0,0,0,0,0,2,0,0,0,0,0,0,1,0,1,0,0,0,0,0,0,0,0,0,0,0,1,0,0,1,1,0,0,0,0,0,0,0,0,0,0,0,0,0,0,0,0,0,0,0,0,0,0,0,0,0,0,0,0,0,0,0,0,0.740240756999955
4-Bromo-1- phthalimidopentane,CC(Br)CCCN1C(=O)c2ccccc2C1=O,1,test,2.54443023466034,2.3383243320468465,-2.133626097703952,2.22497230560708,-2.304375865472432,9.09229713135994,0.06515754914322809,79.91873336335941,10.119205015064283,2.0818739538117774,421.487613837745,12.41384908344359,9.649746338944684,11.235742878059389,8.109060905280622,5.702856371059767,6.6185318998514555,4.230524929291517,5.793680833858387,2.8618142067450094,3.3196519711408534,1.972895623531847,2.296635811419438,0.0,9.589074368143644,0.0,11.814359458703011,22.49883345960338,12.841643245852019,4.899909730850477,24.26546827384644,0.0,22.85368109763997,0.0,295.020790788,1.1764705882352942,1.7058823529411764,2.176470588235294,0.38461538461538464,-1.1600000000000001,17,282.05199999999996,2.54443023466034,12.300954293871056,5.001422908877978,2.413336216257165,108.93059224267628,11.976242323318218,0.27434643151150234,11.976242323318218,0.2610423659845068,0.15942082388510914,0.2610423659845068,-0.15942082388510936,-0.27434643151150234,2.8462000000000014,69.43200000000003,296.16400000000004,0,3,0,1,1,1,0,1,2,0,4,0,4,0,0,0,90,0.0,0.0,0.0,0.0,11.814359458703011,0.0,14.48898409899412,0.0,0.0,0.0,34.98641523456319,24.974377382775238,11.371930476209387,11.126902983393991,2,9.589074368143644,27.74430335665236,0.0,4.899909730850477,0.0,24.592554515839456,6.544756405912575,35.392371257240434,0.0,0.0,16.235294117647058,0.0,0.0,0.0,15.929943897949348,28.086199665762873,0.0,0.0,40.48135779708028,24.26546827384644,0.0,0.0,0.0,37.38,0.0,3.4541250944822375,25.714273930251114,0.0,1.0636864606953895,-0.3188416477702185,6.993550380028554,1.7830262660619802,2.560179516250945,0.0,0,0,0,0,0,0,0,0,0,0,2,2,0,0,0,1,0,0,0,0,0,0,0,0,0,1,0,2,0,0,0,0,0,0,1,0,1,0,0,0,0,0,0,0,1,0,0,0,1,0,0,0,0,0,0,0,0,0,0,0,0,0,0,0,0,0,0,0,0,0,0,0,0,0,0,0,0,0,0,0,0,0,0,0,0,0.6326546441230274
4-Iodo-1-phthalimido-pentane,CC(I)CCCN1C(=O)c2ccccc2C1=O,1,test,2.54443023466034,2.3383080845924966,-2.1337833469122773,2.225362981970448,-2.3043453117759656,14.109278004106681,0.06516521404891511,126.91270484958282,10.119205015064292,2.0818739538117774,421.487613837745,12.41384908344359,9.649746338944684,11.807244630121009,8.109060905280622,5.702856371059767,6.948488590246574,4.230524929291517,6.3569521375297615,2.8618142067450094,3.484630316338412,1.972895623531847,2.4132931180575676,0.0,9.589074368143644,0.0,11.814359458703011,21.59629621483636,12.841643245852019,4.899909730850477,24.26546827384644,0.0,29.51460782675868,0.0,343.00692668799996,1.1764705882352942,1.7058823529411764,2.176470588235294,0.38461538461538464,-0.9100000000000001,17,329.0520000000001,2.54443023466034,12.544414569752737,5.162233276313865,2.5108981614404247,114.32488275807856,11.986086073318216,0.27434647565930453,11.986086073318216,0.26104236566423855,0.14656368102796646,0.26104236566423855,-0.14656368102796646,-0.27434647565930453,2.886300000000001,74.52500000000002,343.16400000000004,0,3,0,1,1,1,0,1,2,0,4,0,4,0,0,0,90,0.0,0.0,0.0,0.0,11.814359458703011,0.0,14.48898409899412,0.0,0.0,0.0,41.6473419636819,24.974377382775238,10.469393231442371,11.126902983393991,2,9.589074368143644,34.405230085771066,0.0,4.899909730850477,0.0,23.69001727107244,6.544756405912575,35.392371257240434,0.0,0.0,16.235294117647058,0.0,0.0,0.0,22.590870627068057,27.18366242099586,0.0,0.0,40.48135779708028,24.26546827384644,0.0,0.0,0.0,37.38,0.5720207650961618,2.3513052532123964,25.33694066515495,0.0,1.0833739606953896,-0.2931273620559329,7.0217059355841105,1.8924012660619804,2.655379516250945,0.0,0,0,0,0,0,0,0,0,0,0,2,2,0,0,0,1,0,0,0,0,0,0,0,0,0,1,0,2,0,0,0,0,0,0,1,0,1,0,0,0,0,0,0,0,1,0,0,0,1,0,0,0,0,0,0,0,0,0,0,0,0,0,0,0,0,0,0,0,0,0,0,0,0,0,0,0,0,0,0,0,0,0,0,0,0,0.47898732327464066
3-Hydroxy-2-phenyl-4-quinolinecarboxylic acid,O=C(O)c1c(O)c(-c2ccccc2)nc2ccccc12,0,test,2.4673610703220934,2.1970685695597014,-2.0984706030205222,2.3450449755580043,-2.011770409490494,6.065922509688409,0.06957381903608204,16.367827374674714,10.024829175468001,2.4020354099577848,797.4310880016272,14.11251969619286,10.446041499670372,10.446041499670372,9.681540550352057,6.086585207944433,6.086585207944433,4.3723440210017435,4.3723440210017435,3.127841076754544,3.127841076754544,2.2156849050309835,2.2156849050309835,5.9693052879518484,15.007591973753234,0.0,17.00689131982936,16.466376423778055,0.0,0.0,36.39820241076966,18.19910120538483,4.983978520947208,0.0,265.07389321200003,0.95,1.6,2.3,0.0,-2.879999999999999,20,254.17999999999995,2.4673610703220934,12.169088776456997,4.660558751459403,1.8728342191769656,114.5047415570751,11.431508251448726,0.5047764179122192,11.431508251448726,0.33975897666375077,0.11624716553287961,0.33975897666375077,-1.1682582199546474,-0.5047764179122192,3.305600000000001,75.80310000000003,265.26800000000003,2,4,0,0,0,2,1,3,3,2,4,0,2,0,0,0,98,10.213054789681411,11.257379486545457,5.749511833283905,0.0,0.0,5.9693052879518484,0.0,9.778515705019029,0.0,0.0,48.53093654769288,6.06636706846161,10.949675706161791,5.516700717616262,3,15.007591973753234,16.872230220032908,0.0,4.983978520947208,0.0,0.0,0.0,60.160755107851486,0.0,17.00689131982936,10.6,0.0,0.0,5.749511833283905,0.0,21.16633859858047,0.0,0.0,10.357988675768818,54.59730361615449,0.0,22.160304418626517,0.0,70.42,0.0,0.0,15.806230473670947,20.0425285021416,1.38514739229025,-1.4715915532879809,15.904351851851851,0.0,0.0,0.0,0,0,0,0,1,1,0,1,1,1,1,0,0,0,0,1,0,0,0,0,0,0,0,0,0,0,0,0,0,0,0,0,0,0,2,0,1,0,0,0,0,0,0,0,0,0,0,0,0,0,0,0,0,0,0,0,0,0,0,0,0,0,0,0,1,0,0,0,0,0,0,0,0,1,0,0,0,0,0,0,0,0,0,0,0,0.745389180033367
"4-[4-({1-Butyl-3-[cyclohexyl(hydroxy)methyl]-2,5-dioxo-1,4,9-triazaspiro[5.5]undec-9-yl}methyl)phenoxy]benzoic acid",CCCCN1C(=O)C(C(O)C2CCCCC2)NC(=O)C12CCN(Cc1ccc(Oc3ccc(C(=O)O)cc3)cc1)CC2,0,test,3.011282669492283,2.547505270529718,-2.523712155368142,2.363478088594277,-2.7458741375752393,5.999645037667445,-0.16557554255075793,16.48073197320527,9.775345822300563,1.1992355117376579,1233.4372181917213,29.691659197566093,24.465088660366288,24.465088660366288,20.301699362990913,15.435565953066332,15.435565953066332,12.066519227586724,12.066519227586724,9.317351443665645,9.317351443665645,6.759241084710708,6.759241084710708,23.654037757231457,19.49013894705617,0.0,23.2957169965614,43.97493613015756,50.63313763516563,18.55355575984923,12.13273413692322,29.165378004696915,17.140435534547432,9.843390348640755,577.3151860959999,1.0,1.619047619047619,2.2142857142857144,0.5454545454545454,-3.4299999999999993,42,534.3780000000004,3.011282669492283,30.041715477648253,13.254178299258303,6.469340792221299,247.39089682534708,13.816034106202729,0.47763922500809114,13.816034106202729,0.3351828675829449,0.06129158974266491,0.3351828675829449,-0.9753959649121573,-0.47763922500809114,4.580000000000004,158.2927999999997,577.7220000000002,3,9,1,2,3,2,0,2,6,3,9,0,10,1,2,3,226,25.166616078338265,23.079789748099113,0.0,11.814359458703011,0.0,5.9693052879518484,14.48898409899412,4.794537184071822,0.0,0.0,44.73975782831788,79.98366806325811,26.1790256236503,11.6674178794453,5,29.333529295696927,17.78366474665486,0.0,15.116608065707286,5.917906046161393,88.94062068121693,19.634269217737724,59.65783953108687,0.0,11.49902366656781,22.142857142857142,10.05365155780638,0.0,11.49902366656781,0.0,75.11554068505455,16.133830774056218,5.917906046161393,80.63257197349054,48.53093654769288,0.0,0.0,0.0,119.41000000000001,5.856862063180724,0.0,42.70786574010984,23.202265299722814,0.4611200162046869,0.0740620541423267,13.240999230550544,7.152717352062582,4.720774910693147,0.0,0,1,1,0,1,0,0,0,1,1,3,2,0,0,0,2,1,0,0,0,1,0,0,0,0,0,0,2,0,0,0,0,0,0,2,0,0,0,0,0,0,1,0,0,0,0,0,0,0,0,0,0,0,0,0,0,0,0,0,0,0,0,0,0,0,0,0,0,0,1,1,0,0,0,0,0,0,0,0,0,0,0,0,0,0,0.378225602855961
5-Methyl-6-(trifluoromethyl)indoline,Cc1cc2c(cc1C(F)(F)F)NCC2,0,test,2.4685179239979664,2.3305018220958216,-2.11710458114583,2.358229170473498,-2.0758612329844874,5.5900294397843435,-0.1375343035065003,19.41317431670722,10.027446242382476,2.5303201842373575,368.36523964416756,10.344934982691242,7.702807519780027,7.702807519780027,6.482181813234283,4.42875402907964,4.42875402907964,3.4988122778419055,3.4988122778419055,2.4653926459485005,2.4653926459485005,1.7763564242326995,1.7763564242326995,11.73975000914047,13.171245143024459,0.0,0.0,11.250837766380558,18.52902952053558,12.990104268152233,6.06636706846161,0.0,5.316788604006331,0.0,201.07653398,1.2857142857142858,2.0,2.642857142857143,0.4,-1.1900000000000002,14,191.11099999999996,2.4685179239979664,9.36831678605005,2.9012820719813344,1.4473383867382348,79.93180881594093,12.489380196523054,0.41623997624318043,12.489380196523054,0.41623997624318043,0.3055092592592594,0.3844749691232593,-4.2466435185185185,-0.3844749691232593,2.981820000000001,48.37470000000002,201.19099999999997,1,1,0,1,1,1,0,1,1,1,4,0,0,0,0,0,76,5.316788604006331,0.0,0.0,0.0,0.0,6.176298517443475,0.0,0.0,13.171245143024459,0.0,6.06636706846161,30.537828874472233,12.232142680596137,5.563451491696996,2,13.171245143024459,5.687386274683562,0.0,0.0,0.0,19.520857340060108,11.861545009918906,28.823088612014207,0.0,0.0,15.142857142857142,5.316788604006331,18.858631417708022,0.0,0.0,6.544756405912575,12.597120140369483,6.923737199690624,16.690354475090988,12.13273413692322,0.0,0.0,0.0,12.03,37.46814058956916,0.0,0.0,2.939814814814815,1.3787268518518525,0.0,2.8291898148148147,-3.432843442932729,2.2336380385487526,0.0,0,0,0,0,0,0,0,0,0,0,0,0,0,0,0,0,1,0,0,0,0,0,0,0,0,3,0,0,0,1,1,0,0,0,1,0,1,0,0,0,0,0,0,0,3,0,0,0,0,0,0,0,0,0,0,0,0,0,0,0,0,0,0,0,0,0,0,0,0,0,0,0,0,0,0,0,0,0,0,0,0,0,0,0,0,0.6799723519648225
"5-Methoxy-6-trifluoromethyl-2,3-dihydro-1H-indole",COc1cc2c(cc1C(F)(F)F)NCC2,1,test,2.6040941123006283,2.3521426762305366,-2.132476312235816,2.399505173476283,-2.0774171153439567,5.61035934036565,-0.1382570845242447,19.41318208442265,10.075793146430014,2.5391024105489777,386.98927014305946,11.05204176387779,8.11105581024389,8.11105581024389,7.020186615695069,4.541126464775434,4.541126464775434,3.3841744912927476,3.3841744912927476,2.440512880673152,2.440512880673152,1.7155582614479379,1.7155582614479379,11.73975000914047,13.171245143024459,0.0,5.749511833283905,12.232142680596137,18.050640183084617,13.176164609739143,0.0,0.0,5.316788604006331,4.736862953800049,217.0714486,1.3333333333333333,2.066666666666667,2.6666666666666665,0.4,-1.3900000000000001,15,207.10999999999996,2.6040941123006283,10.138830590094921,3.324898571454001,1.7342437529328414,85.0453540454478,12.59604686318972,0.49611334876351926,12.59604686318972,0.4195383323691696,0.10652777777777755,0.4195383323691696,-4.370393518518519,-0.49611334876351926,2.6820000000000004,50.189700000000016,217.18999999999994,1,2,0,1,1,1,0,1,2,1,5,0,1,0,0,0,82,10.05365155780638,5.749511833283905,0.0,0.0,0.0,6.176298517443475,0.0,0.0,13.171245143024459,0.0,0.0,24.117007251546227,12.232142680596137,12.673249032974528,2,17.908108096824506,5.687386274683562,0.0,0.0,0.0,12.597120140369483,18.97134255119644,23.259637120317212,0.0,5.749511833283905,14.666666666666666,10.05365155780638,18.858631417708022,5.749511833283905,0.0,13.65455394719011,12.597120140369483,0.0,11.126902983393991,12.13273413692322,0.0,0.0,0.0,21.259999999999998,42.53746929327286,0.0,0.0,2.9083522297808013,0.7093750000000005,-0.10652777777777755,2.568773148148148,-3.630482331821618,0.680355253212396,1.2493518518518518,0,0,0,0,0,0,0,0,0,0,0,0,0,0,0,0,1,0,0,0,0,0,0,0,0,3,0,0,0,1,0,0,0,0,1,0,1,0,0,0,0,1,0,0,3,0,0,0,0,0,0,0,0,0,0,1,0,0,0,0,0,0,0,0,0,0,0,0,0,0,0,0,0,0,0,0,0,0,0,0,0,0,0,0,0,0.7803933525482859
3-Propylidene phthalide,CCC=C1OC(=O)c2ccccc21,1,test,2.458197019944191,2.2418300839993344,-1.9470644355006597,2.287030910103223,-1.9155919101410765,6.023262546362395,0.07151643878662906,16.542826124166314,10.086185195016265,2.5333433252670416,377.4315981994467,9.259148545064338,7.410354708062404,7.410354708062404,6.325698502695488,4.343752911130645,4.343752911130645,2.9117265389708655,2.9117265389708655,2.0046112115704235,2.0046112115704235,1.4228233053716912,1.4228233053716912,0.0,4.794537184071822,0.0,5.9693052879518484,11.322616363353172,11.984273114623004,0.0,6.06636706846161,31.198858511909332,0.0,4.736862953800049,174.06807956,1.3076923076923077,2.0,2.6923076923076925,0.18181818181818182,-1.5699999999999998,13,164.11899999999997,2.458197019944191,8.047715036869382,3.0529023955834815,1.2419168620478132,76.83574683531717,11.287688964474679,0.4225938105540232,11.287688964474679,0.3437886846655752,0.24046296296296266,0.3437886846655752,-0.24046296296296266,-0.4225938105540232,2.6079000000000008,50.125500000000024,174.19899999999998,0,2,0,1,1,1,0,1,2,0,2,0,1,0,0,0,66,4.736862953800049,5.759164871656176,0.0,0.0,0.0,5.9693052879518484,0.0,4.794537184071822,0.0,0.0,25.122838405075452,18.5632087982215,5.563451491696996,5.563451491696996,2,9.53140013787187,11.728470159608024,0.0,0.0,0.0,13.344558822616634,0.0,41.468391364074314,0.0,0.0,17.307692307692307,0.0,0.0,0.0,0.0,5.9693052879518484,4.736862953800049,0.0,29.265998990082444,30.34148838068032,0.0,5.759164871656176,0.0,26.3,5.094351851851852,0.0,11.287688964474679,0.0,1.5801388888888894,0.4568518518518524,7.4396485260770975,2.792342214663643,2.0156443688586547,0.0,0,0,0,0,0,0,0,0,0,0,1,1,0,0,0,0,0,0,0,0,0,0,0,0,0,0,1,0,0,0,0,0,0,0,1,0,1,0,0,0,1,1,0,0,0,0,0,0,0,0,0,0,0,0,1,0,0,0,0,0,0,0,0,0,0,0,0,0,0,0,0,0,0,0,0,0,0,0,0,0,0,0,0,0,0,0.611530078476818
"3-Hydroxy-2,4,7,14-tetramethyl-9-oxo-4-vinyltricyclo[5.4.3.01,8]tetradec-6-yl [(8-methyl-8-azabicyclo[3.2.1]oct-3-yl)sulfanyl]acetate",C=CC1(C)CC(OC(=O)CSC2CC3CCC(C2)N3C)C2(C)C(C)CCC3(CCC(=O)C32)C(C)C1O,0,test,3.283885866168249,2.678363213948165,-2.6141916039010082,2.675607671352402,-2.627026073577887,8.000645924445717,-0.20490928185054272,32.16662110485053,9.43586880618844,1.393460580807657,895.3797823913602,26.043241116511002,23.001747368614023,23.81824394954175,16.958033875629823,14.333698871435308,15.382453661415965,13.519201275515197,14.807876410110008,12.06737049223103,13.32604411954399,9.377641661820302,10.533931714564343,23.037913714290163,14.69560176298435,0.0,29.138013895832806,41.711361487241845,32.10410811463005,12.841643245852019,11.761884949391115,6.076020106833881,46.22146619588865,4.736862953800049,517.322579984,1.1944444444444444,1.8611111111111112,2.5,0.8666666666666667,-0.8500000000000001,36,470.4000000000004,3.283885866168249,26.74503758834362,9.410464565196541,3.94893303184395,221.7175804228598,13.522956122346766,0.4611011242507709,13.522956122346766,0.31569686011812514,0.0039030685054457503,0.31569686011812514,-0.6188547788444769,-0.4611011242507709,5.251300000000007,144.6937999999999,517.7760000000004,1,5,3,2,5,0,0,0,6,1,6,0,5,3,2,5,202,14.743300079491233,11.887211334113243,0.0,0.0,0.0,5.9693052879518484,9.589074368143644,0.0,0.0,18.34082063298961,33.770968905596376,75.66504752780483,40.50232829615905,11.85681999449509,5,19.432464716784395,23.514435183707903,0.0,4.899909730850477,33.99868954667451,115.02389586887129,12.800525589423978,12.654955790432378,0.0,0.0,50.77777777777778,0.0,0.0,0.0,11.761884949391115,64.10106541320664,14.325937321943691,33.99868954667451,85.48234340509659,12.654955790432378,0.0,0.0,0.0,66.84,6.420286044973544,1.763570129440665,29.448693490173643,12.174887082639383,-1.2367756590474492,0.605081698340036,1.3113985642609787,9.581032090386415,12.770737485491377,2.2444224066747376,0,1,1,0,0,0,0,0,0,0,2,2,0,0,0,1,0,0,0,0,0,0,0,0,0,0,0,0,0,0,0,0,0,0,0,0,2,0,0,0,1,1,0,0,0,0,0,0,0,0,0,1,1,0,0,0,0,0,0,0,0,0,0,0,0,0,0,0,0,1,0,0,0,0,0,1,0,0,0,0,0,0,0,0,0,0.3968262654096404
